[2025-11-17T20:44:37.391+0000] {processor.py:161} INFO - Started process (PID=35) to work on /opt/airflow/dags/predictive_pipeline_dag.py
[2025-11-17T20:44:37.393+0000] {processor.py:830} INFO - Processing file /opt/airflow/dags/predictive_pipeline_dag.py for tasks to queue
[2025-11-17T20:44:37.395+0000] {logging_mixin.py:188} INFO - [2025-11-17T20:44:37.395+0000] {dagbag.py:545} INFO - Filling up the DagBag from /opt/airflow/dags/predictive_pipeline_dag.py
[2025-11-17T20:44:37.769+0000] {logging_mixin.py:188} INFO - [2025-11-17T20:44:37.761+0000] {dagbag.py:355} ERROR - Failed to import: /opt/airflow/dags/predictive_pipeline_dag.py
Traceback (most recent call last):
  File "/home/airflow/.local/lib/python3.12/site-packages/airflow/models/dagbag.py", line 351, in parse
    loader.exec_module(new_module)
  File "<frozen importlib._bootstrap_external>", line 995, in exec_module
  File "<frozen importlib._bootstrap>", line 488, in _call_with_frames_removed
  File "/opt/airflow/dags/predictive_pipeline_dag.py", line 6, in <module>
    from scripts.data_preparation import prepare_data
  File "/opt/airflow/scripts/data_preparation.py", line 3, in <module>
    import joblib
ModuleNotFoundError: No module named 'joblib'
[2025-11-17T20:44:37.772+0000] {processor.py:842} WARNING - No viable dags retrieved from /opt/airflow/dags/predictive_pipeline_dag.py
[2025-11-17T20:44:37.808+0000] {processor.py:183} INFO - Processing /opt/airflow/dags/predictive_pipeline_dag.py took 0.426 seconds
[2025-11-17T20:44:54.780+0000] {processor.py:161} INFO - Started process (PID=35) to work on /opt/airflow/dags/predictive_pipeline_dag.py
[2025-11-17T20:44:54.782+0000] {processor.py:830} INFO - Processing file /opt/airflow/dags/predictive_pipeline_dag.py for tasks to queue
[2025-11-17T20:44:54.785+0000] {logging_mixin.py:188} INFO - [2025-11-17T20:44:54.784+0000] {dagbag.py:545} INFO - Filling up the DagBag from /opt/airflow/dags/predictive_pipeline_dag.py
[2025-11-17T20:44:55.292+0000] {logging_mixin.py:188} INFO - [2025-11-17T20:44:55.281+0000] {dagbag.py:355} ERROR - Failed to import: /opt/airflow/dags/predictive_pipeline_dag.py
Traceback (most recent call last):
  File "/home/airflow/.local/lib/python3.12/site-packages/airflow/models/dagbag.py", line 351, in parse
    loader.exec_module(new_module)
  File "<frozen importlib._bootstrap_external>", line 995, in exec_module
  File "<frozen importlib._bootstrap>", line 488, in _call_with_frames_removed
  File "/opt/airflow/dags/predictive_pipeline_dag.py", line 6, in <module>
    from scripts.data_preparation import prepare_data
  File "/opt/airflow/scripts/data_preparation.py", line 3, in <module>
    import joblib
ModuleNotFoundError: No module named 'joblib'
[2025-11-17T20:44:55.296+0000] {processor.py:842} WARNING - No viable dags retrieved from /opt/airflow/dags/predictive_pipeline_dag.py
[2025-11-17T20:44:55.339+0000] {processor.py:183} INFO - Processing /opt/airflow/dags/predictive_pipeline_dag.py took 0.569 seconds
[2025-11-17T20:45:31.845+0000] {processor.py:161} INFO - Started process (PID=35) to work on /opt/airflow/dags/predictive_pipeline_dag.py
[2025-11-17T20:45:31.848+0000] {processor.py:830} INFO - Processing file /opt/airflow/dags/predictive_pipeline_dag.py for tasks to queue
[2025-11-17T20:45:31.851+0000] {logging_mixin.py:188} INFO - [2025-11-17T20:45:31.851+0000] {dagbag.py:545} INFO - Filling up the DagBag from /opt/airflow/dags/predictive_pipeline_dag.py
[2025-11-17T20:45:32.282+0000] {logging_mixin.py:188} INFO - [2025-11-17T20:45:32.273+0000] {dagbag.py:355} ERROR - Failed to import: /opt/airflow/dags/predictive_pipeline_dag.py
Traceback (most recent call last):
  File "/home/airflow/.local/lib/python3.12/site-packages/airflow/models/dagbag.py", line 351, in parse
    loader.exec_module(new_module)
  File "<frozen importlib._bootstrap_external>", line 995, in exec_module
  File "<frozen importlib._bootstrap>", line 488, in _call_with_frames_removed
  File "/opt/airflow/dags/predictive_pipeline_dag.py", line 6, in <module>
    from scripts.data_preparation import prepare_data
  File "/opt/airflow/scripts/data_preparation.py", line 3, in <module>
    import joblib
ModuleNotFoundError: No module named 'joblib'
[2025-11-17T20:45:32.285+0000] {processor.py:842} WARNING - No viable dags retrieved from /opt/airflow/dags/predictive_pipeline_dag.py
[2025-11-17T20:45:32.321+0000] {processor.py:183} INFO - Processing /opt/airflow/dags/predictive_pipeline_dag.py took 0.485 seconds
[2025-11-17T20:46:02.979+0000] {processor.py:161} INFO - Started process (PID=67) to work on /opt/airflow/dags/predictive_pipeline_dag.py
[2025-11-17T20:46:02.980+0000] {processor.py:830} INFO - Processing file /opt/airflow/dags/predictive_pipeline_dag.py for tasks to queue
[2025-11-17T20:46:02.984+0000] {logging_mixin.py:188} INFO - [2025-11-17T20:46:02.983+0000] {dagbag.py:545} INFO - Filling up the DagBag from /opt/airflow/dags/predictive_pipeline_dag.py
[2025-11-17T20:46:03.365+0000] {logging_mixin.py:188} INFO - [2025-11-17T20:46:03.356+0000] {dagbag.py:355} ERROR - Failed to import: /opt/airflow/dags/predictive_pipeline_dag.py
Traceback (most recent call last):
  File "/home/airflow/.local/lib/python3.12/site-packages/airflow/models/dagbag.py", line 351, in parse
    loader.exec_module(new_module)
  File "<frozen importlib._bootstrap_external>", line 995, in exec_module
  File "<frozen importlib._bootstrap>", line 488, in _call_with_frames_removed
  File "/opt/airflow/dags/predictive_pipeline_dag.py", line 6, in <module>
    from scripts.data_preparation import prepare_data
  File "/opt/airflow/scripts/data_preparation.py", line 3, in <module>
    import joblib
ModuleNotFoundError: No module named 'joblib'
[2025-11-17T20:46:03.369+0000] {processor.py:842} WARNING - No viable dags retrieved from /opt/airflow/dags/predictive_pipeline_dag.py
[2025-11-17T20:46:03.405+0000] {processor.py:183} INFO - Processing /opt/airflow/dags/predictive_pipeline_dag.py took 0.436 seconds
[2025-11-17T20:46:34.499+0000] {processor.py:161} INFO - Started process (PID=69) to work on /opt/airflow/dags/predictive_pipeline_dag.py
[2025-11-17T20:46:34.500+0000] {processor.py:830} INFO - Processing file /opt/airflow/dags/predictive_pipeline_dag.py for tasks to queue
[2025-11-17T20:46:34.504+0000] {logging_mixin.py:188} INFO - [2025-11-17T20:46:34.503+0000] {dagbag.py:545} INFO - Filling up the DagBag from /opt/airflow/dags/predictive_pipeline_dag.py
[2025-11-17T20:46:34.937+0000] {logging_mixin.py:188} INFO - [2025-11-17T20:46:34.927+0000] {dagbag.py:355} ERROR - Failed to import: /opt/airflow/dags/predictive_pipeline_dag.py
Traceback (most recent call last):
  File "/home/airflow/.local/lib/python3.12/site-packages/airflow/models/dagbag.py", line 351, in parse
    loader.exec_module(new_module)
  File "<frozen importlib._bootstrap_external>", line 995, in exec_module
  File "<frozen importlib._bootstrap>", line 488, in _call_with_frames_removed
  File "/opt/airflow/dags/predictive_pipeline_dag.py", line 6, in <module>
    from scripts.data_preparation import prepare_data
  File "/opt/airflow/scripts/data_preparation.py", line 3, in <module>
    import joblib
ModuleNotFoundError: No module named 'joblib'
[2025-11-17T20:46:34.940+0000] {processor.py:842} WARNING - No viable dags retrieved from /opt/airflow/dags/predictive_pipeline_dag.py
[2025-11-17T20:46:34.973+0000] {processor.py:183} INFO - Processing /opt/airflow/dags/predictive_pipeline_dag.py took 0.487 seconds
[2025-11-17T20:47:05.331+0000] {processor.py:161} INFO - Started process (PID=71) to work on /opt/airflow/dags/predictive_pipeline_dag.py
[2025-11-17T20:47:05.332+0000] {processor.py:830} INFO - Processing file /opt/airflow/dags/predictive_pipeline_dag.py for tasks to queue
[2025-11-17T20:47:05.335+0000] {logging_mixin.py:188} INFO - [2025-11-17T20:47:05.334+0000] {dagbag.py:545} INFO - Filling up the DagBag from /opt/airflow/dags/predictive_pipeline_dag.py
[2025-11-17T20:47:05.679+0000] {logging_mixin.py:188} INFO - [2025-11-17T20:47:05.671+0000] {dagbag.py:355} ERROR - Failed to import: /opt/airflow/dags/predictive_pipeline_dag.py
Traceback (most recent call last):
  File "/home/airflow/.local/lib/python3.12/site-packages/airflow/models/dagbag.py", line 351, in parse
    loader.exec_module(new_module)
  File "<frozen importlib._bootstrap_external>", line 995, in exec_module
  File "<frozen importlib._bootstrap>", line 488, in _call_with_frames_removed
  File "/opt/airflow/dags/predictive_pipeline_dag.py", line 6, in <module>
    from scripts.data_preparation import prepare_data
  File "/opt/airflow/scripts/data_preparation.py", line 3, in <module>
    import joblib
ModuleNotFoundError: No module named 'joblib'
[2025-11-17T20:47:05.681+0000] {processor.py:842} WARNING - No viable dags retrieved from /opt/airflow/dags/predictive_pipeline_dag.py
[2025-11-17T20:47:05.713+0000] {processor.py:183} INFO - Processing /opt/airflow/dags/predictive_pipeline_dag.py took 0.391 seconds
[2025-11-17T20:47:36.697+0000] {processor.py:161} INFO - Started process (PID=73) to work on /opt/airflow/dags/predictive_pipeline_dag.py
[2025-11-17T20:47:36.699+0000] {processor.py:830} INFO - Processing file /opt/airflow/dags/predictive_pipeline_dag.py for tasks to queue
[2025-11-17T20:47:36.704+0000] {logging_mixin.py:188} INFO - [2025-11-17T20:47:36.703+0000] {dagbag.py:545} INFO - Filling up the DagBag from /opt/airflow/dags/predictive_pipeline_dag.py
[2025-11-17T20:47:37.217+0000] {logging_mixin.py:188} INFO - [2025-11-17T20:47:37.205+0000] {dagbag.py:355} ERROR - Failed to import: /opt/airflow/dags/predictive_pipeline_dag.py
Traceback (most recent call last):
  File "/home/airflow/.local/lib/python3.12/site-packages/airflow/models/dagbag.py", line 351, in parse
    loader.exec_module(new_module)
  File "<frozen importlib._bootstrap_external>", line 995, in exec_module
  File "<frozen importlib._bootstrap>", line 488, in _call_with_frames_removed
  File "/opt/airflow/dags/predictive_pipeline_dag.py", line 6, in <module>
    from scripts.data_preparation import prepare_data
  File "/opt/airflow/scripts/data_preparation.py", line 3, in <module>
    import joblib
ModuleNotFoundError: No module named 'joblib'
[2025-11-17T20:47:37.221+0000] {processor.py:842} WARNING - No viable dags retrieved from /opt/airflow/dags/predictive_pipeline_dag.py
[2025-11-17T20:47:37.271+0000] {processor.py:183} INFO - Processing /opt/airflow/dags/predictive_pipeline_dag.py took 0.586 seconds
[2025-11-17T20:48:08.376+0000] {processor.py:161} INFO - Started process (PID=75) to work on /opt/airflow/dags/predictive_pipeline_dag.py
[2025-11-17T20:48:08.376+0000] {processor.py:830} INFO - Processing file /opt/airflow/dags/predictive_pipeline_dag.py for tasks to queue
[2025-11-17T20:48:08.379+0000] {logging_mixin.py:188} INFO - [2025-11-17T20:48:08.378+0000] {dagbag.py:545} INFO - Filling up the DagBag from /opt/airflow/dags/predictive_pipeline_dag.py
[2025-11-17T20:48:08.716+0000] {logging_mixin.py:188} INFO - [2025-11-17T20:48:08.708+0000] {dagbag.py:355} ERROR - Failed to import: /opt/airflow/dags/predictive_pipeline_dag.py
Traceback (most recent call last):
  File "/home/airflow/.local/lib/python3.12/site-packages/airflow/models/dagbag.py", line 351, in parse
    loader.exec_module(new_module)
  File "<frozen importlib._bootstrap_external>", line 995, in exec_module
  File "<frozen importlib._bootstrap>", line 488, in _call_with_frames_removed
  File "/opt/airflow/dags/predictive_pipeline_dag.py", line 6, in <module>
    from scripts.data_preparation import prepare_data
  File "/opt/airflow/scripts/data_preparation.py", line 3, in <module>
    import joblib
ModuleNotFoundError: No module named 'joblib'
[2025-11-17T20:48:08.719+0000] {processor.py:842} WARNING - No viable dags retrieved from /opt/airflow/dags/predictive_pipeline_dag.py
[2025-11-17T20:48:08.750+0000] {processor.py:183} INFO - Processing /opt/airflow/dags/predictive_pipeline_dag.py took 0.382 seconds
[2025-11-17T20:48:39.427+0000] {processor.py:161} INFO - Started process (PID=77) to work on /opt/airflow/dags/predictive_pipeline_dag.py
[2025-11-17T20:48:39.428+0000] {processor.py:830} INFO - Processing file /opt/airflow/dags/predictive_pipeline_dag.py for tasks to queue
[2025-11-17T20:48:39.430+0000] {logging_mixin.py:188} INFO - [2025-11-17T20:48:39.429+0000] {dagbag.py:545} INFO - Filling up the DagBag from /opt/airflow/dags/predictive_pipeline_dag.py
[2025-11-17T20:48:39.789+0000] {logging_mixin.py:188} INFO - [2025-11-17T20:48:39.779+0000] {dagbag.py:355} ERROR - Failed to import: /opt/airflow/dags/predictive_pipeline_dag.py
Traceback (most recent call last):
  File "/home/airflow/.local/lib/python3.12/site-packages/airflow/models/dagbag.py", line 351, in parse
    loader.exec_module(new_module)
  File "<frozen importlib._bootstrap_external>", line 995, in exec_module
  File "<frozen importlib._bootstrap>", line 488, in _call_with_frames_removed
  File "/opt/airflow/dags/predictive_pipeline_dag.py", line 6, in <module>
    from scripts.data_preparation import prepare_data
  File "/opt/airflow/scripts/data_preparation.py", line 3, in <module>
    import joblib
ModuleNotFoundError: No module named 'joblib'
[2025-11-17T20:48:39.792+0000] {processor.py:842} WARNING - No viable dags retrieved from /opt/airflow/dags/predictive_pipeline_dag.py
[2025-11-17T20:48:39.825+0000] {processor.py:183} INFO - Processing /opt/airflow/dags/predictive_pipeline_dag.py took 0.405 seconds
[2025-11-17T20:49:10.493+0000] {processor.py:161} INFO - Started process (PID=79) to work on /opt/airflow/dags/predictive_pipeline_dag.py
[2025-11-17T20:49:10.494+0000] {processor.py:830} INFO - Processing file /opt/airflow/dags/predictive_pipeline_dag.py for tasks to queue
[2025-11-17T20:49:10.496+0000] {logging_mixin.py:188} INFO - [2025-11-17T20:49:10.496+0000] {dagbag.py:545} INFO - Filling up the DagBag from /opt/airflow/dags/predictive_pipeline_dag.py
[2025-11-17T20:49:10.860+0000] {logging_mixin.py:188} INFO - [2025-11-17T20:49:10.851+0000] {dagbag.py:355} ERROR - Failed to import: /opt/airflow/dags/predictive_pipeline_dag.py
Traceback (most recent call last):
  File "/home/airflow/.local/lib/python3.12/site-packages/airflow/models/dagbag.py", line 351, in parse
    loader.exec_module(new_module)
  File "<frozen importlib._bootstrap_external>", line 995, in exec_module
  File "<frozen importlib._bootstrap>", line 488, in _call_with_frames_removed
  File "/opt/airflow/dags/predictive_pipeline_dag.py", line 6, in <module>
    from scripts.data_preparation import prepare_data
  File "/opt/airflow/scripts/data_preparation.py", line 3, in <module>
    import joblib
ModuleNotFoundError: No module named 'joblib'
[2025-11-17T20:49:10.862+0000] {processor.py:842} WARNING - No viable dags retrieved from /opt/airflow/dags/predictive_pipeline_dag.py
[2025-11-17T20:49:10.897+0000] {processor.py:183} INFO - Processing /opt/airflow/dags/predictive_pipeline_dag.py took 0.411 seconds
[2025-11-17T20:57:23.252+0000] {processor.py:161} INFO - Started process (PID=42) to work on /opt/airflow/dags/predictive_pipeline_dag.py
[2025-11-17T20:57:23.254+0000] {processor.py:830} INFO - Processing file /opt/airflow/dags/predictive_pipeline_dag.py for tasks to queue
[2025-11-17T20:57:23.257+0000] {logging_mixin.py:188} INFO - [2025-11-17T20:57:23.256+0000] {dagbag.py:545} INFO - Filling up the DagBag from /opt/airflow/dags/predictive_pipeline_dag.py
[2025-11-17T20:57:24.499+0000] {logging_mixin.py:188} INFO - [2025-11-17T20:57:24.485+0000] {dagbag.py:355} ERROR - Failed to import: /opt/airflow/dags/predictive_pipeline_dag.py
Traceback (most recent call last):
  File "/home/airflow/.local/lib/python3.12/site-packages/airflow/models/dagbag.py", line 351, in parse
    loader.exec_module(new_module)
  File "<frozen importlib._bootstrap_external>", line 995, in exec_module
  File "<frozen importlib._bootstrap>", line 488, in _call_with_frames_removed
  File "/opt/airflow/dags/predictive_pipeline_dag.py", line 6, in <module>
    from scripts.data_preparation import prepare_data
  File "/opt/airflow/scripts/data_preparation.py", line 10, in <module>
    from transformers import DatosHistoricos, RecenciaSemanal, PopularidadProductoPrev, CompraRelativa
ModuleNotFoundError: No module named 'transformers'
[2025-11-17T20:57:24.503+0000] {processor.py:842} WARNING - No viable dags retrieved from /opt/airflow/dags/predictive_pipeline_dag.py
[2025-11-17T20:57:24.541+0000] {processor.py:183} INFO - Processing /opt/airflow/dags/predictive_pipeline_dag.py took 1.297 seconds
[2025-11-17T20:57:55.431+0000] {processor.py:161} INFO - Started process (PID=87) to work on /opt/airflow/dags/predictive_pipeline_dag.py
[2025-11-17T20:57:55.433+0000] {processor.py:830} INFO - Processing file /opt/airflow/dags/predictive_pipeline_dag.py for tasks to queue
[2025-11-17T20:57:55.435+0000] {logging_mixin.py:188} INFO - [2025-11-17T20:57:55.435+0000] {dagbag.py:545} INFO - Filling up the DagBag from /opt/airflow/dags/predictive_pipeline_dag.py
[2025-11-17T20:57:56.728+0000] {logging_mixin.py:188} INFO - [2025-11-17T20:57:56.719+0000] {dagbag.py:355} ERROR - Failed to import: /opt/airflow/dags/predictive_pipeline_dag.py
Traceback (most recent call last):
  File "/home/airflow/.local/lib/python3.12/site-packages/airflow/models/dagbag.py", line 351, in parse
    loader.exec_module(new_module)
  File "<frozen importlib._bootstrap_external>", line 995, in exec_module
  File "<frozen importlib._bootstrap>", line 488, in _call_with_frames_removed
  File "/opt/airflow/dags/predictive_pipeline_dag.py", line 6, in <module>
    from scripts.data_preparation import prepare_data
  File "/opt/airflow/scripts/data_preparation.py", line 10, in <module>
    from transformers import DatosHistoricos, RecenciaSemanal, PopularidadProductoPrev, CompraRelativa
ModuleNotFoundError: No module named 'transformers'
[2025-11-17T20:57:56.731+0000] {processor.py:842} WARNING - No viable dags retrieved from /opt/airflow/dags/predictive_pipeline_dag.py
[2025-11-17T20:57:56.767+0000] {processor.py:183} INFO - Processing /opt/airflow/dags/predictive_pipeline_dag.py took 1.346 seconds
[2025-11-17T20:58:27.217+0000] {processor.py:161} INFO - Started process (PID=97) to work on /opt/airflow/dags/predictive_pipeline_dag.py
[2025-11-17T20:58:27.218+0000] {processor.py:830} INFO - Processing file /opt/airflow/dags/predictive_pipeline_dag.py for tasks to queue
[2025-11-17T20:58:27.222+0000] {logging_mixin.py:188} INFO - [2025-11-17T20:58:27.222+0000] {dagbag.py:545} INFO - Filling up the DagBag from /opt/airflow/dags/predictive_pipeline_dag.py
[2025-11-17T20:58:28.507+0000] {logging_mixin.py:188} INFO - [2025-11-17T20:58:28.499+0000] {dagbag.py:355} ERROR - Failed to import: /opt/airflow/dags/predictive_pipeline_dag.py
Traceback (most recent call last):
  File "/home/airflow/.local/lib/python3.12/site-packages/airflow/models/dagbag.py", line 351, in parse
    loader.exec_module(new_module)
  File "<frozen importlib._bootstrap_external>", line 995, in exec_module
  File "<frozen importlib._bootstrap>", line 488, in _call_with_frames_removed
  File "/opt/airflow/dags/predictive_pipeline_dag.py", line 6, in <module>
    from scripts.data_preparation import prepare_data
  File "/opt/airflow/scripts/data_preparation.py", line 10, in <module>
    from transformers import DatosHistoricos, RecenciaSemanal, PopularidadProductoPrev, CompraRelativa
ModuleNotFoundError: No module named 'transformers'
[2025-11-17T20:58:28.510+0000] {processor.py:842} WARNING - No viable dags retrieved from /opt/airflow/dags/predictive_pipeline_dag.py
[2025-11-17T20:58:28.537+0000] {processor.py:183} INFO - Processing /opt/airflow/dags/predictive_pipeline_dag.py took 1.331 seconds
[2025-11-17T20:58:59.244+0000] {processor.py:161} INFO - Started process (PID=106) to work on /opt/airflow/dags/predictive_pipeline_dag.py
[2025-11-17T20:58:59.245+0000] {processor.py:830} INFO - Processing file /opt/airflow/dags/predictive_pipeline_dag.py for tasks to queue
[2025-11-17T20:58:59.247+0000] {logging_mixin.py:188} INFO - [2025-11-17T20:58:59.247+0000] {dagbag.py:545} INFO - Filling up the DagBag from /opt/airflow/dags/predictive_pipeline_dag.py
[2025-11-17T20:59:00.368+0000] {logging_mixin.py:188} INFO - [2025-11-17T20:59:00.359+0000] {dagbag.py:355} ERROR - Failed to import: /opt/airflow/dags/predictive_pipeline_dag.py
Traceback (most recent call last):
  File "/home/airflow/.local/lib/python3.12/site-packages/airflow/models/dagbag.py", line 351, in parse
    loader.exec_module(new_module)
  File "<frozen importlib._bootstrap_external>", line 995, in exec_module
  File "<frozen importlib._bootstrap>", line 488, in _call_with_frames_removed
  File "/opt/airflow/dags/predictive_pipeline_dag.py", line 6, in <module>
    from scripts.data_preparation import prepare_data
  File "/opt/airflow/scripts/data_preparation.py", line 10, in <module>
    from transformers import DatosHistoricos, RecenciaSemanal, PopularidadProductoPrev, CompraRelativa
ModuleNotFoundError: No module named 'transformers'
[2025-11-17T20:59:00.370+0000] {processor.py:842} WARNING - No viable dags retrieved from /opt/airflow/dags/predictive_pipeline_dag.py
[2025-11-17T20:59:00.398+0000] {processor.py:183} INFO - Processing /opt/airflow/dags/predictive_pipeline_dag.py took 1.160 seconds
[2025-11-17T20:59:30.945+0000] {processor.py:161} INFO - Started process (PID=115) to work on /opt/airflow/dags/predictive_pipeline_dag.py
[2025-11-17T20:59:30.946+0000] {processor.py:830} INFO - Processing file /opt/airflow/dags/predictive_pipeline_dag.py for tasks to queue
[2025-11-17T20:59:30.948+0000] {logging_mixin.py:188} INFO - [2025-11-17T20:59:30.948+0000] {dagbag.py:545} INFO - Filling up the DagBag from /opt/airflow/dags/predictive_pipeline_dag.py
[2025-11-17T20:59:32.010+0000] {logging_mixin.py:188} INFO - [2025-11-17T20:59:32.002+0000] {dagbag.py:355} ERROR - Failed to import: /opt/airflow/dags/predictive_pipeline_dag.py
Traceback (most recent call last):
  File "/home/airflow/.local/lib/python3.12/site-packages/airflow/models/dagbag.py", line 351, in parse
    loader.exec_module(new_module)
  File "<frozen importlib._bootstrap_external>", line 995, in exec_module
  File "<frozen importlib._bootstrap>", line 488, in _call_with_frames_removed
  File "/opt/airflow/dags/predictive_pipeline_dag.py", line 6, in <module>
    from scripts.data_preparation import prepare_data
  File "/opt/airflow/scripts/data_preparation.py", line 10, in <module>
    from transformers import DatosHistoricos, RecenciaSemanal, PopularidadProductoPrev, CompraRelativa
ModuleNotFoundError: No module named 'transformers'
[2025-11-17T20:59:32.013+0000] {processor.py:842} WARNING - No viable dags retrieved from /opt/airflow/dags/predictive_pipeline_dag.py
[2025-11-17T20:59:32.040+0000] {processor.py:183} INFO - Processing /opt/airflow/dags/predictive_pipeline_dag.py took 1.104 seconds
[2025-11-17T21:00:02.955+0000] {processor.py:161} INFO - Started process (PID=124) to work on /opt/airflow/dags/predictive_pipeline_dag.py
[2025-11-17T21:00:02.956+0000] {processor.py:830} INFO - Processing file /opt/airflow/dags/predictive_pipeline_dag.py for tasks to queue
[2025-11-17T21:00:02.958+0000] {logging_mixin.py:188} INFO - [2025-11-17T21:00:02.958+0000] {dagbag.py:545} INFO - Filling up the DagBag from /opt/airflow/dags/predictive_pipeline_dag.py
[2025-11-17T21:00:04.046+0000] {logging_mixin.py:188} INFO - [2025-11-17T21:00:04.038+0000] {dagbag.py:355} ERROR - Failed to import: /opt/airflow/dags/predictive_pipeline_dag.py
Traceback (most recent call last):
  File "/home/airflow/.local/lib/python3.12/site-packages/airflow/models/dagbag.py", line 351, in parse
    loader.exec_module(new_module)
  File "<frozen importlib._bootstrap_external>", line 995, in exec_module
  File "<frozen importlib._bootstrap>", line 488, in _call_with_frames_removed
  File "/opt/airflow/dags/predictive_pipeline_dag.py", line 6, in <module>
    from scripts.data_preparation import prepare_data
  File "/opt/airflow/scripts/data_preparation.py", line 10, in <module>
    from transformers import DatosHistoricos, RecenciaSemanal, PopularidadProductoPrev, CompraRelativa
ModuleNotFoundError: No module named 'transformers'
[2025-11-17T21:00:04.048+0000] {processor.py:842} WARNING - No viable dags retrieved from /opt/airflow/dags/predictive_pipeline_dag.py
[2025-11-17T21:00:04.075+0000] {processor.py:183} INFO - Processing /opt/airflow/dags/predictive_pipeline_dag.py took 1.129 seconds
[2025-11-17T21:00:34.266+0000] {processor.py:161} INFO - Started process (PID=133) to work on /opt/airflow/dags/predictive_pipeline_dag.py
[2025-11-17T21:00:34.267+0000] {processor.py:830} INFO - Processing file /opt/airflow/dags/predictive_pipeline_dag.py for tasks to queue
[2025-11-17T21:00:34.270+0000] {logging_mixin.py:188} INFO - [2025-11-17T21:00:34.269+0000] {dagbag.py:545} INFO - Filling up the DagBag from /opt/airflow/dags/predictive_pipeline_dag.py
[2025-11-17T21:00:35.456+0000] {logging_mixin.py:188} INFO - [2025-11-17T21:00:35.448+0000] {dagbag.py:355} ERROR - Failed to import: /opt/airflow/dags/predictive_pipeline_dag.py
Traceback (most recent call last):
  File "/home/airflow/.local/lib/python3.12/site-packages/airflow/models/dagbag.py", line 351, in parse
    loader.exec_module(new_module)
  File "<frozen importlib._bootstrap_external>", line 995, in exec_module
  File "<frozen importlib._bootstrap>", line 488, in _call_with_frames_removed
  File "/opt/airflow/dags/predictive_pipeline_dag.py", line 6, in <module>
    from scripts.data_preparation import prepare_data
  File "/opt/airflow/scripts/data_preparation.py", line 10, in <module>
    from transformers import DatosHistoricos, RecenciaSemanal, PopularidadProductoPrev, CompraRelativa
ModuleNotFoundError: No module named 'transformers'
[2025-11-17T21:00:35.458+0000] {processor.py:842} WARNING - No viable dags retrieved from /opt/airflow/dags/predictive_pipeline_dag.py
[2025-11-17T21:00:35.485+0000] {processor.py:183} INFO - Processing /opt/airflow/dags/predictive_pipeline_dag.py took 1.231 seconds
[2025-11-17T21:01:06.054+0000] {processor.py:161} INFO - Started process (PID=142) to work on /opt/airflow/dags/predictive_pipeline_dag.py
[2025-11-17T21:01:06.055+0000] {processor.py:830} INFO - Processing file /opt/airflow/dags/predictive_pipeline_dag.py for tasks to queue
[2025-11-17T21:01:06.057+0000] {logging_mixin.py:188} INFO - [2025-11-17T21:01:06.057+0000] {dagbag.py:545} INFO - Filling up the DagBag from /opt/airflow/dags/predictive_pipeline_dag.py
[2025-11-17T21:01:07.269+0000] {logging_mixin.py:188} INFO - [2025-11-17T21:01:07.259+0000] {dagbag.py:355} ERROR - Failed to import: /opt/airflow/dags/predictive_pipeline_dag.py
Traceback (most recent call last):
  File "/home/airflow/.local/lib/python3.12/site-packages/airflow/models/dagbag.py", line 351, in parse
    loader.exec_module(new_module)
  File "<frozen importlib._bootstrap_external>", line 995, in exec_module
  File "<frozen importlib._bootstrap>", line 488, in _call_with_frames_removed
  File "/opt/airflow/dags/predictive_pipeline_dag.py", line 6, in <module>
    from scripts.data_preparation import prepare_data
  File "/opt/airflow/scripts/data_preparation.py", line 10, in <module>
    from transformers import DatosHistoricos, RecenciaSemanal, PopularidadProductoPrev, CompraRelativa
ModuleNotFoundError: No module named 'transformers'
[2025-11-17T21:01:07.273+0000] {processor.py:842} WARNING - No viable dags retrieved from /opt/airflow/dags/predictive_pipeline_dag.py
[2025-11-17T21:01:07.303+0000] {processor.py:183} INFO - Processing /opt/airflow/dags/predictive_pipeline_dag.py took 1.256 seconds
[2025-11-17T21:01:38.460+0000] {processor.py:161} INFO - Started process (PID=151) to work on /opt/airflow/dags/predictive_pipeline_dag.py
[2025-11-17T21:01:38.461+0000] {processor.py:830} INFO - Processing file /opt/airflow/dags/predictive_pipeline_dag.py for tasks to queue
[2025-11-17T21:01:38.464+0000] {logging_mixin.py:188} INFO - [2025-11-17T21:01:38.464+0000] {dagbag.py:545} INFO - Filling up the DagBag from /opt/airflow/dags/predictive_pipeline_dag.py
[2025-11-17T21:01:39.558+0000] {logging_mixin.py:188} INFO - [2025-11-17T21:01:39.549+0000] {dagbag.py:355} ERROR - Failed to import: /opt/airflow/dags/predictive_pipeline_dag.py
Traceback (most recent call last):
  File "/home/airflow/.local/lib/python3.12/site-packages/airflow/models/dagbag.py", line 351, in parse
    loader.exec_module(new_module)
  File "<frozen importlib._bootstrap_external>", line 995, in exec_module
  File "<frozen importlib._bootstrap>", line 488, in _call_with_frames_removed
  File "/opt/airflow/dags/predictive_pipeline_dag.py", line 6, in <module>
    from scripts.data_preparation import prepare_data
  File "/opt/airflow/scripts/data_preparation.py", line 10, in <module>
    from transformers import DatosHistoricos, RecenciaSemanal, PopularidadProductoPrev, CompraRelativa
ModuleNotFoundError: No module named 'transformers'
[2025-11-17T21:01:39.560+0000] {processor.py:842} WARNING - No viable dags retrieved from /opt/airflow/dags/predictive_pipeline_dag.py
[2025-11-17T21:01:39.588+0000] {processor.py:183} INFO - Processing /opt/airflow/dags/predictive_pipeline_dag.py took 1.136 seconds
[2025-11-17T21:02:09.759+0000] {processor.py:161} INFO - Started process (PID=160) to work on /opt/airflow/dags/predictive_pipeline_dag.py
[2025-11-17T21:02:09.760+0000] {processor.py:830} INFO - Processing file /opt/airflow/dags/predictive_pipeline_dag.py for tasks to queue
[2025-11-17T21:02:09.762+0000] {logging_mixin.py:188} INFO - [2025-11-17T21:02:09.762+0000] {dagbag.py:545} INFO - Filling up the DagBag from /opt/airflow/dags/predictive_pipeline_dag.py
[2025-11-17T21:02:10.997+0000] {logging_mixin.py:188} INFO - [2025-11-17T21:02:10.988+0000] {dagbag.py:355} ERROR - Failed to import: /opt/airflow/dags/predictive_pipeline_dag.py
Traceback (most recent call last):
  File "/home/airflow/.local/lib/python3.12/site-packages/airflow/models/dagbag.py", line 351, in parse
    loader.exec_module(new_module)
  File "<frozen importlib._bootstrap_external>", line 995, in exec_module
  File "<frozen importlib._bootstrap>", line 488, in _call_with_frames_removed
  File "/opt/airflow/dags/predictive_pipeline_dag.py", line 6, in <module>
    from scripts.data_preparation import prepare_data
  File "/opt/airflow/scripts/data_preparation.py", line 10, in <module>
    from transformers import DatosHistoricos, RecenciaSemanal, PopularidadProductoPrev, CompraRelativa
ModuleNotFoundError: No module named 'transformers'
[2025-11-17T21:02:10.999+0000] {processor.py:842} WARNING - No viable dags retrieved from /opt/airflow/dags/predictive_pipeline_dag.py
[2025-11-17T21:02:11.030+0000] {processor.py:183} INFO - Processing /opt/airflow/dags/predictive_pipeline_dag.py took 1.278 seconds
[2025-11-17T21:02:41.258+0000] {processor.py:161} INFO - Started process (PID=169) to work on /opt/airflow/dags/predictive_pipeline_dag.py
[2025-11-17T21:02:41.260+0000] {processor.py:830} INFO - Processing file /opt/airflow/dags/predictive_pipeline_dag.py for tasks to queue
[2025-11-17T21:02:41.263+0000] {logging_mixin.py:188} INFO - [2025-11-17T21:02:41.262+0000] {dagbag.py:545} INFO - Filling up the DagBag from /opt/airflow/dags/predictive_pipeline_dag.py
[2025-11-17T21:02:42.427+0000] {logging_mixin.py:188} INFO - [2025-11-17T21:02:42.418+0000] {dagbag.py:355} ERROR - Failed to import: /opt/airflow/dags/predictive_pipeline_dag.py
Traceback (most recent call last):
  File "/home/airflow/.local/lib/python3.12/site-packages/airflow/models/dagbag.py", line 351, in parse
    loader.exec_module(new_module)
  File "<frozen importlib._bootstrap_external>", line 995, in exec_module
  File "<frozen importlib._bootstrap>", line 488, in _call_with_frames_removed
  File "/opt/airflow/dags/predictive_pipeline_dag.py", line 6, in <module>
    from scripts.data_preparation import prepare_data
  File "/opt/airflow/scripts/data_preparation.py", line 10, in <module>
    from transformers import DatosHistoricos, RecenciaSemanal, PopularidadProductoPrev, CompraRelativa
ModuleNotFoundError: No module named 'transformers'
[2025-11-17T21:02:42.430+0000] {processor.py:842} WARNING - No viable dags retrieved from /opt/airflow/dags/predictive_pipeline_dag.py
[2025-11-17T21:02:42.456+0000] {processor.py:183} INFO - Processing /opt/airflow/dags/predictive_pipeline_dag.py took 1.207 seconds
[2025-11-17T21:03:12.738+0000] {processor.py:161} INFO - Started process (PID=178) to work on /opt/airflow/dags/predictive_pipeline_dag.py
[2025-11-17T21:03:12.740+0000] {processor.py:830} INFO - Processing file /opt/airflow/dags/predictive_pipeline_dag.py for tasks to queue
[2025-11-17T21:03:12.742+0000] {logging_mixin.py:188} INFO - [2025-11-17T21:03:12.741+0000] {dagbag.py:545} INFO - Filling up the DagBag from /opt/airflow/dags/predictive_pipeline_dag.py
[2025-11-17T21:03:13.809+0000] {logging_mixin.py:188} INFO - [2025-11-17T21:03:13.800+0000] {dagbag.py:355} ERROR - Failed to import: /opt/airflow/dags/predictive_pipeline_dag.py
Traceback (most recent call last):
  File "/home/airflow/.local/lib/python3.12/site-packages/airflow/models/dagbag.py", line 351, in parse
    loader.exec_module(new_module)
  File "<frozen importlib._bootstrap_external>", line 995, in exec_module
  File "<frozen importlib._bootstrap>", line 488, in _call_with_frames_removed
  File "/opt/airflow/dags/predictive_pipeline_dag.py", line 6, in <module>
    from scripts.data_preparation import prepare_data
  File "/opt/airflow/scripts/data_preparation.py", line 10, in <module>
    from transformers import DatosHistoricos, RecenciaSemanal, PopularidadProductoPrev, CompraRelativa
ModuleNotFoundError: No module named 'transformers'
[2025-11-17T21:03:13.812+0000] {processor.py:842} WARNING - No viable dags retrieved from /opt/airflow/dags/predictive_pipeline_dag.py
[2025-11-17T21:03:13.839+0000] {processor.py:183} INFO - Processing /opt/airflow/dags/predictive_pipeline_dag.py took 1.109 seconds
[2025-11-17T21:03:44.925+0000] {processor.py:161} INFO - Started process (PID=187) to work on /opt/airflow/dags/predictive_pipeline_dag.py
[2025-11-17T21:03:44.926+0000] {processor.py:830} INFO - Processing file /opt/airflow/dags/predictive_pipeline_dag.py for tasks to queue
[2025-11-17T21:03:44.929+0000] {logging_mixin.py:188} INFO - [2025-11-17T21:03:44.928+0000] {dagbag.py:545} INFO - Filling up the DagBag from /opt/airflow/dags/predictive_pipeline_dag.py
[2025-11-17T21:03:46.065+0000] {logging_mixin.py:188} INFO - [2025-11-17T21:03:46.055+0000] {dagbag.py:355} ERROR - Failed to import: /opt/airflow/dags/predictive_pipeline_dag.py
Traceback (most recent call last):
  File "/home/airflow/.local/lib/python3.12/site-packages/airflow/models/dagbag.py", line 351, in parse
    loader.exec_module(new_module)
  File "<frozen importlib._bootstrap_external>", line 995, in exec_module
  File "<frozen importlib._bootstrap>", line 488, in _call_with_frames_removed
  File "/opt/airflow/dags/predictive_pipeline_dag.py", line 6, in <module>
    from scripts.data_preparation import prepare_data
  File "/opt/airflow/scripts/data_preparation.py", line 10, in <module>
    from transformers import DatosHistoricos, RecenciaSemanal, PopularidadProductoPrev, CompraRelativa
ModuleNotFoundError: No module named 'transformers'
[2025-11-17T21:03:46.067+0000] {processor.py:842} WARNING - No viable dags retrieved from /opt/airflow/dags/predictive_pipeline_dag.py
[2025-11-17T21:03:46.095+0000] {processor.py:183} INFO - Processing /opt/airflow/dags/predictive_pipeline_dag.py took 1.178 seconds
[2025-11-17T21:04:15.669+0000] {processor.py:161} INFO - Started process (PID=196) to work on /opt/airflow/dags/predictive_pipeline_dag.py
[2025-11-17T21:04:15.670+0000] {processor.py:830} INFO - Processing file /opt/airflow/dags/predictive_pipeline_dag.py for tasks to queue
[2025-11-17T21:04:15.672+0000] {logging_mixin.py:188} INFO - [2025-11-17T21:04:15.672+0000] {dagbag.py:545} INFO - Filling up the DagBag from /opt/airflow/dags/predictive_pipeline_dag.py
[2025-11-17T21:04:16.865+0000] {logging_mixin.py:188} INFO - [2025-11-17T21:04:16.858+0000] {dagbag.py:355} ERROR - Failed to import: /opt/airflow/dags/predictive_pipeline_dag.py
Traceback (most recent call last):
  File "/home/airflow/.local/lib/python3.12/site-packages/airflow/models/dagbag.py", line 351, in parse
    loader.exec_module(new_module)
  File "<frozen importlib._bootstrap_external>", line 995, in exec_module
  File "<frozen importlib._bootstrap>", line 488, in _call_with_frames_removed
  File "/opt/airflow/dags/predictive_pipeline_dag.py", line 6, in <module>
    from scripts.data_preparation import prepare_data
  File "/opt/airflow/scripts/data_preparation.py", line 10, in <module>
    from transformers import DatosHistoricos, RecenciaSemanal, PopularidadProductoPrev, CompraRelativa
ModuleNotFoundError: No module named 'transformers'
[2025-11-17T21:04:16.869+0000] {processor.py:842} WARNING - No viable dags retrieved from /opt/airflow/dags/predictive_pipeline_dag.py
[2025-11-17T21:04:16.901+0000] {processor.py:183} INFO - Processing /opt/airflow/dags/predictive_pipeline_dag.py took 1.239 seconds
[2025-11-17T21:04:47.324+0000] {processor.py:161} INFO - Started process (PID=205) to work on /opt/airflow/dags/predictive_pipeline_dag.py
[2025-11-17T21:04:47.325+0000] {processor.py:830} INFO - Processing file /opt/airflow/dags/predictive_pipeline_dag.py for tasks to queue
[2025-11-17T21:04:47.327+0000] {logging_mixin.py:188} INFO - [2025-11-17T21:04:47.327+0000] {dagbag.py:545} INFO - Filling up the DagBag from /opt/airflow/dags/predictive_pipeline_dag.py
[2025-11-17T21:04:48.414+0000] {logging_mixin.py:188} INFO - [2025-11-17T21:04:48.405+0000] {dagbag.py:355} ERROR - Failed to import: /opt/airflow/dags/predictive_pipeline_dag.py
Traceback (most recent call last):
  File "/home/airflow/.local/lib/python3.12/site-packages/airflow/models/dagbag.py", line 351, in parse
    loader.exec_module(new_module)
  File "<frozen importlib._bootstrap_external>", line 995, in exec_module
  File "<frozen importlib._bootstrap>", line 488, in _call_with_frames_removed
  File "/opt/airflow/dags/predictive_pipeline_dag.py", line 6, in <module>
    from scripts.data_preparation import prepare_data
  File "/opt/airflow/scripts/data_preparation.py", line 10, in <module>
    from transformers import DatosHistoricos, RecenciaSemanal, PopularidadProductoPrev, CompraRelativa
ModuleNotFoundError: No module named 'transformers'
[2025-11-17T21:04:48.417+0000] {processor.py:842} WARNING - No viable dags retrieved from /opt/airflow/dags/predictive_pipeline_dag.py
[2025-11-17T21:04:48.444+0000] {processor.py:183} INFO - Processing /opt/airflow/dags/predictive_pipeline_dag.py took 1.129 seconds
[2025-11-17T21:05:18.708+0000] {processor.py:161} INFO - Started process (PID=214) to work on /opt/airflow/dags/predictive_pipeline_dag.py
[2025-11-17T21:05:18.709+0000] {processor.py:830} INFO - Processing file /opt/airflow/dags/predictive_pipeline_dag.py for tasks to queue
[2025-11-17T21:05:18.712+0000] {logging_mixin.py:188} INFO - [2025-11-17T21:05:18.712+0000] {dagbag.py:545} INFO - Filling up the DagBag from /opt/airflow/dags/predictive_pipeline_dag.py
[2025-11-17T21:05:19.851+0000] {logging_mixin.py:188} INFO - [2025-11-17T21:05:19.842+0000] {dagbag.py:355} ERROR - Failed to import: /opt/airflow/dags/predictive_pipeline_dag.py
Traceback (most recent call last):
  File "/home/airflow/.local/lib/python3.12/site-packages/airflow/models/dagbag.py", line 351, in parse
    loader.exec_module(new_module)
  File "<frozen importlib._bootstrap_external>", line 995, in exec_module
  File "<frozen importlib._bootstrap>", line 488, in _call_with_frames_removed
  File "/opt/airflow/dags/predictive_pipeline_dag.py", line 6, in <module>
    from scripts.data_preparation import prepare_data
  File "/opt/airflow/scripts/data_preparation.py", line 10, in <module>
    from transformers import DatosHistoricos, RecenciaSemanal, PopularidadProductoPrev, CompraRelativa
ModuleNotFoundError: No module named 'transformers'
[2025-11-17T21:05:19.853+0000] {processor.py:842} WARNING - No viable dags retrieved from /opt/airflow/dags/predictive_pipeline_dag.py
[2025-11-17T21:05:19.881+0000] {processor.py:183} INFO - Processing /opt/airflow/dags/predictive_pipeline_dag.py took 1.181 seconds
[2025-11-17T21:05:50.675+0000] {processor.py:161} INFO - Started process (PID=223) to work on /opt/airflow/dags/predictive_pipeline_dag.py
[2025-11-17T21:05:50.676+0000] {processor.py:830} INFO - Processing file /opt/airflow/dags/predictive_pipeline_dag.py for tasks to queue
[2025-11-17T21:05:50.678+0000] {logging_mixin.py:188} INFO - [2025-11-17T21:05:50.677+0000] {dagbag.py:545} INFO - Filling up the DagBag from /opt/airflow/dags/predictive_pipeline_dag.py
[2025-11-17T21:05:52.135+0000] {logging_mixin.py:188} INFO - [2025-11-17T21:05:52.125+0000] {dagbag.py:355} ERROR - Failed to import: /opt/airflow/dags/predictive_pipeline_dag.py
Traceback (most recent call last):
  File "/home/airflow/.local/lib/python3.12/site-packages/airflow/models/dagbag.py", line 351, in parse
    loader.exec_module(new_module)
  File "<frozen importlib._bootstrap_external>", line 995, in exec_module
  File "<frozen importlib._bootstrap>", line 488, in _call_with_frames_removed
  File "/opt/airflow/dags/predictive_pipeline_dag.py", line 6, in <module>
    from scripts.data_preparation import prepare_data
  File "/opt/airflow/scripts/data_preparation.py", line 10, in <module>
    from transformers import DatosHistoricos, RecenciaSemanal, PopularidadProductoPrev, CompraRelativa
ModuleNotFoundError: No module named 'transformers'
[2025-11-17T21:05:52.139+0000] {processor.py:842} WARNING - No viable dags retrieved from /opt/airflow/dags/predictive_pipeline_dag.py
[2025-11-17T21:05:52.185+0000] {processor.py:183} INFO - Processing /opt/airflow/dags/predictive_pipeline_dag.py took 1.521 seconds
[2025-11-17T21:06:22.570+0000] {processor.py:161} INFO - Started process (PID=232) to work on /opt/airflow/dags/predictive_pipeline_dag.py
[2025-11-17T21:06:22.571+0000] {processor.py:830} INFO - Processing file /opt/airflow/dags/predictive_pipeline_dag.py for tasks to queue
[2025-11-17T21:06:22.574+0000] {logging_mixin.py:188} INFO - [2025-11-17T21:06:22.573+0000] {dagbag.py:545} INFO - Filling up the DagBag from /opt/airflow/dags/predictive_pipeline_dag.py
[2025-11-17T21:06:23.856+0000] {logging_mixin.py:188} INFO - [2025-11-17T21:06:23.847+0000] {dagbag.py:355} ERROR - Failed to import: /opt/airflow/dags/predictive_pipeline_dag.py
Traceback (most recent call last):
  File "/home/airflow/.local/lib/python3.12/site-packages/airflow/models/dagbag.py", line 351, in parse
    loader.exec_module(new_module)
  File "<frozen importlib._bootstrap_external>", line 995, in exec_module
  File "<frozen importlib._bootstrap>", line 488, in _call_with_frames_removed
  File "/opt/airflow/dags/predictive_pipeline_dag.py", line 6, in <module>
    from scripts.data_preparation import prepare_data
  File "/opt/airflow/scripts/data_preparation.py", line 10, in <module>
    from transformers import DatosHistoricos, RecenciaSemanal, PopularidadProductoPrev, CompraRelativa
ModuleNotFoundError: No module named 'transformers'
[2025-11-17T21:06:23.859+0000] {processor.py:842} WARNING - No viable dags retrieved from /opt/airflow/dags/predictive_pipeline_dag.py
[2025-11-17T21:06:23.892+0000] {processor.py:183} INFO - Processing /opt/airflow/dags/predictive_pipeline_dag.py took 1.329 seconds
[2025-11-17T21:06:54.982+0000] {processor.py:161} INFO - Started process (PID=241) to work on /opt/airflow/dags/predictive_pipeline_dag.py
[2025-11-17T21:06:54.984+0000] {processor.py:830} INFO - Processing file /opt/airflow/dags/predictive_pipeline_dag.py for tasks to queue
[2025-11-17T21:06:54.986+0000] {logging_mixin.py:188} INFO - [2025-11-17T21:06:54.985+0000] {dagbag.py:545} INFO - Filling up the DagBag from /opt/airflow/dags/predictive_pipeline_dag.py
[2025-11-17T21:06:56.258+0000] {logging_mixin.py:188} INFO - [2025-11-17T21:06:56.248+0000] {dagbag.py:355} ERROR - Failed to import: /opt/airflow/dags/predictive_pipeline_dag.py
Traceback (most recent call last):
  File "/home/airflow/.local/lib/python3.12/site-packages/airflow/models/dagbag.py", line 351, in parse
    loader.exec_module(new_module)
  File "<frozen importlib._bootstrap_external>", line 995, in exec_module
  File "<frozen importlib._bootstrap>", line 488, in _call_with_frames_removed
  File "/opt/airflow/dags/predictive_pipeline_dag.py", line 6, in <module>
    from scripts.data_preparation import prepare_data
  File "/opt/airflow/scripts/data_preparation.py", line 10, in <module>
    from transformers import DatosHistoricos, RecenciaSemanal, PopularidadProductoPrev, CompraRelativa
ModuleNotFoundError: No module named 'transformers'
[2025-11-17T21:06:56.262+0000] {processor.py:842} WARNING - No viable dags retrieved from /opt/airflow/dags/predictive_pipeline_dag.py
[2025-11-17T21:06:56.300+0000] {processor.py:183} INFO - Processing /opt/airflow/dags/predictive_pipeline_dag.py took 1.325 seconds
[2025-11-17T21:07:26.391+0000] {processor.py:161} INFO - Started process (PID=250) to work on /opt/airflow/dags/predictive_pipeline_dag.py
[2025-11-17T21:07:26.392+0000] {processor.py:830} INFO - Processing file /opt/airflow/dags/predictive_pipeline_dag.py for tasks to queue
[2025-11-17T21:07:26.395+0000] {logging_mixin.py:188} INFO - [2025-11-17T21:07:26.394+0000] {dagbag.py:545} INFO - Filling up the DagBag from /opt/airflow/dags/predictive_pipeline_dag.py
[2025-11-17T21:07:27.786+0000] {logging_mixin.py:188} INFO - [2025-11-17T21:07:27.777+0000] {dagbag.py:355} ERROR - Failed to import: /opt/airflow/dags/predictive_pipeline_dag.py
Traceback (most recent call last):
  File "/home/airflow/.local/lib/python3.12/site-packages/airflow/models/dagbag.py", line 351, in parse
    loader.exec_module(new_module)
  File "<frozen importlib._bootstrap_external>", line 995, in exec_module
  File "<frozen importlib._bootstrap>", line 488, in _call_with_frames_removed
  File "/opt/airflow/dags/predictive_pipeline_dag.py", line 6, in <module>
    from scripts.data_preparation import prepare_data
  File "/opt/airflow/scripts/data_preparation.py", line 10, in <module>
    from transformers import DatosHistoricos, RecenciaSemanal, PopularidadProductoPrev, CompraRelativa
ModuleNotFoundError: No module named 'transformers'
[2025-11-17T21:07:27.788+0000] {processor.py:842} WARNING - No viable dags retrieved from /opt/airflow/dags/predictive_pipeline_dag.py
[2025-11-17T21:07:27.818+0000] {processor.py:183} INFO - Processing /opt/airflow/dags/predictive_pipeline_dag.py took 1.435 seconds
[2025-11-17T21:07:57.959+0000] {processor.py:161} INFO - Started process (PID=259) to work on /opt/airflow/dags/predictive_pipeline_dag.py
[2025-11-17T21:07:57.960+0000] {processor.py:830} INFO - Processing file /opt/airflow/dags/predictive_pipeline_dag.py for tasks to queue
[2025-11-17T21:07:57.963+0000] {logging_mixin.py:188} INFO - [2025-11-17T21:07:57.962+0000] {dagbag.py:545} INFO - Filling up the DagBag from /opt/airflow/dags/predictive_pipeline_dag.py
[2025-11-17T21:07:59.151+0000] {logging_mixin.py:188} INFO - [2025-11-17T21:07:59.142+0000] {dagbag.py:355} ERROR - Failed to import: /opt/airflow/dags/predictive_pipeline_dag.py
Traceback (most recent call last):
  File "/home/airflow/.local/lib/python3.12/site-packages/airflow/models/dagbag.py", line 351, in parse
    loader.exec_module(new_module)
  File "<frozen importlib._bootstrap_external>", line 995, in exec_module
  File "<frozen importlib._bootstrap>", line 488, in _call_with_frames_removed
  File "/opt/airflow/dags/predictive_pipeline_dag.py", line 6, in <module>
    from scripts.data_preparation import prepare_data
  File "/opt/airflow/scripts/data_preparation.py", line 10, in <module>
    from transformers import DatosHistoricos, RecenciaSemanal, PopularidadProductoPrev, CompraRelativa
ModuleNotFoundError: No module named 'transformers'
[2025-11-17T21:07:59.154+0000] {processor.py:842} WARNING - No viable dags retrieved from /opt/airflow/dags/predictive_pipeline_dag.py
[2025-11-17T21:07:59.186+0000] {processor.py:183} INFO - Processing /opt/airflow/dags/predictive_pipeline_dag.py took 1.233 seconds
[2025-11-17T21:08:29.561+0000] {processor.py:161} INFO - Started process (PID=268) to work on /opt/airflow/dags/predictive_pipeline_dag.py
[2025-11-17T21:08:29.562+0000] {processor.py:830} INFO - Processing file /opt/airflow/dags/predictive_pipeline_dag.py for tasks to queue
[2025-11-17T21:08:29.565+0000] {logging_mixin.py:188} INFO - [2025-11-17T21:08:29.564+0000] {dagbag.py:545} INFO - Filling up the DagBag from /opt/airflow/dags/predictive_pipeline_dag.py
[2025-11-17T21:08:29.061+0000] {logging_mixin.py:188} INFO - [2025-11-17T21:08:29.053+0000] {dagbag.py:355} ERROR - Failed to import: /opt/airflow/dags/predictive_pipeline_dag.py
Traceback (most recent call last):
  File "/home/airflow/.local/lib/python3.12/site-packages/airflow/models/dagbag.py", line 351, in parse
    loader.exec_module(new_module)
  File "<frozen importlib._bootstrap_external>", line 995, in exec_module
  File "<frozen importlib._bootstrap>", line 488, in _call_with_frames_removed
  File "/opt/airflow/dags/predictive_pipeline_dag.py", line 6, in <module>
    from scripts.data_preparation import prepare_data
  File "/opt/airflow/scripts/data_preparation.py", line 10, in <module>
    from transformers import DatosHistoricos, RecenciaSemanal, PopularidadProductoPrev, CompraRelativa
ModuleNotFoundError: No module named 'transformers'
[2025-11-17T21:08:29.064+0000] {processor.py:842} WARNING - No viable dags retrieved from /opt/airflow/dags/predictive_pipeline_dag.py
[2025-11-17T21:08:29.091+0000] {processor.py:183} INFO - Processing /opt/airflow/dags/predictive_pipeline_dag.py took 1.250 seconds
[2025-11-17T21:09:00.069+0000] {processor.py:161} INFO - Started process (PID=277) to work on /opt/airflow/dags/predictive_pipeline_dag.py
[2025-11-17T21:09:00.070+0000] {processor.py:830} INFO - Processing file /opt/airflow/dags/predictive_pipeline_dag.py for tasks to queue
[2025-11-17T21:09:00.072+0000] {logging_mixin.py:188} INFO - [2025-11-17T21:09:00.072+0000] {dagbag.py:545} INFO - Filling up the DagBag from /opt/airflow/dags/predictive_pipeline_dag.py
[2025-11-17T21:09:01.299+0000] {logging_mixin.py:188} INFO - [2025-11-17T21:09:01.290+0000] {dagbag.py:355} ERROR - Failed to import: /opt/airflow/dags/predictive_pipeline_dag.py
Traceback (most recent call last):
  File "/home/airflow/.local/lib/python3.12/site-packages/airflow/models/dagbag.py", line 351, in parse
    loader.exec_module(new_module)
  File "<frozen importlib._bootstrap_external>", line 995, in exec_module
  File "<frozen importlib._bootstrap>", line 488, in _call_with_frames_removed
  File "/opt/airflow/dags/predictive_pipeline_dag.py", line 6, in <module>
    from scripts.data_preparation import prepare_data
  File "/opt/airflow/scripts/data_preparation.py", line 10, in <module>
    from transformers import DatosHistoricos, RecenciaSemanal, PopularidadProductoPrev, CompraRelativa
ModuleNotFoundError: No module named 'transformers'
[2025-11-17T21:09:01.302+0000] {processor.py:842} WARNING - No viable dags retrieved from /opt/airflow/dags/predictive_pipeline_dag.py
[2025-11-17T21:09:01.333+0000] {processor.py:183} INFO - Processing /opt/airflow/dags/predictive_pipeline_dag.py took 1.273 seconds
[2025-11-17T21:09:32.509+0000] {processor.py:161} INFO - Started process (PID=286) to work on /opt/airflow/dags/predictive_pipeline_dag.py
[2025-11-17T21:09:32.510+0000] {processor.py:830} INFO - Processing file /opt/airflow/dags/predictive_pipeline_dag.py for tasks to queue
[2025-11-17T21:09:32.512+0000] {logging_mixin.py:188} INFO - [2025-11-17T21:09:32.512+0000] {dagbag.py:545} INFO - Filling up the DagBag from /opt/airflow/dags/predictive_pipeline_dag.py
[2025-11-17T21:09:33.668+0000] {logging_mixin.py:188} INFO - [2025-11-17T21:09:33.659+0000] {dagbag.py:355} ERROR - Failed to import: /opt/airflow/dags/predictive_pipeline_dag.py
Traceback (most recent call last):
  File "/home/airflow/.local/lib/python3.12/site-packages/airflow/models/dagbag.py", line 351, in parse
    loader.exec_module(new_module)
  File "<frozen importlib._bootstrap_external>", line 995, in exec_module
  File "<frozen importlib._bootstrap>", line 488, in _call_with_frames_removed
  File "/opt/airflow/dags/predictive_pipeline_dag.py", line 6, in <module>
    from scripts.data_preparation import prepare_data
  File "/opt/airflow/scripts/data_preparation.py", line 10, in <module>
    from transformers import DatosHistoricos, RecenciaSemanal, PopularidadProductoPrev, CompraRelativa
ModuleNotFoundError: No module named 'transformers'
[2025-11-17T21:09:33.671+0000] {processor.py:842} WARNING - No viable dags retrieved from /opt/airflow/dags/predictive_pipeline_dag.py
[2025-11-17T21:09:33.702+0000] {processor.py:183} INFO - Processing /opt/airflow/dags/predictive_pipeline_dag.py took 1.202 seconds
[2025-11-17T21:10:04.011+0000] {processor.py:161} INFO - Started process (PID=295) to work on /opt/airflow/dags/predictive_pipeline_dag.py
[2025-11-17T21:10:04.012+0000] {processor.py:830} INFO - Processing file /opt/airflow/dags/predictive_pipeline_dag.py for tasks to queue
[2025-11-17T21:10:04.014+0000] {logging_mixin.py:188} INFO - [2025-11-17T21:10:04.014+0000] {dagbag.py:545} INFO - Filling up the DagBag from /opt/airflow/dags/predictive_pipeline_dag.py
[2025-11-17T21:10:05.203+0000] {logging_mixin.py:188} INFO - [2025-11-17T21:10:05.195+0000] {dagbag.py:355} ERROR - Failed to import: /opt/airflow/dags/predictive_pipeline_dag.py
Traceback (most recent call last):
  File "/home/airflow/.local/lib/python3.12/site-packages/airflow/models/dagbag.py", line 351, in parse
    loader.exec_module(new_module)
  File "<frozen importlib._bootstrap_external>", line 995, in exec_module
  File "<frozen importlib._bootstrap>", line 488, in _call_with_frames_removed
  File "/opt/airflow/dags/predictive_pipeline_dag.py", line 6, in <module>
    from scripts.data_preparation import prepare_data
  File "/opt/airflow/scripts/data_preparation.py", line 10, in <module>
    from transformers import DatosHistoricos, RecenciaSemanal, PopularidadProductoPrev, CompraRelativa
ModuleNotFoundError: No module named 'transformers'
[2025-11-17T21:10:05.206+0000] {processor.py:842} WARNING - No viable dags retrieved from /opt/airflow/dags/predictive_pipeline_dag.py
[2025-11-17T21:10:05.235+0000] {processor.py:183} INFO - Processing /opt/airflow/dags/predictive_pipeline_dag.py took 1.231 seconds
[2025-11-17T21:10:36.428+0000] {processor.py:161} INFO - Started process (PID=304) to work on /opt/airflow/dags/predictive_pipeline_dag.py
[2025-11-17T21:10:36.430+0000] {processor.py:830} INFO - Processing file /opt/airflow/dags/predictive_pipeline_dag.py for tasks to queue
[2025-11-17T21:10:36.433+0000] {logging_mixin.py:188} INFO - [2025-11-17T21:10:36.433+0000] {dagbag.py:545} INFO - Filling up the DagBag from /opt/airflow/dags/predictive_pipeline_dag.py
[2025-11-17T21:10:37.819+0000] {logging_mixin.py:188} INFO - [2025-11-17T21:10:37.810+0000] {dagbag.py:355} ERROR - Failed to import: /opt/airflow/dags/predictive_pipeline_dag.py
Traceback (most recent call last):
  File "/home/airflow/.local/lib/python3.12/site-packages/airflow/models/dagbag.py", line 351, in parse
    loader.exec_module(new_module)
  File "<frozen importlib._bootstrap_external>", line 995, in exec_module
  File "<frozen importlib._bootstrap>", line 488, in _call_with_frames_removed
  File "/opt/airflow/dags/predictive_pipeline_dag.py", line 6, in <module>
    from scripts.data_preparation import prepare_data
  File "/opt/airflow/scripts/data_preparation.py", line 10, in <module>
    from transformers import DatosHistoricos, RecenciaSemanal, PopularidadProductoPrev, CompraRelativa
ModuleNotFoundError: No module named 'transformers'
[2025-11-17T21:10:37.822+0000] {processor.py:842} WARNING - No viable dags retrieved from /opt/airflow/dags/predictive_pipeline_dag.py
[2025-11-17T21:10:37.856+0000] {processor.py:183} INFO - Processing /opt/airflow/dags/predictive_pipeline_dag.py took 1.437 seconds
[2025-11-17T21:11:08.461+0000] {processor.py:161} INFO - Started process (PID=313) to work on /opt/airflow/dags/predictive_pipeline_dag.py
[2025-11-17T21:11:08.462+0000] {processor.py:830} INFO - Processing file /opt/airflow/dags/predictive_pipeline_dag.py for tasks to queue
[2025-11-17T21:11:08.464+0000] {logging_mixin.py:188} INFO - [2025-11-17T21:11:08.463+0000] {dagbag.py:545} INFO - Filling up the DagBag from /opt/airflow/dags/predictive_pipeline_dag.py
[2025-11-17T21:11:09.553+0000] {logging_mixin.py:188} INFO - [2025-11-17T21:11:09.545+0000] {dagbag.py:355} ERROR - Failed to import: /opt/airflow/dags/predictive_pipeline_dag.py
Traceback (most recent call last):
  File "/home/airflow/.local/lib/python3.12/site-packages/airflow/models/dagbag.py", line 351, in parse
    loader.exec_module(new_module)
  File "<frozen importlib._bootstrap_external>", line 995, in exec_module
  File "<frozen importlib._bootstrap>", line 488, in _call_with_frames_removed
  File "/opt/airflow/dags/predictive_pipeline_dag.py", line 6, in <module>
    from scripts.data_preparation import prepare_data
  File "/opt/airflow/scripts/data_preparation.py", line 10, in <module>
    from transformers import DatosHistoricos, RecenciaSemanal, PopularidadProductoPrev, CompraRelativa
ModuleNotFoundError: No module named 'transformers'
[2025-11-17T21:11:09.556+0000] {processor.py:842} WARNING - No viable dags retrieved from /opt/airflow/dags/predictive_pipeline_dag.py
[2025-11-17T21:11:09.585+0000] {processor.py:183} INFO - Processing /opt/airflow/dags/predictive_pipeline_dag.py took 1.131 seconds
[2025-11-17T21:11:36.905+0000] {processor.py:161} INFO - Started process (PID=42) to work on /opt/airflow/dags/predictive_pipeline_dag.py
[2025-11-17T21:11:36.906+0000] {processor.py:830} INFO - Processing file /opt/airflow/dags/predictive_pipeline_dag.py for tasks to queue
[2025-11-17T21:11:36.909+0000] {logging_mixin.py:188} INFO - [2025-11-17T21:11:36.908+0000] {dagbag.py:545} INFO - Filling up the DagBag from /opt/airflow/dags/predictive_pipeline_dag.py
[2025-11-17T21:11:38.202+0000] {logging_mixin.py:188} INFO - [2025-11-17T21:11:38.192+0000] {dagbag.py:355} ERROR - Failed to import: /opt/airflow/dags/predictive_pipeline_dag.py
Traceback (most recent call last):
  File "/home/airflow/.local/lib/python3.12/site-packages/airflow/models/dagbag.py", line 351, in parse
    loader.exec_module(new_module)
  File "<frozen importlib._bootstrap_external>", line 995, in exec_module
  File "<frozen importlib._bootstrap>", line 488, in _call_with_frames_removed
  File "/opt/airflow/dags/predictive_pipeline_dag.py", line 6, in <module>
    from scripts.data_preparation import prepare_data
  File "/opt/airflow/scripts/data_preparation.py", line 10, in <module>
    from transformers import DatosHistoricos, RecenciaSemanal, PopularidadProductoPrev, CompraRelativa
ModuleNotFoundError: No module named 'transformers'
[2025-11-17T21:11:38.206+0000] {processor.py:842} WARNING - No viable dags retrieved from /opt/airflow/dags/predictive_pipeline_dag.py
[2025-11-17T21:11:38.236+0000] {processor.py:183} INFO - Processing /opt/airflow/dags/predictive_pipeline_dag.py took 1.339 seconds
[2025-11-17T21:12:08.736+0000] {processor.py:161} INFO - Started process (PID=87) to work on /opt/airflow/dags/predictive_pipeline_dag.py
[2025-11-17T21:12:08.737+0000] {processor.py:830} INFO - Processing file /opt/airflow/dags/predictive_pipeline_dag.py for tasks to queue
[2025-11-17T21:12:08.740+0000] {logging_mixin.py:188} INFO - [2025-11-17T21:12:08.739+0000] {dagbag.py:545} INFO - Filling up the DagBag from /opt/airflow/dags/predictive_pipeline_dag.py
[2025-11-17T21:12:10.092+0000] {logging_mixin.py:188} INFO - [2025-11-17T21:12:10.083+0000] {dagbag.py:355} ERROR - Failed to import: /opt/airflow/dags/predictive_pipeline_dag.py
Traceback (most recent call last):
  File "/home/airflow/.local/lib/python3.12/site-packages/airflow/models/dagbag.py", line 351, in parse
    loader.exec_module(new_module)
  File "<frozen importlib._bootstrap_external>", line 995, in exec_module
  File "<frozen importlib._bootstrap>", line 488, in _call_with_frames_removed
  File "/opt/airflow/dags/predictive_pipeline_dag.py", line 6, in <module>
    from scripts.data_preparation import prepare_data
  File "/opt/airflow/scripts/data_preparation.py", line 10, in <module>
    from transformers import DatosHistoricos, RecenciaSemanal, PopularidadProductoPrev, CompraRelativa
ModuleNotFoundError: No module named 'transformers'
[2025-11-17T21:12:10.096+0000] {processor.py:842} WARNING - No viable dags retrieved from /opt/airflow/dags/predictive_pipeline_dag.py
[2025-11-17T21:12:10.127+0000] {processor.py:183} INFO - Processing /opt/airflow/dags/predictive_pipeline_dag.py took 1.400 seconds
[2025-11-17T21:12:40.731+0000] {processor.py:161} INFO - Started process (PID=96) to work on /opt/airflow/dags/predictive_pipeline_dag.py
[2025-11-17T21:12:40.732+0000] {processor.py:830} INFO - Processing file /opt/airflow/dags/predictive_pipeline_dag.py for tasks to queue
[2025-11-17T21:12:40.734+0000] {logging_mixin.py:188} INFO - [2025-11-17T21:12:40.734+0000] {dagbag.py:545} INFO - Filling up the DagBag from /opt/airflow/dags/predictive_pipeline_dag.py
[2025-11-17T21:12:41.858+0000] {logging_mixin.py:188} INFO - [2025-11-17T21:12:41.848+0000] {dagbag.py:355} ERROR - Failed to import: /opt/airflow/dags/predictive_pipeline_dag.py
Traceback (most recent call last):
  File "/home/airflow/.local/lib/python3.12/site-packages/airflow/models/dagbag.py", line 351, in parse
    loader.exec_module(new_module)
  File "<frozen importlib._bootstrap_external>", line 995, in exec_module
  File "<frozen importlib._bootstrap>", line 488, in _call_with_frames_removed
  File "/opt/airflow/dags/predictive_pipeline_dag.py", line 6, in <module>
    from scripts.data_preparation import prepare_data
  File "/opt/airflow/scripts/data_preparation.py", line 10, in <module>
    from transformers import DatosHistoricos, RecenciaSemanal, PopularidadProductoPrev, CompraRelativa
ModuleNotFoundError: No module named 'transformers'
[2025-11-17T21:12:41.861+0000] {processor.py:842} WARNING - No viable dags retrieved from /opt/airflow/dags/predictive_pipeline_dag.py
[2025-11-17T21:12:41.893+0000] {processor.py:183} INFO - Processing /opt/airflow/dags/predictive_pipeline_dag.py took 1.169 seconds
[2025-11-17T21:13:12.500+0000] {processor.py:161} INFO - Started process (PID=105) to work on /opt/airflow/dags/predictive_pipeline_dag.py
[2025-11-17T21:13:12.501+0000] {processor.py:830} INFO - Processing file /opt/airflow/dags/predictive_pipeline_dag.py for tasks to queue
[2025-11-17T21:13:12.504+0000] {logging_mixin.py:188} INFO - [2025-11-17T21:13:12.503+0000] {dagbag.py:545} INFO - Filling up the DagBag from /opt/airflow/dags/predictive_pipeline_dag.py
[2025-11-17T21:13:12.020+0000] {logging_mixin.py:188} INFO - [2025-11-17T21:13:12.011+0000] {dagbag.py:355} ERROR - Failed to import: /opt/airflow/dags/predictive_pipeline_dag.py
Traceback (most recent call last):
  File "/home/airflow/.local/lib/python3.12/site-packages/airflow/models/dagbag.py", line 351, in parse
    loader.exec_module(new_module)
  File "<frozen importlib._bootstrap_external>", line 995, in exec_module
  File "<frozen importlib._bootstrap>", line 488, in _call_with_frames_removed
  File "/opt/airflow/dags/predictive_pipeline_dag.py", line 6, in <module>
    from scripts.data_preparation import prepare_data
  File "/opt/airflow/scripts/data_preparation.py", line 10, in <module>
    from transformers import DatosHistoricos, RecenciaSemanal, PopularidadProductoPrev, CompraRelativa
ModuleNotFoundError: No module named 'transformers'
[2025-11-17T21:13:12.023+0000] {processor.py:842} WARNING - No viable dags retrieved from /opt/airflow/dags/predictive_pipeline_dag.py
[2025-11-17T21:13:12.057+0000] {processor.py:183} INFO - Processing /opt/airflow/dags/predictive_pipeline_dag.py took 1.291 seconds
[2025-11-17T21:13:48.125+0000] {processor.py:161} INFO - Started process (PID=47) to work on /opt/airflow/dags/predictive_pipeline_dag.py
[2025-11-17T21:13:48.126+0000] {processor.py:830} INFO - Processing file /opt/airflow/dags/predictive_pipeline_dag.py for tasks to queue
[2025-11-17T21:13:48.130+0000] {logging_mixin.py:188} INFO - [2025-11-17T21:13:48.129+0000] {dagbag.py:545} INFO - Filling up the DagBag from /opt/airflow/dags/predictive_pipeline_dag.py
[2025-11-17T21:13:50.254+0000] {logging_mixin.py:188} WARNING - /home/airflow/.local/lib/python3.12/site-packages/mlflow/tracking/_tracking_service/utils.py:140 FutureWarning: Filesystem tracking backend (e.g., './mlruns') is deprecated. Please switch to a database backend (e.g., 'sqlite:///mlflow.db'). For feedback, see: https://github.com/mlflow/mlflow/issues/18534
[2025-11-17T21:13:50.922+0000] {processor.py:840} INFO - DAG(s) 'predictive_pipeline_xgb' retrieved from /opt/airflow/dags/predictive_pipeline_dag.py
[2025-11-17T21:13:50.934+0000] {logging_mixin.py:188} INFO - [2025-11-17T21:13:50.933+0000] {dag.py:3096} INFO - Sync 1 DAGs
[2025-11-17T21:13:51.079+0000] {logging_mixin.py:188} INFO - [2025-11-17T21:13:51.078+0000] {dag.py:3954} INFO - Setting next_dagrun for predictive_pipeline_xgb to 2025-11-16 00:00:00+00:00, run_after=2025-11-23 00:00:00+00:00
[2025-11-17T21:13:51.153+0000] {processor.py:183} INFO - Processing /opt/airflow/dags/predictive_pipeline_dag.py took 3.040 seconds
[2025-11-17T21:14:21.258+0000] {processor.py:161} INFO - Started process (PID=93) to work on /opt/airflow/dags/predictive_pipeline_dag.py
[2025-11-17T21:14:21.259+0000] {processor.py:830} INFO - Processing file /opt/airflow/dags/predictive_pipeline_dag.py for tasks to queue
[2025-11-17T21:14:21.261+0000] {logging_mixin.py:188} INFO - [2025-11-17T21:14:21.261+0000] {dagbag.py:545} INFO - Filling up the DagBag from /opt/airflow/dags/predictive_pipeline_dag.py
[2025-11-17T21:14:23.112+0000] {logging_mixin.py:188} WARNING - /home/airflow/.local/lib/python3.12/site-packages/mlflow/tracking/_tracking_service/utils.py:140 FutureWarning: Filesystem tracking backend (e.g., './mlruns') is deprecated. Please switch to a database backend (e.g., 'sqlite:///mlflow.db'). For feedback, see: https://github.com/mlflow/mlflow/issues/18534
[2025-11-17T21:14:23.819+0000] {processor.py:840} INFO - DAG(s) 'predictive_pipeline_xgb' retrieved from /opt/airflow/dags/predictive_pipeline_dag.py
[2025-11-17T21:14:24.033+0000] {logging_mixin.py:188} INFO - [2025-11-17T21:14:24.032+0000] {dag.py:3096} INFO - Sync 1 DAGs
[2025-11-17T21:14:24.052+0000] {logging_mixin.py:188} INFO - [2025-11-17T21:14:24.052+0000] {dag.py:3954} INFO - Setting next_dagrun for predictive_pipeline_xgb to 2025-11-16 00:00:00+00:00, run_after=2025-11-23 00:00:00+00:00
[2025-11-17T21:14:24.108+0000] {processor.py:183} INFO - Processing /opt/airflow/dags/predictive_pipeline_dag.py took 2.857 seconds
[2025-11-17T21:14:55.131+0000] {processor.py:161} INFO - Started process (PID=103) to work on /opt/airflow/dags/predictive_pipeline_dag.py
[2025-11-17T21:14:55.133+0000] {processor.py:830} INFO - Processing file /opt/airflow/dags/predictive_pipeline_dag.py for tasks to queue
[2025-11-17T21:14:55.135+0000] {logging_mixin.py:188} INFO - [2025-11-17T21:14:55.135+0000] {dagbag.py:545} INFO - Filling up the DagBag from /opt/airflow/dags/predictive_pipeline_dag.py
[2025-11-17T21:14:58.135+0000] {logging_mixin.py:188} WARNING - /home/airflow/.local/lib/python3.12/site-packages/mlflow/tracking/_tracking_service/utils.py:140 FutureWarning: Filesystem tracking backend (e.g., './mlruns') is deprecated. Please switch to a database backend (e.g., 'sqlite:///mlflow.db'). For feedback, see: https://github.com/mlflow/mlflow/issues/18534
[2025-11-17T21:14:59.124+0000] {processor.py:840} INFO - DAG(s) 'predictive_pipeline_xgb' retrieved from /opt/airflow/dags/predictive_pipeline_dag.py
[2025-11-17T21:14:59.156+0000] {logging_mixin.py:188} INFO - [2025-11-17T21:14:59.156+0000] {dag.py:3096} INFO - Sync 1 DAGs
[2025-11-17T21:14:59.183+0000] {logging_mixin.py:188} INFO - [2025-11-17T21:14:59.183+0000] {dag.py:3954} INFO - Setting next_dagrun for predictive_pipeline_xgb to 2025-11-16 00:00:00+00:00, run_after=2025-11-23 00:00:00+00:00
[2025-11-17T21:14:59.258+0000] {processor.py:183} INFO - Processing /opt/airflow/dags/predictive_pipeline_dag.py took 4.137 seconds
[2025-11-17T21:15:29.856+0000] {processor.py:161} INFO - Started process (PID=113) to work on /opt/airflow/dags/predictive_pipeline_dag.py
[2025-11-17T21:15:29.857+0000] {processor.py:830} INFO - Processing file /opt/airflow/dags/predictive_pipeline_dag.py for tasks to queue
[2025-11-17T21:15:29.859+0000] {logging_mixin.py:188} INFO - [2025-11-17T21:15:29.859+0000] {dagbag.py:545} INFO - Filling up the DagBag from /opt/airflow/dags/predictive_pipeline_dag.py
[2025-11-17T21:15:31.808+0000] {logging_mixin.py:188} WARNING - /home/airflow/.local/lib/python3.12/site-packages/mlflow/tracking/_tracking_service/utils.py:140 FutureWarning: Filesystem tracking backend (e.g., './mlruns') is deprecated. Please switch to a database backend (e.g., 'sqlite:///mlflow.db'). For feedback, see: https://github.com/mlflow/mlflow/issues/18534
[2025-11-17T21:15:32.752+0000] {processor.py:840} INFO - DAG(s) 'predictive_pipeline_xgb' retrieved from /opt/airflow/dags/predictive_pipeline_dag.py
[2025-11-17T21:15:32.777+0000] {logging_mixin.py:188} INFO - [2025-11-17T21:15:32.776+0000] {dag.py:3096} INFO - Sync 1 DAGs
[2025-11-17T21:15:32.796+0000] {logging_mixin.py:188} INFO - [2025-11-17T21:15:32.796+0000] {dag.py:3954} INFO - Setting next_dagrun for predictive_pipeline_xgb to 2025-11-16 00:00:00+00:00, run_after=2025-11-23 00:00:00+00:00
[2025-11-17T21:15:32.851+0000] {processor.py:183} INFO - Processing /opt/airflow/dags/predictive_pipeline_dag.py took 3.004 seconds
[2025-11-17T21:16:03.871+0000] {processor.py:161} INFO - Started process (PID=123) to work on /opt/airflow/dags/predictive_pipeline_dag.py
[2025-11-17T21:16:03.872+0000] {processor.py:830} INFO - Processing file /opt/airflow/dags/predictive_pipeline_dag.py for tasks to queue
[2025-11-17T21:16:03.875+0000] {logging_mixin.py:188} INFO - [2025-11-17T21:16:03.875+0000] {dagbag.py:545} INFO - Filling up the DagBag from /opt/airflow/dags/predictive_pipeline_dag.py
[2025-11-17T21:16:06.228+0000] {logging_mixin.py:188} WARNING - /home/airflow/.local/lib/python3.12/site-packages/mlflow/tracking/_tracking_service/utils.py:140 FutureWarning: Filesystem tracking backend (e.g., './mlruns') is deprecated. Please switch to a database backend (e.g., 'sqlite:///mlflow.db'). For feedback, see: https://github.com/mlflow/mlflow/issues/18534
[2025-11-17T21:16:07.104+0000] {processor.py:840} INFO - DAG(s) 'predictive_pipeline_xgb' retrieved from /opt/airflow/dags/predictive_pipeline_dag.py
[2025-11-17T21:16:07.135+0000] {logging_mixin.py:188} INFO - [2025-11-17T21:16:07.134+0000] {dag.py:3096} INFO - Sync 1 DAGs
[2025-11-17T21:16:07.218+0000] {processor.py:183} INFO - Processing /opt/airflow/dags/predictive_pipeline_dag.py took 3.356 seconds
[2025-11-17T21:16:38.104+0000] {processor.py:161} INFO - Started process (PID=160) to work on /opt/airflow/dags/predictive_pipeline_dag.py
[2025-11-17T21:16:38.105+0000] {processor.py:830} INFO - Processing file /opt/airflow/dags/predictive_pipeline_dag.py for tasks to queue
[2025-11-17T21:16:38.107+0000] {logging_mixin.py:188} INFO - [2025-11-17T21:16:38.106+0000] {dagbag.py:545} INFO - Filling up the DagBag from /opt/airflow/dags/predictive_pipeline_dag.py
[2025-11-17T21:16:40.233+0000] {logging_mixin.py:188} WARNING - /home/airflow/.local/lib/python3.12/site-packages/mlflow/tracking/_tracking_service/utils.py:140 FutureWarning: Filesystem tracking backend (e.g., './mlruns') is deprecated. Please switch to a database backend (e.g., 'sqlite:///mlflow.db'). For feedback, see: https://github.com/mlflow/mlflow/issues/18534
[2025-11-17T21:16:41.118+0000] {processor.py:840} INFO - DAG(s) 'predictive_pipeline_xgb' retrieved from /opt/airflow/dags/predictive_pipeline_dag.py
[2025-11-17T21:16:41.144+0000] {logging_mixin.py:188} INFO - [2025-11-17T21:16:41.144+0000] {dag.py:3096} INFO - Sync 1 DAGs
[2025-11-17T21:16:41.224+0000] {processor.py:183} INFO - Processing /opt/airflow/dags/predictive_pipeline_dag.py took 3.128 seconds
[2025-11-17T21:17:11.628+0000] {processor.py:161} INFO - Started process (PID=170) to work on /opt/airflow/dags/predictive_pipeline_dag.py
[2025-11-17T21:17:11.629+0000] {processor.py:830} INFO - Processing file /opt/airflow/dags/predictive_pipeline_dag.py for tasks to queue
[2025-11-17T21:17:11.631+0000] {logging_mixin.py:188} INFO - [2025-11-17T21:17:11.631+0000] {dagbag.py:545} INFO - Filling up the DagBag from /opt/airflow/dags/predictive_pipeline_dag.py
[2025-11-17T21:17:13.589+0000] {logging_mixin.py:188} WARNING - /home/airflow/.local/lib/python3.12/site-packages/mlflow/tracking/_tracking_service/utils.py:140 FutureWarning: Filesystem tracking backend (e.g., './mlruns') is deprecated. Please switch to a database backend (e.g., 'sqlite:///mlflow.db'). For feedback, see: https://github.com/mlflow/mlflow/issues/18534
[2025-11-17T21:17:14.386+0000] {processor.py:840} INFO - DAG(s) 'predictive_pipeline_xgb' retrieved from /opt/airflow/dags/predictive_pipeline_dag.py
[2025-11-17T21:17:14.409+0000] {logging_mixin.py:188} INFO - [2025-11-17T21:17:14.409+0000] {dag.py:3096} INFO - Sync 1 DAGs
[2025-11-17T21:17:14.480+0000] {processor.py:183} INFO - Processing /opt/airflow/dags/predictive_pipeline_dag.py took 2.860 seconds
[2025-11-17T21:17:44.577+0000] {processor.py:161} INFO - Started process (PID=180) to work on /opt/airflow/dags/predictive_pipeline_dag.py
[2025-11-17T21:17:44.578+0000] {processor.py:830} INFO - Processing file /opt/airflow/dags/predictive_pipeline_dag.py for tasks to queue
[2025-11-17T21:17:44.582+0000] {logging_mixin.py:188} INFO - [2025-11-17T21:17:44.581+0000] {dagbag.py:545} INFO - Filling up the DagBag from /opt/airflow/dags/predictive_pipeline_dag.py
[2025-11-17T21:17:46.755+0000] {logging_mixin.py:188} WARNING - /home/airflow/.local/lib/python3.12/site-packages/mlflow/tracking/_tracking_service/utils.py:140 FutureWarning: Filesystem tracking backend (e.g., './mlruns') is deprecated. Please switch to a database backend (e.g., 'sqlite:///mlflow.db'). For feedback, see: https://github.com/mlflow/mlflow/issues/18534
[2025-11-17T21:17:47.584+0000] {processor.py:840} INFO - DAG(s) 'predictive_pipeline_xgb' retrieved from /opt/airflow/dags/predictive_pipeline_dag.py
[2025-11-17T21:17:47.608+0000] {logging_mixin.py:188} INFO - [2025-11-17T21:17:47.608+0000] {dag.py:3096} INFO - Sync 1 DAGs
[2025-11-17T21:17:47.680+0000] {processor.py:183} INFO - Processing /opt/airflow/dags/predictive_pipeline_dag.py took 3.113 seconds
[2025-11-17T21:18:17.868+0000] {processor.py:161} INFO - Started process (PID=190) to work on /opt/airflow/dags/predictive_pipeline_dag.py
[2025-11-17T21:18:17.869+0000] {processor.py:830} INFO - Processing file /opt/airflow/dags/predictive_pipeline_dag.py for tasks to queue
[2025-11-17T21:18:17.871+0000] {logging_mixin.py:188} INFO - [2025-11-17T21:18:17.871+0000] {dagbag.py:545} INFO - Filling up the DagBag from /opt/airflow/dags/predictive_pipeline_dag.py
[2025-11-17T21:18:19.810+0000] {logging_mixin.py:188} WARNING - /home/airflow/.local/lib/python3.12/site-packages/mlflow/tracking/_tracking_service/utils.py:140 FutureWarning: Filesystem tracking backend (e.g., './mlruns') is deprecated. Please switch to a database backend (e.g., 'sqlite:///mlflow.db'). For feedback, see: https://github.com/mlflow/mlflow/issues/18534
[2025-11-17T21:18:20.524+0000] {processor.py:840} INFO - DAG(s) 'predictive_pipeline_xgb' retrieved from /opt/airflow/dags/predictive_pipeline_dag.py
[2025-11-17T21:18:20.664+0000] {logging_mixin.py:188} INFO - [2025-11-17T21:18:20.552+0000] {dag.py:3096} INFO - Sync 1 DAGs
[2025-11-17T21:18:20.738+0000] {processor.py:183} INFO - Processing /opt/airflow/dags/predictive_pipeline_dag.py took 2.877 seconds
[2025-11-17T21:18:50.951+0000] {processor.py:161} INFO - Started process (PID=200) to work on /opt/airflow/dags/predictive_pipeline_dag.py
[2025-11-17T21:18:50.952+0000] {processor.py:830} INFO - Processing file /opt/airflow/dags/predictive_pipeline_dag.py for tasks to queue
[2025-11-17T21:18:50.954+0000] {logging_mixin.py:188} INFO - [2025-11-17T21:18:50.954+0000] {dagbag.py:545} INFO - Filling up the DagBag from /opt/airflow/dags/predictive_pipeline_dag.py
[2025-11-17T21:18:52.930+0000] {logging_mixin.py:188} WARNING - /home/airflow/.local/lib/python3.12/site-packages/mlflow/tracking/_tracking_service/utils.py:140 FutureWarning: Filesystem tracking backend (e.g., './mlruns') is deprecated. Please switch to a database backend (e.g., 'sqlite:///mlflow.db'). For feedback, see: https://github.com/mlflow/mlflow/issues/18534
[2025-11-17T21:18:52.986+0000] {processor.py:840} INFO - DAG(s) 'predictive_pipeline_xgb' retrieved from /opt/airflow/dags/predictive_pipeline_dag.py
[2025-11-17T21:18:52.046+0000] {logging_mixin.py:188} INFO - [2025-11-17T21:18:52.046+0000] {dag.py:3096} INFO - Sync 1 DAGs
[2025-11-17T21:18:52.121+0000] {processor.py:183} INFO - Processing /opt/airflow/dags/predictive_pipeline_dag.py took 2.909 seconds
[2025-11-17T21:19:23.139+0000] {processor.py:161} INFO - Started process (PID=210) to work on /opt/airflow/dags/predictive_pipeline_dag.py
[2025-11-17T21:19:23.140+0000] {processor.py:830} INFO - Processing file /opt/airflow/dags/predictive_pipeline_dag.py for tasks to queue
[2025-11-17T21:19:23.142+0000] {logging_mixin.py:188} INFO - [2025-11-17T21:19:23.142+0000] {dagbag.py:545} INFO - Filling up the DagBag from /opt/airflow/dags/predictive_pipeline_dag.py
[2025-11-17T21:19:25.155+0000] {logging_mixin.py:188} WARNING - /home/airflow/.local/lib/python3.12/site-packages/mlflow/tracking/_tracking_service/utils.py:140 FutureWarning: Filesystem tracking backend (e.g., './mlruns') is deprecated. Please switch to a database backend (e.g., 'sqlite:///mlflow.db'). For feedback, see: https://github.com/mlflow/mlflow/issues/18534
[2025-11-17T21:19:25.855+0000] {processor.py:840} INFO - DAG(s) 'predictive_pipeline_xgb' retrieved from /opt/airflow/dags/predictive_pipeline_dag.py
[2025-11-17T21:19:25.991+0000] {logging_mixin.py:188} INFO - [2025-11-17T21:19:25.991+0000] {dag.py:3096} INFO - Sync 1 DAGs
[2025-11-17T21:19:26.071+0000] {processor.py:183} INFO - Processing /opt/airflow/dags/predictive_pipeline_dag.py took 2.939 seconds
[2025-11-17T21:19:56.383+0000] {processor.py:161} INFO - Started process (PID=220) to work on /opt/airflow/dags/predictive_pipeline_dag.py
[2025-11-17T21:19:56.384+0000] {processor.py:830} INFO - Processing file /opt/airflow/dags/predictive_pipeline_dag.py for tasks to queue
[2025-11-17T21:19:56.387+0000] {logging_mixin.py:188} INFO - [2025-11-17T21:19:56.386+0000] {dagbag.py:545} INFO - Filling up the DagBag from /opt/airflow/dags/predictive_pipeline_dag.py
[2025-11-17T21:19:58.352+0000] {logging_mixin.py:188} WARNING - /home/airflow/.local/lib/python3.12/site-packages/mlflow/tracking/_tracking_service/utils.py:140 FutureWarning: Filesystem tracking backend (e.g., './mlruns') is deprecated. Please switch to a database backend (e.g., 'sqlite:///mlflow.db'). For feedback, see: https://github.com/mlflow/mlflow/issues/18534
[2025-11-17T21:19:59.144+0000] {processor.py:840} INFO - DAG(s) 'predictive_pipeline_xgb' retrieved from /opt/airflow/dags/predictive_pipeline_dag.py
[2025-11-17T21:19:59.170+0000] {logging_mixin.py:188} INFO - [2025-11-17T21:19:59.170+0000] {dag.py:3096} INFO - Sync 1 DAGs
[2025-11-17T21:19:59.240+0000] {processor.py:183} INFO - Processing /opt/airflow/dags/predictive_pipeline_dag.py took 2.865 seconds
[2025-11-17T21:20:29.389+0000] {processor.py:161} INFO - Started process (PID=230) to work on /opt/airflow/dags/predictive_pipeline_dag.py
[2025-11-17T21:20:29.390+0000] {processor.py:830} INFO - Processing file /opt/airflow/dags/predictive_pipeline_dag.py for tasks to queue
[2025-11-17T21:20:29.392+0000] {logging_mixin.py:188} INFO - [2025-11-17T21:20:29.392+0000] {dagbag.py:545} INFO - Filling up the DagBag from /opt/airflow/dags/predictive_pipeline_dag.py
[2025-11-17T21:20:31.569+0000] {logging_mixin.py:188} WARNING - /home/airflow/.local/lib/python3.12/site-packages/mlflow/tracking/_tracking_service/utils.py:140 FutureWarning: Filesystem tracking backend (e.g., './mlruns') is deprecated. Please switch to a database backend (e.g., 'sqlite:///mlflow.db'). For feedback, see: https://github.com/mlflow/mlflow/issues/18534
[2025-11-17T21:20:32.459+0000] {processor.py:840} INFO - DAG(s) 'predictive_pipeline_xgb' retrieved from /opt/airflow/dags/predictive_pipeline_dag.py
[2025-11-17T21:20:32.488+0000] {logging_mixin.py:188} INFO - [2025-11-17T21:20:32.487+0000] {dag.py:3096} INFO - Sync 1 DAGs
[2025-11-17T21:20:32.574+0000] {processor.py:183} INFO - Processing /opt/airflow/dags/predictive_pipeline_dag.py took 3.192 seconds
[2025-11-17T21:21:03.733+0000] {processor.py:161} INFO - Started process (PID=240) to work on /opt/airflow/dags/predictive_pipeline_dag.py
[2025-11-17T21:21:03.735+0000] {processor.py:830} INFO - Processing file /opt/airflow/dags/predictive_pipeline_dag.py for tasks to queue
[2025-11-17T21:21:03.737+0000] {logging_mixin.py:188} INFO - [2025-11-17T21:21:03.737+0000] {dagbag.py:545} INFO - Filling up the DagBag from /opt/airflow/dags/predictive_pipeline_dag.py
[2025-11-17T21:21:05.784+0000] {logging_mixin.py:188} WARNING - /home/airflow/.local/lib/python3.12/site-packages/mlflow/tracking/_tracking_service/utils.py:140 FutureWarning: Filesystem tracking backend (e.g., './mlruns') is deprecated. Please switch to a database backend (e.g., 'sqlite:///mlflow.db'). For feedback, see: https://github.com/mlflow/mlflow/issues/18534
[2025-11-17T21:21:06.679+0000] {processor.py:840} INFO - DAG(s) 'predictive_pipeline_xgb' retrieved from /opt/airflow/dags/predictive_pipeline_dag.py
[2025-11-17T21:21:06.706+0000] {logging_mixin.py:188} INFO - [2025-11-17T21:21:06.706+0000] {dag.py:3096} INFO - Sync 1 DAGs
[2025-11-17T21:21:06.784+0000] {processor.py:183} INFO - Processing /opt/airflow/dags/predictive_pipeline_dag.py took 3.060 seconds
[2025-11-17T21:21:37.169+0000] {processor.py:161} INFO - Started process (PID=277) to work on /opt/airflow/dags/predictive_pipeline_dag.py
[2025-11-17T21:21:37.170+0000] {processor.py:830} INFO - Processing file /opt/airflow/dags/predictive_pipeline_dag.py for tasks to queue
[2025-11-17T21:21:37.173+0000] {logging_mixin.py:188} INFO - [2025-11-17T21:21:37.172+0000] {dagbag.py:545} INFO - Filling up the DagBag from /opt/airflow/dags/predictive_pipeline_dag.py
[2025-11-17T21:21:39.143+0000] {logging_mixin.py:188} WARNING - /home/airflow/.local/lib/python3.12/site-packages/mlflow/tracking/_tracking_service/utils.py:140 FutureWarning: Filesystem tracking backend (e.g., './mlruns') is deprecated. Please switch to a database backend (e.g., 'sqlite:///mlflow.db'). For feedback, see: https://github.com/mlflow/mlflow/issues/18534
[2025-11-17T21:21:39.986+0000] {processor.py:840} INFO - DAG(s) 'predictive_pipeline_xgb' retrieved from /opt/airflow/dags/predictive_pipeline_dag.py
[2025-11-17T21:21:40.014+0000] {logging_mixin.py:188} INFO - [2025-11-17T21:21:40.013+0000] {dag.py:3096} INFO - Sync 1 DAGs
[2025-11-17T21:21:40.089+0000] {processor.py:183} INFO - Processing /opt/airflow/dags/predictive_pipeline_dag.py took 2.928 seconds
[2025-11-17T21:22:10.431+0000] {processor.py:161} INFO - Started process (PID=287) to work on /opt/airflow/dags/predictive_pipeline_dag.py
[2025-11-17T21:22:10.432+0000] {processor.py:830} INFO - Processing file /opt/airflow/dags/predictive_pipeline_dag.py for tasks to queue
[2025-11-17T21:22:10.435+0000] {logging_mixin.py:188} INFO - [2025-11-17T21:22:10.434+0000] {dagbag.py:545} INFO - Filling up the DagBag from /opt/airflow/dags/predictive_pipeline_dag.py
[2025-11-17T21:22:10.671+0000] {logging_mixin.py:188} WARNING - /home/airflow/.local/lib/python3.12/site-packages/mlflow/tracking/_tracking_service/utils.py:140 FutureWarning: Filesystem tracking backend (e.g., './mlruns') is deprecated. Please switch to a database backend (e.g., 'sqlite:///mlflow.db'). For feedback, see: https://github.com/mlflow/mlflow/issues/18534
[2025-11-17T21:22:11.425+0000] {processor.py:840} INFO - DAG(s) 'predictive_pipeline_xgb' retrieved from /opt/airflow/dags/predictive_pipeline_dag.py
[2025-11-17T21:22:11.448+0000] {logging_mixin.py:188} INFO - [2025-11-17T21:22:11.448+0000] {dag.py:3096} INFO - Sync 1 DAGs
[2025-11-17T21:22:11.518+0000] {processor.py:183} INFO - Processing /opt/airflow/dags/predictive_pipeline_dag.py took 2.799 seconds
[2025-11-17T21:22:41.905+0000] {processor.py:161} INFO - Started process (PID=297) to work on /opt/airflow/dags/predictive_pipeline_dag.py
[2025-11-17T21:22:41.906+0000] {processor.py:830} INFO - Processing file /opt/airflow/dags/predictive_pipeline_dag.py for tasks to queue
[2025-11-17T21:22:41.907+0000] {logging_mixin.py:188} INFO - [2025-11-17T21:22:41.907+0000] {dagbag.py:545} INFO - Filling up the DagBag from /opt/airflow/dags/predictive_pipeline_dag.py
[2025-11-17T21:22:43.851+0000] {logging_mixin.py:188} WARNING - /home/airflow/.local/lib/python3.12/site-packages/mlflow/tracking/_tracking_service/utils.py:140 FutureWarning: Filesystem tracking backend (e.g., './mlruns') is deprecated. Please switch to a database backend (e.g., 'sqlite:///mlflow.db'). For feedback, see: https://github.com/mlflow/mlflow/issues/18534
[2025-11-17T21:22:44.579+0000] {processor.py:840} INFO - DAG(s) 'predictive_pipeline_xgb' retrieved from /opt/airflow/dags/predictive_pipeline_dag.py
[2025-11-17T21:22:44.605+0000] {logging_mixin.py:188} INFO - [2025-11-17T21:22:44.603+0000] {dag.py:3096} INFO - Sync 1 DAGs
[2025-11-17T21:22:44.835+0000] {processor.py:183} INFO - Processing /opt/airflow/dags/predictive_pipeline_dag.py took 2.938 seconds
[2025-11-17T21:23:15.767+0000] {processor.py:161} INFO - Started process (PID=307) to work on /opt/airflow/dags/predictive_pipeline_dag.py
[2025-11-17T21:23:15.768+0000] {processor.py:830} INFO - Processing file /opt/airflow/dags/predictive_pipeline_dag.py for tasks to queue
[2025-11-17T21:23:15.771+0000] {logging_mixin.py:188} INFO - [2025-11-17T21:23:15.770+0000] {dagbag.py:545} INFO - Filling up the DagBag from /opt/airflow/dags/predictive_pipeline_dag.py
[2025-11-17T21:23:17.690+0000] {logging_mixin.py:188} WARNING - /home/airflow/.local/lib/python3.12/site-packages/mlflow/tracking/_tracking_service/utils.py:140 FutureWarning: Filesystem tracking backend (e.g., './mlruns') is deprecated. Please switch to a database backend (e.g., 'sqlite:///mlflow.db'). For feedback, see: https://github.com/mlflow/mlflow/issues/18534
[2025-11-17T21:23:18.372+0000] {processor.py:840} INFO - DAG(s) 'predictive_pipeline_xgb' retrieved from /opt/airflow/dags/predictive_pipeline_dag.py
[2025-11-17T21:23:18.508+0000] {logging_mixin.py:188} INFO - [2025-11-17T21:23:18.398+0000] {dag.py:3096} INFO - Sync 1 DAGs
[2025-11-17T21:23:18.583+0000] {processor.py:183} INFO - Processing /opt/airflow/dags/predictive_pipeline_dag.py took 2.824 seconds
[2025-11-17T21:23:49.356+0000] {processor.py:161} INFO - Started process (PID=317) to work on /opt/airflow/dags/predictive_pipeline_dag.py
[2025-11-17T21:23:49.357+0000] {processor.py:830} INFO - Processing file /opt/airflow/dags/predictive_pipeline_dag.py for tasks to queue
[2025-11-17T21:23:49.360+0000] {logging_mixin.py:188} INFO - [2025-11-17T21:23:49.360+0000] {dagbag.py:545} INFO - Filling up the DagBag from /opt/airflow/dags/predictive_pipeline_dag.py
[2025-11-17T21:23:51.237+0000] {logging_mixin.py:188} WARNING - /home/airflow/.local/lib/python3.12/site-packages/mlflow/tracking/_tracking_service/utils.py:140 FutureWarning: Filesystem tracking backend (e.g., './mlruns') is deprecated. Please switch to a database backend (e.g., 'sqlite:///mlflow.db'). For feedback, see: https://github.com/mlflow/mlflow/issues/18534
[2025-11-17T21:23:51.905+0000] {processor.py:840} INFO - DAG(s) 'predictive_pipeline_xgb' retrieved from /opt/airflow/dags/predictive_pipeline_dag.py
[2025-11-17T21:23:52.033+0000] {logging_mixin.py:188} INFO - [2025-11-17T21:23:52.032+0000] {dag.py:3096} INFO - Sync 1 DAGs
[2025-11-17T21:23:52.105+0000] {processor.py:183} INFO - Processing /opt/airflow/dags/predictive_pipeline_dag.py took 2.759 seconds
[2025-11-17T21:24:22.368+0000] {processor.py:161} INFO - Started process (PID=327) to work on /opt/airflow/dags/predictive_pipeline_dag.py
[2025-11-17T21:24:22.369+0000] {processor.py:830} INFO - Processing file /opt/airflow/dags/predictive_pipeline_dag.py for tasks to queue
[2025-11-17T21:24:22.371+0000] {logging_mixin.py:188} INFO - [2025-11-17T21:24:22.371+0000] {dagbag.py:545} INFO - Filling up the DagBag from /opt/airflow/dags/predictive_pipeline_dag.py
[2025-11-17T21:24:24.206+0000] {logging_mixin.py:188} WARNING - /home/airflow/.local/lib/python3.12/site-packages/mlflow/tracking/_tracking_service/utils.py:140 FutureWarning: Filesystem tracking backend (e.g., './mlruns') is deprecated. Please switch to a database backend (e.g., 'sqlite:///mlflow.db'). For feedback, see: https://github.com/mlflow/mlflow/issues/18534
[2025-11-17T21:24:24.871+0000] {processor.py:840} INFO - DAG(s) 'predictive_pipeline_xgb' retrieved from /opt/airflow/dags/predictive_pipeline_dag.py
[2025-11-17T21:24:25.001+0000] {logging_mixin.py:188} INFO - [2025-11-17T21:24:25.001+0000] {dag.py:3096} INFO - Sync 1 DAGs
[2025-11-17T21:24:25.073+0000] {processor.py:183} INFO - Processing /opt/airflow/dags/predictive_pipeline_dag.py took 2.712 seconds
[2025-11-17T21:24:55.577+0000] {processor.py:161} INFO - Started process (PID=337) to work on /opt/airflow/dags/predictive_pipeline_dag.py
[2025-11-17T21:24:55.579+0000] {processor.py:830} INFO - Processing file /opt/airflow/dags/predictive_pipeline_dag.py for tasks to queue
[2025-11-17T21:24:55.581+0000] {logging_mixin.py:188} INFO - [2025-11-17T21:24:55.580+0000] {dagbag.py:545} INFO - Filling up the DagBag from /opt/airflow/dags/predictive_pipeline_dag.py
[2025-11-17T21:24:57.455+0000] {logging_mixin.py:188} WARNING - /home/airflow/.local/lib/python3.12/site-packages/mlflow/tracking/_tracking_service/utils.py:140 FutureWarning: Filesystem tracking backend (e.g., './mlruns') is deprecated. Please switch to a database backend (e.g., 'sqlite:///mlflow.db'). For feedback, see: https://github.com/mlflow/mlflow/issues/18534
[2025-11-17T21:24:58.216+0000] {processor.py:840} INFO - DAG(s) 'predictive_pipeline_xgb' retrieved from /opt/airflow/dags/predictive_pipeline_dag.py
[2025-11-17T21:24:58.241+0000] {logging_mixin.py:188} INFO - [2025-11-17T21:24:58.241+0000] {dag.py:3096} INFO - Sync 1 DAGs
[2025-11-17T21:24:58.315+0000] {processor.py:183} INFO - Processing /opt/airflow/dags/predictive_pipeline_dag.py took 2.746 seconds
[2025-11-17T21:25:28.952+0000] {processor.py:161} INFO - Started process (PID=347) to work on /opt/airflow/dags/predictive_pipeline_dag.py
[2025-11-17T21:25:28.954+0000] {processor.py:830} INFO - Processing file /opt/airflow/dags/predictive_pipeline_dag.py for tasks to queue
[2025-11-17T21:25:28.956+0000] {logging_mixin.py:188} INFO - [2025-11-17T21:25:28.955+0000] {dagbag.py:545} INFO - Filling up the DagBag from /opt/airflow/dags/predictive_pipeline_dag.py
[2025-11-17T21:25:29.163+0000] {logging_mixin.py:188} WARNING - /home/airflow/.local/lib/python3.12/site-packages/mlflow/tracking/_tracking_service/utils.py:140 FutureWarning: Filesystem tracking backend (e.g., './mlruns') is deprecated. Please switch to a database backend (e.g., 'sqlite:///mlflow.db'). For feedback, see: https://github.com/mlflow/mlflow/issues/18534
[2025-11-17T21:25:29.918+0000] {processor.py:840} INFO - DAG(s) 'predictive_pipeline_xgb' retrieved from /opt/airflow/dags/predictive_pipeline_dag.py
[2025-11-17T21:25:29.943+0000] {logging_mixin.py:188} INFO - [2025-11-17T21:25:29.943+0000] {dag.py:3096} INFO - Sync 1 DAGs
[2025-11-17T21:25:30.017+0000] {processor.py:183} INFO - Processing /opt/airflow/dags/predictive_pipeline_dag.py took 2.792 seconds
[2025-11-17T21:26:00.726+0000] {processor.py:161} INFO - Started process (PID=357) to work on /opt/airflow/dags/predictive_pipeline_dag.py
[2025-11-17T21:26:00.728+0000] {processor.py:830} INFO - Processing file /opt/airflow/dags/predictive_pipeline_dag.py for tasks to queue
[2025-11-17T21:26:00.731+0000] {logging_mixin.py:188} INFO - [2025-11-17T21:26:00.730+0000] {dagbag.py:545} INFO - Filling up the DagBag from /opt/airflow/dags/predictive_pipeline_dag.py
[2025-11-17T21:26:02.697+0000] {logging_mixin.py:188} WARNING - /home/airflow/.local/lib/python3.12/site-packages/mlflow/tracking/_tracking_service/utils.py:140 FutureWarning: Filesystem tracking backend (e.g., './mlruns') is deprecated. Please switch to a database backend (e.g., 'sqlite:///mlflow.db'). For feedback, see: https://github.com/mlflow/mlflow/issues/18534
[2025-11-17T21:26:03.619+0000] {processor.py:840} INFO - DAG(s) 'predictive_pipeline_xgb' retrieved from /opt/airflow/dags/predictive_pipeline_dag.py
[2025-11-17T21:26:03.645+0000] {logging_mixin.py:188} INFO - [2025-11-17T21:26:03.645+0000] {dag.py:3096} INFO - Sync 1 DAGs
[2025-11-17T21:26:03.734+0000] {processor.py:183} INFO - Processing /opt/airflow/dags/predictive_pipeline_dag.py took 3.017 seconds
[2025-11-17T21:26:34.541+0000] {processor.py:161} INFO - Started process (PID=394) to work on /opt/airflow/dags/predictive_pipeline_dag.py
[2025-11-17T21:26:34.542+0000] {processor.py:830} INFO - Processing file /opt/airflow/dags/predictive_pipeline_dag.py for tasks to queue
[2025-11-17T21:26:34.544+0000] {logging_mixin.py:188} INFO - [2025-11-17T21:26:34.544+0000] {dagbag.py:545} INFO - Filling up the DagBag from /opt/airflow/dags/predictive_pipeline_dag.py
[2025-11-17T21:26:36.655+0000] {logging_mixin.py:188} WARNING - /home/airflow/.local/lib/python3.12/site-packages/mlflow/tracking/_tracking_service/utils.py:140 FutureWarning: Filesystem tracking backend (e.g., './mlruns') is deprecated. Please switch to a database backend (e.g., 'sqlite:///mlflow.db'). For feedback, see: https://github.com/mlflow/mlflow/issues/18534
[2025-11-17T21:26:37.500+0000] {processor.py:840} INFO - DAG(s) 'predictive_pipeline_xgb' retrieved from /opt/airflow/dags/predictive_pipeline_dag.py
[2025-11-17T21:26:37.549+0000] {logging_mixin.py:188} INFO - [2025-11-17T21:26:37.547+0000] {dag.py:3096} INFO - Sync 1 DAGs
[2025-11-17T21:26:37.598+0000] {logging_mixin.py:188} INFO - [2025-11-17T21:26:37.598+0000] {dag.py:3954} INFO - Setting next_dagrun for predictive_pipeline_xgb to 2025-11-16 00:00:00+00:00, run_after=2025-11-23 00:00:00+00:00
[2025-11-17T21:26:37.695+0000] {processor.py:183} INFO - Processing /opt/airflow/dags/predictive_pipeline_dag.py took 3.161 seconds
[2025-11-17T21:27:08.041+0000] {processor.py:161} INFO - Started process (PID=404) to work on /opt/airflow/dags/predictive_pipeline_dag.py
[2025-11-17T21:27:08.043+0000] {processor.py:830} INFO - Processing file /opt/airflow/dags/predictive_pipeline_dag.py for tasks to queue
[2025-11-17T21:27:08.046+0000] {logging_mixin.py:188} INFO - [2025-11-17T21:27:08.045+0000] {dagbag.py:545} INFO - Filling up the DagBag from /opt/airflow/dags/predictive_pipeline_dag.py
[2025-11-17T21:27:10.075+0000] {logging_mixin.py:188} WARNING - /home/airflow/.local/lib/python3.12/site-packages/mlflow/tracking/_tracking_service/utils.py:140 FutureWarning: Filesystem tracking backend (e.g., './mlruns') is deprecated. Please switch to a database backend (e.g., 'sqlite:///mlflow.db'). For feedback, see: https://github.com/mlflow/mlflow/issues/18534
[2025-11-17T21:27:10.899+0000] {processor.py:840} INFO - DAG(s) 'predictive_pipeline_xgb' retrieved from /opt/airflow/dags/predictive_pipeline_dag.py
[2025-11-17T21:27:10.921+0000] {logging_mixin.py:188} INFO - [2025-11-17T21:27:10.921+0000] {dag.py:3096} INFO - Sync 1 DAGs
[2025-11-17T21:27:10.945+0000] {logging_mixin.py:188} INFO - [2025-11-17T21:27:10.945+0000] {dag.py:3954} INFO - Setting next_dagrun for predictive_pipeline_xgb to 2025-11-16 00:00:00+00:00, run_after=2025-11-23 00:00:00+00:00
[2025-11-17T21:27:10.998+0000] {processor.py:183} INFO - Processing /opt/airflow/dags/predictive_pipeline_dag.py took 2.970 seconds
[2025-11-17T21:27:42.030+0000] {processor.py:161} INFO - Started process (PID=414) to work on /opt/airflow/dags/predictive_pipeline_dag.py
[2025-11-17T21:27:42.032+0000] {processor.py:830} INFO - Processing file /opt/airflow/dags/predictive_pipeline_dag.py for tasks to queue
[2025-11-17T21:27:42.036+0000] {logging_mixin.py:188} INFO - [2025-11-17T21:27:42.035+0000] {dagbag.py:545} INFO - Filling up the DagBag from /opt/airflow/dags/predictive_pipeline_dag.py
[2025-11-17T21:27:44.513+0000] {logging_mixin.py:188} WARNING - /home/airflow/.local/lib/python3.12/site-packages/mlflow/tracking/_tracking_service/utils.py:140 FutureWarning: Filesystem tracking backend (e.g., './mlruns') is deprecated. Please switch to a database backend (e.g., 'sqlite:///mlflow.db'). For feedback, see: https://github.com/mlflow/mlflow/issues/18534
[2025-11-17T21:27:45.494+0000] {processor.py:840} INFO - DAG(s) 'predictive_pipeline_xgb' retrieved from /opt/airflow/dags/predictive_pipeline_dag.py
[2025-11-17T21:27:45.528+0000] {logging_mixin.py:188} INFO - [2025-11-17T21:27:45.527+0000] {dag.py:3096} INFO - Sync 1 DAGs
[2025-11-17T21:27:45.564+0000] {logging_mixin.py:188} INFO - [2025-11-17T21:27:45.563+0000] {dag.py:3954} INFO - Setting next_dagrun for predictive_pipeline_xgb to 2025-11-16 00:00:00+00:00, run_after=2025-11-23 00:00:00+00:00
[2025-11-17T21:27:45.658+0000] {processor.py:183} INFO - Processing /opt/airflow/dags/predictive_pipeline_dag.py took 3.637 seconds
[2025-11-17T21:28:16.038+0000] {processor.py:161} INFO - Started process (PID=424) to work on /opt/airflow/dags/predictive_pipeline_dag.py
[2025-11-17T21:28:16.039+0000] {processor.py:830} INFO - Processing file /opt/airflow/dags/predictive_pipeline_dag.py for tasks to queue
[2025-11-17T21:28:16.042+0000] {logging_mixin.py:188} INFO - [2025-11-17T21:28:16.041+0000] {dagbag.py:545} INFO - Filling up the DagBag from /opt/airflow/dags/predictive_pipeline_dag.py
[2025-11-17T21:28:18.070+0000] {logging_mixin.py:188} WARNING - /home/airflow/.local/lib/python3.12/site-packages/mlflow/tracking/_tracking_service/utils.py:140 FutureWarning: Filesystem tracking backend (e.g., './mlruns') is deprecated. Please switch to a database backend (e.g., 'sqlite:///mlflow.db'). For feedback, see: https://github.com/mlflow/mlflow/issues/18534
[2025-11-17T21:28:18.378+0000] {processor.py:840} INFO - DAG(s) 'predictive_pipeline_xgb' retrieved from /opt/airflow/dags/predictive_pipeline_dag.py
[2025-11-17T21:28:18.551+0000] {logging_mixin.py:188} INFO - [2025-11-17T21:28:18.414+0000] {dag.py:3096} INFO - Sync 1 DAGs
[2025-11-17T21:28:18.578+0000] {logging_mixin.py:188} INFO - [2025-11-17T21:28:18.578+0000] {dag.py:3954} INFO - Setting next_dagrun for predictive_pipeline_xgb to 2025-11-16 00:00:00+00:00, run_after=2025-11-23 00:00:00+00:00
[2025-11-17T21:28:17.627+0000] {processor.py:183} INFO - Processing /opt/airflow/dags/predictive_pipeline_dag.py took 3.283 seconds
[2025-11-17T21:28:48.419+0000] {processor.py:161} INFO - Started process (PID=434) to work on /opt/airflow/dags/predictive_pipeline_dag.py
[2025-11-17T21:28:48.420+0000] {processor.py:830} INFO - Processing file /opt/airflow/dags/predictive_pipeline_dag.py for tasks to queue
[2025-11-17T21:28:48.422+0000] {logging_mixin.py:188} INFO - [2025-11-17T21:28:48.422+0000] {dagbag.py:545} INFO - Filling up the DagBag from /opt/airflow/dags/predictive_pipeline_dag.py
[2025-11-17T21:28:50.440+0000] {logging_mixin.py:188} WARNING - /home/airflow/.local/lib/python3.12/site-packages/mlflow/tracking/_tracking_service/utils.py:140 FutureWarning: Filesystem tracking backend (e.g., './mlruns') is deprecated. Please switch to a database backend (e.g., 'sqlite:///mlflow.db'). For feedback, see: https://github.com/mlflow/mlflow/issues/18534
[2025-11-17T21:28:51.274+0000] {processor.py:840} INFO - DAG(s) 'predictive_pipeline_xgb' retrieved from /opt/airflow/dags/predictive_pipeline_dag.py
[2025-11-17T21:28:51.411+0000] {logging_mixin.py:188} INFO - [2025-11-17T21:28:51.410+0000] {dag.py:3096} INFO - Sync 1 DAGs
[2025-11-17T21:28:51.434+0000] {logging_mixin.py:188} INFO - [2025-11-17T21:28:51.434+0000] {dag.py:3954} INFO - Setting next_dagrun for predictive_pipeline_xgb to 2025-11-16 00:00:00+00:00, run_after=2025-11-23 00:00:00+00:00
[2025-11-17T21:28:51.491+0000] {processor.py:183} INFO - Processing /opt/airflow/dags/predictive_pipeline_dag.py took 3.081 seconds
[2025-11-17T21:29:22.349+0000] {processor.py:161} INFO - Started process (PID=444) to work on /opt/airflow/dags/predictive_pipeline_dag.py
[2025-11-17T21:29:22.351+0000] {processor.py:830} INFO - Processing file /opt/airflow/dags/predictive_pipeline_dag.py for tasks to queue
[2025-11-17T21:29:22.353+0000] {logging_mixin.py:188} INFO - [2025-11-17T21:29:22.353+0000] {dagbag.py:545} INFO - Filling up the DagBag from /opt/airflow/dags/predictive_pipeline_dag.py
[2025-11-17T21:29:24.759+0000] {logging_mixin.py:188} WARNING - /home/airflow/.local/lib/python3.12/site-packages/mlflow/tracking/_tracking_service/utils.py:140 FutureWarning: Filesystem tracking backend (e.g., './mlruns') is deprecated. Please switch to a database backend (e.g., 'sqlite:///mlflow.db'). For feedback, see: https://github.com/mlflow/mlflow/issues/18534
[2025-11-17T21:29:26.203+0000] {processor.py:840} INFO - DAG(s) 'predictive_pipeline_xgb' retrieved from /opt/airflow/dags/predictive_pipeline_dag.py
[2025-11-17T21:29:26.240+0000] {logging_mixin.py:188} INFO - [2025-11-17T21:29:26.239+0000] {dag.py:3096} INFO - Sync 1 DAGs
[2025-11-17T21:29:26.268+0000] {logging_mixin.py:188} INFO - [2025-11-17T21:29:26.267+0000] {dag.py:3954} INFO - Setting next_dagrun for predictive_pipeline_xgb to 2025-11-16 00:00:00+00:00, run_after=2025-11-23 00:00:00+00:00
[2025-11-17T21:29:26.353+0000] {processor.py:183} INFO - Processing /opt/airflow/dags/predictive_pipeline_dag.py took 4.012 seconds
[2025-11-17T21:29:56.852+0000] {processor.py:161} INFO - Started process (PID=454) to work on /opt/airflow/dags/predictive_pipeline_dag.py
[2025-11-17T21:29:56.853+0000] {processor.py:830} INFO - Processing file /opt/airflow/dags/predictive_pipeline_dag.py for tasks to queue
[2025-11-17T21:29:56.859+0000] {logging_mixin.py:188} INFO - [2025-11-17T21:29:56.858+0000] {dagbag.py:545} INFO - Filling up the DagBag from /opt/airflow/dags/predictive_pipeline_dag.py
[2025-11-17T21:29:58.935+0000] {logging_mixin.py:188} WARNING - /home/airflow/.local/lib/python3.12/site-packages/mlflow/tracking/_tracking_service/utils.py:140 FutureWarning: Filesystem tracking backend (e.g., './mlruns') is deprecated. Please switch to a database backend (e.g., 'sqlite:///mlflow.db'). For feedback, see: https://github.com/mlflow/mlflow/issues/18534
[2025-11-17T21:29:59.762+0000] {processor.py:840} INFO - DAG(s) 'predictive_pipeline_xgb' retrieved from /opt/airflow/dags/predictive_pipeline_dag.py
[2025-11-17T21:29:59.786+0000] {logging_mixin.py:188} INFO - [2025-11-17T21:29:59.786+0000] {dag.py:3096} INFO - Sync 1 DAGs
[2025-11-17T21:29:59.809+0000] {logging_mixin.py:188} INFO - [2025-11-17T21:29:59.809+0000] {dag.py:3954} INFO - Setting next_dagrun for predictive_pipeline_xgb to 2025-11-16 00:00:00+00:00, run_after=2025-11-23 00:00:00+00:00
[2025-11-17T21:29:59.858+0000] {processor.py:183} INFO - Processing /opt/airflow/dags/predictive_pipeline_dag.py took 3.015 seconds
[2025-11-17T21:30:30.844+0000] {processor.py:161} INFO - Started process (PID=464) to work on /opt/airflow/dags/predictive_pipeline_dag.py
[2025-11-17T21:30:30.846+0000] {processor.py:830} INFO - Processing file /opt/airflow/dags/predictive_pipeline_dag.py for tasks to queue
[2025-11-17T21:30:30.849+0000] {logging_mixin.py:188} INFO - [2025-11-17T21:30:30.849+0000] {dagbag.py:545} INFO - Filling up the DagBag from /opt/airflow/dags/predictive_pipeline_dag.py
[2025-11-17T21:30:32.957+0000] {logging_mixin.py:188} WARNING - /home/airflow/.local/lib/python3.12/site-packages/mlflow/tracking/_tracking_service/utils.py:140 FutureWarning: Filesystem tracking backend (e.g., './mlruns') is deprecated. Please switch to a database backend (e.g., 'sqlite:///mlflow.db'). For feedback, see: https://github.com/mlflow/mlflow/issues/18534
[2025-11-17T21:30:33.868+0000] {processor.py:840} INFO - DAG(s) 'predictive_pipeline_xgb' retrieved from /opt/airflow/dags/predictive_pipeline_dag.py
[2025-11-17T21:30:33.919+0000] {logging_mixin.py:188} INFO - [2025-11-17T21:30:33.919+0000] {dag.py:3096} INFO - Sync 1 DAGs
[2025-11-17T21:30:33.953+0000] {logging_mixin.py:188} INFO - [2025-11-17T21:30:33.953+0000] {dag.py:3954} INFO - Setting next_dagrun for predictive_pipeline_xgb to 2025-11-16 00:00:00+00:00, run_after=2025-11-23 00:00:00+00:00
[2025-11-17T21:30:34.057+0000] {processor.py:183} INFO - Processing /opt/airflow/dags/predictive_pipeline_dag.py took 3.224 seconds
[2025-11-17T21:31:04.835+0000] {processor.py:161} INFO - Started process (PID=474) to work on /opt/airflow/dags/predictive_pipeline_dag.py
[2025-11-17T21:31:04.836+0000] {processor.py:830} INFO - Processing file /opt/airflow/dags/predictive_pipeline_dag.py for tasks to queue
[2025-11-17T21:31:04.838+0000] {logging_mixin.py:188} INFO - [2025-11-17T21:31:04.837+0000] {dagbag.py:545} INFO - Filling up the DagBag from /opt/airflow/dags/predictive_pipeline_dag.py
[2025-11-17T21:31:06.811+0000] {logging_mixin.py:188} WARNING - /home/airflow/.local/lib/python3.12/site-packages/mlflow/tracking/_tracking_service/utils.py:140 FutureWarning: Filesystem tracking backend (e.g., './mlruns') is deprecated. Please switch to a database backend (e.g., 'sqlite:///mlflow.db'). For feedback, see: https://github.com/mlflow/mlflow/issues/18534
[2025-11-17T21:31:07.599+0000] {processor.py:840} INFO - DAG(s) 'predictive_pipeline_xgb' retrieved from /opt/airflow/dags/predictive_pipeline_dag.py
[2025-11-17T21:31:07.622+0000] {logging_mixin.py:188} INFO - [2025-11-17T21:31:07.622+0000] {dag.py:3096} INFO - Sync 1 DAGs
[2025-11-17T21:31:07.644+0000] {logging_mixin.py:188} INFO - [2025-11-17T21:31:07.644+0000] {dag.py:3954} INFO - Setting next_dagrun for predictive_pipeline_xgb to 2025-11-16 00:00:00+00:00, run_after=2025-11-23 00:00:00+00:00
[2025-11-17T21:31:07.693+0000] {processor.py:183} INFO - Processing /opt/airflow/dags/predictive_pipeline_dag.py took 2.865 seconds
[2025-11-17T21:31:37.937+0000] {processor.py:161} INFO - Started process (PID=484) to work on /opt/airflow/dags/predictive_pipeline_dag.py
[2025-11-17T21:31:37.938+0000] {processor.py:830} INFO - Processing file /opt/airflow/dags/predictive_pipeline_dag.py for tasks to queue
[2025-11-17T21:31:37.941+0000] {logging_mixin.py:188} INFO - [2025-11-17T21:31:37.941+0000] {dagbag.py:545} INFO - Filling up the DagBag from /opt/airflow/dags/predictive_pipeline_dag.py
[2025-11-17T21:31:39.851+0000] {logging_mixin.py:188} WARNING - /home/airflow/.local/lib/python3.12/site-packages/mlflow/tracking/_tracking_service/utils.py:140 FutureWarning: Filesystem tracking backend (e.g., './mlruns') is deprecated. Please switch to a database backend (e.g., 'sqlite:///mlflow.db'). For feedback, see: https://github.com/mlflow/mlflow/issues/18534
[2025-11-17T21:31:40.660+0000] {processor.py:840} INFO - DAG(s) 'predictive_pipeline_xgb' retrieved from /opt/airflow/dags/predictive_pipeline_dag.py
[2025-11-17T21:31:40.687+0000] {logging_mixin.py:188} INFO - [2025-11-17T21:31:40.686+0000] {dag.py:3096} INFO - Sync 1 DAGs
[2025-11-17T21:31:40.711+0000] {logging_mixin.py:188} INFO - [2025-11-17T21:31:40.711+0000] {dag.py:3954} INFO - Setting next_dagrun for predictive_pipeline_xgb to 2025-11-16 00:00:00+00:00, run_after=2025-11-23 00:00:00+00:00
[2025-11-17T21:31:40.762+0000] {processor.py:183} INFO - Processing /opt/airflow/dags/predictive_pipeline_dag.py took 2.833 seconds
[2025-11-17T23:17:19.324+0000] {processor.py:161} INFO - Started process (PID=494) to work on /opt/airflow/dags/predictive_pipeline_dag.py
[2025-11-17T23:17:19.352+0000] {processor.py:830} INFO - Processing file /opt/airflow/dags/predictive_pipeline_dag.py for tasks to queue
[2025-11-17T23:17:19.358+0000] {logging_mixin.py:188} INFO - [2025-11-17T23:17:19.357+0000] {dagbag.py:545} INFO - Filling up the DagBag from /opt/airflow/dags/predictive_pipeline_dag.py
[2025-11-17T23:17:26.817+0000] {logging_mixin.py:188} WARNING - /home/airflow/.local/lib/python3.12/site-packages/mlflow/tracking/_tracking_service/utils.py:140 FutureWarning: Filesystem tracking backend (e.g., './mlruns') is deprecated. Please switch to a database backend (e.g., 'sqlite:///mlflow.db'). For feedback, see: https://github.com/mlflow/mlflow/issues/18534
[2025-11-17T23:17:29.287+0000] {processor.py:840} INFO - DAG(s) 'predictive_pipeline_xgb' retrieved from /opt/airflow/dags/predictive_pipeline_dag.py
[2025-11-17T23:17:29.344+0000] {logging_mixin.py:188} INFO - [2025-11-17T23:17:29.343+0000] {dag.py:3096} INFO - Sync 1 DAGs
[2025-11-17T23:17:29.408+0000] {logging_mixin.py:188} INFO - [2025-11-17T23:17:29.407+0000] {dag.py:3954} INFO - Setting next_dagrun for predictive_pipeline_xgb to 2025-11-16 00:00:00+00:00, run_after=2025-11-23 00:00:00+00:00
[2025-11-17T23:17:29.525+0000] {processor.py:183} INFO - Processing /opt/airflow/dags/predictive_pipeline_dag.py took 10.236 seconds
[2025-11-17T23:18:00.567+0000] {processor.py:161} INFO - Started process (PID=504) to work on /opt/airflow/dags/predictive_pipeline_dag.py
[2025-11-17T23:18:00.570+0000] {processor.py:830} INFO - Processing file /opt/airflow/dags/predictive_pipeline_dag.py for tasks to queue
[2025-11-17T23:18:00.576+0000] {logging_mixin.py:188} INFO - [2025-11-17T23:18:00.574+0000] {dagbag.py:545} INFO - Filling up the DagBag from /opt/airflow/dags/predictive_pipeline_dag.py
[2025-11-17T23:18:05.176+0000] {logging_mixin.py:188} WARNING - /home/airflow/.local/lib/python3.12/site-packages/mlflow/tracking/_tracking_service/utils.py:140 FutureWarning: Filesystem tracking backend (e.g., './mlruns') is deprecated. Please switch to a database backend (e.g., 'sqlite:///mlflow.db'). For feedback, see: https://github.com/mlflow/mlflow/issues/18534
[2025-11-17T23:18:06.534+0000] {processor.py:840} INFO - DAG(s) 'predictive_pipeline_xgb' retrieved from /opt/airflow/dags/predictive_pipeline_dag.py
[2025-11-17T23:18:06.581+0000] {logging_mixin.py:188} INFO - [2025-11-17T23:18:06.578+0000] {dag.py:3096} INFO - Sync 1 DAGs
[2025-11-17T23:18:06.616+0000] {logging_mixin.py:188} INFO - [2025-11-17T23:18:06.616+0000] {dag.py:3954} INFO - Setting next_dagrun for predictive_pipeline_xgb to 2025-11-16 00:00:00+00:00, run_after=2025-11-23 00:00:00+00:00
[2025-11-17T23:18:06.760+0000] {processor.py:183} INFO - Processing /opt/airflow/dags/predictive_pipeline_dag.py took 6.217 seconds
[2025-11-17T23:18:36.982+0000] {processor.py:161} INFO - Started process (PID=514) to work on /opt/airflow/dags/predictive_pipeline_dag.py
[2025-11-17T23:18:36.986+0000] {processor.py:830} INFO - Processing file /opt/airflow/dags/predictive_pipeline_dag.py for tasks to queue
[2025-11-17T23:18:36.992+0000] {logging_mixin.py:188} INFO - [2025-11-17T23:18:36.991+0000] {dagbag.py:545} INFO - Filling up the DagBag from /opt/airflow/dags/predictive_pipeline_dag.py
[2025-11-17T23:18:40.071+0000] {logging_mixin.py:188} WARNING - /home/airflow/.local/lib/python3.12/site-packages/mlflow/tracking/_tracking_service/utils.py:140 FutureWarning: Filesystem tracking backend (e.g., './mlruns') is deprecated. Please switch to a database backend (e.g., 'sqlite:///mlflow.db'). For feedback, see: https://github.com/mlflow/mlflow/issues/18534
[2025-11-17T23:18:41.151+0000] {processor.py:840} INFO - DAG(s) 'predictive_pipeline_xgb' retrieved from /opt/airflow/dags/predictive_pipeline_dag.py
[2025-11-17T23:18:41.348+0000] {logging_mixin.py:188} INFO - [2025-11-17T23:18:41.197+0000] {dag.py:3096} INFO - Sync 1 DAGs
[2025-11-17T23:18:41.386+0000] {logging_mixin.py:188} INFO - [2025-11-17T23:18:41.386+0000] {dag.py:3954} INFO - Setting next_dagrun for predictive_pipeline_xgb to 2025-11-16 00:00:00+00:00, run_after=2025-11-23 00:00:00+00:00
[2025-11-17T23:18:41.520+0000] {processor.py:183} INFO - Processing /opt/airflow/dags/predictive_pipeline_dag.py took 4.559 seconds
[2025-11-17T23:19:11.811+0000] {processor.py:161} INFO - Started process (PID=524) to work on /opt/airflow/dags/predictive_pipeline_dag.py
[2025-11-17T23:19:11.812+0000] {processor.py:830} INFO - Processing file /opt/airflow/dags/predictive_pipeline_dag.py for tasks to queue
[2025-11-17T23:19:11.815+0000] {logging_mixin.py:188} INFO - [2025-11-17T23:19:11.815+0000] {dagbag.py:545} INFO - Filling up the DagBag from /opt/airflow/dags/predictive_pipeline_dag.py
[2025-11-17T23:19:14.566+0000] {logging_mixin.py:188} WARNING - /home/airflow/.local/lib/python3.12/site-packages/mlflow/tracking/_tracking_service/utils.py:140 FutureWarning: Filesystem tracking backend (e.g., './mlruns') is deprecated. Please switch to a database backend (e.g., 'sqlite:///mlflow.db'). For feedback, see: https://github.com/mlflow/mlflow/issues/18534
[2025-11-17T23:19:14.246+0000] {processor.py:840} INFO - DAG(s) 'predictive_pipeline_xgb' retrieved from /opt/airflow/dags/predictive_pipeline_dag.py
[2025-11-17T23:19:14.412+0000] {logging_mixin.py:188} INFO - [2025-11-17T23:19:14.412+0000] {dag.py:3096} INFO - Sync 1 DAGs
[2025-11-17T23:19:14.444+0000] {logging_mixin.py:188} INFO - [2025-11-17T23:19:14.444+0000] {dag.py:3954} INFO - Setting next_dagrun for predictive_pipeline_xgb to 2025-11-16 00:00:00+00:00, run_after=2025-11-23 00:00:00+00:00
[2025-11-17T23:19:14.531+0000] {processor.py:183} INFO - Processing /opt/airflow/dags/predictive_pipeline_dag.py took 4.095 seconds
[2025-11-17T23:19:44.890+0000] {processor.py:161} INFO - Started process (PID=534) to work on /opt/airflow/dags/predictive_pipeline_dag.py
[2025-11-17T23:19:44.893+0000] {processor.py:830} INFO - Processing file /opt/airflow/dags/predictive_pipeline_dag.py for tasks to queue
[2025-11-17T23:19:44.900+0000] {logging_mixin.py:188} INFO - [2025-11-17T23:19:44.899+0000] {dagbag.py:545} INFO - Filling up the DagBag from /opt/airflow/dags/predictive_pipeline_dag.py
[2025-11-17T23:19:47.970+0000] {logging_mixin.py:188} WARNING - /home/airflow/.local/lib/python3.12/site-packages/mlflow/tracking/_tracking_service/utils.py:140 FutureWarning: Filesystem tracking backend (e.g., './mlruns') is deprecated. Please switch to a database backend (e.g., 'sqlite:///mlflow.db'). For feedback, see: https://github.com/mlflow/mlflow/issues/18534
[2025-11-17T23:19:48.896+0000] {processor.py:840} INFO - DAG(s) 'predictive_pipeline_xgb' retrieved from /opt/airflow/dags/predictive_pipeline_dag.py
[2025-11-17T23:19:49.075+0000] {logging_mixin.py:188} INFO - [2025-11-17T23:19:49.075+0000] {dag.py:3096} INFO - Sync 1 DAGs
[2025-11-17T23:19:49.107+0000] {logging_mixin.py:188} INFO - [2025-11-17T23:19:49.107+0000] {dag.py:3954} INFO - Setting next_dagrun for predictive_pipeline_xgb to 2025-11-16 00:00:00+00:00, run_after=2025-11-23 00:00:00+00:00
[2025-11-17T23:19:49.205+0000] {processor.py:183} INFO - Processing /opt/airflow/dags/predictive_pipeline_dag.py took 4.337 seconds
[2025-11-17T23:20:19.793+0000] {processor.py:161} INFO - Started process (PID=544) to work on /opt/airflow/dags/predictive_pipeline_dag.py
[2025-11-17T23:20:19.794+0000] {processor.py:830} INFO - Processing file /opt/airflow/dags/predictive_pipeline_dag.py for tasks to queue
[2025-11-17T23:20:19.797+0000] {logging_mixin.py:188} INFO - [2025-11-17T23:20:19.796+0000] {dagbag.py:545} INFO - Filling up the DagBag from /opt/airflow/dags/predictive_pipeline_dag.py
[2025-11-17T23:20:22.640+0000] {logging_mixin.py:188} WARNING - /home/airflow/.local/lib/python3.12/site-packages/mlflow/tracking/_tracking_service/utils.py:140 FutureWarning: Filesystem tracking backend (e.g., './mlruns') is deprecated. Please switch to a database backend (e.g., 'sqlite:///mlflow.db'). For feedback, see: https://github.com/mlflow/mlflow/issues/18534
[2025-11-17T23:20:23.591+0000] {processor.py:840} INFO - DAG(s) 'predictive_pipeline_xgb' retrieved from /opt/airflow/dags/predictive_pipeline_dag.py
[2025-11-17T23:20:23.627+0000] {logging_mixin.py:188} INFO - [2025-11-17T23:20:23.626+0000] {dag.py:3096} INFO - Sync 1 DAGs
[2025-11-17T23:20:23.658+0000] {logging_mixin.py:188} INFO - [2025-11-17T23:20:23.658+0000] {dag.py:3954} INFO - Setting next_dagrun for predictive_pipeline_xgb to 2025-11-16 00:00:00+00:00, run_after=2025-11-23 00:00:00+00:00
[2025-11-17T23:20:23.759+0000] {processor.py:183} INFO - Processing /opt/airflow/dags/predictive_pipeline_dag.py took 3.977 seconds
[2025-11-17T23:20:55.167+0000] {processor.py:161} INFO - Started process (PID=554) to work on /opt/airflow/dags/predictive_pipeline_dag.py
[2025-11-17T23:20:55.169+0000] {processor.py:830} INFO - Processing file /opt/airflow/dags/predictive_pipeline_dag.py for tasks to queue
[2025-11-17T23:20:55.173+0000] {logging_mixin.py:188} INFO - [2025-11-17T23:20:55.172+0000] {dagbag.py:545} INFO - Filling up the DagBag from /opt/airflow/dags/predictive_pipeline_dag.py
[2025-11-17T23:20:57.555+0000] {logging_mixin.py:188} WARNING - /home/airflow/.local/lib/python3.12/site-packages/mlflow/tracking/_tracking_service/utils.py:140 FutureWarning: Filesystem tracking backend (e.g., './mlruns') is deprecated. Please switch to a database backend (e.g., 'sqlite:///mlflow.db'). For feedback, see: https://github.com/mlflow/mlflow/issues/18534
[2025-11-17T23:20:58.594+0000] {processor.py:840} INFO - DAG(s) 'predictive_pipeline_xgb' retrieved from /opt/airflow/dags/predictive_pipeline_dag.py
[2025-11-17T23:20:58.634+0000] {logging_mixin.py:188} INFO - [2025-11-17T23:20:58.633+0000] {dag.py:3096} INFO - Sync 1 DAGs
[2025-11-17T23:20:58.668+0000] {logging_mixin.py:188} INFO - [2025-11-17T23:20:58.668+0000] {dag.py:3954} INFO - Setting next_dagrun for predictive_pipeline_xgb to 2025-11-16 00:00:00+00:00, run_after=2025-11-23 00:00:00+00:00
[2025-11-17T23:20:58.771+0000] {processor.py:183} INFO - Processing /opt/airflow/dags/predictive_pipeline_dag.py took 3.623 seconds
[2025-11-17T23:21:29.305+0000] {processor.py:161} INFO - Started process (PID=564) to work on /opt/airflow/dags/predictive_pipeline_dag.py
[2025-11-17T23:21:29.306+0000] {processor.py:830} INFO - Processing file /opt/airflow/dags/predictive_pipeline_dag.py for tasks to queue
[2025-11-17T23:21:29.310+0000] {logging_mixin.py:188} INFO - [2025-11-17T23:21:29.308+0000] {dagbag.py:545} INFO - Filling up the DagBag from /opt/airflow/dags/predictive_pipeline_dag.py
[2025-11-17T23:21:31.900+0000] {logging_mixin.py:188} WARNING - /home/airflow/.local/lib/python3.12/site-packages/mlflow/tracking/_tracking_service/utils.py:140 FutureWarning: Filesystem tracking backend (e.g., './mlruns') is deprecated. Please switch to a database backend (e.g., 'sqlite:///mlflow.db'). For feedback, see: https://github.com/mlflow/mlflow/issues/18534
[2025-11-17T23:21:33.142+0000] {processor.py:840} INFO - DAG(s) 'predictive_pipeline_xgb' retrieved from /opt/airflow/dags/predictive_pipeline_dag.py
[2025-11-17T23:21:33.182+0000] {logging_mixin.py:188} INFO - [2025-11-17T23:21:33.182+0000] {dag.py:3096} INFO - Sync 1 DAGs
[2025-11-17T23:21:33.221+0000] {logging_mixin.py:188} INFO - [2025-11-17T23:21:33.221+0000] {dag.py:3954} INFO - Setting next_dagrun for predictive_pipeline_xgb to 2025-11-16 00:00:00+00:00, run_after=2025-11-23 00:00:00+00:00
[2025-11-17T23:21:33.338+0000] {processor.py:183} INFO - Processing /opt/airflow/dags/predictive_pipeline_dag.py took 4.054 seconds
[2025-11-17T23:22:03.534+0000] {processor.py:161} INFO - Started process (PID=574) to work on /opt/airflow/dags/predictive_pipeline_dag.py
[2025-11-17T23:22:03.536+0000] {processor.py:830} INFO - Processing file /opt/airflow/dags/predictive_pipeline_dag.py for tasks to queue
[2025-11-17T23:22:03.539+0000] {logging_mixin.py:188} INFO - [2025-11-17T23:22:03.538+0000] {dagbag.py:545} INFO - Filling up the DagBag from /opt/airflow/dags/predictive_pipeline_dag.py
[2025-11-17T23:22:06.303+0000] {logging_mixin.py:188} WARNING - /home/airflow/.local/lib/python3.12/site-packages/mlflow/tracking/_tracking_service/utils.py:140 FutureWarning: Filesystem tracking backend (e.g., './mlruns') is deprecated. Please switch to a database backend (e.g., 'sqlite:///mlflow.db'). For feedback, see: https://github.com/mlflow/mlflow/issues/18534
[2025-11-17T23:22:06.016+0000] {processor.py:840} INFO - DAG(s) 'predictive_pipeline_xgb' retrieved from /opt/airflow/dags/predictive_pipeline_dag.py
[2025-11-17T23:22:06.054+0000] {logging_mixin.py:188} INFO - [2025-11-17T23:22:06.053+0000] {dag.py:3096} INFO - Sync 1 DAGs
[2025-11-17T23:22:06.101+0000] {logging_mixin.py:188} INFO - [2025-11-17T23:22:06.100+0000] {dag.py:3954} INFO - Setting next_dagrun for predictive_pipeline_xgb to 2025-11-16 00:00:00+00:00, run_after=2025-11-23 00:00:00+00:00
[2025-11-17T23:22:06.257+0000] {processor.py:183} INFO - Processing /opt/airflow/dags/predictive_pipeline_dag.py took 4.191 seconds
[2025-11-17T23:22:36.845+0000] {processor.py:161} INFO - Started process (PID=584) to work on /opt/airflow/dags/predictive_pipeline_dag.py
[2025-11-17T23:22:36.848+0000] {processor.py:830} INFO - Processing file /opt/airflow/dags/predictive_pipeline_dag.py for tasks to queue
[2025-11-17T23:22:36.852+0000] {logging_mixin.py:188} INFO - [2025-11-17T23:22:36.851+0000] {dagbag.py:545} INFO - Filling up the DagBag from /opt/airflow/dags/predictive_pipeline_dag.py
[2025-11-17T23:22:39.714+0000] {logging_mixin.py:188} WARNING - /home/airflow/.local/lib/python3.12/site-packages/mlflow/tracking/_tracking_service/utils.py:140 FutureWarning: Filesystem tracking backend (e.g., './mlruns') is deprecated. Please switch to a database backend (e.g., 'sqlite:///mlflow.db'). For feedback, see: https://github.com/mlflow/mlflow/issues/18534
[2025-11-17T23:22:40.894+0000] {processor.py:840} INFO - DAG(s) 'predictive_pipeline_xgb' retrieved from /opt/airflow/dags/predictive_pipeline_dag.py
[2025-11-17T23:22:40.934+0000] {logging_mixin.py:188} INFO - [2025-11-17T23:22:40.933+0000] {dag.py:3096} INFO - Sync 1 DAGs
[2025-11-17T23:22:40.970+0000] {logging_mixin.py:188} INFO - [2025-11-17T23:22:40.970+0000] {dag.py:3954} INFO - Setting next_dagrun for predictive_pipeline_xgb to 2025-11-16 00:00:00+00:00, run_after=2025-11-23 00:00:00+00:00
[2025-11-17T23:22:41.081+0000] {processor.py:183} INFO - Processing /opt/airflow/dags/predictive_pipeline_dag.py took 4.250 seconds
[2025-11-17T23:23:11.477+0000] {processor.py:161} INFO - Started process (PID=594) to work on /opt/airflow/dags/predictive_pipeline_dag.py
[2025-11-17T23:23:11.479+0000] {processor.py:830} INFO - Processing file /opt/airflow/dags/predictive_pipeline_dag.py for tasks to queue
[2025-11-17T23:23:11.483+0000] {logging_mixin.py:188} INFO - [2025-11-17T23:23:11.482+0000] {dagbag.py:545} INFO - Filling up the DagBag from /opt/airflow/dags/predictive_pipeline_dag.py
[2025-11-17T23:23:15.038+0000] {logging_mixin.py:188} WARNING - /home/airflow/.local/lib/python3.12/site-packages/mlflow/tracking/_tracking_service/utils.py:140 FutureWarning: Filesystem tracking backend (e.g., './mlruns') is deprecated. Please switch to a database backend (e.g., 'sqlite:///mlflow.db'). For feedback, see: https://github.com/mlflow/mlflow/issues/18534
[2025-11-17T23:23:16.403+0000] {processor.py:840} INFO - DAG(s) 'predictive_pipeline_xgb' retrieved from /opt/airflow/dags/predictive_pipeline_dag.py
[2025-11-17T23:23:16.459+0000] {logging_mixin.py:188} INFO - [2025-11-17T23:23:16.459+0000] {dag.py:3096} INFO - Sync 1 DAGs
[2025-11-17T23:23:16.494+0000] {logging_mixin.py:188} INFO - [2025-11-17T23:23:16.494+0000] {dag.py:3954} INFO - Setting next_dagrun for predictive_pipeline_xgb to 2025-11-16 00:00:00+00:00, run_after=2025-11-23 00:00:00+00:00
[2025-11-17T23:23:16.615+0000] {processor.py:183} INFO - Processing /opt/airflow/dags/predictive_pipeline_dag.py took 5.152 seconds
[2025-11-17T23:23:46.998+0000] {processor.py:161} INFO - Started process (PID=604) to work on /opt/airflow/dags/predictive_pipeline_dag.py
[2025-11-17T23:23:47.002+0000] {processor.py:830} INFO - Processing file /opt/airflow/dags/predictive_pipeline_dag.py for tasks to queue
[2025-11-17T23:23:47.007+0000] {logging_mixin.py:188} INFO - [2025-11-17T23:23:47.006+0000] {dagbag.py:545} INFO - Filling up the DagBag from /opt/airflow/dags/predictive_pipeline_dag.py
[2025-11-17T23:23:50.603+0000] {logging_mixin.py:188} WARNING - /home/airflow/.local/lib/python3.12/site-packages/mlflow/tracking/_tracking_service/utils.py:140 FutureWarning: Filesystem tracking backend (e.g., './mlruns') is deprecated. Please switch to a database backend (e.g., 'sqlite:///mlflow.db'). For feedback, see: https://github.com/mlflow/mlflow/issues/18534
[2025-11-17T23:23:51.921+0000] {processor.py:840} INFO - DAG(s) 'predictive_pipeline_xgb' retrieved from /opt/airflow/dags/predictive_pipeline_dag.py
[2025-11-17T23:23:51.956+0000] {logging_mixin.py:188} INFO - [2025-11-17T23:23:51.956+0000] {dag.py:3096} INFO - Sync 1 DAGs
[2025-11-17T23:23:51.988+0000] {logging_mixin.py:188} INFO - [2025-11-17T23:23:51.987+0000] {dag.py:3954} INFO - Setting next_dagrun for predictive_pipeline_xgb to 2025-11-16 00:00:00+00:00, run_after=2025-11-23 00:00:00+00:00
[2025-11-17T23:23:52.084+0000] {processor.py:183} INFO - Processing /opt/airflow/dags/predictive_pipeline_dag.py took 5.105 seconds
[2025-11-17T23:24:23.452+0000] {processor.py:161} INFO - Started process (PID=614) to work on /opt/airflow/dags/predictive_pipeline_dag.py
[2025-11-17T23:24:23.458+0000] {processor.py:830} INFO - Processing file /opt/airflow/dags/predictive_pipeline_dag.py for tasks to queue
[2025-11-17T23:24:23.466+0000] {logging_mixin.py:188} INFO - [2025-11-17T23:24:23.464+0000] {dagbag.py:545} INFO - Filling up the DagBag from /opt/airflow/dags/predictive_pipeline_dag.py
[2025-11-17T23:24:26.025+0000] {logging_mixin.py:188} WARNING - /home/airflow/.local/lib/python3.12/site-packages/mlflow/tracking/_tracking_service/utils.py:140 FutureWarning: Filesystem tracking backend (e.g., './mlruns') is deprecated. Please switch to a database backend (e.g., 'sqlite:///mlflow.db'). For feedback, see: https://github.com/mlflow/mlflow/issues/18534
[2025-11-17T23:24:26.947+0000] {processor.py:840} INFO - DAG(s) 'predictive_pipeline_xgb' retrieved from /opt/airflow/dags/predictive_pipeline_dag.py
[2025-11-17T23:24:26.973+0000] {logging_mixin.py:188} INFO - [2025-11-17T23:24:26.972+0000] {dag.py:3096} INFO - Sync 1 DAGs
[2025-11-17T23:24:27.002+0000] {logging_mixin.py:188} INFO - [2025-11-17T23:24:27.001+0000] {dag.py:3954} INFO - Setting next_dagrun for predictive_pipeline_xgb to 2025-11-16 00:00:00+00:00, run_after=2025-11-23 00:00:00+00:00
[2025-11-17T23:24:27.088+0000] {processor.py:183} INFO - Processing /opt/airflow/dags/predictive_pipeline_dag.py took 3.681 seconds
[2025-11-17T23:24:57.568+0000] {processor.py:161} INFO - Started process (PID=624) to work on /opt/airflow/dags/predictive_pipeline_dag.py
[2025-11-17T23:24:57.569+0000] {processor.py:830} INFO - Processing file /opt/airflow/dags/predictive_pipeline_dag.py for tasks to queue
[2025-11-17T23:24:57.572+0000] {logging_mixin.py:188} INFO - [2025-11-17T23:24:57.571+0000] {dagbag.py:545} INFO - Filling up the DagBag from /opt/airflow/dags/predictive_pipeline_dag.py
[2025-11-17T23:24:58.590+0000] {logging_mixin.py:188} WARNING - /home/airflow/.local/lib/python3.12/site-packages/mlflow/tracking/_tracking_service/utils.py:140 FutureWarning: Filesystem tracking backend (e.g., './mlruns') is deprecated. Please switch to a database backend (e.g., 'sqlite:///mlflow.db'). For feedback, see: https://github.com/mlflow/mlflow/issues/18534
[2025-11-17T23:24:59.569+0000] {processor.py:840} INFO - DAG(s) 'predictive_pipeline_xgb' retrieved from /opt/airflow/dags/predictive_pipeline_dag.py
[2025-11-17T23:24:59.606+0000] {logging_mixin.py:188} INFO - [2025-11-17T23:24:59.606+0000] {dag.py:3096} INFO - Sync 1 DAGs
[2025-11-17T23:24:59.635+0000] {logging_mixin.py:188} INFO - [2025-11-17T23:24:59.635+0000] {dag.py:3954} INFO - Setting next_dagrun for predictive_pipeline_xgb to 2025-11-16 00:00:00+00:00, run_after=2025-11-23 00:00:00+00:00
[2025-11-17T23:24:59.730+0000] {processor.py:183} INFO - Processing /opt/airflow/dags/predictive_pipeline_dag.py took 3.621 seconds
[2025-11-17T23:25:30.911+0000] {processor.py:161} INFO - Started process (PID=634) to work on /opt/airflow/dags/predictive_pipeline_dag.py
[2025-11-17T23:25:30.913+0000] {processor.py:830} INFO - Processing file /opt/airflow/dags/predictive_pipeline_dag.py for tasks to queue
[2025-11-17T23:25:30.915+0000] {logging_mixin.py:188} INFO - [2025-11-17T23:25:30.915+0000] {dagbag.py:545} INFO - Filling up the DagBag from /opt/airflow/dags/predictive_pipeline_dag.py
[2025-11-17T23:25:33.860+0000] {logging_mixin.py:188} WARNING - /home/airflow/.local/lib/python3.12/site-packages/mlflow/tracking/_tracking_service/utils.py:140 FutureWarning: Filesystem tracking backend (e.g., './mlruns') is deprecated. Please switch to a database backend (e.g., 'sqlite:///mlflow.db'). For feedback, see: https://github.com/mlflow/mlflow/issues/18534
[2025-11-17T23:25:34.895+0000] {processor.py:840} INFO - DAG(s) 'predictive_pipeline_xgb' retrieved from /opt/airflow/dags/predictive_pipeline_dag.py
[2025-11-17T23:25:35.058+0000] {logging_mixin.py:188} INFO - [2025-11-17T23:25:35.058+0000] {dag.py:3096} INFO - Sync 1 DAGs
[2025-11-17T23:25:35.096+0000] {logging_mixin.py:188} INFO - [2025-11-17T23:25:35.096+0000] {dag.py:3954} INFO - Setting next_dagrun for predictive_pipeline_xgb to 2025-11-16 00:00:00+00:00, run_after=2025-11-23 00:00:00+00:00
[2025-11-17T23:25:35.214+0000] {processor.py:183} INFO - Processing /opt/airflow/dags/predictive_pipeline_dag.py took 4.313 seconds
[2025-11-17T23:26:05.553+0000] {processor.py:161} INFO - Started process (PID=644) to work on /opt/airflow/dags/predictive_pipeline_dag.py
[2025-11-17T23:26:05.555+0000] {processor.py:830} INFO - Processing file /opt/airflow/dags/predictive_pipeline_dag.py for tasks to queue
[2025-11-17T23:26:05.559+0000] {logging_mixin.py:188} INFO - [2025-11-17T23:26:05.558+0000] {dagbag.py:545} INFO - Filling up the DagBag from /opt/airflow/dags/predictive_pipeline_dag.py
[2025-11-17T23:26:08.330+0000] {logging_mixin.py:188} WARNING - /home/airflow/.local/lib/python3.12/site-packages/mlflow/tracking/_tracking_service/utils.py:140 FutureWarning: Filesystem tracking backend (e.g., './mlruns') is deprecated. Please switch to a database backend (e.g., 'sqlite:///mlflow.db'). For feedback, see: https://github.com/mlflow/mlflow/issues/18534
[2025-11-17T23:26:09.303+0000] {processor.py:840} INFO - DAG(s) 'predictive_pipeline_xgb' retrieved from /opt/airflow/dags/predictive_pipeline_dag.py
[2025-11-17T23:26:09.462+0000] {logging_mixin.py:188} INFO - [2025-11-17T23:26:09.462+0000] {dag.py:3096} INFO - Sync 1 DAGs
[2025-11-17T23:26:09.485+0000] {logging_mixin.py:188} INFO - [2025-11-17T23:26:09.485+0000] {dag.py:3954} INFO - Setting next_dagrun for predictive_pipeline_xgb to 2025-11-16 00:00:00+00:00, run_after=2025-11-23 00:00:00+00:00
[2025-11-17T23:26:09.574+0000] {processor.py:183} INFO - Processing /opt/airflow/dags/predictive_pipeline_dag.py took 4.038 seconds
[2025-11-17T23:26:39.745+0000] {processor.py:161} INFO - Started process (PID=654) to work on /opt/airflow/dags/predictive_pipeline_dag.py
[2025-11-17T23:26:39.747+0000] {processor.py:830} INFO - Processing file /opt/airflow/dags/predictive_pipeline_dag.py for tasks to queue
[2025-11-17T23:26:39.751+0000] {logging_mixin.py:188} INFO - [2025-11-17T23:26:39.751+0000] {dagbag.py:545} INFO - Filling up the DagBag from /opt/airflow/dags/predictive_pipeline_dag.py
[2025-11-17T23:26:42.540+0000] {logging_mixin.py:188} WARNING - /home/airflow/.local/lib/python3.12/site-packages/mlflow/tracking/_tracking_service/utils.py:140 FutureWarning: Filesystem tracking backend (e.g., './mlruns') is deprecated. Please switch to a database backend (e.g., 'sqlite:///mlflow.db'). For feedback, see: https://github.com/mlflow/mlflow/issues/18534
[2025-11-17T23:26:44.059+0000] {processor.py:840} INFO - DAG(s) 'predictive_pipeline_xgb' retrieved from /opt/airflow/dags/predictive_pipeline_dag.py
[2025-11-17T23:26:44.104+0000] {logging_mixin.py:188} INFO - [2025-11-17T23:26:44.103+0000] {dag.py:3096} INFO - Sync 1 DAGs
[2025-11-17T23:26:44.143+0000] {logging_mixin.py:188} INFO - [2025-11-17T23:26:44.143+0000] {dag.py:3954} INFO - Setting next_dagrun for predictive_pipeline_xgb to 2025-11-16 00:00:00+00:00, run_after=2025-11-23 00:00:00+00:00
[2025-11-17T23:26:44.288+0000] {processor.py:183} INFO - Processing /opt/airflow/dags/predictive_pipeline_dag.py took 4.554 seconds
[2025-11-17T23:27:15.770+0000] {processor.py:161} INFO - Started process (PID=664) to work on /opt/airflow/dags/predictive_pipeline_dag.py
[2025-11-17T23:27:15.772+0000] {processor.py:830} INFO - Processing file /opt/airflow/dags/predictive_pipeline_dag.py for tasks to queue
[2025-11-17T23:27:15.785+0000] {logging_mixin.py:188} INFO - [2025-11-17T23:27:15.782+0000] {dagbag.py:545} INFO - Filling up the DagBag from /opt/airflow/dags/predictive_pipeline_dag.py
[2025-11-17T23:27:18.608+0000] {logging_mixin.py:188} WARNING - /home/airflow/.local/lib/python3.12/site-packages/mlflow/tracking/_tracking_service/utils.py:140 FutureWarning: Filesystem tracking backend (e.g., './mlruns') is deprecated. Please switch to a database backend (e.g., 'sqlite:///mlflow.db'). For feedback, see: https://github.com/mlflow/mlflow/issues/18534
[2025-11-17T23:27:19.841+0000] {processor.py:840} INFO - DAG(s) 'predictive_pipeline_xgb' retrieved from /opt/airflow/dags/predictive_pipeline_dag.py
[2025-11-17T23:27:19.884+0000] {logging_mixin.py:188} INFO - [2025-11-17T23:27:19.884+0000] {dag.py:3096} INFO - Sync 1 DAGs
[2025-11-17T23:27:19.919+0000] {logging_mixin.py:188} INFO - [2025-11-17T23:27:19.919+0000] {dag.py:3954} INFO - Setting next_dagrun for predictive_pipeline_xgb to 2025-11-16 00:00:00+00:00, run_after=2025-11-23 00:00:00+00:00
[2025-11-17T23:27:20.030+0000] {processor.py:183} INFO - Processing /opt/airflow/dags/predictive_pipeline_dag.py took 4.274 seconds
[2025-11-17T23:27:50.608+0000] {processor.py:161} INFO - Started process (PID=674) to work on /opt/airflow/dags/predictive_pipeline_dag.py
[2025-11-17T23:27:50.610+0000] {processor.py:830} INFO - Processing file /opt/airflow/dags/predictive_pipeline_dag.py for tasks to queue
[2025-11-17T23:27:50.612+0000] {logging_mixin.py:188} INFO - [2025-11-17T23:27:50.612+0000] {dagbag.py:545} INFO - Filling up the DagBag from /opt/airflow/dags/predictive_pipeline_dag.py
[2025-11-17T23:27:53.048+0000] {logging_mixin.py:188} WARNING - /home/airflow/.local/lib/python3.12/site-packages/mlflow/tracking/_tracking_service/utils.py:140 FutureWarning: Filesystem tracking backend (e.g., './mlruns') is deprecated. Please switch to a database backend (e.g., 'sqlite:///mlflow.db'). For feedback, see: https://github.com/mlflow/mlflow/issues/18534
[2025-11-17T23:27:54.003+0000] {processor.py:840} INFO - DAG(s) 'predictive_pipeline_xgb' retrieved from /opt/airflow/dags/predictive_pipeline_dag.py
[2025-11-17T23:27:54.037+0000] {logging_mixin.py:188} INFO - [2025-11-17T23:27:54.036+0000] {dag.py:3096} INFO - Sync 1 DAGs
[2025-11-17T23:27:54.068+0000] {logging_mixin.py:188} INFO - [2025-11-17T23:27:54.068+0000] {dag.py:3954} INFO - Setting next_dagrun for predictive_pipeline_xgb to 2025-11-16 00:00:00+00:00, run_after=2025-11-23 00:00:00+00:00
[2025-11-17T23:27:54.161+0000] {processor.py:183} INFO - Processing /opt/airflow/dags/predictive_pipeline_dag.py took 3.563 seconds
[2025-11-17T23:28:24.962+0000] {processor.py:161} INFO - Started process (PID=684) to work on /opt/airflow/dags/predictive_pipeline_dag.py
[2025-11-17T23:28:24.965+0000] {processor.py:830} INFO - Processing file /opt/airflow/dags/predictive_pipeline_dag.py for tasks to queue
[2025-11-17T23:28:24.972+0000] {logging_mixin.py:188} INFO - [2025-11-17T23:28:24.970+0000] {dagbag.py:545} INFO - Filling up the DagBag from /opt/airflow/dags/predictive_pipeline_dag.py
[2025-11-17T23:28:27.914+0000] {logging_mixin.py:188} WARNING - /home/airflow/.local/lib/python3.12/site-packages/mlflow/tracking/_tracking_service/utils.py:140 FutureWarning: Filesystem tracking backend (e.g., './mlruns') is deprecated. Please switch to a database backend (e.g., 'sqlite:///mlflow.db'). For feedback, see: https://github.com/mlflow/mlflow/issues/18534
[2025-11-17T23:28:28.897+0000] {processor.py:840} INFO - DAG(s) 'predictive_pipeline_xgb' retrieved from /opt/airflow/dags/predictive_pipeline_dag.py
[2025-11-17T23:28:28.937+0000] {logging_mixin.py:188} INFO - [2025-11-17T23:28:28.937+0000] {dag.py:3096} INFO - Sync 1 DAGs
[2025-11-17T23:28:28.968+0000] {logging_mixin.py:188} INFO - [2025-11-17T23:28:28.967+0000] {dag.py:3954} INFO - Setting next_dagrun for predictive_pipeline_xgb to 2025-11-16 00:00:00+00:00, run_after=2025-11-23 00:00:00+00:00
[2025-11-17T23:28:29.076+0000] {processor.py:183} INFO - Processing /opt/airflow/dags/predictive_pipeline_dag.py took 4.140 seconds
[2025-11-17T23:29:00.152+0000] {processor.py:161} INFO - Started process (PID=694) to work on /opt/airflow/dags/predictive_pipeline_dag.py
[2025-11-17T23:29:00.155+0000] {processor.py:830} INFO - Processing file /opt/airflow/dags/predictive_pipeline_dag.py for tasks to queue
[2025-11-17T23:29:00.161+0000] {logging_mixin.py:188} INFO - [2025-11-17T23:29:00.160+0000] {dagbag.py:545} INFO - Filling up the DagBag from /opt/airflow/dags/predictive_pipeline_dag.py
[2025-11-17T23:29:02.820+0000] {logging_mixin.py:188} WARNING - /home/airflow/.local/lib/python3.12/site-packages/mlflow/tracking/_tracking_service/utils.py:140 FutureWarning: Filesystem tracking backend (e.g., './mlruns') is deprecated. Please switch to a database backend (e.g., 'sqlite:///mlflow.db'). For feedback, see: https://github.com/mlflow/mlflow/issues/18534
[2025-11-17T23:29:04.063+0000] {processor.py:840} INFO - DAG(s) 'predictive_pipeline_xgb' retrieved from /opt/airflow/dags/predictive_pipeline_dag.py
[2025-11-17T23:29:04.099+0000] {logging_mixin.py:188} INFO - [2025-11-17T23:29:04.099+0000] {dag.py:3096} INFO - Sync 1 DAGs
[2025-11-17T23:29:04.134+0000] {logging_mixin.py:188} INFO - [2025-11-17T23:29:04.133+0000] {dag.py:3954} INFO - Setting next_dagrun for predictive_pipeline_xgb to 2025-11-16 00:00:00+00:00, run_after=2025-11-23 00:00:00+00:00
[2025-11-17T23:29:04.234+0000] {processor.py:183} INFO - Processing /opt/airflow/dags/predictive_pipeline_dag.py took 4.102 seconds
[2025-11-17T23:29:34.376+0000] {processor.py:161} INFO - Started process (PID=704) to work on /opt/airflow/dags/predictive_pipeline_dag.py
[2025-11-17T23:29:34.378+0000] {processor.py:830} INFO - Processing file /opt/airflow/dags/predictive_pipeline_dag.py for tasks to queue
[2025-11-17T23:29:34.382+0000] {logging_mixin.py:188} INFO - [2025-11-17T23:29:34.381+0000] {dagbag.py:545} INFO - Filling up the DagBag from /opt/airflow/dags/predictive_pipeline_dag.py
[2025-11-17T23:29:36.976+0000] {logging_mixin.py:188} WARNING - /home/airflow/.local/lib/python3.12/site-packages/mlflow/tracking/_tracking_service/utils.py:140 FutureWarning: Filesystem tracking backend (e.g., './mlruns') is deprecated. Please switch to a database backend (e.g., 'sqlite:///mlflow.db'). For feedback, see: https://github.com/mlflow/mlflow/issues/18534
[2025-11-17T23:29:38.067+0000] {processor.py:840} INFO - DAG(s) 'predictive_pipeline_xgb' retrieved from /opt/airflow/dags/predictive_pipeline_dag.py
[2025-11-17T23:29:38.104+0000] {logging_mixin.py:188} INFO - [2025-11-17T23:29:38.103+0000] {dag.py:3096} INFO - Sync 1 DAGs
[2025-11-17T23:29:38.138+0000] {logging_mixin.py:188} INFO - [2025-11-17T23:29:38.138+0000] {dag.py:3954} INFO - Setting next_dagrun for predictive_pipeline_xgb to 2025-11-16 00:00:00+00:00, run_after=2025-11-23 00:00:00+00:00
[2025-11-17T23:29:38.240+0000] {processor.py:183} INFO - Processing /opt/airflow/dags/predictive_pipeline_dag.py took 3.878 seconds
[2025-11-17T23:30:08.653+0000] {processor.py:161} INFO - Started process (PID=714) to work on /opt/airflow/dags/predictive_pipeline_dag.py
[2025-11-17T23:30:08.655+0000] {processor.py:830} INFO - Processing file /opt/airflow/dags/predictive_pipeline_dag.py for tasks to queue
[2025-11-17T23:30:08.660+0000] {logging_mixin.py:188} INFO - [2025-11-17T23:30:08.659+0000] {dagbag.py:545} INFO - Filling up the DagBag from /opt/airflow/dags/predictive_pipeline_dag.py
[2025-11-17T23:30:11.086+0000] {logging_mixin.py:188} WARNING - /home/airflow/.local/lib/python3.12/site-packages/mlflow/tracking/_tracking_service/utils.py:140 FutureWarning: Filesystem tracking backend (e.g., './mlruns') is deprecated. Please switch to a database backend (e.g., 'sqlite:///mlflow.db'). For feedback, see: https://github.com/mlflow/mlflow/issues/18534
[2025-11-17T23:30:12.087+0000] {processor.py:840} INFO - DAG(s) 'predictive_pipeline_xgb' retrieved from /opt/airflow/dags/predictive_pipeline_dag.py
[2025-11-17T23:30:12.139+0000] {logging_mixin.py:188} INFO - [2025-11-17T23:30:12.137+0000] {dag.py:3096} INFO - Sync 1 DAGs
[2025-11-17T23:30:12.180+0000] {logging_mixin.py:188} INFO - [2025-11-17T23:30:12.180+0000] {dag.py:3954} INFO - Setting next_dagrun for predictive_pipeline_xgb to 2025-11-16 00:00:00+00:00, run_after=2025-11-23 00:00:00+00:00
[2025-11-17T23:30:12.298+0000] {processor.py:183} INFO - Processing /opt/airflow/dags/predictive_pipeline_dag.py took 3.678 seconds
[2025-11-17T23:30:42.898+0000] {processor.py:161} INFO - Started process (PID=724) to work on /opt/airflow/dags/predictive_pipeline_dag.py
[2025-11-17T23:30:42.899+0000] {processor.py:830} INFO - Processing file /opt/airflow/dags/predictive_pipeline_dag.py for tasks to queue
[2025-11-17T23:30:42.902+0000] {logging_mixin.py:188} INFO - [2025-11-17T23:30:42.901+0000] {dagbag.py:545} INFO - Filling up the DagBag from /opt/airflow/dags/predictive_pipeline_dag.py
[2025-11-17T23:30:45.301+0000] {logging_mixin.py:188} WARNING - /home/airflow/.local/lib/python3.12/site-packages/mlflow/tracking/_tracking_service/utils.py:140 FutureWarning: Filesystem tracking backend (e.g., './mlruns') is deprecated. Please switch to a database backend (e.g., 'sqlite:///mlflow.db'). For feedback, see: https://github.com/mlflow/mlflow/issues/18534
[2025-11-17T23:30:46.253+0000] {processor.py:840} INFO - DAG(s) 'predictive_pipeline_xgb' retrieved from /opt/airflow/dags/predictive_pipeline_dag.py
[2025-11-17T23:30:46.289+0000] {logging_mixin.py:188} INFO - [2025-11-17T23:30:46.289+0000] {dag.py:3096} INFO - Sync 1 DAGs
[2025-11-17T23:30:46.320+0000] {logging_mixin.py:188} INFO - [2025-11-17T23:30:46.319+0000] {dag.py:3954} INFO - Setting next_dagrun for predictive_pipeline_xgb to 2025-11-16 00:00:00+00:00, run_after=2025-11-23 00:00:00+00:00
[2025-11-17T23:30:46.415+0000] {processor.py:183} INFO - Processing /opt/airflow/dags/predictive_pipeline_dag.py took 3.529 seconds
[2025-11-17T23:31:17.804+0000] {processor.py:161} INFO - Started process (PID=734) to work on /opt/airflow/dags/predictive_pipeline_dag.py
[2025-11-17T23:31:17.811+0000] {processor.py:830} INFO - Processing file /opt/airflow/dags/predictive_pipeline_dag.py for tasks to queue
[2025-11-17T23:31:17.821+0000] {logging_mixin.py:188} INFO - [2025-11-17T23:31:17.819+0000] {dagbag.py:545} INFO - Filling up the DagBag from /opt/airflow/dags/predictive_pipeline_dag.py
[2025-11-17T23:31:21.549+0000] {logging_mixin.py:188} WARNING - /home/airflow/.local/lib/python3.12/site-packages/mlflow/tracking/_tracking_service/utils.py:140 FutureWarning: Filesystem tracking backend (e.g., './mlruns') is deprecated. Please switch to a database backend (e.g., 'sqlite:///mlflow.db'). For feedback, see: https://github.com/mlflow/mlflow/issues/18534
[2025-11-17T23:31:23.239+0000] {processor.py:840} INFO - DAG(s) 'predictive_pipeline_xgb' retrieved from /opt/airflow/dags/predictive_pipeline_dag.py
[2025-11-17T23:31:23.547+0000] {logging_mixin.py:188} INFO - [2025-11-17T23:31:23.545+0000] {dag.py:3096} INFO - Sync 1 DAGs
[2025-11-17T23:31:23.605+0000] {logging_mixin.py:188} INFO - [2025-11-17T23:31:23.604+0000] {dag.py:3954} INFO - Setting next_dagrun for predictive_pipeline_xgb to 2025-11-16 00:00:00+00:00, run_after=2025-11-23 00:00:00+00:00
[2025-11-17T23:31:23.911+0000] {processor.py:183} INFO - Processing /opt/airflow/dags/predictive_pipeline_dag.py took 6.194 seconds
[2025-11-17T23:31:54.225+0000] {processor.py:161} INFO - Started process (PID=744) to work on /opt/airflow/dags/predictive_pipeline_dag.py
[2025-11-17T23:31:54.227+0000] {processor.py:830} INFO - Processing file /opt/airflow/dags/predictive_pipeline_dag.py for tasks to queue
[2025-11-17T23:31:54.230+0000] {logging_mixin.py:188} INFO - [2025-11-17T23:31:54.230+0000] {dagbag.py:545} INFO - Filling up the DagBag from /opt/airflow/dags/predictive_pipeline_dag.py
[2025-11-17T23:31:57.307+0000] {logging_mixin.py:188} WARNING - /home/airflow/.local/lib/python3.12/site-packages/mlflow/tracking/_tracking_service/utils.py:140 FutureWarning: Filesystem tracking backend (e.g., './mlruns') is deprecated. Please switch to a database backend (e.g., 'sqlite:///mlflow.db'). For feedback, see: https://github.com/mlflow/mlflow/issues/18534
[2025-11-17T23:31:58.914+0000] {processor.py:840} INFO - DAG(s) 'predictive_pipeline_xgb' retrieved from /opt/airflow/dags/predictive_pipeline_dag.py
[2025-11-17T23:31:59.090+0000] {logging_mixin.py:188} INFO - [2025-11-17T23:31:59.089+0000] {dag.py:3096} INFO - Sync 1 DAGs
[2025-11-17T23:31:59.129+0000] {logging_mixin.py:188} INFO - [2025-11-17T23:31:59.128+0000] {dag.py:3954} INFO - Setting next_dagrun for predictive_pipeline_xgb to 2025-11-16 00:00:00+00:00, run_after=2025-11-23 00:00:00+00:00
[2025-11-17T23:31:59.246+0000] {processor.py:183} INFO - Processing /opt/airflow/dags/predictive_pipeline_dag.py took 5.036 seconds
[2025-11-17T23:32:30.214+0000] {processor.py:161} INFO - Started process (PID=754) to work on /opt/airflow/dags/predictive_pipeline_dag.py
[2025-11-17T23:32:30.215+0000] {processor.py:830} INFO - Processing file /opt/airflow/dags/predictive_pipeline_dag.py for tasks to queue
[2025-11-17T23:32:30.223+0000] {logging_mixin.py:188} INFO - [2025-11-17T23:32:30.222+0000] {dagbag.py:545} INFO - Filling up the DagBag from /opt/airflow/dags/predictive_pipeline_dag.py
[2025-11-17T23:32:33.705+0000] {logging_mixin.py:188} WARNING - /home/airflow/.local/lib/python3.12/site-packages/mlflow/tracking/_tracking_service/utils.py:140 FutureWarning: Filesystem tracking backend (e.g., './mlruns') is deprecated. Please switch to a database backend (e.g., 'sqlite:///mlflow.db'). For feedback, see: https://github.com/mlflow/mlflow/issues/18534
[2025-11-17T23:32:34.983+0000] {processor.py:840} INFO - DAG(s) 'predictive_pipeline_xgb' retrieved from /opt/airflow/dags/predictive_pipeline_dag.py
[2025-11-17T23:32:35.031+0000] {logging_mixin.py:188} INFO - [2025-11-17T23:32:35.030+0000] {dag.py:3096} INFO - Sync 1 DAGs
[2025-11-17T23:32:35.075+0000] {logging_mixin.py:188} INFO - [2025-11-17T23:32:35.075+0000] {dag.py:3954} INFO - Setting next_dagrun for predictive_pipeline_xgb to 2025-11-16 00:00:00+00:00, run_after=2025-11-23 00:00:00+00:00
[2025-11-17T23:32:35.196+0000] {processor.py:183} INFO - Processing /opt/airflow/dags/predictive_pipeline_dag.py took 4.993 seconds
[2025-11-17T23:33:05.692+0000] {processor.py:161} INFO - Started process (PID=764) to work on /opt/airflow/dags/predictive_pipeline_dag.py
[2025-11-17T23:33:05.696+0000] {processor.py:830} INFO - Processing file /opt/airflow/dags/predictive_pipeline_dag.py for tasks to queue
[2025-11-17T23:33:05.702+0000] {logging_mixin.py:188} INFO - [2025-11-17T23:33:05.701+0000] {dagbag.py:545} INFO - Filling up the DagBag from /opt/airflow/dags/predictive_pipeline_dag.py
[2025-11-17T23:33:08.268+0000] {logging_mixin.py:188} WARNING - /home/airflow/.local/lib/python3.12/site-packages/mlflow/tracking/_tracking_service/utils.py:140 FutureWarning: Filesystem tracking backend (e.g., './mlruns') is deprecated. Please switch to a database backend (e.g., 'sqlite:///mlflow.db'). For feedback, see: https://github.com/mlflow/mlflow/issues/18534
[2025-11-17T23:33:09.186+0000] {processor.py:840} INFO - DAG(s) 'predictive_pipeline_xgb' retrieved from /opt/airflow/dags/predictive_pipeline_dag.py
[2025-11-17T23:33:09.220+0000] {logging_mixin.py:188} INFO - [2025-11-17T23:33:09.220+0000] {dag.py:3096} INFO - Sync 1 DAGs
[2025-11-17T23:33:09.250+0000] {logging_mixin.py:188} INFO - [2025-11-17T23:33:09.249+0000] {dag.py:3954} INFO - Setting next_dagrun for predictive_pipeline_xgb to 2025-11-16 00:00:00+00:00, run_after=2025-11-23 00:00:00+00:00
[2025-11-17T23:33:09.339+0000] {processor.py:183} INFO - Processing /opt/airflow/dags/predictive_pipeline_dag.py took 3.659 seconds
[2025-11-17T23:33:39.989+0000] {processor.py:161} INFO - Started process (PID=774) to work on /opt/airflow/dags/predictive_pipeline_dag.py
[2025-11-17T23:33:39.996+0000] {processor.py:830} INFO - Processing file /opt/airflow/dags/predictive_pipeline_dag.py for tasks to queue
[2025-11-17T23:33:40.005+0000] {logging_mixin.py:188} INFO - [2025-11-17T23:33:40.004+0000] {dagbag.py:545} INFO - Filling up the DagBag from /opt/airflow/dags/predictive_pipeline_dag.py
[2025-11-17T23:33:42.849+0000] {logging_mixin.py:188} WARNING - /home/airflow/.local/lib/python3.12/site-packages/mlflow/tracking/_tracking_service/utils.py:140 FutureWarning: Filesystem tracking backend (e.g., './mlruns') is deprecated. Please switch to a database backend (e.g., 'sqlite:///mlflow.db'). For feedback, see: https://github.com/mlflow/mlflow/issues/18534
[2025-11-17T23:33:43.826+0000] {processor.py:840} INFO - DAG(s) 'predictive_pipeline_xgb' retrieved from /opt/airflow/dags/predictive_pipeline_dag.py
[2025-11-17T23:33:43.865+0000] {logging_mixin.py:188} INFO - [2025-11-17T23:33:43.864+0000] {dag.py:3096} INFO - Sync 1 DAGs
[2025-11-17T23:33:43.895+0000] {logging_mixin.py:188} INFO - [2025-11-17T23:33:43.895+0000] {dag.py:3954} INFO - Setting next_dagrun for predictive_pipeline_xgb to 2025-11-16 00:00:00+00:00, run_after=2025-11-23 00:00:00+00:00
[2025-11-17T23:33:43.986+0000] {processor.py:183} INFO - Processing /opt/airflow/dags/predictive_pipeline_dag.py took 4.032 seconds
[2025-11-17T23:34:14.281+0000] {processor.py:161} INFO - Started process (PID=784) to work on /opt/airflow/dags/predictive_pipeline_dag.py
[2025-11-17T23:34:14.284+0000] {processor.py:830} INFO - Processing file /opt/airflow/dags/predictive_pipeline_dag.py for tasks to queue
[2025-11-17T23:34:14.290+0000] {logging_mixin.py:188} INFO - [2025-11-17T23:34:14.289+0000] {dagbag.py:545} INFO - Filling up the DagBag from /opt/airflow/dags/predictive_pipeline_dag.py
[2025-11-17T23:34:16.887+0000] {logging_mixin.py:188} WARNING - /home/airflow/.local/lib/python3.12/site-packages/mlflow/tracking/_tracking_service/utils.py:140 FutureWarning: Filesystem tracking backend (e.g., './mlruns') is deprecated. Please switch to a database backend (e.g., 'sqlite:///mlflow.db'). For feedback, see: https://github.com/mlflow/mlflow/issues/18534
[2025-11-17T23:34:17.828+0000] {processor.py:840} INFO - DAG(s) 'predictive_pipeline_xgb' retrieved from /opt/airflow/dags/predictive_pipeline_dag.py
[2025-11-17T23:34:17.863+0000] {logging_mixin.py:188} INFO - [2025-11-17T23:34:17.863+0000] {dag.py:3096} INFO - Sync 1 DAGs
[2025-11-17T23:34:17.895+0000] {logging_mixin.py:188} INFO - [2025-11-17T23:34:17.895+0000] {dag.py:3954} INFO - Setting next_dagrun for predictive_pipeline_xgb to 2025-11-16 00:00:00+00:00, run_after=2025-11-23 00:00:00+00:00
[2025-11-17T23:34:17.991+0000] {processor.py:183} INFO - Processing /opt/airflow/dags/predictive_pipeline_dag.py took 3.729 seconds
[2025-11-17T23:34:48.232+0000] {processor.py:161} INFO - Started process (PID=794) to work on /opt/airflow/dags/predictive_pipeline_dag.py
[2025-11-17T23:34:48.236+0000] {processor.py:830} INFO - Processing file /opt/airflow/dags/predictive_pipeline_dag.py for tasks to queue
[2025-11-17T23:34:48.242+0000] {logging_mixin.py:188} INFO - [2025-11-17T23:34:48.241+0000] {dagbag.py:545} INFO - Filling up the DagBag from /opt/airflow/dags/predictive_pipeline_dag.py
[2025-11-17T23:34:50.788+0000] {logging_mixin.py:188} WARNING - /home/airflow/.local/lib/python3.12/site-packages/mlflow/tracking/_tracking_service/utils.py:140 FutureWarning: Filesystem tracking backend (e.g., './mlruns') is deprecated. Please switch to a database backend (e.g., 'sqlite:///mlflow.db'). For feedback, see: https://github.com/mlflow/mlflow/issues/18534
[2025-11-17T23:34:51.862+0000] {processor.py:840} INFO - DAG(s) 'predictive_pipeline_xgb' retrieved from /opt/airflow/dags/predictive_pipeline_dag.py
[2025-11-17T23:34:51.914+0000] {logging_mixin.py:188} INFO - [2025-11-17T23:34:51.913+0000] {dag.py:3096} INFO - Sync 1 DAGs
[2025-11-17T23:34:51.958+0000] {logging_mixin.py:188} INFO - [2025-11-17T23:34:51.957+0000] {dag.py:3954} INFO - Setting next_dagrun for predictive_pipeline_xgb to 2025-11-16 00:00:00+00:00, run_after=2025-11-23 00:00:00+00:00
[2025-11-17T23:34:52.112+0000] {processor.py:183} INFO - Processing /opt/airflow/dags/predictive_pipeline_dag.py took 3.907 seconds
[2025-11-17T23:35:23.183+0000] {processor.py:161} INFO - Started process (PID=804) to work on /opt/airflow/dags/predictive_pipeline_dag.py
[2025-11-17T23:35:23.185+0000] {processor.py:830} INFO - Processing file /opt/airflow/dags/predictive_pipeline_dag.py for tasks to queue
[2025-11-17T23:35:23.188+0000] {logging_mixin.py:188} INFO - [2025-11-17T23:35:23.187+0000] {dagbag.py:545} INFO - Filling up the DagBag from /opt/airflow/dags/predictive_pipeline_dag.py
[2025-11-17T23:35:25.375+0000] {logging_mixin.py:188} WARNING - /home/airflow/.local/lib/python3.12/site-packages/mlflow/tracking/_tracking_service/utils.py:140 FutureWarning: Filesystem tracking backend (e.g., './mlruns') is deprecated. Please switch to a database backend (e.g., 'sqlite:///mlflow.db'). For feedback, see: https://github.com/mlflow/mlflow/issues/18534
[2025-11-17T23:35:26.307+0000] {processor.py:840} INFO - DAG(s) 'predictive_pipeline_xgb' retrieved from /opt/airflow/dags/predictive_pipeline_dag.py
[2025-11-17T23:35:26.331+0000] {logging_mixin.py:188} INFO - [2025-11-17T23:35:26.331+0000] {dag.py:3096} INFO - Sync 1 DAGs
[2025-11-17T23:35:26.354+0000] {logging_mixin.py:188} INFO - [2025-11-17T23:35:26.354+0000] {dag.py:3954} INFO - Setting next_dagrun for predictive_pipeline_xgb to 2025-11-16 00:00:00+00:00, run_after=2025-11-23 00:00:00+00:00
[2025-11-17T23:35:26.440+0000] {processor.py:183} INFO - Processing /opt/airflow/dags/predictive_pipeline_dag.py took 3.268 seconds
[2025-11-17T23:35:56.708+0000] {processor.py:161} INFO - Started process (PID=814) to work on /opt/airflow/dags/predictive_pipeline_dag.py
[2025-11-17T23:35:56.709+0000] {processor.py:830} INFO - Processing file /opt/airflow/dags/predictive_pipeline_dag.py for tasks to queue
[2025-11-17T23:35:56.713+0000] {logging_mixin.py:188} INFO - [2025-11-17T23:35:56.712+0000] {dagbag.py:545} INFO - Filling up the DagBag from /opt/airflow/dags/predictive_pipeline_dag.py
[2025-11-17T23:35:57.605+0000] {logging_mixin.py:188} WARNING - /home/airflow/.local/lib/python3.12/site-packages/mlflow/tracking/_tracking_service/utils.py:140 FutureWarning: Filesystem tracking backend (e.g., './mlruns') is deprecated. Please switch to a database backend (e.g., 'sqlite:///mlflow.db'). For feedback, see: https://github.com/mlflow/mlflow/issues/18534
[2025-11-17T23:35:58.437+0000] {processor.py:840} INFO - DAG(s) 'predictive_pipeline_xgb' retrieved from /opt/airflow/dags/predictive_pipeline_dag.py
[2025-11-17T23:35:58.460+0000] {logging_mixin.py:188} INFO - [2025-11-17T23:35:58.459+0000] {dag.py:3096} INFO - Sync 1 DAGs
[2025-11-17T23:35:58.491+0000] {logging_mixin.py:188} INFO - [2025-11-17T23:35:58.491+0000] {dag.py:3954} INFO - Setting next_dagrun for predictive_pipeline_xgb to 2025-11-16 00:00:00+00:00, run_after=2025-11-23 00:00:00+00:00
[2025-11-17T23:35:58.564+0000] {processor.py:183} INFO - Processing /opt/airflow/dags/predictive_pipeline_dag.py took 3.149 seconds
[2025-11-17T23:36:29.290+0000] {processor.py:161} INFO - Started process (PID=824) to work on /opt/airflow/dags/predictive_pipeline_dag.py
[2025-11-17T23:36:29.294+0000] {processor.py:830} INFO - Processing file /opt/airflow/dags/predictive_pipeline_dag.py for tasks to queue
[2025-11-17T23:36:29.301+0000] {logging_mixin.py:188} INFO - [2025-11-17T23:36:29.300+0000] {dagbag.py:545} INFO - Filling up the DagBag from /opt/airflow/dags/predictive_pipeline_dag.py
[2025-11-17T23:36:31.553+0000] {logging_mixin.py:188} WARNING - /home/airflow/.local/lib/python3.12/site-packages/mlflow/tracking/_tracking_service/utils.py:140 FutureWarning: Filesystem tracking backend (e.g., './mlruns') is deprecated. Please switch to a database backend (e.g., 'sqlite:///mlflow.db'). For feedback, see: https://github.com/mlflow/mlflow/issues/18534
[2025-11-17T23:36:32.342+0000] {processor.py:840} INFO - DAG(s) 'predictive_pipeline_xgb' retrieved from /opt/airflow/dags/predictive_pipeline_dag.py
[2025-11-17T23:36:32.366+0000] {logging_mixin.py:188} INFO - [2025-11-17T23:36:32.366+0000] {dag.py:3096} INFO - Sync 1 DAGs
[2025-11-17T23:36:32.387+0000] {logging_mixin.py:188} INFO - [2025-11-17T23:36:32.386+0000] {dag.py:3954} INFO - Setting next_dagrun for predictive_pipeline_xgb to 2025-11-16 00:00:00+00:00, run_after=2025-11-23 00:00:00+00:00
[2025-11-17T23:36:32.471+0000] {processor.py:183} INFO - Processing /opt/airflow/dags/predictive_pipeline_dag.py took 3.211 seconds
[2025-11-17T23:37:02.609+0000] {processor.py:161} INFO - Started process (PID=834) to work on /opt/airflow/dags/predictive_pipeline_dag.py
[2025-11-17T23:37:02.610+0000] {processor.py:830} INFO - Processing file /opt/airflow/dags/predictive_pipeline_dag.py for tasks to queue
[2025-11-17T23:37:02.614+0000] {logging_mixin.py:188} INFO - [2025-11-17T23:37:02.613+0000] {dagbag.py:545} INFO - Filling up the DagBag from /opt/airflow/dags/predictive_pipeline_dag.py
[2025-11-17T23:37:05.002+0000] {logging_mixin.py:188} WARNING - /home/airflow/.local/lib/python3.12/site-packages/mlflow/tracking/_tracking_service/utils.py:140 FutureWarning: Filesystem tracking backend (e.g., './mlruns') is deprecated. Please switch to a database backend (e.g., 'sqlite:///mlflow.db'). For feedback, see: https://github.com/mlflow/mlflow/issues/18534
[2025-11-17T23:37:05.797+0000] {processor.py:840} INFO - DAG(s) 'predictive_pipeline_xgb' retrieved from /opt/airflow/dags/predictive_pipeline_dag.py
[2025-11-17T23:37:05.925+0000] {logging_mixin.py:188} INFO - [2025-11-17T23:37:05.925+0000] {dag.py:3096} INFO - Sync 1 DAGs
[2025-11-17T23:37:05.946+0000] {logging_mixin.py:188} INFO - [2025-11-17T23:37:05.945+0000] {dag.py:3954} INFO - Setting next_dagrun for predictive_pipeline_xgb to 2025-11-16 00:00:00+00:00, run_after=2025-11-23 00:00:00+00:00
[2025-11-17T23:37:06.023+0000] {processor.py:183} INFO - Processing /opt/airflow/dags/predictive_pipeline_dag.py took 3.432 seconds
[2025-11-17T23:37:36.612+0000] {processor.py:161} INFO - Started process (PID=844) to work on /opt/airflow/dags/predictive_pipeline_dag.py
[2025-11-17T23:37:36.614+0000] {processor.py:830} INFO - Processing file /opt/airflow/dags/predictive_pipeline_dag.py for tasks to queue
[2025-11-17T23:37:36.617+0000] {logging_mixin.py:188} INFO - [2025-11-17T23:37:36.616+0000] {dagbag.py:545} INFO - Filling up the DagBag from /opt/airflow/dags/predictive_pipeline_dag.py
[2025-11-17T23:37:38.759+0000] {logging_mixin.py:188} WARNING - /home/airflow/.local/lib/python3.12/site-packages/mlflow/tracking/_tracking_service/utils.py:140 FutureWarning: Filesystem tracking backend (e.g., './mlruns') is deprecated. Please switch to a database backend (e.g., 'sqlite:///mlflow.db'). For feedback, see: https://github.com/mlflow/mlflow/issues/18534
[2025-11-17T23:37:39.458+0000] {processor.py:840} INFO - DAG(s) 'predictive_pipeline_xgb' retrieved from /opt/airflow/dags/predictive_pipeline_dag.py
[2025-11-17T23:37:39.593+0000] {logging_mixin.py:188} INFO - [2025-11-17T23:37:39.592+0000] {dag.py:3096} INFO - Sync 1 DAGs
[2025-11-17T23:37:39.617+0000] {logging_mixin.py:188} INFO - [2025-11-17T23:37:39.617+0000] {dag.py:3954} INFO - Setting next_dagrun for predictive_pipeline_xgb to 2025-11-16 00:00:00+00:00, run_after=2025-11-23 00:00:00+00:00
[2025-11-17T23:37:39.687+0000] {processor.py:183} INFO - Processing /opt/airflow/dags/predictive_pipeline_dag.py took 3.086 seconds
[2025-11-17T23:53:15.394+0000] {processor.py:161} INFO - Started process (PID=854) to work on /opt/airflow/dags/predictive_pipeline_dag.py
[2025-11-17T23:53:15.404+0000] {processor.py:830} INFO - Processing file /opt/airflow/dags/predictive_pipeline_dag.py for tasks to queue
[2025-11-17T23:53:15.408+0000] {logging_mixin.py:188} INFO - [2025-11-17T23:53:15.407+0000] {dagbag.py:545} INFO - Filling up the DagBag from /opt/airflow/dags/predictive_pipeline_dag.py
[2025-11-17T23:53:22.308+0000] {logging_mixin.py:188} WARNING - /home/airflow/.local/lib/python3.12/site-packages/mlflow/tracking/_tracking_service/utils.py:140 FutureWarning: Filesystem tracking backend (e.g., './mlruns') is deprecated. Please switch to a database backend (e.g., 'sqlite:///mlflow.db'). For feedback, see: https://github.com/mlflow/mlflow/issues/18534
[2025-11-17T23:53:24.565+0000] {processor.py:840} INFO - DAG(s) 'predictive_pipeline_xgb' retrieved from /opt/airflow/dags/predictive_pipeline_dag.py
[2025-11-17T23:53:24.612+0000] {logging_mixin.py:188} INFO - [2025-11-17T23:53:24.611+0000] {dag.py:3096} INFO - Sync 1 DAGs
[2025-11-17T23:53:24.666+0000] {logging_mixin.py:188} INFO - [2025-11-17T23:53:24.666+0000] {dag.py:3954} INFO - Setting next_dagrun for predictive_pipeline_xgb to 2025-11-16 00:00:00+00:00, run_after=2025-11-23 00:00:00+00:00
[2025-11-17T23:53:24.787+0000] {processor.py:183} INFO - Processing /opt/airflow/dags/predictive_pipeline_dag.py took 9.418 seconds
[2025-11-17T23:53:55.355+0000] {processor.py:161} INFO - Started process (PID=864) to work on /opt/airflow/dags/predictive_pipeline_dag.py
[2025-11-17T23:53:55.356+0000] {processor.py:830} INFO - Processing file /opt/airflow/dags/predictive_pipeline_dag.py for tasks to queue
[2025-11-17T23:53:55.358+0000] {logging_mixin.py:188} INFO - [2025-11-17T23:53:55.358+0000] {dagbag.py:545} INFO - Filling up the DagBag from /opt/airflow/dags/predictive_pipeline_dag.py
[2025-11-17T23:53:57.341+0000] {logging_mixin.py:188} WARNING - /home/airflow/.local/lib/python3.12/site-packages/mlflow/tracking/_tracking_service/utils.py:140 FutureWarning: Filesystem tracking backend (e.g., './mlruns') is deprecated. Please switch to a database backend (e.g., 'sqlite:///mlflow.db'). For feedback, see: https://github.com/mlflow/mlflow/issues/18534
[2025-11-17T23:53:58.111+0000] {processor.py:840} INFO - DAG(s) 'predictive_pipeline_xgb' retrieved from /opt/airflow/dags/predictive_pipeline_dag.py
[2025-11-17T23:53:58.137+0000] {logging_mixin.py:188} INFO - [2025-11-17T23:53:58.136+0000] {dag.py:3096} INFO - Sync 1 DAGs
[2025-11-17T23:53:58.164+0000] {logging_mixin.py:188} INFO - [2025-11-17T23:53:58.164+0000] {dag.py:3954} INFO - Setting next_dagrun for predictive_pipeline_xgb to 2025-11-16 00:00:00+00:00, run_after=2025-11-23 00:00:00+00:00
[2025-11-17T23:53:58.277+0000] {processor.py:183} INFO - Processing /opt/airflow/dags/predictive_pipeline_dag.py took 2.932 seconds
[2025-11-17T23:54:29.011+0000] {processor.py:161} INFO - Started process (PID=874) to work on /opt/airflow/dags/predictive_pipeline_dag.py
[2025-11-17T23:54:29.012+0000] {processor.py:830} INFO - Processing file /opt/airflow/dags/predictive_pipeline_dag.py for tasks to queue
[2025-11-17T23:54:29.015+0000] {logging_mixin.py:188} INFO - [2025-11-17T23:54:29.014+0000] {dagbag.py:545} INFO - Filling up the DagBag from /opt/airflow/dags/predictive_pipeline_dag.py
[2025-11-17T23:54:30.868+0000] {logging_mixin.py:188} WARNING - /home/airflow/.local/lib/python3.12/site-packages/mlflow/tracking/_tracking_service/utils.py:140 FutureWarning: Filesystem tracking backend (e.g., './mlruns') is deprecated. Please switch to a database backend (e.g., 'sqlite:///mlflow.db'). For feedback, see: https://github.com/mlflow/mlflow/issues/18534
[2025-11-17T23:54:30.268+0000] {processor.py:840} INFO - DAG(s) 'predictive_pipeline_xgb' retrieved from /opt/airflow/dags/predictive_pipeline_dag.py
[2025-11-17T23:54:30.303+0000] {logging_mixin.py:188} INFO - [2025-11-17T23:54:30.303+0000] {dag.py:3096} INFO - Sync 1 DAGs
[2025-11-17T23:54:30.338+0000] {logging_mixin.py:188} INFO - [2025-11-17T23:54:30.338+0000] {dag.py:3954} INFO - Setting next_dagrun for predictive_pipeline_xgb to 2025-11-16 00:00:00+00:00, run_after=2025-11-23 00:00:00+00:00
[2025-11-17T23:54:30.435+0000] {processor.py:183} INFO - Processing /opt/airflow/dags/predictive_pipeline_dag.py took 2.831 seconds
[2025-11-17T23:57:23.565+0000] {processor.py:161} INFO - Started process (PID=884) to work on /opt/airflow/dags/predictive_pipeline_dag.py
[2025-11-17T23:57:23.567+0000] {processor.py:830} INFO - Processing file /opt/airflow/dags/predictive_pipeline_dag.py for tasks to queue
[2025-11-17T23:57:23.570+0000] {logging_mixin.py:188} INFO - [2025-11-17T23:57:23.570+0000] {dagbag.py:545} INFO - Filling up the DagBag from /opt/airflow/dags/predictive_pipeline_dag.py
[2025-11-17T23:57:29.771+0000] {logging_mixin.py:188} WARNING - /home/airflow/.local/lib/python3.12/site-packages/mlflow/tracking/_tracking_service/utils.py:140 FutureWarning: Filesystem tracking backend (e.g., './mlruns') is deprecated. Please switch to a database backend (e.g., 'sqlite:///mlflow.db'). For feedback, see: https://github.com/mlflow/mlflow/issues/18534
[2025-11-17T23:57:30.876+0000] {processor.py:840} INFO - DAG(s) 'predictive_pipeline_xgb' retrieved from /opt/airflow/dags/predictive_pipeline_dag.py
[2025-11-17T23:57:30.915+0000] {logging_mixin.py:188} INFO - [2025-11-17T23:57:30.915+0000] {dag.py:3096} INFO - Sync 1 DAGs
[2025-11-17T23:57:30.952+0000] {logging_mixin.py:188} INFO - [2025-11-17T23:57:30.952+0000] {dag.py:3954} INFO - Setting next_dagrun for predictive_pipeline_xgb to 2025-11-16 00:00:00+00:00, run_after=2025-11-23 00:00:00+00:00
[2025-11-17T23:57:31.073+0000] {processor.py:183} INFO - Processing /opt/airflow/dags/predictive_pipeline_dag.py took 7.681 seconds
[2025-11-17T23:58:01.339+0000] {processor.py:161} INFO - Started process (PID=894) to work on /opt/airflow/dags/predictive_pipeline_dag.py
[2025-11-17T23:58:01.340+0000] {processor.py:830} INFO - Processing file /opt/airflow/dags/predictive_pipeline_dag.py for tasks to queue
[2025-11-17T23:58:01.343+0000] {logging_mixin.py:188} INFO - [2025-11-17T23:58:01.343+0000] {dagbag.py:545} INFO - Filling up the DagBag from /opt/airflow/dags/predictive_pipeline_dag.py
[2025-11-17T23:58:03.509+0000] {logging_mixin.py:188} WARNING - /home/airflow/.local/lib/python3.12/site-packages/mlflow/tracking/_tracking_service/utils.py:140 FutureWarning: Filesystem tracking backend (e.g., './mlruns') is deprecated. Please switch to a database backend (e.g., 'sqlite:///mlflow.db'). For feedback, see: https://github.com/mlflow/mlflow/issues/18534
[2025-11-17T23:58:04.631+0000] {processor.py:840} INFO - DAG(s) 'predictive_pipeline_xgb' retrieved from /opt/airflow/dags/predictive_pipeline_dag.py
[2025-11-17T23:58:04.682+0000] {logging_mixin.py:188} INFO - [2025-11-17T23:58:04.681+0000] {dag.py:3096} INFO - Sync 1 DAGs
[2025-11-17T23:58:04.733+0000] {logging_mixin.py:188} INFO - [2025-11-17T23:58:04.733+0000] {dag.py:3954} INFO - Setting next_dagrun for predictive_pipeline_xgb to 2025-11-16 00:00:00+00:00, run_after=2025-11-23 00:00:00+00:00
[2025-11-17T23:58:04.838+0000] {processor.py:183} INFO - Processing /opt/airflow/dags/predictive_pipeline_dag.py took 3.512 seconds
[2025-11-17T23:58:35.249+0000] {processor.py:161} INFO - Started process (PID=904) to work on /opt/airflow/dags/predictive_pipeline_dag.py
[2025-11-17T23:58:35.250+0000] {processor.py:830} INFO - Processing file /opt/airflow/dags/predictive_pipeline_dag.py for tasks to queue
[2025-11-17T23:58:35.251+0000] {logging_mixin.py:188} INFO - [2025-11-17T23:58:35.251+0000] {dagbag.py:545} INFO - Filling up the DagBag from /opt/airflow/dags/predictive_pipeline_dag.py
[2025-11-17T23:58:37.204+0000] {logging_mixin.py:188} WARNING - /home/airflow/.local/lib/python3.12/site-packages/mlflow/tracking/_tracking_service/utils.py:140 FutureWarning: Filesystem tracking backend (e.g., './mlruns') is deprecated. Please switch to a database backend (e.g., 'sqlite:///mlflow.db'). For feedback, see: https://github.com/mlflow/mlflow/issues/18534
[2025-11-17T23:58:38.036+0000] {processor.py:840} INFO - DAG(s) 'predictive_pipeline_xgb' retrieved from /opt/airflow/dags/predictive_pipeline_dag.py
[2025-11-17T23:58:38.073+0000] {logging_mixin.py:188} INFO - [2025-11-17T23:58:38.070+0000] {dag.py:3096} INFO - Sync 1 DAGs
[2025-11-17T23:58:38.099+0000] {logging_mixin.py:188} INFO - [2025-11-17T23:58:38.099+0000] {dag.py:3954} INFO - Setting next_dagrun for predictive_pipeline_xgb to 2025-11-16 00:00:00+00:00, run_after=2025-11-23 00:00:00+00:00
[2025-11-17T23:58:38.180+0000] {processor.py:183} INFO - Processing /opt/airflow/dags/predictive_pipeline_dag.py took 2.938 seconds
[2025-11-17T23:59:08.460+0000] {processor.py:161} INFO - Started process (PID=914) to work on /opt/airflow/dags/predictive_pipeline_dag.py
[2025-11-17T23:59:08.461+0000] {processor.py:830} INFO - Processing file /opt/airflow/dags/predictive_pipeline_dag.py for tasks to queue
[2025-11-17T23:59:08.465+0000] {logging_mixin.py:188} INFO - [2025-11-17T23:59:08.464+0000] {dagbag.py:545} INFO - Filling up the DagBag from /opt/airflow/dags/predictive_pipeline_dag.py
[2025-11-17T23:59:10.665+0000] {logging_mixin.py:188} WARNING - /home/airflow/.local/lib/python3.12/site-packages/mlflow/tracking/_tracking_service/utils.py:140 FutureWarning: Filesystem tracking backend (e.g., './mlruns') is deprecated. Please switch to a database backend (e.g., 'sqlite:///mlflow.db'). For feedback, see: https://github.com/mlflow/mlflow/issues/18534
[2025-11-17T23:59:11.557+0000] {processor.py:840} INFO - DAG(s) 'predictive_pipeline_xgb' retrieved from /opt/airflow/dags/predictive_pipeline_dag.py
[2025-11-17T23:59:11.585+0000] {logging_mixin.py:188} INFO - [2025-11-17T23:59:11.584+0000] {dag.py:3096} INFO - Sync 1 DAGs
[2025-11-17T23:59:11.606+0000] {logging_mixin.py:188} INFO - [2025-11-17T23:59:11.606+0000] {dag.py:3954} INFO - Setting next_dagrun for predictive_pipeline_xgb to 2025-11-16 00:00:00+00:00, run_after=2025-11-23 00:00:00+00:00
[2025-11-17T23:59:11.696+0000] {processor.py:183} INFO - Processing /opt/airflow/dags/predictive_pipeline_dag.py took 3.255 seconds
[2025-11-17T23:59:41.825+0000] {processor.py:161} INFO - Started process (PID=924) to work on /opt/airflow/dags/predictive_pipeline_dag.py
[2025-11-17T23:59:41.828+0000] {processor.py:830} INFO - Processing file /opt/airflow/dags/predictive_pipeline_dag.py for tasks to queue
[2025-11-17T23:59:41.834+0000] {logging_mixin.py:188} INFO - [2025-11-17T23:59:41.833+0000] {dagbag.py:545} INFO - Filling up the DagBag from /opt/airflow/dags/predictive_pipeline_dag.py
[2025-11-17T23:59:44.540+0000] {logging_mixin.py:188} WARNING - /home/airflow/.local/lib/python3.12/site-packages/mlflow/tracking/_tracking_service/utils.py:140 FutureWarning: Filesystem tracking backend (e.g., './mlruns') is deprecated. Please switch to a database backend (e.g., 'sqlite:///mlflow.db'). For feedback, see: https://github.com/mlflow/mlflow/issues/18534
[2025-11-17T23:59:45.501+0000] {processor.py:840} INFO - DAG(s) 'predictive_pipeline_xgb' retrieved from /opt/airflow/dags/predictive_pipeline_dag.py
[2025-11-17T23:59:45.540+0000] {logging_mixin.py:188} INFO - [2025-11-17T23:59:45.539+0000] {dag.py:3096} INFO - Sync 1 DAGs
[2025-11-17T23:59:45.571+0000] {logging_mixin.py:188} INFO - [2025-11-17T23:59:45.571+0000] {dag.py:3954} INFO - Setting next_dagrun for predictive_pipeline_xgb to 2025-11-16 00:00:00+00:00, run_after=2025-11-23 00:00:00+00:00
[2025-11-17T23:59:45.656+0000] {processor.py:183} INFO - Processing /opt/airflow/dags/predictive_pipeline_dag.py took 3.852 seconds
