[2025-11-20T00:00:29.898+0000] {processor.py:161} INFO - Started process (PID=469) to work on /opt/airflow/dags/predictive_pipeline_dag.py
[2025-11-20T00:00:29.899+0000] {processor.py:830} INFO - Processing file /opt/airflow/dags/predictive_pipeline_dag.py for tasks to queue
[2025-11-20T00:00:29.901+0000] {logging_mixin.py:188} INFO - [2025-11-20T00:00:29.900+0000] {dagbag.py:545} INFO - Filling up the DagBag from /opt/airflow/dags/predictive_pipeline_dag.py
[2025-11-20T00:00:31.759+0000] {logging_mixin.py:188} WARNING - /home/airflow/.local/lib/python3.12/site-packages/mlflow/tracking/_tracking_service/utils.py:140 FutureWarning: Filesystem tracking backend (e.g., './mlruns') is deprecated. Please switch to a database backend (e.g., 'sqlite:///mlflow.db'). For feedback, see: https://github.com/mlflow/mlflow/issues/18534
[2025-11-20T00:00:32.564+0000] {processor.py:840} INFO - DAG(s) 'predictive_pipeline_xgb' retrieved from /opt/airflow/dags/predictive_pipeline_dag.py
[2025-11-20T00:00:32.671+0000] {logging_mixin.py:188} INFO - [2025-11-20T00:00:32.671+0000] {dag.py:3096} INFO - Sync 1 DAGs
[2025-11-20T00:00:32.692+0000] {logging_mixin.py:188} INFO - [2025-11-20T00:00:32.691+0000] {dag.py:3954} INFO - Setting next_dagrun for predictive_pipeline_xgb to 2025-11-23 00:00:00+00:00, run_after=2025-11-30 00:00:00+00:00
[2025-11-20T00:00:32.748+0000] {processor.py:183} INFO - Processing /opt/airflow/dags/predictive_pipeline_dag.py took 2.857 seconds
[2025-11-20T00:01:03.033+0000] {processor.py:161} INFO - Started process (PID=479) to work on /opt/airflow/dags/predictive_pipeline_dag.py
[2025-11-20T00:01:03.034+0000] {processor.py:830} INFO - Processing file /opt/airflow/dags/predictive_pipeline_dag.py for tasks to queue
[2025-11-20T00:01:03.036+0000] {logging_mixin.py:188} INFO - [2025-11-20T00:01:03.035+0000] {dagbag.py:545} INFO - Filling up the DagBag from /opt/airflow/dags/predictive_pipeline_dag.py
[2025-11-20T00:01:05.345+0000] {logging_mixin.py:188} WARNING - /home/airflow/.local/lib/python3.12/site-packages/mlflow/tracking/_tracking_service/utils.py:140 FutureWarning: Filesystem tracking backend (e.g., './mlruns') is deprecated. Please switch to a database backend (e.g., 'sqlite:///mlflow.db'). For feedback, see: https://github.com/mlflow/mlflow/issues/18534
[2025-11-20T00:01:06.205+0000] {processor.py:840} INFO - DAG(s) 'predictive_pipeline_xgb' retrieved from /opt/airflow/dags/predictive_pipeline_dag.py
[2025-11-20T00:01:06.232+0000] {logging_mixin.py:188} INFO - [2025-11-20T00:01:06.230+0000] {dag.py:3096} INFO - Sync 1 DAGs
[2025-11-20T00:01:06.257+0000] {logging_mixin.py:188} INFO - [2025-11-20T00:01:06.257+0000] {dag.py:3954} INFO - Setting next_dagrun for predictive_pipeline_xgb to 2025-11-23 00:00:00+00:00, run_after=2025-11-30 00:00:00+00:00
[2025-11-20T00:01:06.312+0000] {processor.py:183} INFO - Processing /opt/airflow/dags/predictive_pipeline_dag.py took 3.286 seconds
[2025-11-20T00:01:36.587+0000] {processor.py:161} INFO - Started process (PID=489) to work on /opt/airflow/dags/predictive_pipeline_dag.py
[2025-11-20T00:01:36.588+0000] {processor.py:830} INFO - Processing file /opt/airflow/dags/predictive_pipeline_dag.py for tasks to queue
[2025-11-20T00:01:36.591+0000] {logging_mixin.py:188} INFO - [2025-11-20T00:01:36.591+0000] {dagbag.py:545} INFO - Filling up the DagBag from /opt/airflow/dags/predictive_pipeline_dag.py
[2025-11-20T00:01:38.723+0000] {logging_mixin.py:188} WARNING - /home/airflow/.local/lib/python3.12/site-packages/mlflow/tracking/_tracking_service/utils.py:140 FutureWarning: Filesystem tracking backend (e.g., './mlruns') is deprecated. Please switch to a database backend (e.g., 'sqlite:///mlflow.db'). For feedback, see: https://github.com/mlflow/mlflow/issues/18534
[2025-11-20T00:01:39.696+0000] {processor.py:840} INFO - DAG(s) 'predictive_pipeline_xgb' retrieved from /opt/airflow/dags/predictive_pipeline_dag.py
[2025-11-20T00:01:39.725+0000] {logging_mixin.py:188} INFO - [2025-11-20T00:01:39.723+0000] {dag.py:3096} INFO - Sync 1 DAGs
[2025-11-20T00:01:39.747+0000] {logging_mixin.py:188} INFO - [2025-11-20T00:01:39.746+0000] {dag.py:3954} INFO - Setting next_dagrun for predictive_pipeline_xgb to 2025-11-23 00:00:00+00:00, run_after=2025-11-30 00:00:00+00:00
[2025-11-20T00:01:39.805+0000] {processor.py:183} INFO - Processing /opt/airflow/dags/predictive_pipeline_dag.py took 3.226 seconds
[2025-11-20T00:02:10.156+0000] {processor.py:161} INFO - Started process (PID=499) to work on /opt/airflow/dags/predictive_pipeline_dag.py
[2025-11-20T00:02:10.157+0000] {processor.py:830} INFO - Processing file /opt/airflow/dags/predictive_pipeline_dag.py for tasks to queue
[2025-11-20T00:02:10.159+0000] {logging_mixin.py:188} INFO - [2025-11-20T00:02:10.159+0000] {dagbag.py:545} INFO - Filling up the DagBag from /opt/airflow/dags/predictive_pipeline_dag.py
[2025-11-20T00:02:12.001+0000] {logging_mixin.py:188} WARNING - /home/airflow/.local/lib/python3.12/site-packages/mlflow/tracking/_tracking_service/utils.py:140 FutureWarning: Filesystem tracking backend (e.g., './mlruns') is deprecated. Please switch to a database backend (e.g., 'sqlite:///mlflow.db'). For feedback, see: https://github.com/mlflow/mlflow/issues/18534
[2025-11-20T00:02:12.935+0000] {processor.py:840} INFO - DAG(s) 'predictive_pipeline_xgb' retrieved from /opt/airflow/dags/predictive_pipeline_dag.py
[2025-11-20T00:02:12.974+0000] {logging_mixin.py:188} INFO - [2025-11-20T00:02:12.974+0000] {dag.py:3096} INFO - Sync 1 DAGs
[2025-11-20T00:02:13.011+0000] {logging_mixin.py:188} INFO - [2025-11-20T00:02:13.010+0000] {dag.py:3954} INFO - Setting next_dagrun for predictive_pipeline_xgb to 2025-11-23 00:00:00+00:00, run_after=2025-11-30 00:00:00+00:00
[2025-11-20T00:02:13.106+0000] {processor.py:183} INFO - Processing /opt/airflow/dags/predictive_pipeline_dag.py took 2.956 seconds
[2025-11-20T00:02:43.466+0000] {processor.py:161} INFO - Started process (PID=509) to work on /opt/airflow/dags/predictive_pipeline_dag.py
[2025-11-20T00:02:43.476+0000] {processor.py:830} INFO - Processing file /opt/airflow/dags/predictive_pipeline_dag.py for tasks to queue
[2025-11-20T00:02:43.479+0000] {logging_mixin.py:188} INFO - [2025-11-20T00:02:43.478+0000] {dagbag.py:545} INFO - Filling up the DagBag from /opt/airflow/dags/predictive_pipeline_dag.py
[2025-11-20T00:02:45.600+0000] {logging_mixin.py:188} WARNING - /home/airflow/.local/lib/python3.12/site-packages/mlflow/tracking/_tracking_service/utils.py:140 FutureWarning: Filesystem tracking backend (e.g., './mlruns') is deprecated. Please switch to a database backend (e.g., 'sqlite:///mlflow.db'). For feedback, see: https://github.com/mlflow/mlflow/issues/18534
[2025-11-20T00:02:46.275+0000] {processor.py:840} INFO - DAG(s) 'predictive_pipeline_xgb' retrieved from /opt/airflow/dags/predictive_pipeline_dag.py
[2025-11-20T00:02:46.399+0000] {logging_mixin.py:188} INFO - [2025-11-20T00:02:46.399+0000] {dag.py:3096} INFO - Sync 1 DAGs
[2025-11-20T00:02:46.421+0000] {logging_mixin.py:188} INFO - [2025-11-20T00:02:46.421+0000] {dag.py:3954} INFO - Setting next_dagrun for predictive_pipeline_xgb to 2025-11-23 00:00:00+00:00, run_after=2025-11-30 00:00:00+00:00
[2025-11-20T00:02:46.476+0000] {processor.py:183} INFO - Processing /opt/airflow/dags/predictive_pipeline_dag.py took 3.022 seconds
[2025-11-20T00:03:16.811+0000] {processor.py:161} INFO - Started process (PID=519) to work on /opt/airflow/dags/predictive_pipeline_dag.py
[2025-11-20T00:03:16.812+0000] {processor.py:830} INFO - Processing file /opt/airflow/dags/predictive_pipeline_dag.py for tasks to queue
[2025-11-20T00:03:16.814+0000] {logging_mixin.py:188} INFO - [2025-11-20T00:03:16.814+0000] {dagbag.py:545} INFO - Filling up the DagBag from /opt/airflow/dags/predictive_pipeline_dag.py
[2025-11-20T00:03:18.785+0000] {logging_mixin.py:188} WARNING - /home/airflow/.local/lib/python3.12/site-packages/mlflow/tracking/_tracking_service/utils.py:140 FutureWarning: Filesystem tracking backend (e.g., './mlruns') is deprecated. Please switch to a database backend (e.g., 'sqlite:///mlflow.db'). For feedback, see: https://github.com/mlflow/mlflow/issues/18534
[2025-11-20T00:03:19.596+0000] {processor.py:840} INFO - DAG(s) 'predictive_pipeline_xgb' retrieved from /opt/airflow/dags/predictive_pipeline_dag.py
[2025-11-20T00:03:19.626+0000] {logging_mixin.py:188} INFO - [2025-11-20T00:03:19.625+0000] {dag.py:3096} INFO - Sync 1 DAGs
[2025-11-20T00:03:19.651+0000] {logging_mixin.py:188} INFO - [2025-11-20T00:03:19.651+0000] {dag.py:3954} INFO - Setting next_dagrun for predictive_pipeline_xgb to 2025-11-23 00:00:00+00:00, run_after=2025-11-30 00:00:00+00:00
[2025-11-20T00:03:19.699+0000] {processor.py:183} INFO - Processing /opt/airflow/dags/predictive_pipeline_dag.py took 2.874 seconds
[2025-11-20T00:03:49.985+0000] {processor.py:161} INFO - Started process (PID=529) to work on /opt/airflow/dags/predictive_pipeline_dag.py
[2025-11-20T00:03:49.986+0000] {processor.py:830} INFO - Processing file /opt/airflow/dags/predictive_pipeline_dag.py for tasks to queue
[2025-11-20T00:03:49.989+0000] {logging_mixin.py:188} INFO - [2025-11-20T00:03:49.988+0000] {dagbag.py:545} INFO - Filling up the DagBag from /opt/airflow/dags/predictive_pipeline_dag.py
[2025-11-20T00:03:52.322+0000] {logging_mixin.py:188} WARNING - /home/airflow/.local/lib/python3.12/site-packages/mlflow/tracking/_tracking_service/utils.py:140 FutureWarning: Filesystem tracking backend (e.g., './mlruns') is deprecated. Please switch to a database backend (e.g., 'sqlite:///mlflow.db'). For feedback, see: https://github.com/mlflow/mlflow/issues/18534
[2025-11-20T00:03:53.115+0000] {processor.py:840} INFO - DAG(s) 'predictive_pipeline_xgb' retrieved from /opt/airflow/dags/predictive_pipeline_dag.py
[2025-11-20T00:03:53.144+0000] {logging_mixin.py:188} INFO - [2025-11-20T00:03:53.144+0000] {dag.py:3096} INFO - Sync 1 DAGs
[2025-11-20T00:03:53.166+0000] {logging_mixin.py:188} INFO - [2025-11-20T00:03:53.166+0000] {dag.py:3954} INFO - Setting next_dagrun for predictive_pipeline_xgb to 2025-11-23 00:00:00+00:00, run_after=2025-11-30 00:00:00+00:00
[2025-11-20T00:03:53.220+0000] {processor.py:183} INFO - Processing /opt/airflow/dags/predictive_pipeline_dag.py took 3.243 seconds
[2025-11-20T00:04:23.524+0000] {processor.py:161} INFO - Started process (PID=539) to work on /opt/airflow/dags/predictive_pipeline_dag.py
[2025-11-20T00:04:23.525+0000] {processor.py:830} INFO - Processing file /opt/airflow/dags/predictive_pipeline_dag.py for tasks to queue
[2025-11-20T00:04:23.527+0000] {logging_mixin.py:188} INFO - [2025-11-20T00:04:23.526+0000] {dagbag.py:545} INFO - Filling up the DagBag from /opt/airflow/dags/predictive_pipeline_dag.py
[2025-11-20T00:04:25.580+0000] {logging_mixin.py:188} WARNING - /home/airflow/.local/lib/python3.12/site-packages/mlflow/tracking/_tracking_service/utils.py:140 FutureWarning: Filesystem tracking backend (e.g., './mlruns') is deprecated. Please switch to a database backend (e.g., 'sqlite:///mlflow.db'). For feedback, see: https://github.com/mlflow/mlflow/issues/18534
[2025-11-20T00:04:26.374+0000] {processor.py:840} INFO - DAG(s) 'predictive_pipeline_xgb' retrieved from /opt/airflow/dags/predictive_pipeline_dag.py
[2025-11-20T00:04:26.400+0000] {logging_mixin.py:188} INFO - [2025-11-20T00:04:26.399+0000] {dag.py:3096} INFO - Sync 1 DAGs
[2025-11-20T00:04:26.425+0000] {logging_mixin.py:188} INFO - [2025-11-20T00:04:26.425+0000] {dag.py:3954} INFO - Setting next_dagrun for predictive_pipeline_xgb to 2025-11-23 00:00:00+00:00, run_after=2025-11-30 00:00:00+00:00
[2025-11-20T00:04:26.483+0000] {processor.py:183} INFO - Processing /opt/airflow/dags/predictive_pipeline_dag.py took 2.966 seconds
[2025-11-20T00:04:56.813+0000] {processor.py:161} INFO - Started process (PID=549) to work on /opt/airflow/dags/predictive_pipeline_dag.py
[2025-11-20T00:04:56.815+0000] {processor.py:830} INFO - Processing file /opt/airflow/dags/predictive_pipeline_dag.py for tasks to queue
[2025-11-20T00:04:56.818+0000] {logging_mixin.py:188} INFO - [2025-11-20T00:04:56.818+0000] {dagbag.py:545} INFO - Filling up the DagBag from /opt/airflow/dags/predictive_pipeline_dag.py
[2025-11-20T00:04:58.779+0000] {logging_mixin.py:188} WARNING - /home/airflow/.local/lib/python3.12/site-packages/mlflow/tracking/_tracking_service/utils.py:140 FutureWarning: Filesystem tracking backend (e.g., './mlruns') is deprecated. Please switch to a database backend (e.g., 'sqlite:///mlflow.db'). For feedback, see: https://github.com/mlflow/mlflow/issues/18534
[2025-11-20T00:04:59.529+0000] {processor.py:840} INFO - DAG(s) 'predictive_pipeline_xgb' retrieved from /opt/airflow/dags/predictive_pipeline_dag.py
[2025-11-20T00:04:59.553+0000] {logging_mixin.py:188} INFO - [2025-11-20T00:04:59.553+0000] {dag.py:3096} INFO - Sync 1 DAGs
[2025-11-20T00:04:59.577+0000] {logging_mixin.py:188} INFO - [2025-11-20T00:04:59.576+0000] {dag.py:3954} INFO - Setting next_dagrun for predictive_pipeline_xgb to 2025-11-23 00:00:00+00:00, run_after=2025-11-30 00:00:00+00:00
[2025-11-20T00:04:59.630+0000] {processor.py:183} INFO - Processing /opt/airflow/dags/predictive_pipeline_dag.py took 2.825 seconds
[2025-11-20T00:05:29.912+0000] {processor.py:161} INFO - Started process (PID=559) to work on /opt/airflow/dags/predictive_pipeline_dag.py
[2025-11-20T00:05:29.913+0000] {processor.py:830} INFO - Processing file /opt/airflow/dags/predictive_pipeline_dag.py for tasks to queue
[2025-11-20T00:05:29.915+0000] {logging_mixin.py:188} INFO - [2025-11-20T00:05:29.915+0000] {dagbag.py:545} INFO - Filling up the DagBag from /opt/airflow/dags/predictive_pipeline_dag.py
[2025-11-20T00:05:31.758+0000] {logging_mixin.py:188} WARNING - /home/airflow/.local/lib/python3.12/site-packages/mlflow/tracking/_tracking_service/utils.py:140 FutureWarning: Filesystem tracking backend (e.g., './mlruns') is deprecated. Please switch to a database backend (e.g., 'sqlite:///mlflow.db'). For feedback, see: https://github.com/mlflow/mlflow/issues/18534
[2025-11-20T00:05:32.623+0000] {processor.py:840} INFO - DAG(s) 'predictive_pipeline_xgb' retrieved from /opt/airflow/dags/predictive_pipeline_dag.py
[2025-11-20T00:05:32.646+0000] {logging_mixin.py:188} INFO - [2025-11-20T00:05:32.645+0000] {dag.py:3096} INFO - Sync 1 DAGs
[2025-11-20T00:05:32.667+0000] {logging_mixin.py:188} INFO - [2025-11-20T00:05:32.667+0000] {dag.py:3954} INFO - Setting next_dagrun for predictive_pipeline_xgb to 2025-11-23 00:00:00+00:00, run_after=2025-11-30 00:00:00+00:00
[2025-11-20T00:05:32.714+0000] {processor.py:183} INFO - Processing /opt/airflow/dags/predictive_pipeline_dag.py took 2.808 seconds
[2025-11-20T00:06:03.030+0000] {processor.py:161} INFO - Started process (PID=569) to work on /opt/airflow/dags/predictive_pipeline_dag.py
[2025-11-20T00:06:03.031+0000] {processor.py:830} INFO - Processing file /opt/airflow/dags/predictive_pipeline_dag.py for tasks to queue
[2025-11-20T00:06:03.032+0000] {logging_mixin.py:188} INFO - [2025-11-20T00:06:03.032+0000] {dagbag.py:545} INFO - Filling up the DagBag from /opt/airflow/dags/predictive_pipeline_dag.py
[2025-11-20T00:06:04.881+0000] {logging_mixin.py:188} WARNING - /home/airflow/.local/lib/python3.12/site-packages/mlflow/tracking/_tracking_service/utils.py:140 FutureWarning: Filesystem tracking backend (e.g., './mlruns') is deprecated. Please switch to a database backend (e.g., 'sqlite:///mlflow.db'). For feedback, see: https://github.com/mlflow/mlflow/issues/18534
[2025-11-20T00:06:05.639+0000] {processor.py:840} INFO - DAG(s) 'predictive_pipeline_xgb' retrieved from /opt/airflow/dags/predictive_pipeline_dag.py
[2025-11-20T00:06:05.663+0000] {logging_mixin.py:188} INFO - [2025-11-20T00:06:05.662+0000] {dag.py:3096} INFO - Sync 1 DAGs
[2025-11-20T00:06:05.684+0000] {logging_mixin.py:188} INFO - [2025-11-20T00:06:05.684+0000] {dag.py:3954} INFO - Setting next_dagrun for predictive_pipeline_xgb to 2025-11-23 00:00:00+00:00, run_after=2025-11-30 00:00:00+00:00
[2025-11-20T00:06:05.750+0000] {processor.py:183} INFO - Processing /opt/airflow/dags/predictive_pipeline_dag.py took 2.727 seconds
[2025-11-20T00:06:36.050+0000] {processor.py:161} INFO - Started process (PID=579) to work on /opt/airflow/dags/predictive_pipeline_dag.py
[2025-11-20T00:06:36.052+0000] {processor.py:830} INFO - Processing file /opt/airflow/dags/predictive_pipeline_dag.py for tasks to queue
[2025-11-20T00:06:36.055+0000] {logging_mixin.py:188} INFO - [2025-11-20T00:06:36.054+0000] {dagbag.py:545} INFO - Filling up the DagBag from /opt/airflow/dags/predictive_pipeline_dag.py
[2025-11-20T00:06:38.084+0000] {logging_mixin.py:188} WARNING - /home/airflow/.local/lib/python3.12/site-packages/mlflow/tracking/_tracking_service/utils.py:140 FutureWarning: Filesystem tracking backend (e.g., './mlruns') is deprecated. Please switch to a database backend (e.g., 'sqlite:///mlflow.db'). For feedback, see: https://github.com/mlflow/mlflow/issues/18534
[2025-11-20T00:06:38.973+0000] {processor.py:840} INFO - DAG(s) 'predictive_pipeline_xgb' retrieved from /opt/airflow/dags/predictive_pipeline_dag.py
[2025-11-20T00:06:38.998+0000] {logging_mixin.py:188} INFO - [2025-11-20T00:06:38.996+0000] {dag.py:3096} INFO - Sync 1 DAGs
[2025-11-20T00:06:39.023+0000] {logging_mixin.py:188} INFO - [2025-11-20T00:06:39.022+0000] {dag.py:3954} INFO - Setting next_dagrun for predictive_pipeline_xgb to 2025-11-23 00:00:00+00:00, run_after=2025-11-30 00:00:00+00:00
[2025-11-20T00:06:39.076+0000] {processor.py:183} INFO - Processing /opt/airflow/dags/predictive_pipeline_dag.py took 3.035 seconds
[2025-11-20T00:07:09.371+0000] {processor.py:161} INFO - Started process (PID=589) to work on /opt/airflow/dags/predictive_pipeline_dag.py
[2025-11-20T00:07:09.372+0000] {processor.py:830} INFO - Processing file /opt/airflow/dags/predictive_pipeline_dag.py for tasks to queue
[2025-11-20T00:07:09.374+0000] {logging_mixin.py:188} INFO - [2025-11-20T00:07:09.373+0000] {dagbag.py:545} INFO - Filling up the DagBag from /opt/airflow/dags/predictive_pipeline_dag.py
[2025-11-20T00:07:11.664+0000] {logging_mixin.py:188} WARNING - /home/airflow/.local/lib/python3.12/site-packages/mlflow/tracking/_tracking_service/utils.py:140 FutureWarning: Filesystem tracking backend (e.g., './mlruns') is deprecated. Please switch to a database backend (e.g., 'sqlite:///mlflow.db'). For feedback, see: https://github.com/mlflow/mlflow/issues/18534
[2025-11-20T00:07:12.497+0000] {processor.py:840} INFO - DAG(s) 'predictive_pipeline_xgb' retrieved from /opt/airflow/dags/predictive_pipeline_dag.py
[2025-11-20T00:07:12.521+0000] {logging_mixin.py:188} INFO - [2025-11-20T00:07:12.520+0000] {dag.py:3096} INFO - Sync 1 DAGs
[2025-11-20T00:07:12.542+0000] {logging_mixin.py:188} INFO - [2025-11-20T00:07:12.541+0000] {dag.py:3954} INFO - Setting next_dagrun for predictive_pipeline_xgb to 2025-11-23 00:00:00+00:00, run_after=2025-11-30 00:00:00+00:00
[2025-11-20T00:07:12.589+0000] {processor.py:183} INFO - Processing /opt/airflow/dags/predictive_pipeline_dag.py took 3.225 seconds
[2025-11-20T00:07:42.919+0000] {processor.py:161} INFO - Started process (PID=599) to work on /opt/airflow/dags/predictive_pipeline_dag.py
[2025-11-20T00:07:42.920+0000] {processor.py:830} INFO - Processing file /opt/airflow/dags/predictive_pipeline_dag.py for tasks to queue
[2025-11-20T00:07:42.923+0000] {logging_mixin.py:188} INFO - [2025-11-20T00:07:42.922+0000] {dagbag.py:545} INFO - Filling up the DagBag from /opt/airflow/dags/predictive_pipeline_dag.py
[2025-11-20T00:07:44.965+0000] {logging_mixin.py:188} WARNING - /home/airflow/.local/lib/python3.12/site-packages/mlflow/tracking/_tracking_service/utils.py:140 FutureWarning: Filesystem tracking backend (e.g., './mlruns') is deprecated. Please switch to a database backend (e.g., 'sqlite:///mlflow.db'). For feedback, see: https://github.com/mlflow/mlflow/issues/18534
[2025-11-20T00:07:45.676+0000] {processor.py:840} INFO - DAG(s) 'predictive_pipeline_xgb' retrieved from /opt/airflow/dags/predictive_pipeline_dag.py
[2025-11-20T00:07:45.807+0000] {logging_mixin.py:188} INFO - [2025-11-20T00:07:45.807+0000] {dag.py:3096} INFO - Sync 1 DAGs
[2025-11-20T00:07:45.830+0000] {logging_mixin.py:188} INFO - [2025-11-20T00:07:45.830+0000] {dag.py:3954} INFO - Setting next_dagrun for predictive_pipeline_xgb to 2025-11-23 00:00:00+00:00, run_after=2025-11-30 00:00:00+00:00
[2025-11-20T00:07:45.883+0000] {processor.py:183} INFO - Processing /opt/airflow/dags/predictive_pipeline_dag.py took 2.977 seconds
[2025-11-20T00:08:16.152+0000] {processor.py:161} INFO - Started process (PID=609) to work on /opt/airflow/dags/predictive_pipeline_dag.py
[2025-11-20T00:08:16.153+0000] {processor.py:830} INFO - Processing file /opt/airflow/dags/predictive_pipeline_dag.py for tasks to queue
[2025-11-20T00:08:16.155+0000] {logging_mixin.py:188} INFO - [2025-11-20T00:08:16.155+0000] {dagbag.py:545} INFO - Filling up the DagBag from /opt/airflow/dags/predictive_pipeline_dag.py
[2025-11-20T00:08:17.996+0000] {logging_mixin.py:188} WARNING - /home/airflow/.local/lib/python3.12/site-packages/mlflow/tracking/_tracking_service/utils.py:140 FutureWarning: Filesystem tracking backend (e.g., './mlruns') is deprecated. Please switch to a database backend (e.g., 'sqlite:///mlflow.db'). For feedback, see: https://github.com/mlflow/mlflow/issues/18534
[2025-11-20T00:08:18.834+0000] {processor.py:840} INFO - DAG(s) 'predictive_pipeline_xgb' retrieved from /opt/airflow/dags/predictive_pipeline_dag.py
[2025-11-20T00:08:18.858+0000] {logging_mixin.py:188} INFO - [2025-11-20T00:08:18.857+0000] {dag.py:3096} INFO - Sync 1 DAGs
[2025-11-20T00:08:18.878+0000] {logging_mixin.py:188} INFO - [2025-11-20T00:08:18.878+0000] {dag.py:3954} INFO - Setting next_dagrun for predictive_pipeline_xgb to 2025-11-23 00:00:00+00:00, run_after=2025-11-30 00:00:00+00:00
[2025-11-20T00:08:18.926+0000] {processor.py:183} INFO - Processing /opt/airflow/dags/predictive_pipeline_dag.py took 2.754 seconds
[2025-11-20T00:08:49.215+0000] {processor.py:161} INFO - Started process (PID=619) to work on /opt/airflow/dags/predictive_pipeline_dag.py
[2025-11-20T00:08:49.216+0000] {processor.py:830} INFO - Processing file /opt/airflow/dags/predictive_pipeline_dag.py for tasks to queue
[2025-11-20T00:08:49.218+0000] {logging_mixin.py:188} INFO - [2025-11-20T00:08:49.217+0000] {dagbag.py:545} INFO - Filling up the DagBag from /opt/airflow/dags/predictive_pipeline_dag.py
[2025-11-20T00:08:51.006+0000] {logging_mixin.py:188} WARNING - /home/airflow/.local/lib/python3.12/site-packages/mlflow/tracking/_tracking_service/utils.py:140 FutureWarning: Filesystem tracking backend (e.g., './mlruns') is deprecated. Please switch to a database backend (e.g., 'sqlite:///mlflow.db'). For feedback, see: https://github.com/mlflow/mlflow/issues/18534
[2025-11-20T00:08:51.763+0000] {processor.py:840} INFO - DAG(s) 'predictive_pipeline_xgb' retrieved from /opt/airflow/dags/predictive_pipeline_dag.py
[2025-11-20T00:08:51.787+0000] {logging_mixin.py:188} INFO - [2025-11-20T00:08:51.786+0000] {dag.py:3096} INFO - Sync 1 DAGs
[2025-11-20T00:08:51.809+0000] {logging_mixin.py:188} INFO - [2025-11-20T00:08:51.809+0000] {dag.py:3954} INFO - Setting next_dagrun for predictive_pipeline_xgb to 2025-11-23 00:00:00+00:00, run_after=2025-11-30 00:00:00+00:00
[2025-11-20T00:08:51.858+0000] {processor.py:183} INFO - Processing /opt/airflow/dags/predictive_pipeline_dag.py took 2.649 seconds
[2025-11-20T00:09:22.142+0000] {processor.py:161} INFO - Started process (PID=629) to work on /opt/airflow/dags/predictive_pipeline_dag.py
[2025-11-20T00:09:22.143+0000] {processor.py:830} INFO - Processing file /opt/airflow/dags/predictive_pipeline_dag.py for tasks to queue
[2025-11-20T00:09:22.145+0000] {logging_mixin.py:188} INFO - [2025-11-20T00:09:22.145+0000] {dagbag.py:545} INFO - Filling up the DagBag from /opt/airflow/dags/predictive_pipeline_dag.py
[2025-11-20T00:09:24.068+0000] {logging_mixin.py:188} WARNING - /home/airflow/.local/lib/python3.12/site-packages/mlflow/tracking/_tracking_service/utils.py:140 FutureWarning: Filesystem tracking backend (e.g., './mlruns') is deprecated. Please switch to a database backend (e.g., 'sqlite:///mlflow.db'). For feedback, see: https://github.com/mlflow/mlflow/issues/18534
[2025-11-20T00:09:24.881+0000] {processor.py:840} INFO - DAG(s) 'predictive_pipeline_xgb' retrieved from /opt/airflow/dags/predictive_pipeline_dag.py
[2025-11-20T00:09:24.907+0000] {logging_mixin.py:188} INFO - [2025-11-20T00:09:24.907+0000] {dag.py:3096} INFO - Sync 1 DAGs
[2025-11-20T00:09:24.929+0000] {logging_mixin.py:188} INFO - [2025-11-20T00:09:24.929+0000] {dag.py:3954} INFO - Setting next_dagrun for predictive_pipeline_xgb to 2025-11-23 00:00:00+00:00, run_after=2025-11-30 00:00:00+00:00
[2025-11-20T00:09:24.979+0000] {processor.py:183} INFO - Processing /opt/airflow/dags/predictive_pipeline_dag.py took 2.842 seconds
[2025-11-20T00:35:06.065+0000] {processor.py:161} INFO - Started process (PID=639) to work on /opt/airflow/dags/predictive_pipeline_dag.py
[2025-11-20T00:35:06.067+0000] {processor.py:830} INFO - Processing file /opt/airflow/dags/predictive_pipeline_dag.py for tasks to queue
[2025-11-20T00:35:06.072+0000] {logging_mixin.py:188} INFO - [2025-11-20T00:35:06.071+0000] {dagbag.py:545} INFO - Filling up the DagBag from /opt/airflow/dags/predictive_pipeline_dag.py
[2025-11-20T00:35:10.780+0000] {logging_mixin.py:188} WARNING - /home/airflow/.local/lib/python3.12/site-packages/mlflow/tracking/_tracking_service/utils.py:140 FutureWarning: Filesystem tracking backend (e.g., './mlruns') is deprecated. Please switch to a database backend (e.g., 'sqlite:///mlflow.db'). For feedback, see: https://github.com/mlflow/mlflow/issues/18534
[2025-11-20T00:35:12.285+0000] {processor.py:840} INFO - DAG(s) 'predictive_pipeline_xgb' retrieved from /opt/airflow/dags/predictive_pipeline_dag.py
[2025-11-20T00:35:12.339+0000] {logging_mixin.py:188} INFO - [2025-11-20T00:35:12.338+0000] {dag.py:3096} INFO - Sync 1 DAGs
[2025-11-20T00:35:12.386+0000] {logging_mixin.py:188} INFO - [2025-11-20T00:35:12.386+0000] {dag.py:3954} INFO - Setting next_dagrun for predictive_pipeline_xgb to 2025-11-23 00:00:00+00:00, run_after=2025-11-30 00:00:00+00:00
[2025-11-20T00:35:12.490+0000] {processor.py:183} INFO - Processing /opt/airflow/dags/predictive_pipeline_dag.py took 6.436 seconds
[2025-11-20T00:35:42.704+0000] {processor.py:161} INFO - Started process (PID=649) to work on /opt/airflow/dags/predictive_pipeline_dag.py
[2025-11-20T00:35:42.705+0000] {processor.py:830} INFO - Processing file /opt/airflow/dags/predictive_pipeline_dag.py for tasks to queue
[2025-11-20T00:35:42.706+0000] {logging_mixin.py:188} INFO - [2025-11-20T00:35:42.706+0000] {dagbag.py:545} INFO - Filling up the DagBag from /opt/airflow/dags/predictive_pipeline_dag.py
[2025-11-20T00:35:44.486+0000] {logging_mixin.py:188} WARNING - /home/airflow/.local/lib/python3.12/site-packages/mlflow/tracking/_tracking_service/utils.py:140 FutureWarning: Filesystem tracking backend (e.g., './mlruns') is deprecated. Please switch to a database backend (e.g., 'sqlite:///mlflow.db'). For feedback, see: https://github.com/mlflow/mlflow/issues/18534
[2025-11-20T00:35:45.296+0000] {processor.py:840} INFO - DAG(s) 'predictive_pipeline_xgb' retrieved from /opt/airflow/dags/predictive_pipeline_dag.py
[2025-11-20T00:35:45.334+0000] {logging_mixin.py:188} INFO - [2025-11-20T00:35:45.333+0000] {dag.py:3096} INFO - Sync 1 DAGs
[2025-11-20T00:35:45.370+0000] {logging_mixin.py:188} INFO - [2025-11-20T00:35:45.370+0000] {dag.py:3954} INFO - Setting next_dagrun for predictive_pipeline_xgb to 2025-11-23 00:00:00+00:00, run_after=2025-11-30 00:00:00+00:00
[2025-11-20T00:35:45.473+0000] {processor.py:183} INFO - Processing /opt/airflow/dags/predictive_pipeline_dag.py took 2.776 seconds
[2025-11-20T00:36:15.887+0000] {processor.py:161} INFO - Started process (PID=659) to work on /opt/airflow/dags/predictive_pipeline_dag.py
[2025-11-20T00:36:15.888+0000] {processor.py:830} INFO - Processing file /opt/airflow/dags/predictive_pipeline_dag.py for tasks to queue
[2025-11-20T00:36:15.890+0000] {logging_mixin.py:188} INFO - [2025-11-20T00:36:15.889+0000] {dagbag.py:545} INFO - Filling up the DagBag from /opt/airflow/dags/predictive_pipeline_dag.py
[2025-11-20T00:36:17.944+0000] {logging_mixin.py:188} WARNING - /home/airflow/.local/lib/python3.12/site-packages/mlflow/tracking/_tracking_service/utils.py:140 FutureWarning: Filesystem tracking backend (e.g., './mlruns') is deprecated. Please switch to a database backend (e.g., 'sqlite:///mlflow.db'). For feedback, see: https://github.com/mlflow/mlflow/issues/18534
[2025-11-20T00:36:18.769+0000] {processor.py:840} INFO - DAG(s) 'predictive_pipeline_xgb' retrieved from /opt/airflow/dags/predictive_pipeline_dag.py
[2025-11-20T00:36:18.804+0000] {logging_mixin.py:188} INFO - [2025-11-20T00:36:18.804+0000] {dag.py:3096} INFO - Sync 1 DAGs
[2025-11-20T00:36:18.834+0000] {logging_mixin.py:188} INFO - [2025-11-20T00:36:18.834+0000] {dag.py:3954} INFO - Setting next_dagrun for predictive_pipeline_xgb to 2025-11-23 00:00:00+00:00, run_after=2025-11-30 00:00:00+00:00
[2025-11-20T00:36:18.936+0000] {processor.py:183} INFO - Processing /opt/airflow/dags/predictive_pipeline_dag.py took 3.055 seconds
[2025-11-20T00:36:49.413+0000] {processor.py:161} INFO - Started process (PID=669) to work on /opt/airflow/dags/predictive_pipeline_dag.py
[2025-11-20T00:36:49.416+0000] {processor.py:830} INFO - Processing file /opt/airflow/dags/predictive_pipeline_dag.py for tasks to queue
[2025-11-20T00:36:49.423+0000] {logging_mixin.py:188} INFO - [2025-11-20T00:36:49.421+0000] {dagbag.py:545} INFO - Filling up the DagBag from /opt/airflow/dags/predictive_pipeline_dag.py
[2025-11-20T00:36:51.836+0000] {logging_mixin.py:188} WARNING - /home/airflow/.local/lib/python3.12/site-packages/mlflow/tracking/_tracking_service/utils.py:140 FutureWarning: Filesystem tracking backend (e.g., './mlruns') is deprecated. Please switch to a database backend (e.g., 'sqlite:///mlflow.db'). For feedback, see: https://github.com/mlflow/mlflow/issues/18534
[2025-11-20T00:36:52.647+0000] {processor.py:840} INFO - DAG(s) 'predictive_pipeline_xgb' retrieved from /opt/airflow/dags/predictive_pipeline_dag.py
[2025-11-20T00:36:52.671+0000] {logging_mixin.py:188} INFO - [2025-11-20T00:36:52.670+0000] {dag.py:3096} INFO - Sync 1 DAGs
[2025-11-20T00:36:52.695+0000] {logging_mixin.py:188} INFO - [2025-11-20T00:36:52.695+0000] {dag.py:3954} INFO - Setting next_dagrun for predictive_pipeline_xgb to 2025-11-23 00:00:00+00:00, run_after=2025-11-30 00:00:00+00:00
[2025-11-20T00:36:52.779+0000] {processor.py:183} INFO - Processing /opt/airflow/dags/predictive_pipeline_dag.py took 3.393 seconds
[2025-11-20T00:37:23.379+0000] {processor.py:161} INFO - Started process (PID=679) to work on /opt/airflow/dags/predictive_pipeline_dag.py
[2025-11-20T00:37:23.383+0000] {processor.py:830} INFO - Processing file /opt/airflow/dags/predictive_pipeline_dag.py for tasks to queue
[2025-11-20T00:37:23.394+0000] {logging_mixin.py:188} INFO - [2025-11-20T00:37:23.392+0000] {dagbag.py:545} INFO - Filling up the DagBag from /opt/airflow/dags/predictive_pipeline_dag.py
[2025-11-20T00:37:25.885+0000] {logging_mixin.py:188} WARNING - /home/airflow/.local/lib/python3.12/site-packages/mlflow/tracking/_tracking_service/utils.py:140 FutureWarning: Filesystem tracking backend (e.g., './mlruns') is deprecated. Please switch to a database backend (e.g., 'sqlite:///mlflow.db'). For feedback, see: https://github.com/mlflow/mlflow/issues/18534
[2025-11-20T00:37:26.856+0000] {processor.py:840} INFO - DAG(s) 'predictive_pipeline_xgb' retrieved from /opt/airflow/dags/predictive_pipeline_dag.py
[2025-11-20T00:37:26.891+0000] {logging_mixin.py:188} INFO - [2025-11-20T00:37:26.890+0000] {dag.py:3096} INFO - Sync 1 DAGs
[2025-11-20T00:37:26.920+0000] {logging_mixin.py:188} INFO - [2025-11-20T00:37:26.920+0000] {dag.py:3954} INFO - Setting next_dagrun for predictive_pipeline_xgb to 2025-11-23 00:00:00+00:00, run_after=2025-11-30 00:00:00+00:00
[2025-11-20T00:37:27.021+0000] {processor.py:183} INFO - Processing /opt/airflow/dags/predictive_pipeline_dag.py took 3.680 seconds
[2025-11-20T00:37:57.612+0000] {processor.py:161} INFO - Started process (PID=689) to work on /opt/airflow/dags/predictive_pipeline_dag.py
[2025-11-20T00:37:57.613+0000] {processor.py:830} INFO - Processing file /opt/airflow/dags/predictive_pipeline_dag.py for tasks to queue
[2025-11-20T00:37:57.616+0000] {logging_mixin.py:188} INFO - [2025-11-20T00:37:57.615+0000] {dagbag.py:545} INFO - Filling up the DagBag from /opt/airflow/dags/predictive_pipeline_dag.py
[2025-11-20T00:38:00.380+0000] {logging_mixin.py:188} WARNING - /home/airflow/.local/lib/python3.12/site-packages/mlflow/tracking/_tracking_service/utils.py:140 FutureWarning: Filesystem tracking backend (e.g., './mlruns') is deprecated. Please switch to a database backend (e.g., 'sqlite:///mlflow.db'). For feedback, see: https://github.com/mlflow/mlflow/issues/18534
[2025-11-20T00:38:01.730+0000] {processor.py:840} INFO - DAG(s) 'predictive_pipeline_xgb' retrieved from /opt/airflow/dags/predictive_pipeline_dag.py
[2025-11-20T00:38:01.774+0000] {logging_mixin.py:188} INFO - [2025-11-20T00:38:01.773+0000] {dag.py:3096} INFO - Sync 1 DAGs
[2025-11-20T00:38:01.808+0000] {logging_mixin.py:188} INFO - [2025-11-20T00:38:01.808+0000] {dag.py:3954} INFO - Setting next_dagrun for predictive_pipeline_xgb to 2025-11-23 00:00:00+00:00, run_after=2025-11-30 00:00:00+00:00
[2025-11-20T00:38:01.906+0000] {processor.py:183} INFO - Processing /opt/airflow/dags/predictive_pipeline_dag.py took 4.304 seconds
[2025-11-20T00:38:32.434+0000] {processor.py:161} INFO - Started process (PID=699) to work on /opt/airflow/dags/predictive_pipeline_dag.py
[2025-11-20T00:38:32.437+0000] {processor.py:830} INFO - Processing file /opt/airflow/dags/predictive_pipeline_dag.py for tasks to queue
[2025-11-20T00:38:32.440+0000] {logging_mixin.py:188} INFO - [2025-11-20T00:38:32.440+0000] {dagbag.py:545} INFO - Filling up the DagBag from /opt/airflow/dags/predictive_pipeline_dag.py
[2025-11-20T00:38:34.498+0000] {logging_mixin.py:188} WARNING - /home/airflow/.local/lib/python3.12/site-packages/mlflow/tracking/_tracking_service/utils.py:140 FutureWarning: Filesystem tracking backend (e.g., './mlruns') is deprecated. Please switch to a database backend (e.g., 'sqlite:///mlflow.db'). For feedback, see: https://github.com/mlflow/mlflow/issues/18534
[2025-11-20T00:38:35.206+0000] {processor.py:840} INFO - DAG(s) 'predictive_pipeline_xgb' retrieved from /opt/airflow/dags/predictive_pipeline_dag.py
[2025-11-20T00:38:35.241+0000] {logging_mixin.py:188} INFO - [2025-11-20T00:38:35.241+0000] {dag.py:3096} INFO - Sync 1 DAGs
[2025-11-20T00:38:35.270+0000] {logging_mixin.py:188} INFO - [2025-11-20T00:38:35.270+0000] {dag.py:3954} INFO - Setting next_dagrun for predictive_pipeline_xgb to 2025-11-23 00:00:00+00:00, run_after=2025-11-30 00:00:00+00:00
[2025-11-20T00:38:35.355+0000] {processor.py:183} INFO - Processing /opt/airflow/dags/predictive_pipeline_dag.py took 3.108 seconds
[2025-11-20T00:39:05.893+0000] {processor.py:161} INFO - Started process (PID=709) to work on /opt/airflow/dags/predictive_pipeline_dag.py
[2025-11-20T00:39:05.895+0000] {processor.py:830} INFO - Processing file /opt/airflow/dags/predictive_pipeline_dag.py for tasks to queue
[2025-11-20T00:39:05.899+0000] {logging_mixin.py:188} INFO - [2025-11-20T00:39:05.898+0000] {dagbag.py:545} INFO - Filling up the DagBag from /opt/airflow/dags/predictive_pipeline_dag.py
[2025-11-20T00:39:08.145+0000] {logging_mixin.py:188} WARNING - /home/airflow/.local/lib/python3.12/site-packages/mlflow/tracking/_tracking_service/utils.py:140 FutureWarning: Filesystem tracking backend (e.g., './mlruns') is deprecated. Please switch to a database backend (e.g., 'sqlite:///mlflow.db'). For feedback, see: https://github.com/mlflow/mlflow/issues/18534
[2025-11-20T00:39:09.095+0000] {processor.py:840} INFO - DAG(s) 'predictive_pipeline_xgb' retrieved from /opt/airflow/dags/predictive_pipeline_dag.py
[2025-11-20T00:39:09.122+0000] {logging_mixin.py:188} INFO - [2025-11-20T00:39:09.121+0000] {dag.py:3096} INFO - Sync 1 DAGs
[2025-11-20T00:39:09.141+0000] {logging_mixin.py:188} INFO - [2025-11-20T00:39:09.141+0000] {dag.py:3954} INFO - Setting next_dagrun for predictive_pipeline_xgb to 2025-11-23 00:00:00+00:00, run_after=2025-11-30 00:00:00+00:00
[2025-11-20T00:39:09.216+0000] {processor.py:183} INFO - Processing /opt/airflow/dags/predictive_pipeline_dag.py took 3.339 seconds
[2025-11-20T00:39:40.025+0000] {processor.py:161} INFO - Started process (PID=719) to work on /opt/airflow/dags/predictive_pipeline_dag.py
[2025-11-20T00:39:40.027+0000] {processor.py:830} INFO - Processing file /opt/airflow/dags/predictive_pipeline_dag.py for tasks to queue
[2025-11-20T00:39:40.030+0000] {logging_mixin.py:188} INFO - [2025-11-20T00:39:40.029+0000] {dagbag.py:545} INFO - Filling up the DagBag from /opt/airflow/dags/predictive_pipeline_dag.py
[2025-11-20T00:39:42.189+0000] {logging_mixin.py:188} WARNING - /home/airflow/.local/lib/python3.12/site-packages/mlflow/tracking/_tracking_service/utils.py:140 FutureWarning: Filesystem tracking backend (e.g., './mlruns') is deprecated. Please switch to a database backend (e.g., 'sqlite:///mlflow.db'). For feedback, see: https://github.com/mlflow/mlflow/issues/18534
[2025-11-20T00:39:43.095+0000] {processor.py:840} INFO - DAG(s) 'predictive_pipeline_xgb' retrieved from /opt/airflow/dags/predictive_pipeline_dag.py
[2025-11-20T00:39:43.122+0000] {logging_mixin.py:188} INFO - [2025-11-20T00:39:43.121+0000] {dag.py:3096} INFO - Sync 1 DAGs
[2025-11-20T00:39:43.148+0000] {logging_mixin.py:188} INFO - [2025-11-20T00:39:43.148+0000] {dag.py:3954} INFO - Setting next_dagrun for predictive_pipeline_xgb to 2025-11-23 00:00:00+00:00, run_after=2025-11-30 00:00:00+00:00
[2025-11-20T00:39:43.214+0000] {processor.py:183} INFO - Processing /opt/airflow/dags/predictive_pipeline_dag.py took 3.201 seconds
[2025-11-20T00:40:14.073+0000] {processor.py:161} INFO - Started process (PID=729) to work on /opt/airflow/dags/predictive_pipeline_dag.py
[2025-11-20T00:40:14.075+0000] {processor.py:830} INFO - Processing file /opt/airflow/dags/predictive_pipeline_dag.py for tasks to queue
[2025-11-20T00:40:14.079+0000] {logging_mixin.py:188} INFO - [2025-11-20T00:40:14.078+0000] {dagbag.py:545} INFO - Filling up the DagBag from /opt/airflow/dags/predictive_pipeline_dag.py
[2025-11-20T00:40:16.624+0000] {logging_mixin.py:188} WARNING - /home/airflow/.local/lib/python3.12/site-packages/mlflow/tracking/_tracking_service/utils.py:140 FutureWarning: Filesystem tracking backend (e.g., './mlruns') is deprecated. Please switch to a database backend (e.g., 'sqlite:///mlflow.db'). For feedback, see: https://github.com/mlflow/mlflow/issues/18534
[2025-11-20T00:40:17.551+0000] {processor.py:840} INFO - DAG(s) 'predictive_pipeline_xgb' retrieved from /opt/airflow/dags/predictive_pipeline_dag.py
[2025-11-20T00:40:17.585+0000] {logging_mixin.py:188} INFO - [2025-11-20T00:40:17.584+0000] {dag.py:3096} INFO - Sync 1 DAGs
[2025-11-20T00:40:17.613+0000] {logging_mixin.py:188} INFO - [2025-11-20T00:40:17.613+0000] {dag.py:3954} INFO - Setting next_dagrun for predictive_pipeline_xgb to 2025-11-23 00:00:00+00:00, run_after=2025-11-30 00:00:00+00:00
[2025-11-20T00:40:17.705+0000] {processor.py:183} INFO - Processing /opt/airflow/dags/predictive_pipeline_dag.py took 3.650 seconds
[2025-11-20T00:50:08.326+0000] {processor.py:161} INFO - Started process (PID=739) to work on /opt/airflow/dags/predictive_pipeline_dag.py
[2025-11-20T00:50:08.327+0000] {processor.py:830} INFO - Processing file /opt/airflow/dags/predictive_pipeline_dag.py for tasks to queue
[2025-11-20T00:50:08.328+0000] {logging_mixin.py:188} INFO - [2025-11-20T00:50:08.328+0000] {dagbag.py:545} INFO - Filling up the DagBag from /opt/airflow/dags/predictive_pipeline_dag.py
[2025-11-20T00:50:10.816+0000] {logging_mixin.py:188} WARNING - /home/airflow/.local/lib/python3.12/site-packages/mlflow/tracking/_tracking_service/utils.py:140 FutureWarning: Filesystem tracking backend (e.g., './mlruns') is deprecated. Please switch to a database backend (e.g., 'sqlite:///mlflow.db'). For feedback, see: https://github.com/mlflow/mlflow/issues/18534
[2025-11-20T00:50:11.934+0000] {processor.py:840} INFO - DAG(s) 'predictive_pipeline_xgb' retrieved from /opt/airflow/dags/predictive_pipeline_dag.py
[2025-11-20T00:50:12.077+0000] {logging_mixin.py:188} INFO - [2025-11-20T00:50:12.077+0000] {dag.py:3096} INFO - Sync 1 DAGs
[2025-11-20T00:50:12.104+0000] {logging_mixin.py:188} INFO - [2025-11-20T00:50:12.104+0000] {dag.py:3954} INFO - Setting next_dagrun for predictive_pipeline_xgb to 2025-11-23 00:00:00+00:00, run_after=2025-11-30 00:00:00+00:00
[2025-11-20T00:50:12.219+0000] {processor.py:183} INFO - Processing /opt/airflow/dags/predictive_pipeline_dag.py took 3.900 seconds
[2025-11-20T00:50:42.392+0000] {processor.py:161} INFO - Started process (PID=749) to work on /opt/airflow/dags/predictive_pipeline_dag.py
[2025-11-20T00:50:42.394+0000] {processor.py:830} INFO - Processing file /opt/airflow/dags/predictive_pipeline_dag.py for tasks to queue
[2025-11-20T00:50:42.397+0000] {logging_mixin.py:188} INFO - [2025-11-20T00:50:42.397+0000] {dagbag.py:545} INFO - Filling up the DagBag from /opt/airflow/dags/predictive_pipeline_dag.py
[2025-11-20T00:50:45.117+0000] {logging_mixin.py:188} WARNING - /home/airflow/.local/lib/python3.12/site-packages/mlflow/tracking/_tracking_service/utils.py:140 FutureWarning: Filesystem tracking backend (e.g., './mlruns') is deprecated. Please switch to a database backend (e.g., 'sqlite:///mlflow.db'). For feedback, see: https://github.com/mlflow/mlflow/issues/18534
[2025-11-20T00:50:46.238+0000] {processor.py:840} INFO - DAG(s) 'predictive_pipeline_xgb' retrieved from /opt/airflow/dags/predictive_pipeline_dag.py
[2025-11-20T00:50:46.263+0000] {logging_mixin.py:188} INFO - [2025-11-20T00:50:46.262+0000] {dag.py:3096} INFO - Sync 1 DAGs
[2025-11-20T00:50:46.285+0000] {logging_mixin.py:188} INFO - [2025-11-20T00:50:46.285+0000] {dag.py:3954} INFO - Setting next_dagrun for predictive_pipeline_xgb to 2025-11-23 00:00:00+00:00, run_after=2025-11-30 00:00:00+00:00
[2025-11-20T00:50:46.398+0000] {processor.py:183} INFO - Processing /opt/airflow/dags/predictive_pipeline_dag.py took 4.018 seconds
[2025-11-20T00:51:16.657+0000] {processor.py:161} INFO - Started process (PID=759) to work on /opt/airflow/dags/predictive_pipeline_dag.py
[2025-11-20T00:51:16.658+0000] {processor.py:830} INFO - Processing file /opt/airflow/dags/predictive_pipeline_dag.py for tasks to queue
[2025-11-20T00:51:16.660+0000] {logging_mixin.py:188} INFO - [2025-11-20T00:51:16.659+0000] {dagbag.py:545} INFO - Filling up the DagBag from /opt/airflow/dags/predictive_pipeline_dag.py
[2025-11-20T00:51:18.926+0000] {logging_mixin.py:188} WARNING - /home/airflow/.local/lib/python3.12/site-packages/mlflow/tracking/_tracking_service/utils.py:140 FutureWarning: Filesystem tracking backend (e.g., './mlruns') is deprecated. Please switch to a database backend (e.g., 'sqlite:///mlflow.db'). For feedback, see: https://github.com/mlflow/mlflow/issues/18534
[2025-11-20T00:51:19.886+0000] {processor.py:840} INFO - DAG(s) 'predictive_pipeline_xgb' retrieved from /opt/airflow/dags/predictive_pipeline_dag.py
[2025-11-20T00:51:19.921+0000] {logging_mixin.py:188} INFO - [2025-11-20T00:51:19.921+0000] {dag.py:3096} INFO - Sync 1 DAGs
[2025-11-20T00:51:19.951+0000] {logging_mixin.py:188} INFO - [2025-11-20T00:51:19.951+0000] {dag.py:3954} INFO - Setting next_dagrun for predictive_pipeline_xgb to 2025-11-23 00:00:00+00:00, run_after=2025-11-30 00:00:00+00:00
[2025-11-20T00:51:20.049+0000] {processor.py:183} INFO - Processing /opt/airflow/dags/predictive_pipeline_dag.py took 3.402 seconds
[2025-11-20T00:51:50.473+0000] {processor.py:161} INFO - Started process (PID=769) to work on /opt/airflow/dags/predictive_pipeline_dag.py
[2025-11-20T00:51:50.475+0000] {processor.py:830} INFO - Processing file /opt/airflow/dags/predictive_pipeline_dag.py for tasks to queue
[2025-11-20T00:51:50.476+0000] {logging_mixin.py:188} INFO - [2025-11-20T00:51:50.475+0000] {dagbag.py:545} INFO - Filling up the DagBag from /opt/airflow/dags/predictive_pipeline_dag.py
[2025-11-20T00:51:52.796+0000] {logging_mixin.py:188} WARNING - /home/airflow/.local/lib/python3.12/site-packages/mlflow/tracking/_tracking_service/utils.py:140 FutureWarning: Filesystem tracking backend (e.g., './mlruns') is deprecated. Please switch to a database backend (e.g., 'sqlite:///mlflow.db'). For feedback, see: https://github.com/mlflow/mlflow/issues/18534
[2025-11-20T00:51:53.725+0000] {processor.py:840} INFO - DAG(s) 'predictive_pipeline_xgb' retrieved from /opt/airflow/dags/predictive_pipeline_dag.py
[2025-11-20T00:51:53.767+0000] {logging_mixin.py:188} INFO - [2025-11-20T00:51:53.766+0000] {dag.py:3096} INFO - Sync 1 DAGs
[2025-11-20T00:51:53.799+0000] {logging_mixin.py:188} INFO - [2025-11-20T00:51:53.798+0000] {dag.py:3954} INFO - Setting next_dagrun for predictive_pipeline_xgb to 2025-11-23 00:00:00+00:00, run_after=2025-11-30 00:00:00+00:00
[2025-11-20T00:51:53.898+0000] {processor.py:183} INFO - Processing /opt/airflow/dags/predictive_pipeline_dag.py took 3.438 seconds
[2025-11-20T00:52:24.242+0000] {processor.py:161} INFO - Started process (PID=779) to work on /opt/airflow/dags/predictive_pipeline_dag.py
[2025-11-20T00:52:24.244+0000] {processor.py:830} INFO - Processing file /opt/airflow/dags/predictive_pipeline_dag.py for tasks to queue
[2025-11-20T00:52:24.245+0000] {logging_mixin.py:188} INFO - [2025-11-20T00:52:24.245+0000] {dagbag.py:545} INFO - Filling up the DagBag from /opt/airflow/dags/predictive_pipeline_dag.py
[2025-11-20T00:52:26.431+0000] {logging_mixin.py:188} WARNING - /home/airflow/.local/lib/python3.12/site-packages/mlflow/tracking/_tracking_service/utils.py:140 FutureWarning: Filesystem tracking backend (e.g., './mlruns') is deprecated. Please switch to a database backend (e.g., 'sqlite:///mlflow.db'). For feedback, see: https://github.com/mlflow/mlflow/issues/18534
[2025-11-20T00:52:27.239+0000] {processor.py:840} INFO - DAG(s) 'predictive_pipeline_xgb' retrieved from /opt/airflow/dags/predictive_pipeline_dag.py
[2025-11-20T00:52:27.278+0000] {logging_mixin.py:188} INFO - [2025-11-20T00:52:27.278+0000] {dag.py:3096} INFO - Sync 1 DAGs
[2025-11-20T00:52:27.307+0000] {logging_mixin.py:188} INFO - [2025-11-20T00:52:27.307+0000] {dag.py:3954} INFO - Setting next_dagrun for predictive_pipeline_xgb to 2025-11-23 00:00:00+00:00, run_after=2025-11-30 00:00:00+00:00
[2025-11-20T00:52:27.398+0000] {processor.py:183} INFO - Processing /opt/airflow/dags/predictive_pipeline_dag.py took 3.166 seconds
[2025-11-20T00:52:58.029+0000] {processor.py:161} INFO - Started process (PID=789) to work on /opt/airflow/dags/predictive_pipeline_dag.py
[2025-11-20T00:52:58.032+0000] {processor.py:830} INFO - Processing file /opt/airflow/dags/predictive_pipeline_dag.py for tasks to queue
[2025-11-20T00:52:58.035+0000] {logging_mixin.py:188} INFO - [2025-11-20T00:52:58.034+0000] {dagbag.py:545} INFO - Filling up the DagBag from /opt/airflow/dags/predictive_pipeline_dag.py
[2025-11-20T00:53:00.445+0000] {logging_mixin.py:188} WARNING - /home/airflow/.local/lib/python3.12/site-packages/mlflow/tracking/_tracking_service/utils.py:140 FutureWarning: Filesystem tracking backend (e.g., './mlruns') is deprecated. Please switch to a database backend (e.g., 'sqlite:///mlflow.db'). For feedback, see: https://github.com/mlflow/mlflow/issues/18534
[2025-11-20T00:53:01.801+0000] {processor.py:840} INFO - DAG(s) 'predictive_pipeline_xgb' retrieved from /opt/airflow/dags/predictive_pipeline_dag.py
[2025-11-20T00:53:01.841+0000] {logging_mixin.py:188} INFO - [2025-11-20T00:53:01.840+0000] {dag.py:3096} INFO - Sync 1 DAGs
[2025-11-20T00:53:01.872+0000] {logging_mixin.py:188} INFO - [2025-11-20T00:53:01.872+0000] {dag.py:3954} INFO - Setting next_dagrun for predictive_pipeline_xgb to 2025-11-23 00:00:00+00:00, run_after=2025-11-30 00:00:00+00:00
[2025-11-20T00:53:01.967+0000] {processor.py:183} INFO - Processing /opt/airflow/dags/predictive_pipeline_dag.py took 3.970 seconds
[2025-11-20T00:53:32.638+0000] {processor.py:161} INFO - Started process (PID=799) to work on /opt/airflow/dags/predictive_pipeline_dag.py
[2025-11-20T00:53:32.640+0000] {processor.py:830} INFO - Processing file /opt/airflow/dags/predictive_pipeline_dag.py for tasks to queue
[2025-11-20T00:53:32.641+0000] {logging_mixin.py:188} INFO - [2025-11-20T00:53:32.641+0000] {dagbag.py:545} INFO - Filling up the DagBag from /opt/airflow/dags/predictive_pipeline_dag.py
[2025-11-20T00:53:34.970+0000] {logging_mixin.py:188} WARNING - /home/airflow/.local/lib/python3.12/site-packages/mlflow/tracking/_tracking_service/utils.py:140 FutureWarning: Filesystem tracking backend (e.g., './mlruns') is deprecated. Please switch to a database backend (e.g., 'sqlite:///mlflow.db'). For feedback, see: https://github.com/mlflow/mlflow/issues/18534
[2025-11-20T00:53:36.088+0000] {processor.py:840} INFO - DAG(s) 'predictive_pipeline_xgb' retrieved from /opt/airflow/dags/predictive_pipeline_dag.py
[2025-11-20T00:53:36.134+0000] {logging_mixin.py:188} INFO - [2025-11-20T00:53:36.132+0000] {dag.py:3096} INFO - Sync 1 DAGs
[2025-11-20T00:53:36.176+0000] {logging_mixin.py:188} INFO - [2025-11-20T00:53:36.176+0000] {dag.py:3954} INFO - Setting next_dagrun for predictive_pipeline_xgb to 2025-11-23 00:00:00+00:00, run_after=2025-11-30 00:00:00+00:00
[2025-11-20T00:53:36.296+0000] {processor.py:183} INFO - Processing /opt/airflow/dags/predictive_pipeline_dag.py took 3.655 seconds
[2025-11-20T00:54:06.693+0000] {processor.py:161} INFO - Started process (PID=809) to work on /opt/airflow/dags/predictive_pipeline_dag.py
[2025-11-20T00:54:06.695+0000] {processor.py:830} INFO - Processing file /opt/airflow/dags/predictive_pipeline_dag.py for tasks to queue
[2025-11-20T00:54:06.697+0000] {logging_mixin.py:188} INFO - [2025-11-20T00:54:06.695+0000] {dagbag.py:545} INFO - Filling up the DagBag from /opt/airflow/dags/predictive_pipeline_dag.py
[2025-11-20T00:54:10.544+0000] {logging_mixin.py:188} WARNING - /home/airflow/.local/lib/python3.12/site-packages/mlflow/tracking/_tracking_service/utils.py:140 FutureWarning: Filesystem tracking backend (e.g., './mlruns') is deprecated. Please switch to a database backend (e.g., 'sqlite:///mlflow.db'). For feedback, see: https://github.com/mlflow/mlflow/issues/18534
[2025-11-20T00:54:12.202+0000] {processor.py:840} INFO - DAG(s) 'predictive_pipeline_xgb' retrieved from /opt/airflow/dags/predictive_pipeline_dag.py
[2025-11-20T00:54:12.246+0000] {logging_mixin.py:188} INFO - [2025-11-20T00:54:12.244+0000] {dag.py:3096} INFO - Sync 1 DAGs
[2025-11-20T00:54:12.280+0000] {logging_mixin.py:188} INFO - [2025-11-20T00:54:12.280+0000] {dag.py:3954} INFO - Setting next_dagrun for predictive_pipeline_xgb to 2025-11-23 00:00:00+00:00, run_after=2025-11-30 00:00:00+00:00
[2025-11-20T00:54:12.388+0000] {processor.py:183} INFO - Processing /opt/airflow/dags/predictive_pipeline_dag.py took 5.704 seconds
[2025-11-20T00:54:43.175+0000] {processor.py:161} INFO - Started process (PID=819) to work on /opt/airflow/dags/predictive_pipeline_dag.py
[2025-11-20T00:54:43.178+0000] {processor.py:830} INFO - Processing file /opt/airflow/dags/predictive_pipeline_dag.py for tasks to queue
[2025-11-20T00:54:43.181+0000] {logging_mixin.py:188} INFO - [2025-11-20T00:54:43.180+0000] {dagbag.py:545} INFO - Filling up the DagBag from /opt/airflow/dags/predictive_pipeline_dag.py
[2025-11-20T00:54:45.198+0000] {logging_mixin.py:188} WARNING - /home/airflow/.local/lib/python3.12/site-packages/mlflow/tracking/_tracking_service/utils.py:140 FutureWarning: Filesystem tracking backend (e.g., './mlruns') is deprecated. Please switch to a database backend (e.g., 'sqlite:///mlflow.db'). For feedback, see: https://github.com/mlflow/mlflow/issues/18534
[2025-11-20T00:54:46.210+0000] {processor.py:840} INFO - DAG(s) 'predictive_pipeline_xgb' retrieved from /opt/airflow/dags/predictive_pipeline_dag.py
[2025-11-20T00:54:46.246+0000] {logging_mixin.py:188} INFO - [2025-11-20T00:54:46.246+0000] {dag.py:3096} INFO - Sync 1 DAGs
[2025-11-20T00:54:46.273+0000] {logging_mixin.py:188} INFO - [2025-11-20T00:54:46.272+0000] {dag.py:3954} INFO - Setting next_dagrun for predictive_pipeline_xgb to 2025-11-23 00:00:00+00:00, run_after=2025-11-30 00:00:00+00:00
[2025-11-20T00:54:46.355+0000] {processor.py:183} INFO - Processing /opt/airflow/dags/predictive_pipeline_dag.py took 3.213 seconds
[2025-11-20T00:55:16.692+0000] {processor.py:161} INFO - Started process (PID=829) to work on /opt/airflow/dags/predictive_pipeline_dag.py
[2025-11-20T00:55:16.693+0000] {processor.py:830} INFO - Processing file /opt/airflow/dags/predictive_pipeline_dag.py for tasks to queue
[2025-11-20T00:55:16.695+0000] {logging_mixin.py:188} INFO - [2025-11-20T00:55:16.694+0000] {dagbag.py:545} INFO - Filling up the DagBag from /opt/airflow/dags/predictive_pipeline_dag.py
[2025-11-20T00:55:19.421+0000] {logging_mixin.py:188} WARNING - /home/airflow/.local/lib/python3.12/site-packages/mlflow/tracking/_tracking_service/utils.py:140 FutureWarning: Filesystem tracking backend (e.g., './mlruns') is deprecated. Please switch to a database backend (e.g., 'sqlite:///mlflow.db'). For feedback, see: https://github.com/mlflow/mlflow/issues/18534
[2025-11-20T00:55:20.341+0000] {processor.py:840} INFO - DAG(s) 'predictive_pipeline_xgb' retrieved from /opt/airflow/dags/predictive_pipeline_dag.py
[2025-11-20T00:55:20.378+0000] {logging_mixin.py:188} INFO - [2025-11-20T00:55:20.377+0000] {dag.py:3096} INFO - Sync 1 DAGs
[2025-11-20T00:55:20.409+0000] {logging_mixin.py:188} INFO - [2025-11-20T00:55:20.409+0000] {dag.py:3954} INFO - Setting next_dagrun for predictive_pipeline_xgb to 2025-11-23 00:00:00+00:00, run_after=2025-11-30 00:00:00+00:00
[2025-11-20T00:55:20.499+0000] {processor.py:183} INFO - Processing /opt/airflow/dags/predictive_pipeline_dag.py took 3.817 seconds
[2025-11-20T00:55:50.978+0000] {processor.py:161} INFO - Started process (PID=839) to work on /opt/airflow/dags/predictive_pipeline_dag.py
[2025-11-20T00:55:50.979+0000] {processor.py:830} INFO - Processing file /opt/airflow/dags/predictive_pipeline_dag.py for tasks to queue
[2025-11-20T00:55:50.980+0000] {logging_mixin.py:188} INFO - [2025-11-20T00:55:50.980+0000] {dagbag.py:545} INFO - Filling up the DagBag from /opt/airflow/dags/predictive_pipeline_dag.py
[2025-11-20T00:55:53.692+0000] {logging_mixin.py:188} WARNING - /home/airflow/.local/lib/python3.12/site-packages/mlflow/tracking/_tracking_service/utils.py:140 FutureWarning: Filesystem tracking backend (e.g., './mlruns') is deprecated. Please switch to a database backend (e.g., 'sqlite:///mlflow.db'). For feedback, see: https://github.com/mlflow/mlflow/issues/18534
[2025-11-20T00:55:54.588+0000] {processor.py:840} INFO - DAG(s) 'predictive_pipeline_xgb' retrieved from /opt/airflow/dags/predictive_pipeline_dag.py
[2025-11-20T00:55:54.622+0000] {logging_mixin.py:188} INFO - [2025-11-20T00:55:54.622+0000] {dag.py:3096} INFO - Sync 1 DAGs
[2025-11-20T00:55:54.652+0000] {logging_mixin.py:188} INFO - [2025-11-20T00:55:54.652+0000] {dag.py:3954} INFO - Setting next_dagrun for predictive_pipeline_xgb to 2025-11-23 00:00:00+00:00, run_after=2025-11-30 00:00:00+00:00
[2025-11-20T00:55:54.745+0000] {processor.py:183} INFO - Processing /opt/airflow/dags/predictive_pipeline_dag.py took 3.777 seconds
[2025-11-20T00:56:24.908+0000] {processor.py:161} INFO - Started process (PID=849) to work on /opt/airflow/dags/predictive_pipeline_dag.py
[2025-11-20T00:56:24.909+0000] {processor.py:830} INFO - Processing file /opt/airflow/dags/predictive_pipeline_dag.py for tasks to queue
[2025-11-20T00:56:24.910+0000] {logging_mixin.py:188} INFO - [2025-11-20T00:56:24.910+0000] {dagbag.py:545} INFO - Filling up the DagBag from /opt/airflow/dags/predictive_pipeline_dag.py
[2025-11-20T00:56:27.414+0000] {logging_mixin.py:188} WARNING - /home/airflow/.local/lib/python3.12/site-packages/mlflow/tracking/_tracking_service/utils.py:140 FutureWarning: Filesystem tracking backend (e.g., './mlruns') is deprecated. Please switch to a database backend (e.g., 'sqlite:///mlflow.db'). For feedback, see: https://github.com/mlflow/mlflow/issues/18534
[2025-11-20T00:56:28.487+0000] {processor.py:840} INFO - DAG(s) 'predictive_pipeline_xgb' retrieved from /opt/airflow/dags/predictive_pipeline_dag.py
[2025-11-20T00:56:28.550+0000] {logging_mixin.py:188} INFO - [2025-11-20T00:56:28.549+0000] {dag.py:3096} INFO - Sync 1 DAGs
[2025-11-20T00:56:28.599+0000] {logging_mixin.py:188} INFO - [2025-11-20T00:56:28.599+0000] {dag.py:3954} INFO - Setting next_dagrun for predictive_pipeline_xgb to 2025-11-23 00:00:00+00:00, run_after=2025-11-30 00:00:00+00:00
[2025-11-20T00:56:28.692+0000] {processor.py:183} INFO - Processing /opt/airflow/dags/predictive_pipeline_dag.py took 3.793 seconds
[2025-11-20T00:56:59.295+0000] {processor.py:161} INFO - Started process (PID=859) to work on /opt/airflow/dags/predictive_pipeline_dag.py
[2025-11-20T00:56:59.297+0000] {processor.py:830} INFO - Processing file /opt/airflow/dags/predictive_pipeline_dag.py for tasks to queue
[2025-11-20T00:56:59.299+0000] {logging_mixin.py:188} INFO - [2025-11-20T00:56:59.299+0000] {dagbag.py:545} INFO - Filling up the DagBag from /opt/airflow/dags/predictive_pipeline_dag.py
[2025-11-20T00:57:02.476+0000] {logging_mixin.py:188} WARNING - /home/airflow/.local/lib/python3.12/site-packages/mlflow/tracking/_tracking_service/utils.py:140 FutureWarning: Filesystem tracking backend (e.g., './mlruns') is deprecated. Please switch to a database backend (e.g., 'sqlite:///mlflow.db'). For feedback, see: https://github.com/mlflow/mlflow/issues/18534
[2025-11-20T00:57:03.874+0000] {processor.py:840} INFO - DAG(s) 'predictive_pipeline_xgb' retrieved from /opt/airflow/dags/predictive_pipeline_dag.py
[2025-11-20T00:57:03.922+0000] {logging_mixin.py:188} INFO - [2025-11-20T00:57:03.921+0000] {dag.py:3096} INFO - Sync 1 DAGs
[2025-11-20T00:57:03.957+0000] {logging_mixin.py:188} INFO - [2025-11-20T00:57:03.957+0000] {dag.py:3954} INFO - Setting next_dagrun for predictive_pipeline_xgb to 2025-11-23 00:00:00+00:00, run_after=2025-11-30 00:00:00+00:00
[2025-11-20T00:57:04.054+0000] {processor.py:183} INFO - Processing /opt/airflow/dags/predictive_pipeline_dag.py took 4.773 seconds
[2025-11-20T00:57:34.515+0000] {processor.py:161} INFO - Started process (PID=869) to work on /opt/airflow/dags/predictive_pipeline_dag.py
[2025-11-20T00:57:34.517+0000] {processor.py:830} INFO - Processing file /opt/airflow/dags/predictive_pipeline_dag.py for tasks to queue
[2025-11-20T00:57:34.518+0000] {logging_mixin.py:188} INFO - [2025-11-20T00:57:34.517+0000] {dagbag.py:545} INFO - Filling up the DagBag from /opt/airflow/dags/predictive_pipeline_dag.py
[2025-11-20T00:57:37.100+0000] {logging_mixin.py:188} WARNING - /home/airflow/.local/lib/python3.12/site-packages/mlflow/tracking/_tracking_service/utils.py:140 FutureWarning: Filesystem tracking backend (e.g., './mlruns') is deprecated. Please switch to a database backend (e.g., 'sqlite:///mlflow.db'). For feedback, see: https://github.com/mlflow/mlflow/issues/18534
[2025-11-20T00:57:38.290+0000] {processor.py:840} INFO - DAG(s) 'predictive_pipeline_xgb' retrieved from /opt/airflow/dags/predictive_pipeline_dag.py
[2025-11-20T00:57:38.328+0000] {logging_mixin.py:188} INFO - [2025-11-20T00:57:38.327+0000] {dag.py:3096} INFO - Sync 1 DAGs
[2025-11-20T00:57:38.365+0000] {logging_mixin.py:188} INFO - [2025-11-20T00:57:38.365+0000] {dag.py:3954} INFO - Setting next_dagrun for predictive_pipeline_xgb to 2025-11-23 00:00:00+00:00, run_after=2025-11-30 00:00:00+00:00
[2025-11-20T00:57:38.468+0000] {processor.py:183} INFO - Processing /opt/airflow/dags/predictive_pipeline_dag.py took 3.906 seconds
[2025-11-20T00:58:09.052+0000] {processor.py:161} INFO - Started process (PID=879) to work on /opt/airflow/dags/predictive_pipeline_dag.py
[2025-11-20T00:58:09.054+0000] {processor.py:830} INFO - Processing file /opt/airflow/dags/predictive_pipeline_dag.py for tasks to queue
[2025-11-20T00:58:09.055+0000] {logging_mixin.py:188} INFO - [2025-11-20T00:58:09.055+0000] {dagbag.py:545} INFO - Filling up the DagBag from /opt/airflow/dags/predictive_pipeline_dag.py
[2025-11-20T00:58:11.339+0000] {logging_mixin.py:188} WARNING - /home/airflow/.local/lib/python3.12/site-packages/mlflow/tracking/_tracking_service/utils.py:140 FutureWarning: Filesystem tracking backend (e.g., './mlruns') is deprecated. Please switch to a database backend (e.g., 'sqlite:///mlflow.db'). For feedback, see: https://github.com/mlflow/mlflow/issues/18534
[2025-11-20T00:58:12.352+0000] {processor.py:840} INFO - DAG(s) 'predictive_pipeline_xgb' retrieved from /opt/airflow/dags/predictive_pipeline_dag.py
[2025-11-20T00:58:12.395+0000] {logging_mixin.py:188} INFO - [2025-11-20T00:58:12.395+0000] {dag.py:3096} INFO - Sync 1 DAGs
[2025-11-20T00:58:12.432+0000] {logging_mixin.py:188} INFO - [2025-11-20T00:58:12.432+0000] {dag.py:3954} INFO - Setting next_dagrun for predictive_pipeline_xgb to 2025-11-23 00:00:00+00:00, run_after=2025-11-30 00:00:00+00:00
[2025-11-20T00:58:12.545+0000] {processor.py:183} INFO - Processing /opt/airflow/dags/predictive_pipeline_dag.py took 3.504 seconds
[2025-11-20T00:58:42.914+0000] {processor.py:161} INFO - Started process (PID=889) to work on /opt/airflow/dags/predictive_pipeline_dag.py
[2025-11-20T00:58:42.916+0000] {processor.py:830} INFO - Processing file /opt/airflow/dags/predictive_pipeline_dag.py for tasks to queue
[2025-11-20T00:58:42.918+0000] {logging_mixin.py:188} INFO - [2025-11-20T00:58:42.917+0000] {dagbag.py:545} INFO - Filling up the DagBag from /opt/airflow/dags/predictive_pipeline_dag.py
[2025-11-20T00:58:45.996+0000] {logging_mixin.py:188} WARNING - /home/airflow/.local/lib/python3.12/site-packages/mlflow/tracking/_tracking_service/utils.py:140 FutureWarning: Filesystem tracking backend (e.g., './mlruns') is deprecated. Please switch to a database backend (e.g., 'sqlite:///mlflow.db'). For feedback, see: https://github.com/mlflow/mlflow/issues/18534
[2025-11-20T00:58:47.006+0000] {processor.py:840} INFO - DAG(s) 'predictive_pipeline_xgb' retrieved from /opt/airflow/dags/predictive_pipeline_dag.py
[2025-11-20T00:58:47.044+0000] {logging_mixin.py:188} INFO - [2025-11-20T00:58:47.043+0000] {dag.py:3096} INFO - Sync 1 DAGs
[2025-11-20T00:58:47.078+0000] {logging_mixin.py:188} INFO - [2025-11-20T00:58:47.077+0000] {dag.py:3954} INFO - Setting next_dagrun for predictive_pipeline_xgb to 2025-11-23 00:00:00+00:00, run_after=2025-11-30 00:00:00+00:00
[2025-11-20T00:58:47.184+0000] {processor.py:183} INFO - Processing /opt/airflow/dags/predictive_pipeline_dag.py took 4.286 seconds
[2025-11-20T00:59:18.084+0000] {processor.py:161} INFO - Started process (PID=899) to work on /opt/airflow/dags/predictive_pipeline_dag.py
[2025-11-20T00:59:18.088+0000] {processor.py:830} INFO - Processing file /opt/airflow/dags/predictive_pipeline_dag.py for tasks to queue
[2025-11-20T00:59:18.091+0000] {logging_mixin.py:188} INFO - [2025-11-20T00:59:18.090+0000] {dagbag.py:545} INFO - Filling up the DagBag from /opt/airflow/dags/predictive_pipeline_dag.py
[2025-11-20T00:59:21.037+0000] {logging_mixin.py:188} WARNING - /home/airflow/.local/lib/python3.12/site-packages/mlflow/tracking/_tracking_service/utils.py:140 FutureWarning: Filesystem tracking backend (e.g., './mlruns') is deprecated. Please switch to a database backend (e.g., 'sqlite:///mlflow.db'). For feedback, see: https://github.com/mlflow/mlflow/issues/18534
[2025-11-20T00:59:22.252+0000] {processor.py:840} INFO - DAG(s) 'predictive_pipeline_xgb' retrieved from /opt/airflow/dags/predictive_pipeline_dag.py
[2025-11-20T00:59:22.302+0000] {logging_mixin.py:188} INFO - [2025-11-20T00:59:22.300+0000] {dag.py:3096} INFO - Sync 1 DAGs
[2025-11-20T00:59:22.349+0000] {logging_mixin.py:188} INFO - [2025-11-20T00:59:22.349+0000] {dag.py:3954} INFO - Setting next_dagrun for predictive_pipeline_xgb to 2025-11-23 00:00:00+00:00, run_after=2025-11-30 00:00:00+00:00
[2025-11-20T00:59:22.485+0000] {processor.py:183} INFO - Processing /opt/airflow/dags/predictive_pipeline_dag.py took 4.434 seconds
[2025-11-20T00:59:52.823+0000] {processor.py:161} INFO - Started process (PID=909) to work on /opt/airflow/dags/predictive_pipeline_dag.py
[2025-11-20T00:59:52.833+0000] {processor.py:830} INFO - Processing file /opt/airflow/dags/predictive_pipeline_dag.py for tasks to queue
[2025-11-20T00:59:52.839+0000] {logging_mixin.py:188} INFO - [2025-11-20T00:59:52.837+0000] {dagbag.py:545} INFO - Filling up the DagBag from /opt/airflow/dags/predictive_pipeline_dag.py
[2025-11-20T00:59:56.151+0000] {logging_mixin.py:188} WARNING - /home/airflow/.local/lib/python3.12/site-packages/mlflow/tracking/_tracking_service/utils.py:140 FutureWarning: Filesystem tracking backend (e.g., './mlruns') is deprecated. Please switch to a database backend (e.g., 'sqlite:///mlflow.db'). For feedback, see: https://github.com/mlflow/mlflow/issues/18534
[2025-11-20T00:59:57.316+0000] {processor.py:840} INFO - DAG(s) 'predictive_pipeline_xgb' retrieved from /opt/airflow/dags/predictive_pipeline_dag.py
[2025-11-20T00:59:57.359+0000] {logging_mixin.py:188} INFO - [2025-11-20T00:59:57.358+0000] {dag.py:3096} INFO - Sync 1 DAGs
[2025-11-20T00:59:57.395+0000] {logging_mixin.py:188} INFO - [2025-11-20T00:59:57.395+0000] {dag.py:3954} INFO - Setting next_dagrun for predictive_pipeline_xgb to 2025-11-23 00:00:00+00:00, run_after=2025-11-30 00:00:00+00:00
[2025-11-20T00:59:57.500+0000] {processor.py:183} INFO - Processing /opt/airflow/dags/predictive_pipeline_dag.py took 4.725 seconds
[2025-11-20T01:00:28.491+0000] {processor.py:161} INFO - Started process (PID=919) to work on /opt/airflow/dags/predictive_pipeline_dag.py
[2025-11-20T01:00:28.509+0000] {processor.py:830} INFO - Processing file /opt/airflow/dags/predictive_pipeline_dag.py for tasks to queue
[2025-11-20T01:00:28.512+0000] {logging_mixin.py:188} INFO - [2025-11-20T01:00:28.511+0000] {dagbag.py:545} INFO - Filling up the DagBag from /opt/airflow/dags/predictive_pipeline_dag.py
[2025-11-20T01:00:30.954+0000] {logging_mixin.py:188} WARNING - /home/airflow/.local/lib/python3.12/site-packages/mlflow/tracking/_tracking_service/utils.py:140 FutureWarning: Filesystem tracking backend (e.g., './mlruns') is deprecated. Please switch to a database backend (e.g., 'sqlite:///mlflow.db'). For feedback, see: https://github.com/mlflow/mlflow/issues/18534
[2025-11-20T01:00:31.950+0000] {processor.py:840} INFO - DAG(s) 'predictive_pipeline_xgb' retrieved from /opt/airflow/dags/predictive_pipeline_dag.py
[2025-11-20T01:00:31.983+0000] {logging_mixin.py:188} INFO - [2025-11-20T01:00:31.982+0000] {dag.py:3096} INFO - Sync 1 DAGs
[2025-11-20T01:00:32.017+0000] {logging_mixin.py:188} INFO - [2025-11-20T01:00:32.017+0000] {dag.py:3954} INFO - Setting next_dagrun for predictive_pipeline_xgb to 2025-11-23 00:00:00+00:00, run_after=2025-11-30 00:00:00+00:00
[2025-11-20T01:00:32.125+0000] {processor.py:183} INFO - Processing /opt/airflow/dags/predictive_pipeline_dag.py took 3.677 seconds
[2025-11-20T01:01:02.767+0000] {processor.py:161} INFO - Started process (PID=929) to work on /opt/airflow/dags/predictive_pipeline_dag.py
[2025-11-20T01:01:02.768+0000] {processor.py:830} INFO - Processing file /opt/airflow/dags/predictive_pipeline_dag.py for tasks to queue
[2025-11-20T01:01:02.769+0000] {logging_mixin.py:188} INFO - [2025-11-20T01:01:02.769+0000] {dagbag.py:545} INFO - Filling up the DagBag from /opt/airflow/dags/predictive_pipeline_dag.py
[2025-11-20T01:01:05.025+0000] {logging_mixin.py:188} WARNING - /home/airflow/.local/lib/python3.12/site-packages/mlflow/tracking/_tracking_service/utils.py:140 FutureWarning: Filesystem tracking backend (e.g., './mlruns') is deprecated. Please switch to a database backend (e.g., 'sqlite:///mlflow.db'). For feedback, see: https://github.com/mlflow/mlflow/issues/18534
[2025-11-20T01:01:06.035+0000] {processor.py:840} INFO - DAG(s) 'predictive_pipeline_xgb' retrieved from /opt/airflow/dags/predictive_pipeline_dag.py
[2025-11-20T01:01:06.071+0000] {logging_mixin.py:188} INFO - [2025-11-20T01:01:06.071+0000] {dag.py:3096} INFO - Sync 1 DAGs
[2025-11-20T01:01:06.105+0000] {logging_mixin.py:188} INFO - [2025-11-20T01:01:06.105+0000] {dag.py:3954} INFO - Setting next_dagrun for predictive_pipeline_xgb to 2025-11-23 00:00:00+00:00, run_after=2025-11-30 00:00:00+00:00
[2025-11-20T01:01:06.185+0000] {processor.py:183} INFO - Processing /opt/airflow/dags/predictive_pipeline_dag.py took 3.428 seconds
[2025-11-20T01:01:36.410+0000] {processor.py:161} INFO - Started process (PID=939) to work on /opt/airflow/dags/predictive_pipeline_dag.py
[2025-11-20T01:01:36.412+0000] {processor.py:830} INFO - Processing file /opt/airflow/dags/predictive_pipeline_dag.py for tasks to queue
[2025-11-20T01:01:36.413+0000] {logging_mixin.py:188} INFO - [2025-11-20T01:01:36.413+0000] {dagbag.py:545} INFO - Filling up the DagBag from /opt/airflow/dags/predictive_pipeline_dag.py
[2025-11-20T01:01:39.082+0000] {logging_mixin.py:188} WARNING - /home/airflow/.local/lib/python3.12/site-packages/mlflow/tracking/_tracking_service/utils.py:140 FutureWarning: Filesystem tracking backend (e.g., './mlruns') is deprecated. Please switch to a database backend (e.g., 'sqlite:///mlflow.db'). For feedback, see: https://github.com/mlflow/mlflow/issues/18534
[2025-11-20T01:01:39.980+0000] {processor.py:840} INFO - DAG(s) 'predictive_pipeline_xgb' retrieved from /opt/airflow/dags/predictive_pipeline_dag.py
[2025-11-20T01:01:40.004+0000] {logging_mixin.py:188} INFO - [2025-11-20T01:01:40.004+0000] {dag.py:3096} INFO - Sync 1 DAGs
[2025-11-20T01:01:40.027+0000] {logging_mixin.py:188} INFO - [2025-11-20T01:01:40.026+0000] {dag.py:3954} INFO - Setting next_dagrun for predictive_pipeline_xgb to 2025-11-23 00:00:00+00:00, run_after=2025-11-30 00:00:00+00:00
[2025-11-20T01:01:40.134+0000] {processor.py:183} INFO - Processing /opt/airflow/dags/predictive_pipeline_dag.py took 3.684 seconds
[2025-11-20T01:02:10.612+0000] {processor.py:161} INFO - Started process (PID=949) to work on /opt/airflow/dags/predictive_pipeline_dag.py
[2025-11-20T01:02:10.615+0000] {processor.py:830} INFO - Processing file /opt/airflow/dags/predictive_pipeline_dag.py for tasks to queue
[2025-11-20T01:02:10.618+0000] {logging_mixin.py:188} INFO - [2025-11-20T01:02:10.617+0000] {dagbag.py:545} INFO - Filling up the DagBag from /opt/airflow/dags/predictive_pipeline_dag.py
[2025-11-20T01:02:13.174+0000] {logging_mixin.py:188} WARNING - /home/airflow/.local/lib/python3.12/site-packages/mlflow/tracking/_tracking_service/utils.py:140 FutureWarning: Filesystem tracking backend (e.g., './mlruns') is deprecated. Please switch to a database backend (e.g., 'sqlite:///mlflow.db'). For feedback, see: https://github.com/mlflow/mlflow/issues/18534
[2025-11-20T01:02:14.278+0000] {processor.py:840} INFO - DAG(s) 'predictive_pipeline_xgb' retrieved from /opt/airflow/dags/predictive_pipeline_dag.py
[2025-11-20T01:02:14.312+0000] {logging_mixin.py:188} INFO - [2025-11-20T01:02:14.311+0000] {dag.py:3096} INFO - Sync 1 DAGs
[2025-11-20T01:02:14.341+0000] {logging_mixin.py:188} INFO - [2025-11-20T01:02:14.341+0000] {dag.py:3954} INFO - Setting next_dagrun for predictive_pipeline_xgb to 2025-11-23 00:00:00+00:00, run_after=2025-11-30 00:00:00+00:00
[2025-11-20T01:02:14.436+0000] {processor.py:183} INFO - Processing /opt/airflow/dags/predictive_pipeline_dag.py took 3.854 seconds
[2025-11-20T01:02:44.715+0000] {processor.py:161} INFO - Started process (PID=959) to work on /opt/airflow/dags/predictive_pipeline_dag.py
[2025-11-20T01:02:44.717+0000] {processor.py:830} INFO - Processing file /opt/airflow/dags/predictive_pipeline_dag.py for tasks to queue
[2025-11-20T01:02:44.719+0000] {logging_mixin.py:188} INFO - [2025-11-20T01:02:44.718+0000] {dagbag.py:545} INFO - Filling up the DagBag from /opt/airflow/dags/predictive_pipeline_dag.py
[2025-11-20T01:02:46.801+0000] {logging_mixin.py:188} WARNING - /home/airflow/.local/lib/python3.12/site-packages/mlflow/tracking/_tracking_service/utils.py:140 FutureWarning: Filesystem tracking backend (e.g., './mlruns') is deprecated. Please switch to a database backend (e.g., 'sqlite:///mlflow.db'). For feedback, see: https://github.com/mlflow/mlflow/issues/18534
[2025-11-20T01:02:47.675+0000] {processor.py:840} INFO - DAG(s) 'predictive_pipeline_xgb' retrieved from /opt/airflow/dags/predictive_pipeline_dag.py
[2025-11-20T01:02:47.706+0000] {logging_mixin.py:188} INFO - [2025-11-20T01:02:47.706+0000] {dag.py:3096} INFO - Sync 1 DAGs
[2025-11-20T01:02:47.734+0000] {logging_mixin.py:188} INFO - [2025-11-20T01:02:47.734+0000] {dag.py:3954} INFO - Setting next_dagrun for predictive_pipeline_xgb to 2025-11-23 00:00:00+00:00, run_after=2025-11-30 00:00:00+00:00
[2025-11-20T01:02:47.814+0000] {processor.py:183} INFO - Processing /opt/airflow/dags/predictive_pipeline_dag.py took 3.114 seconds
[2025-11-20T01:03:18.480+0000] {processor.py:161} INFO - Started process (PID=969) to work on /opt/airflow/dags/predictive_pipeline_dag.py
[2025-11-20T01:03:18.484+0000] {processor.py:830} INFO - Processing file /opt/airflow/dags/predictive_pipeline_dag.py for tasks to queue
[2025-11-20T01:03:18.490+0000] {logging_mixin.py:188} INFO - [2025-11-20T01:03:18.488+0000] {dagbag.py:545} INFO - Filling up the DagBag from /opt/airflow/dags/predictive_pipeline_dag.py
[2025-11-20T01:03:20.927+0000] {logging_mixin.py:188} WARNING - /home/airflow/.local/lib/python3.12/site-packages/mlflow/tracking/_tracking_service/utils.py:140 FutureWarning: Filesystem tracking backend (e.g., './mlruns') is deprecated. Please switch to a database backend (e.g., 'sqlite:///mlflow.db'). For feedback, see: https://github.com/mlflow/mlflow/issues/18534
[2025-11-20T01:03:21.723+0000] {processor.py:840} INFO - DAG(s) 'predictive_pipeline_xgb' retrieved from /opt/airflow/dags/predictive_pipeline_dag.py
[2025-11-20T01:03:21.746+0000] {logging_mixin.py:188} INFO - [2025-11-20T01:03:21.745+0000] {dag.py:3096} INFO - Sync 1 DAGs
[2025-11-20T01:03:21.766+0000] {logging_mixin.py:188} INFO - [2025-11-20T01:03:21.766+0000] {dag.py:3954} INFO - Setting next_dagrun for predictive_pipeline_xgb to 2025-11-23 00:00:00+00:00, run_after=2025-11-30 00:00:00+00:00
[2025-11-20T01:03:21.830+0000] {processor.py:183} INFO - Processing /opt/airflow/dags/predictive_pipeline_dag.py took 3.382 seconds
[2025-11-20T01:03:52.633+0000] {processor.py:161} INFO - Started process (PID=979) to work on /opt/airflow/dags/predictive_pipeline_dag.py
[2025-11-20T01:03:52.636+0000] {processor.py:830} INFO - Processing file /opt/airflow/dags/predictive_pipeline_dag.py for tasks to queue
[2025-11-20T01:03:52.638+0000] {logging_mixin.py:188} INFO - [2025-11-20T01:03:52.637+0000] {dagbag.py:545} INFO - Filling up the DagBag from /opt/airflow/dags/predictive_pipeline_dag.py
[2025-11-20T01:03:54.981+0000] {logging_mixin.py:188} WARNING - /home/airflow/.local/lib/python3.12/site-packages/mlflow/tracking/_tracking_service/utils.py:140 FutureWarning: Filesystem tracking backend (e.g., './mlruns') is deprecated. Please switch to a database backend (e.g., 'sqlite:///mlflow.db'). For feedback, see: https://github.com/mlflow/mlflow/issues/18534
[2025-11-20T01:03:55.939+0000] {processor.py:840} INFO - DAG(s) 'predictive_pipeline_xgb' retrieved from /opt/airflow/dags/predictive_pipeline_dag.py
[2025-11-20T01:03:55.979+0000] {logging_mixin.py:188} INFO - [2025-11-20T01:03:55.978+0000] {dag.py:3096} INFO - Sync 1 DAGs
[2025-11-20T01:03:56.011+0000] {logging_mixin.py:188} INFO - [2025-11-20T01:03:56.011+0000] {dag.py:3954} INFO - Setting next_dagrun for predictive_pipeline_xgb to 2025-11-23 00:00:00+00:00, run_after=2025-11-30 00:00:00+00:00
[2025-11-20T01:03:56.104+0000] {processor.py:183} INFO - Processing /opt/airflow/dags/predictive_pipeline_dag.py took 3.493 seconds
[2025-11-20T01:04:26.742+0000] {processor.py:161} INFO - Started process (PID=989) to work on /opt/airflow/dags/predictive_pipeline_dag.py
[2025-11-20T01:04:26.745+0000] {processor.py:830} INFO - Processing file /opt/airflow/dags/predictive_pipeline_dag.py for tasks to queue
[2025-11-20T01:04:26.748+0000] {logging_mixin.py:188} INFO - [2025-11-20T01:04:26.747+0000] {dagbag.py:545} INFO - Filling up the DagBag from /opt/airflow/dags/predictive_pipeline_dag.py
[2025-11-20T01:04:29.104+0000] {logging_mixin.py:188} WARNING - /home/airflow/.local/lib/python3.12/site-packages/mlflow/tracking/_tracking_service/utils.py:140 FutureWarning: Filesystem tracking backend (e.g., './mlruns') is deprecated. Please switch to a database backend (e.g., 'sqlite:///mlflow.db'). For feedback, see: https://github.com/mlflow/mlflow/issues/18534
[2025-11-20T01:04:30.007+0000] {processor.py:840} INFO - DAG(s) 'predictive_pipeline_xgb' retrieved from /opt/airflow/dags/predictive_pipeline_dag.py
[2025-11-20T01:04:30.048+0000] {logging_mixin.py:188} INFO - [2025-11-20T01:04:30.047+0000] {dag.py:3096} INFO - Sync 1 DAGs
[2025-11-20T01:04:30.086+0000] {logging_mixin.py:188} INFO - [2025-11-20T01:04:30.086+0000] {dag.py:3954} INFO - Setting next_dagrun for predictive_pipeline_xgb to 2025-11-23 00:00:00+00:00, run_after=2025-11-30 00:00:00+00:00
[2025-11-20T01:04:30.200+0000] {processor.py:183} INFO - Processing /opt/airflow/dags/predictive_pipeline_dag.py took 3.478 seconds
[2025-11-20T01:05:00.837+0000] {processor.py:161} INFO - Started process (PID=999) to work on /opt/airflow/dags/predictive_pipeline_dag.py
[2025-11-20T01:05:00.839+0000] {processor.py:830} INFO - Processing file /opt/airflow/dags/predictive_pipeline_dag.py for tasks to queue
[2025-11-20T01:05:00.840+0000] {logging_mixin.py:188} INFO - [2025-11-20T01:05:00.840+0000] {dagbag.py:545} INFO - Filling up the DagBag from /opt/airflow/dags/predictive_pipeline_dag.py
[2025-11-20T01:05:03.165+0000] {logging_mixin.py:188} WARNING - /home/airflow/.local/lib/python3.12/site-packages/mlflow/tracking/_tracking_service/utils.py:140 FutureWarning: Filesystem tracking backend (e.g., './mlruns') is deprecated. Please switch to a database backend (e.g., 'sqlite:///mlflow.db'). For feedback, see: https://github.com/mlflow/mlflow/issues/18534
[2025-11-20T01:05:04.197+0000] {processor.py:840} INFO - DAG(s) 'predictive_pipeline_xgb' retrieved from /opt/airflow/dags/predictive_pipeline_dag.py
[2025-11-20T01:05:04.230+0000] {logging_mixin.py:188} INFO - [2025-11-20T01:05:04.230+0000] {dag.py:3096} INFO - Sync 1 DAGs
[2025-11-20T01:05:04.259+0000] {logging_mixin.py:188} INFO - [2025-11-20T01:05:04.259+0000] {dag.py:3954} INFO - Setting next_dagrun for predictive_pipeline_xgb to 2025-11-23 00:00:00+00:00, run_after=2025-11-30 00:00:00+00:00
[2025-11-20T01:05:04.349+0000] {processor.py:183} INFO - Processing /opt/airflow/dags/predictive_pipeline_dag.py took 3.522 seconds
[2025-11-20T01:05:35.045+0000] {processor.py:161} INFO - Started process (PID=1009) to work on /opt/airflow/dags/predictive_pipeline_dag.py
[2025-11-20T01:05:35.047+0000] {processor.py:830} INFO - Processing file /opt/airflow/dags/predictive_pipeline_dag.py for tasks to queue
[2025-11-20T01:05:35.048+0000] {logging_mixin.py:188} INFO - [2025-11-20T01:05:35.048+0000] {dagbag.py:545} INFO - Filling up the DagBag from /opt/airflow/dags/predictive_pipeline_dag.py
[2025-11-20T01:05:37.125+0000] {logging_mixin.py:188} WARNING - /home/airflow/.local/lib/python3.12/site-packages/mlflow/tracking/_tracking_service/utils.py:140 FutureWarning: Filesystem tracking backend (e.g., './mlruns') is deprecated. Please switch to a database backend (e.g., 'sqlite:///mlflow.db'). For feedback, see: https://github.com/mlflow/mlflow/issues/18534
[2025-11-20T01:05:38.066+0000] {processor.py:840} INFO - DAG(s) 'predictive_pipeline_xgb' retrieved from /opt/airflow/dags/predictive_pipeline_dag.py
[2025-11-20T01:05:38.103+0000] {logging_mixin.py:188} INFO - [2025-11-20T01:05:38.101+0000] {dag.py:3096} INFO - Sync 1 DAGs
[2025-11-20T01:05:38.135+0000] {logging_mixin.py:188} INFO - [2025-11-20T01:05:38.134+0000] {dag.py:3954} INFO - Setting next_dagrun for predictive_pipeline_xgb to 2025-11-23 00:00:00+00:00, run_after=2025-11-30 00:00:00+00:00
[2025-11-20T01:05:38.261+0000] {processor.py:183} INFO - Processing /opt/airflow/dags/predictive_pipeline_dag.py took 3.197 seconds
[2025-11-20T01:06:08.521+0000] {processor.py:161} INFO - Started process (PID=1019) to work on /opt/airflow/dags/predictive_pipeline_dag.py
[2025-11-20T01:06:08.523+0000] {processor.py:830} INFO - Processing file /opt/airflow/dags/predictive_pipeline_dag.py for tasks to queue
[2025-11-20T01:06:08.526+0000] {logging_mixin.py:188} INFO - [2025-11-20T01:06:08.525+0000] {dagbag.py:545} INFO - Filling up the DagBag from /opt/airflow/dags/predictive_pipeline_dag.py
[2025-11-20T01:06:11.056+0000] {logging_mixin.py:188} WARNING - /home/airflow/.local/lib/python3.12/site-packages/mlflow/tracking/_tracking_service/utils.py:140 FutureWarning: Filesystem tracking backend (e.g., './mlruns') is deprecated. Please switch to a database backend (e.g., 'sqlite:///mlflow.db'). For feedback, see: https://github.com/mlflow/mlflow/issues/18534
[2025-11-20T01:06:12.323+0000] {processor.py:840} INFO - DAG(s) 'predictive_pipeline_xgb' retrieved from /opt/airflow/dags/predictive_pipeline_dag.py
[2025-11-20T01:06:12.368+0000] {logging_mixin.py:188} INFO - [2025-11-20T01:06:12.367+0000] {dag.py:3096} INFO - Sync 1 DAGs
[2025-11-20T01:06:12.408+0000] {logging_mixin.py:188} INFO - [2025-11-20T01:06:12.407+0000] {dag.py:3954} INFO - Setting next_dagrun for predictive_pipeline_xgb to 2025-11-23 00:00:00+00:00, run_after=2025-11-30 00:00:00+00:00
[2025-11-20T01:06:12.519+0000] {processor.py:183} INFO - Processing /opt/airflow/dags/predictive_pipeline_dag.py took 4.017 seconds
[2025-11-20T01:06:42.863+0000] {processor.py:161} INFO - Started process (PID=1029) to work on /opt/airflow/dags/predictive_pipeline_dag.py
[2025-11-20T01:06:42.865+0000] {processor.py:830} INFO - Processing file /opt/airflow/dags/predictive_pipeline_dag.py for tasks to queue
[2025-11-20T01:06:42.866+0000] {logging_mixin.py:188} INFO - [2025-11-20T01:06:42.866+0000] {dagbag.py:545} INFO - Filling up the DagBag from /opt/airflow/dags/predictive_pipeline_dag.py
[2025-11-20T01:06:45.337+0000] {logging_mixin.py:188} WARNING - /home/airflow/.local/lib/python3.12/site-packages/mlflow/tracking/_tracking_service/utils.py:140 FutureWarning: Filesystem tracking backend (e.g., './mlruns') is deprecated. Please switch to a database backend (e.g., 'sqlite:///mlflow.db'). For feedback, see: https://github.com/mlflow/mlflow/issues/18534
[2025-11-20T01:06:46.440+0000] {processor.py:840} INFO - DAG(s) 'predictive_pipeline_xgb' retrieved from /opt/airflow/dags/predictive_pipeline_dag.py
[2025-11-20T01:06:46.482+0000] {logging_mixin.py:188} INFO - [2025-11-20T01:06:46.481+0000] {dag.py:3096} INFO - Sync 1 DAGs
[2025-11-20T01:06:46.515+0000] {logging_mixin.py:188} INFO - [2025-11-20T01:06:46.514+0000] {dag.py:3954} INFO - Setting next_dagrun for predictive_pipeline_xgb to 2025-11-23 00:00:00+00:00, run_after=2025-11-30 00:00:00+00:00
[2025-11-20T01:06:46.627+0000] {processor.py:183} INFO - Processing /opt/airflow/dags/predictive_pipeline_dag.py took 3.775 seconds
[2025-11-20T01:07:17.419+0000] {processor.py:161} INFO - Started process (PID=1039) to work on /opt/airflow/dags/predictive_pipeline_dag.py
[2025-11-20T01:07:17.423+0000] {processor.py:830} INFO - Processing file /opt/airflow/dags/predictive_pipeline_dag.py for tasks to queue
[2025-11-20T01:07:17.427+0000] {logging_mixin.py:188} INFO - [2025-11-20T01:07:17.426+0000] {dagbag.py:545} INFO - Filling up the DagBag from /opt/airflow/dags/predictive_pipeline_dag.py
[2025-11-20T01:07:20.062+0000] {logging_mixin.py:188} WARNING - /home/airflow/.local/lib/python3.12/site-packages/mlflow/tracking/_tracking_service/utils.py:140 FutureWarning: Filesystem tracking backend (e.g., './mlruns') is deprecated. Please switch to a database backend (e.g., 'sqlite:///mlflow.db'). For feedback, see: https://github.com/mlflow/mlflow/issues/18534
[2025-11-20T01:07:21.007+0000] {processor.py:840} INFO - DAG(s) 'predictive_pipeline_xgb' retrieved from /opt/airflow/dags/predictive_pipeline_dag.py
[2025-11-20T01:07:21.074+0000] {logging_mixin.py:188} INFO - [2025-11-20T01:07:21.073+0000] {dag.py:3096} INFO - Sync 1 DAGs
[2025-11-20T01:07:21.128+0000] {logging_mixin.py:188} INFO - [2025-11-20T01:07:21.128+0000] {dag.py:3954} INFO - Setting next_dagrun for predictive_pipeline_xgb to 2025-11-23 00:00:00+00:00, run_after=2025-11-30 00:00:00+00:00
[2025-11-20T01:07:21.295+0000] {processor.py:183} INFO - Processing /opt/airflow/dags/predictive_pipeline_dag.py took 3.905 seconds
[2025-11-20T01:07:52.064+0000] {processor.py:161} INFO - Started process (PID=1049) to work on /opt/airflow/dags/predictive_pipeline_dag.py
[2025-11-20T01:07:52.067+0000] {processor.py:830} INFO - Processing file /opt/airflow/dags/predictive_pipeline_dag.py for tasks to queue
[2025-11-20T01:07:52.073+0000] {logging_mixin.py:188} INFO - [2025-11-20T01:07:52.072+0000] {dagbag.py:545} INFO - Filling up the DagBag from /opt/airflow/dags/predictive_pipeline_dag.py
[2025-11-20T01:07:54.906+0000] {logging_mixin.py:188} WARNING - /home/airflow/.local/lib/python3.12/site-packages/mlflow/tracking/_tracking_service/utils.py:140 FutureWarning: Filesystem tracking backend (e.g., './mlruns') is deprecated. Please switch to a database backend (e.g., 'sqlite:///mlflow.db'). For feedback, see: https://github.com/mlflow/mlflow/issues/18534
[2025-11-20T01:07:56.233+0000] {processor.py:840} INFO - DAG(s) 'predictive_pipeline_xgb' retrieved from /opt/airflow/dags/predictive_pipeline_dag.py
[2025-11-20T01:07:56.269+0000] {logging_mixin.py:188} INFO - [2025-11-20T01:07:56.268+0000] {dag.py:3096} INFO - Sync 1 DAGs
[2025-11-20T01:07:56.299+0000] {logging_mixin.py:188} INFO - [2025-11-20T01:07:56.299+0000] {dag.py:3954} INFO - Setting next_dagrun for predictive_pipeline_xgb to 2025-11-23 00:00:00+00:00, run_after=2025-11-30 00:00:00+00:00
[2025-11-20T01:07:56.388+0000] {processor.py:183} INFO - Processing /opt/airflow/dags/predictive_pipeline_dag.py took 4.337 seconds
[2025-11-20T01:08:26.972+0000] {processor.py:161} INFO - Started process (PID=1059) to work on /opt/airflow/dags/predictive_pipeline_dag.py
[2025-11-20T01:08:26.973+0000] {processor.py:830} INFO - Processing file /opt/airflow/dags/predictive_pipeline_dag.py for tasks to queue
[2025-11-20T01:08:26.975+0000] {logging_mixin.py:188} INFO - [2025-11-20T01:08:26.974+0000] {dagbag.py:545} INFO - Filling up the DagBag from /opt/airflow/dags/predictive_pipeline_dag.py
[2025-11-20T01:08:29.115+0000] {logging_mixin.py:188} WARNING - /home/airflow/.local/lib/python3.12/site-packages/mlflow/tracking/_tracking_service/utils.py:140 FutureWarning: Filesystem tracking backend (e.g., './mlruns') is deprecated. Please switch to a database backend (e.g., 'sqlite:///mlflow.db'). For feedback, see: https://github.com/mlflow/mlflow/issues/18534
[2025-11-20T01:08:29.853+0000] {processor.py:840} INFO - DAG(s) 'predictive_pipeline_xgb' retrieved from /opt/airflow/dags/predictive_pipeline_dag.py
[2025-11-20T01:08:29.876+0000] {logging_mixin.py:188} INFO - [2025-11-20T01:08:29.875+0000] {dag.py:3096} INFO - Sync 1 DAGs
[2025-11-20T01:08:29.895+0000] {logging_mixin.py:188} INFO - [2025-11-20T01:08:29.895+0000] {dag.py:3954} INFO - Setting next_dagrun for predictive_pipeline_xgb to 2025-11-23 00:00:00+00:00, run_after=2025-11-30 00:00:00+00:00
[2025-11-20T01:08:29.964+0000] {processor.py:183} INFO - Processing /opt/airflow/dags/predictive_pipeline_dag.py took 3.003 seconds
[2025-11-20T01:09:00.690+0000] {processor.py:161} INFO - Started process (PID=1069) to work on /opt/airflow/dags/predictive_pipeline_dag.py
[2025-11-20T01:09:00.694+0000] {processor.py:830} INFO - Processing file /opt/airflow/dags/predictive_pipeline_dag.py for tasks to queue
[2025-11-20T01:09:00.698+0000] {logging_mixin.py:188} INFO - [2025-11-20T01:09:00.697+0000] {dagbag.py:545} INFO - Filling up the DagBag from /opt/airflow/dags/predictive_pipeline_dag.py
[2025-11-20T01:09:02.934+0000] {logging_mixin.py:188} WARNING - /home/airflow/.local/lib/python3.12/site-packages/mlflow/tracking/_tracking_service/utils.py:140 FutureWarning: Filesystem tracking backend (e.g., './mlruns') is deprecated. Please switch to a database backend (e.g., 'sqlite:///mlflow.db'). For feedback, see: https://github.com/mlflow/mlflow/issues/18534
[2025-11-20T01:09:03.827+0000] {processor.py:840} INFO - DAG(s) 'predictive_pipeline_xgb' retrieved from /opt/airflow/dags/predictive_pipeline_dag.py
[2025-11-20T01:09:03.865+0000] {logging_mixin.py:188} INFO - [2025-11-20T01:09:03.864+0000] {dag.py:3096} INFO - Sync 1 DAGs
[2025-11-20T01:09:03.899+0000] {logging_mixin.py:188} INFO - [2025-11-20T01:09:03.898+0000] {dag.py:3954} INFO - Setting next_dagrun for predictive_pipeline_xgb to 2025-11-23 00:00:00+00:00, run_after=2025-11-30 00:00:00+00:00
[2025-11-20T01:09:03.997+0000] {processor.py:183} INFO - Processing /opt/airflow/dags/predictive_pipeline_dag.py took 3.339 seconds
[2025-11-20T01:09:34.376+0000] {processor.py:161} INFO - Started process (PID=1079) to work on /opt/airflow/dags/predictive_pipeline_dag.py
[2025-11-20T01:09:34.377+0000] {processor.py:830} INFO - Processing file /opt/airflow/dags/predictive_pipeline_dag.py for tasks to queue
[2025-11-20T01:09:34.383+0000] {logging_mixin.py:188} INFO - [2025-11-20T01:09:34.382+0000] {dagbag.py:545} INFO - Filling up the DagBag from /opt/airflow/dags/predictive_pipeline_dag.py
[2025-11-20T01:09:36.606+0000] {logging_mixin.py:188} WARNING - /home/airflow/.local/lib/python3.12/site-packages/mlflow/tracking/_tracking_service/utils.py:140 FutureWarning: Filesystem tracking backend (e.g., './mlruns') is deprecated. Please switch to a database backend (e.g., 'sqlite:///mlflow.db'). For feedback, see: https://github.com/mlflow/mlflow/issues/18534
[2025-11-20T01:09:37.487+0000] {processor.py:840} INFO - DAG(s) 'predictive_pipeline_xgb' retrieved from /opt/airflow/dags/predictive_pipeline_dag.py
[2025-11-20T01:09:37.510+0000] {logging_mixin.py:188} INFO - [2025-11-20T01:09:37.509+0000] {dag.py:3096} INFO - Sync 1 DAGs
[2025-11-20T01:09:37.531+0000] {logging_mixin.py:188} INFO - [2025-11-20T01:09:37.531+0000] {dag.py:3954} INFO - Setting next_dagrun for predictive_pipeline_xgb to 2025-11-23 00:00:00+00:00, run_after=2025-11-30 00:00:00+00:00
[2025-11-20T01:09:37.622+0000] {processor.py:183} INFO - Processing /opt/airflow/dags/predictive_pipeline_dag.py took 3.255 seconds
[2025-11-20T01:10:08.386+0000] {processor.py:161} INFO - Started process (PID=1089) to work on /opt/airflow/dags/predictive_pipeline_dag.py
[2025-11-20T01:10:08.389+0000] {processor.py:830} INFO - Processing file /opt/airflow/dags/predictive_pipeline_dag.py for tasks to queue
[2025-11-20T01:10:08.392+0000] {logging_mixin.py:188} INFO - [2025-11-20T01:10:08.391+0000] {dagbag.py:545} INFO - Filling up the DagBag from /opt/airflow/dags/predictive_pipeline_dag.py
[2025-11-20T01:10:10.920+0000] {logging_mixin.py:188} WARNING - /home/airflow/.local/lib/python3.12/site-packages/mlflow/tracking/_tracking_service/utils.py:140 FutureWarning: Filesystem tracking backend (e.g., './mlruns') is deprecated. Please switch to a database backend (e.g., 'sqlite:///mlflow.db'). For feedback, see: https://github.com/mlflow/mlflow/issues/18534
[2025-11-20T01:10:11.768+0000] {processor.py:840} INFO - DAG(s) 'predictive_pipeline_xgb' retrieved from /opt/airflow/dags/predictive_pipeline_dag.py
[2025-11-20T01:10:11.793+0000] {logging_mixin.py:188} INFO - [2025-11-20T01:10:11.792+0000] {dag.py:3096} INFO - Sync 1 DAGs
[2025-11-20T01:10:11.824+0000] {logging_mixin.py:188} INFO - [2025-11-20T01:10:11.823+0000] {dag.py:3954} INFO - Setting next_dagrun for predictive_pipeline_xgb to 2025-11-23 00:00:00+00:00, run_after=2025-11-30 00:00:00+00:00
[2025-11-20T01:10:11.903+0000] {processor.py:183} INFO - Processing /opt/airflow/dags/predictive_pipeline_dag.py took 3.538 seconds
[2025-11-20T01:10:42.585+0000] {processor.py:161} INFO - Started process (PID=1099) to work on /opt/airflow/dags/predictive_pipeline_dag.py
[2025-11-20T01:10:42.586+0000] {processor.py:830} INFO - Processing file /opt/airflow/dags/predictive_pipeline_dag.py for tasks to queue
[2025-11-20T01:10:42.587+0000] {logging_mixin.py:188} INFO - [2025-11-20T01:10:42.587+0000] {dagbag.py:545} INFO - Filling up the DagBag from /opt/airflow/dags/predictive_pipeline_dag.py
[2025-11-20T01:10:45.534+0000] {logging_mixin.py:188} WARNING - /home/airflow/.local/lib/python3.12/site-packages/mlflow/tracking/_tracking_service/utils.py:140 FutureWarning: Filesystem tracking backend (e.g., './mlruns') is deprecated. Please switch to a database backend (e.g., 'sqlite:///mlflow.db'). For feedback, see: https://github.com/mlflow/mlflow/issues/18534
[2025-11-20T01:10:46.877+0000] {processor.py:840} INFO - DAG(s) 'predictive_pipeline_xgb' retrieved from /opt/airflow/dags/predictive_pipeline_dag.py
[2025-11-20T01:10:46.920+0000] {logging_mixin.py:188} INFO - [2025-11-20T01:10:46.920+0000] {dag.py:3096} INFO - Sync 1 DAGs
[2025-11-20T01:10:46.961+0000] {logging_mixin.py:188} INFO - [2025-11-20T01:10:46.960+0000] {dag.py:3954} INFO - Setting next_dagrun for predictive_pipeline_xgb to 2025-11-23 00:00:00+00:00, run_after=2025-11-30 00:00:00+00:00
[2025-11-20T01:10:47.100+0000] {processor.py:183} INFO - Processing /opt/airflow/dags/predictive_pipeline_dag.py took 4.528 seconds
[2025-11-20T01:11:17.418+0000] {processor.py:161} INFO - Started process (PID=1109) to work on /opt/airflow/dags/predictive_pipeline_dag.py
[2025-11-20T01:11:17.420+0000] {processor.py:830} INFO - Processing file /opt/airflow/dags/predictive_pipeline_dag.py for tasks to queue
[2025-11-20T01:11:17.421+0000] {logging_mixin.py:188} INFO - [2025-11-20T01:11:17.421+0000] {dagbag.py:545} INFO - Filling up the DagBag from /opt/airflow/dags/predictive_pipeline_dag.py
[2025-11-20T01:11:19.636+0000] {logging_mixin.py:188} WARNING - /home/airflow/.local/lib/python3.12/site-packages/mlflow/tracking/_tracking_service/utils.py:140 FutureWarning: Filesystem tracking backend (e.g., './mlruns') is deprecated. Please switch to a database backend (e.g., 'sqlite:///mlflow.db'). For feedback, see: https://github.com/mlflow/mlflow/issues/18534
[2025-11-20T01:11:20.565+0000] {processor.py:840} INFO - DAG(s) 'predictive_pipeline_xgb' retrieved from /opt/airflow/dags/predictive_pipeline_dag.py
[2025-11-20T01:11:20.623+0000] {logging_mixin.py:188} INFO - [2025-11-20T01:11:20.621+0000] {dag.py:3096} INFO - Sync 1 DAGs
[2025-11-20T01:11:20.667+0000] {logging_mixin.py:188} INFO - [2025-11-20T01:11:20.666+0000] {dag.py:3954} INFO - Setting next_dagrun for predictive_pipeline_xgb to 2025-11-23 00:00:00+00:00, run_after=2025-11-30 00:00:00+00:00
[2025-11-20T01:11:20.773+0000] {processor.py:183} INFO - Processing /opt/airflow/dags/predictive_pipeline_dag.py took 3.365 seconds
[2025-11-20T01:11:51.291+0000] {processor.py:161} INFO - Started process (PID=1119) to work on /opt/airflow/dags/predictive_pipeline_dag.py
[2025-11-20T01:11:51.292+0000] {processor.py:830} INFO - Processing file /opt/airflow/dags/predictive_pipeline_dag.py for tasks to queue
[2025-11-20T01:11:51.294+0000] {logging_mixin.py:188} INFO - [2025-11-20T01:11:51.293+0000] {dagbag.py:545} INFO - Filling up the DagBag from /opt/airflow/dags/predictive_pipeline_dag.py
[2025-11-20T01:11:54.362+0000] {logging_mixin.py:188} WARNING - /home/airflow/.local/lib/python3.12/site-packages/mlflow/tracking/_tracking_service/utils.py:140 FutureWarning: Filesystem tracking backend (e.g., './mlruns') is deprecated. Please switch to a database backend (e.g., 'sqlite:///mlflow.db'). For feedback, see: https://github.com/mlflow/mlflow/issues/18534
[2025-11-20T01:11:55.120+0000] {processor.py:840} INFO - DAG(s) 'predictive_pipeline_xgb' retrieved from /opt/airflow/dags/predictive_pipeline_dag.py
[2025-11-20T01:11:55.142+0000] {logging_mixin.py:188} INFO - [2025-11-20T01:11:55.141+0000] {dag.py:3096} INFO - Sync 1 DAGs
[2025-11-20T01:11:55.160+0000] {logging_mixin.py:188} INFO - [2025-11-20T01:11:55.160+0000] {dag.py:3954} INFO - Setting next_dagrun for predictive_pipeline_xgb to 2025-11-23 00:00:00+00:00, run_after=2025-11-30 00:00:00+00:00
[2025-11-20T01:11:55.228+0000] {processor.py:183} INFO - Processing /opt/airflow/dags/predictive_pipeline_dag.py took 3.950 seconds
[2025-11-20T01:12:25.512+0000] {processor.py:161} INFO - Started process (PID=1129) to work on /opt/airflow/dags/predictive_pipeline_dag.py
[2025-11-20T01:12:25.514+0000] {processor.py:830} INFO - Processing file /opt/airflow/dags/predictive_pipeline_dag.py for tasks to queue
[2025-11-20T01:12:25.515+0000] {logging_mixin.py:188} INFO - [2025-11-20T01:12:25.515+0000] {dagbag.py:545} INFO - Filling up the DagBag from /opt/airflow/dags/predictive_pipeline_dag.py
[2025-11-20T01:12:28.323+0000] {logging_mixin.py:188} WARNING - /home/airflow/.local/lib/python3.12/site-packages/mlflow/tracking/_tracking_service/utils.py:140 FutureWarning: Filesystem tracking backend (e.g., './mlruns') is deprecated. Please switch to a database backend (e.g., 'sqlite:///mlflow.db'). For feedback, see: https://github.com/mlflow/mlflow/issues/18534
[2025-11-20T01:12:29.554+0000] {processor.py:840} INFO - DAG(s) 'predictive_pipeline_xgb' retrieved from /opt/airflow/dags/predictive_pipeline_dag.py
[2025-11-20T01:12:29.610+0000] {logging_mixin.py:188} INFO - [2025-11-20T01:12:29.609+0000] {dag.py:3096} INFO - Sync 1 DAGs
[2025-11-20T01:12:29.659+0000] {logging_mixin.py:188} INFO - [2025-11-20T01:12:29.659+0000] {dag.py:3954} INFO - Setting next_dagrun for predictive_pipeline_xgb to 2025-11-23 00:00:00+00:00, run_after=2025-11-30 00:00:00+00:00
[2025-11-20T01:12:29.769+0000] {processor.py:183} INFO - Processing /opt/airflow/dags/predictive_pipeline_dag.py took 4.270 seconds
[2025-11-20T01:13:00.474+0000] {processor.py:161} INFO - Started process (PID=1139) to work on /opt/airflow/dags/predictive_pipeline_dag.py
[2025-11-20T01:13:00.477+0000] {processor.py:830} INFO - Processing file /opt/airflow/dags/predictive_pipeline_dag.py for tasks to queue
[2025-11-20T01:13:00.480+0000] {logging_mixin.py:188} INFO - [2025-11-20T01:13:00.479+0000] {dagbag.py:545} INFO - Filling up the DagBag from /opt/airflow/dags/predictive_pipeline_dag.py
[2025-11-20T01:13:02.993+0000] {logging_mixin.py:188} WARNING - /home/airflow/.local/lib/python3.12/site-packages/mlflow/tracking/_tracking_service/utils.py:140 FutureWarning: Filesystem tracking backend (e.g., './mlruns') is deprecated. Please switch to a database backend (e.g., 'sqlite:///mlflow.db'). For feedback, see: https://github.com/mlflow/mlflow/issues/18534
[2025-11-20T01:13:04.067+0000] {processor.py:840} INFO - DAG(s) 'predictive_pipeline_xgb' retrieved from /opt/airflow/dags/predictive_pipeline_dag.py
[2025-11-20T01:13:04.139+0000] {logging_mixin.py:188} INFO - [2025-11-20T01:13:04.135+0000] {dag.py:3096} INFO - Sync 1 DAGs
[2025-11-20T01:13:04.201+0000] {logging_mixin.py:188} INFO - [2025-11-20T01:13:04.201+0000] {dag.py:3954} INFO - Setting next_dagrun for predictive_pipeline_xgb to 2025-11-23 00:00:00+00:00, run_after=2025-11-30 00:00:00+00:00
[2025-11-20T01:13:04.316+0000] {processor.py:183} INFO - Processing /opt/airflow/dags/predictive_pipeline_dag.py took 3.871 seconds
[2025-11-20T01:13:34.570+0000] {processor.py:161} INFO - Started process (PID=1149) to work on /opt/airflow/dags/predictive_pipeline_dag.py
[2025-11-20T01:13:34.571+0000] {processor.py:830} INFO - Processing file /opt/airflow/dags/predictive_pipeline_dag.py for tasks to queue
[2025-11-20T01:13:34.573+0000] {logging_mixin.py:188} INFO - [2025-11-20T01:13:34.572+0000] {dagbag.py:545} INFO - Filling up the DagBag from /opt/airflow/dags/predictive_pipeline_dag.py
[2025-11-20T01:13:36.732+0000] {logging_mixin.py:188} WARNING - /home/airflow/.local/lib/python3.12/site-packages/mlflow/tracking/_tracking_service/utils.py:140 FutureWarning: Filesystem tracking backend (e.g., './mlruns') is deprecated. Please switch to a database backend (e.g., 'sqlite:///mlflow.db'). For feedback, see: https://github.com/mlflow/mlflow/issues/18534
[2025-11-20T01:13:37.734+0000] {processor.py:840} INFO - DAG(s) 'predictive_pipeline_xgb' retrieved from /opt/airflow/dags/predictive_pipeline_dag.py
[2025-11-20T01:13:37.774+0000] {logging_mixin.py:188} INFO - [2025-11-20T01:13:37.774+0000] {dag.py:3096} INFO - Sync 1 DAGs
[2025-11-20T01:13:37.807+0000] {logging_mixin.py:188} INFO - [2025-11-20T01:13:37.807+0000] {dag.py:3954} INFO - Setting next_dagrun for predictive_pipeline_xgb to 2025-11-23 00:00:00+00:00, run_after=2025-11-30 00:00:00+00:00
[2025-11-20T01:13:37.914+0000] {processor.py:183} INFO - Processing /opt/airflow/dags/predictive_pipeline_dag.py took 3.353 seconds
[2025-11-20T01:14:08.712+0000] {processor.py:161} INFO - Started process (PID=1159) to work on /opt/airflow/dags/predictive_pipeline_dag.py
[2025-11-20T01:14:08.714+0000] {processor.py:830} INFO - Processing file /opt/airflow/dags/predictive_pipeline_dag.py for tasks to queue
[2025-11-20T01:14:08.716+0000] {logging_mixin.py:188} INFO - [2025-11-20T01:14:08.715+0000] {dagbag.py:545} INFO - Filling up the DagBag from /opt/airflow/dags/predictive_pipeline_dag.py
[2025-11-20T01:14:13.269+0000] {logging_mixin.py:188} WARNING - /home/airflow/.local/lib/python3.12/site-packages/mlflow/tracking/_tracking_service/utils.py:140 FutureWarning: Filesystem tracking backend (e.g., './mlruns') is deprecated. Please switch to a database backend (e.g., 'sqlite:///mlflow.db'). For feedback, see: https://github.com/mlflow/mlflow/issues/18534
[2025-11-20T01:14:14.363+0000] {processor.py:840} INFO - DAG(s) 'predictive_pipeline_xgb' retrieved from /opt/airflow/dags/predictive_pipeline_dag.py
[2025-11-20T01:14:14.388+0000] {logging_mixin.py:188} INFO - [2025-11-20T01:14:14.387+0000] {dag.py:3096} INFO - Sync 1 DAGs
[2025-11-20T01:14:14.411+0000] {logging_mixin.py:188} INFO - [2025-11-20T01:14:14.411+0000] {dag.py:3954} INFO - Setting next_dagrun for predictive_pipeline_xgb to 2025-11-23 00:00:00+00:00, run_after=2025-11-30 00:00:00+00:00
[2025-11-20T01:14:14.501+0000] {processor.py:183} INFO - Processing /opt/airflow/dags/predictive_pipeline_dag.py took 5.800 seconds
[2025-11-20T01:14:45.010+0000] {processor.py:161} INFO - Started process (PID=1169) to work on /opt/airflow/dags/predictive_pipeline_dag.py
[2025-11-20T01:14:45.011+0000] {processor.py:830} INFO - Processing file /opt/airflow/dags/predictive_pipeline_dag.py for tasks to queue
[2025-11-20T01:14:45.012+0000] {logging_mixin.py:188} INFO - [2025-11-20T01:14:45.011+0000] {dagbag.py:545} INFO - Filling up the DagBag from /opt/airflow/dags/predictive_pipeline_dag.py
[2025-11-20T01:14:46.846+0000] {logging_mixin.py:188} WARNING - /home/airflow/.local/lib/python3.12/site-packages/mlflow/tracking/_tracking_service/utils.py:140 FutureWarning: Filesystem tracking backend (e.g., './mlruns') is deprecated. Please switch to a database backend (e.g., 'sqlite:///mlflow.db'). For feedback, see: https://github.com/mlflow/mlflow/issues/18534
[2025-11-20T01:14:47.754+0000] {processor.py:840} INFO - DAG(s) 'predictive_pipeline_xgb' retrieved from /opt/airflow/dags/predictive_pipeline_dag.py
[2025-11-20T01:14:47.788+0000] {logging_mixin.py:188} INFO - [2025-11-20T01:14:47.786+0000] {dag.py:3096} INFO - Sync 1 DAGs
[2025-11-20T01:14:47.818+0000] {logging_mixin.py:188} INFO - [2025-11-20T01:14:47.818+0000] {dag.py:3954} INFO - Setting next_dagrun for predictive_pipeline_xgb to 2025-11-23 00:00:00+00:00, run_after=2025-11-30 00:00:00+00:00
[2025-11-20T01:14:47.903+0000] {processor.py:183} INFO - Processing /opt/airflow/dags/predictive_pipeline_dag.py took 2.901 seconds
[2025-11-20T01:15:18.149+0000] {processor.py:161} INFO - Started process (PID=1179) to work on /opt/airflow/dags/predictive_pipeline_dag.py
[2025-11-20T01:15:18.150+0000] {processor.py:830} INFO - Processing file /opt/airflow/dags/predictive_pipeline_dag.py for tasks to queue
[2025-11-20T01:15:18.152+0000] {logging_mixin.py:188} INFO - [2025-11-20T01:15:18.151+0000] {dagbag.py:545} INFO - Filling up the DagBag from /opt/airflow/dags/predictive_pipeline_dag.py
[2025-11-20T01:15:20.151+0000] {logging_mixin.py:188} WARNING - /home/airflow/.local/lib/python3.12/site-packages/mlflow/tracking/_tracking_service/utils.py:140 FutureWarning: Filesystem tracking backend (e.g., './mlruns') is deprecated. Please switch to a database backend (e.g., 'sqlite:///mlflow.db'). For feedback, see: https://github.com/mlflow/mlflow/issues/18534
[2025-11-20T01:15:21.089+0000] {processor.py:840} INFO - DAG(s) 'predictive_pipeline_xgb' retrieved from /opt/airflow/dags/predictive_pipeline_dag.py
[2025-11-20T01:15:21.114+0000] {logging_mixin.py:188} INFO - [2025-11-20T01:15:21.113+0000] {dag.py:3096} INFO - Sync 1 DAGs
[2025-11-20T01:15:21.137+0000] {logging_mixin.py:188} INFO - [2025-11-20T01:15:21.137+0000] {dag.py:3954} INFO - Setting next_dagrun for predictive_pipeline_xgb to 2025-11-23 00:00:00+00:00, run_after=2025-11-30 00:00:00+00:00
[2025-11-20T01:15:21.208+0000] {processor.py:183} INFO - Processing /opt/airflow/dags/predictive_pipeline_dag.py took 3.067 seconds
[2025-11-20T01:15:51.504+0000] {processor.py:161} INFO - Started process (PID=1189) to work on /opt/airflow/dags/predictive_pipeline_dag.py
[2025-11-20T01:15:51.505+0000] {processor.py:830} INFO - Processing file /opt/airflow/dags/predictive_pipeline_dag.py for tasks to queue
[2025-11-20T01:15:51.506+0000] {logging_mixin.py:188} INFO - [2025-11-20T01:15:51.506+0000] {dagbag.py:545} INFO - Filling up the DagBag from /opt/airflow/dags/predictive_pipeline_dag.py
[2025-11-20T01:15:53.442+0000] {logging_mixin.py:188} WARNING - /home/airflow/.local/lib/python3.12/site-packages/mlflow/tracking/_tracking_service/utils.py:140 FutureWarning: Filesystem tracking backend (e.g., './mlruns') is deprecated. Please switch to a database backend (e.g., 'sqlite:///mlflow.db'). For feedback, see: https://github.com/mlflow/mlflow/issues/18534
[2025-11-20T01:15:54.328+0000] {processor.py:840} INFO - DAG(s) 'predictive_pipeline_xgb' retrieved from /opt/airflow/dags/predictive_pipeline_dag.py
[2025-11-20T01:15:54.351+0000] {logging_mixin.py:188} INFO - [2025-11-20T01:15:54.351+0000] {dag.py:3096} INFO - Sync 1 DAGs
[2025-11-20T01:15:54.375+0000] {logging_mixin.py:188} INFO - [2025-11-20T01:15:54.375+0000] {dag.py:3954} INFO - Setting next_dagrun for predictive_pipeline_xgb to 2025-11-23 00:00:00+00:00, run_after=2025-11-30 00:00:00+00:00
[2025-11-20T01:15:54.434+0000] {processor.py:183} INFO - Processing /opt/airflow/dags/predictive_pipeline_dag.py took 2.938 seconds
[2025-11-20T01:16:24.775+0000] {processor.py:161} INFO - Started process (PID=1199) to work on /opt/airflow/dags/predictive_pipeline_dag.py
[2025-11-20T01:16:24.776+0000] {processor.py:830} INFO - Processing file /opt/airflow/dags/predictive_pipeline_dag.py for tasks to queue
[2025-11-20T01:16:24.777+0000] {logging_mixin.py:188} INFO - [2025-11-20T01:16:24.777+0000] {dagbag.py:545} INFO - Filling up the DagBag from /opt/airflow/dags/predictive_pipeline_dag.py
[2025-11-20T01:16:26.479+0000] {logging_mixin.py:188} WARNING - /home/airflow/.local/lib/python3.12/site-packages/mlflow/tracking/_tracking_service/utils.py:140 FutureWarning: Filesystem tracking backend (e.g., './mlruns') is deprecated. Please switch to a database backend (e.g., 'sqlite:///mlflow.db'). For feedback, see: https://github.com/mlflow/mlflow/issues/18534
[2025-11-20T01:16:27.186+0000] {processor.py:840} INFO - DAG(s) 'predictive_pipeline_xgb' retrieved from /opt/airflow/dags/predictive_pipeline_dag.py
[2025-11-20T01:16:27.210+0000] {logging_mixin.py:188} INFO - [2025-11-20T01:16:27.210+0000] {dag.py:3096} INFO - Sync 1 DAGs
[2025-11-20T01:16:27.232+0000] {logging_mixin.py:188} INFO - [2025-11-20T01:16:27.232+0000] {dag.py:3954} INFO - Setting next_dagrun for predictive_pipeline_xgb to 2025-11-23 00:00:00+00:00, run_after=2025-11-30 00:00:00+00:00
[2025-11-20T01:16:27.280+0000] {processor.py:183} INFO - Processing /opt/airflow/dags/predictive_pipeline_dag.py took 2.512 seconds
[2025-11-20T01:16:57.615+0000] {processor.py:161} INFO - Started process (PID=1209) to work on /opt/airflow/dags/predictive_pipeline_dag.py
[2025-11-20T01:16:57.616+0000] {processor.py:830} INFO - Processing file /opt/airflow/dags/predictive_pipeline_dag.py for tasks to queue
[2025-11-20T01:16:57.617+0000] {logging_mixin.py:188} INFO - [2025-11-20T01:16:57.617+0000] {dagbag.py:545} INFO - Filling up the DagBag from /opt/airflow/dags/predictive_pipeline_dag.py
[2025-11-20T01:16:59.348+0000] {logging_mixin.py:188} WARNING - /home/airflow/.local/lib/python3.12/site-packages/mlflow/tracking/_tracking_service/utils.py:140 FutureWarning: Filesystem tracking backend (e.g., './mlruns') is deprecated. Please switch to a database backend (e.g., 'sqlite:///mlflow.db'). For feedback, see: https://github.com/mlflow/mlflow/issues/18534
[2025-11-20T01:17:00.164+0000] {processor.py:840} INFO - DAG(s) 'predictive_pipeline_xgb' retrieved from /opt/airflow/dags/predictive_pipeline_dag.py
[2025-11-20T01:17:00.194+0000] {logging_mixin.py:188} INFO - [2025-11-20T01:17:00.192+0000] {dag.py:3096} INFO - Sync 1 DAGs
[2025-11-20T01:17:00.217+0000] {logging_mixin.py:188} INFO - [2025-11-20T01:17:00.217+0000] {dag.py:3954} INFO - Setting next_dagrun for predictive_pipeline_xgb to 2025-11-23 00:00:00+00:00, run_after=2025-11-30 00:00:00+00:00
[2025-11-20T01:17:00.278+0000] {processor.py:183} INFO - Processing /opt/airflow/dags/predictive_pipeline_dag.py took 2.669 seconds
[2025-11-20T01:17:30.634+0000] {processor.py:161} INFO - Started process (PID=1219) to work on /opt/airflow/dags/predictive_pipeline_dag.py
[2025-11-20T01:17:30.635+0000] {processor.py:830} INFO - Processing file /opt/airflow/dags/predictive_pipeline_dag.py for tasks to queue
[2025-11-20T01:17:30.636+0000] {logging_mixin.py:188} INFO - [2025-11-20T01:17:30.636+0000] {dagbag.py:545} INFO - Filling up the DagBag from /opt/airflow/dags/predictive_pipeline_dag.py
[2025-11-20T01:17:32.577+0000] {logging_mixin.py:188} WARNING - /home/airflow/.local/lib/python3.12/site-packages/mlflow/tracking/_tracking_service/utils.py:140 FutureWarning: Filesystem tracking backend (e.g., './mlruns') is deprecated. Please switch to a database backend (e.g., 'sqlite:///mlflow.db'). For feedback, see: https://github.com/mlflow/mlflow/issues/18534
[2025-11-20T01:17:33.351+0000] {processor.py:840} INFO - DAG(s) 'predictive_pipeline_xgb' retrieved from /opt/airflow/dags/predictive_pipeline_dag.py
[2025-11-20T01:17:33.376+0000] {logging_mixin.py:188} INFO - [2025-11-20T01:17:33.374+0000] {dag.py:3096} INFO - Sync 1 DAGs
[2025-11-20T01:17:33.398+0000] {logging_mixin.py:188} INFO - [2025-11-20T01:17:33.398+0000] {dag.py:3954} INFO - Setting next_dagrun for predictive_pipeline_xgb to 2025-11-23 00:00:00+00:00, run_after=2025-11-30 00:00:00+00:00
[2025-11-20T01:17:33.446+0000] {processor.py:183} INFO - Processing /opt/airflow/dags/predictive_pipeline_dag.py took 2.820 seconds
[2025-11-20T01:18:03.783+0000] {processor.py:161} INFO - Started process (PID=1229) to work on /opt/airflow/dags/predictive_pipeline_dag.py
[2025-11-20T01:18:03.784+0000] {processor.py:830} INFO - Processing file /opt/airflow/dags/predictive_pipeline_dag.py for tasks to queue
[2025-11-20T01:18:03.785+0000] {logging_mixin.py:188} INFO - [2025-11-20T01:18:03.784+0000] {dagbag.py:545} INFO - Filling up the DagBag from /opt/airflow/dags/predictive_pipeline_dag.py
[2025-11-20T01:18:05.531+0000] {logging_mixin.py:188} WARNING - /home/airflow/.local/lib/python3.12/site-packages/mlflow/tracking/_tracking_service/utils.py:140 FutureWarning: Filesystem tracking backend (e.g., './mlruns') is deprecated. Please switch to a database backend (e.g., 'sqlite:///mlflow.db'). For feedback, see: https://github.com/mlflow/mlflow/issues/18534
[2025-11-20T01:18:06.263+0000] {processor.py:840} INFO - DAG(s) 'predictive_pipeline_xgb' retrieved from /opt/airflow/dags/predictive_pipeline_dag.py
[2025-11-20T01:18:06.288+0000] {logging_mixin.py:188} INFO - [2025-11-20T01:18:06.288+0000] {dag.py:3096} INFO - Sync 1 DAGs
[2025-11-20T01:18:06.310+0000] {logging_mixin.py:188} INFO - [2025-11-20T01:18:06.309+0000] {dag.py:3954} INFO - Setting next_dagrun for predictive_pipeline_xgb to 2025-11-23 00:00:00+00:00, run_after=2025-11-30 00:00:00+00:00
[2025-11-20T01:18:06.358+0000] {processor.py:183} INFO - Processing /opt/airflow/dags/predictive_pipeline_dag.py took 2.581 seconds
[2025-11-20T01:18:36.410+0000] {processor.py:161} INFO - Started process (PID=1239) to work on /opt/airflow/dags/predictive_pipeline_dag.py
[2025-11-20T01:18:36.411+0000] {processor.py:830} INFO - Processing file /opt/airflow/dags/predictive_pipeline_dag.py for tasks to queue
[2025-11-20T01:18:36.412+0000] {logging_mixin.py:188} INFO - [2025-11-20T01:18:36.411+0000] {dagbag.py:545} INFO - Filling up the DagBag from /opt/airflow/dags/predictive_pipeline_dag.py
[2025-11-20T01:18:38.222+0000] {logging_mixin.py:188} WARNING - /home/airflow/.local/lib/python3.12/site-packages/mlflow/tracking/_tracking_service/utils.py:140 FutureWarning: Filesystem tracking backend (e.g., './mlruns') is deprecated. Please switch to a database backend (e.g., 'sqlite:///mlflow.db'). For feedback, see: https://github.com/mlflow/mlflow/issues/18534
[2025-11-20T01:18:39.081+0000] {processor.py:840} INFO - DAG(s) 'predictive_pipeline_xgb' retrieved from /opt/airflow/dags/predictive_pipeline_dag.py
[2025-11-20T01:18:39.109+0000] {logging_mixin.py:188} INFO - [2025-11-20T01:18:39.109+0000] {dag.py:3096} INFO - Sync 1 DAGs
[2025-11-20T01:18:39.131+0000] {logging_mixin.py:188} INFO - [2025-11-20T01:18:39.131+0000] {dag.py:3954} INFO - Setting next_dagrun for predictive_pipeline_xgb to 2025-11-23 00:00:00+00:00, run_after=2025-11-30 00:00:00+00:00
[2025-11-20T01:18:39.182+0000] {processor.py:183} INFO - Processing /opt/airflow/dags/predictive_pipeline_dag.py took 2.734 seconds
[2025-11-20T01:19:09.500+0000] {processor.py:161} INFO - Started process (PID=1249) to work on /opt/airflow/dags/predictive_pipeline_dag.py
[2025-11-20T01:19:09.501+0000] {processor.py:830} INFO - Processing file /opt/airflow/dags/predictive_pipeline_dag.py for tasks to queue
[2025-11-20T01:19:09.502+0000] {logging_mixin.py:188} INFO - [2025-11-20T01:19:09.502+0000] {dagbag.py:545} INFO - Filling up the DagBag from /opt/airflow/dags/predictive_pipeline_dag.py
[2025-11-20T01:19:11.306+0000] {logging_mixin.py:188} WARNING - /home/airflow/.local/lib/python3.12/site-packages/mlflow/tracking/_tracking_service/utils.py:140 FutureWarning: Filesystem tracking backend (e.g., './mlruns') is deprecated. Please switch to a database backend (e.g., 'sqlite:///mlflow.db'). For feedback, see: https://github.com/mlflow/mlflow/issues/18534
[2025-11-20T01:19:12.111+0000] {processor.py:840} INFO - DAG(s) 'predictive_pipeline_xgb' retrieved from /opt/airflow/dags/predictive_pipeline_dag.py
[2025-11-20T01:19:12.137+0000] {logging_mixin.py:188} INFO - [2025-11-20T01:19:12.136+0000] {dag.py:3096} INFO - Sync 1 DAGs
[2025-11-20T01:19:12.160+0000] {logging_mixin.py:188} INFO - [2025-11-20T01:19:12.159+0000] {dag.py:3954} INFO - Setting next_dagrun for predictive_pipeline_xgb to 2025-11-23 00:00:00+00:00, run_after=2025-11-30 00:00:00+00:00
[2025-11-20T01:19:12.211+0000] {processor.py:183} INFO - Processing /opt/airflow/dags/predictive_pipeline_dag.py took 2.717 seconds
[2025-11-20T01:19:42.372+0000] {processor.py:161} INFO - Started process (PID=1259) to work on /opt/airflow/dags/predictive_pipeline_dag.py
[2025-11-20T01:19:42.374+0000] {processor.py:830} INFO - Processing file /opt/airflow/dags/predictive_pipeline_dag.py for tasks to queue
[2025-11-20T01:19:42.375+0000] {logging_mixin.py:188} INFO - [2025-11-20T01:19:42.374+0000] {dagbag.py:545} INFO - Filling up the DagBag from /opt/airflow/dags/predictive_pipeline_dag.py
[2025-11-20T01:19:44.173+0000] {logging_mixin.py:188} WARNING - /home/airflow/.local/lib/python3.12/site-packages/mlflow/tracking/_tracking_service/utils.py:140 FutureWarning: Filesystem tracking backend (e.g., './mlruns') is deprecated. Please switch to a database backend (e.g., 'sqlite:///mlflow.db'). For feedback, see: https://github.com/mlflow/mlflow/issues/18534
[2025-11-20T01:19:44.945+0000] {processor.py:840} INFO - DAG(s) 'predictive_pipeline_xgb' retrieved from /opt/airflow/dags/predictive_pipeline_dag.py
[2025-11-20T01:19:44.970+0000] {logging_mixin.py:188} INFO - [2025-11-20T01:19:44.970+0000] {dag.py:3096} INFO - Sync 1 DAGs
[2025-11-20T01:19:44.995+0000] {logging_mixin.py:188} INFO - [2025-11-20T01:19:44.994+0000] {dag.py:3954} INFO - Setting next_dagrun for predictive_pipeline_xgb to 2025-11-23 00:00:00+00:00, run_after=2025-11-30 00:00:00+00:00
[2025-11-20T01:19:45.063+0000] {processor.py:183} INFO - Processing /opt/airflow/dags/predictive_pipeline_dag.py took 2.699 seconds
[2025-11-20T01:20:15.366+0000] {processor.py:161} INFO - Started process (PID=1269) to work on /opt/airflow/dags/predictive_pipeline_dag.py
[2025-11-20T01:20:15.367+0000] {processor.py:830} INFO - Processing file /opt/airflow/dags/predictive_pipeline_dag.py for tasks to queue
[2025-11-20T01:20:15.368+0000] {logging_mixin.py:188} INFO - [2025-11-20T01:20:15.368+0000] {dagbag.py:545} INFO - Filling up the DagBag from /opt/airflow/dags/predictive_pipeline_dag.py
[2025-11-20T01:20:17.064+0000] {logging_mixin.py:188} WARNING - /home/airflow/.local/lib/python3.12/site-packages/mlflow/tracking/_tracking_service/utils.py:140 FutureWarning: Filesystem tracking backend (e.g., './mlruns') is deprecated. Please switch to a database backend (e.g., 'sqlite:///mlflow.db'). For feedback, see: https://github.com/mlflow/mlflow/issues/18534
[2025-11-20T01:20:17.781+0000] {processor.py:840} INFO - DAG(s) 'predictive_pipeline_xgb' retrieved from /opt/airflow/dags/predictive_pipeline_dag.py
[2025-11-20T01:20:17.805+0000] {logging_mixin.py:188} INFO - [2025-11-20T01:20:17.804+0000] {dag.py:3096} INFO - Sync 1 DAGs
[2025-11-20T01:20:17.827+0000] {logging_mixin.py:188} INFO - [2025-11-20T01:20:17.827+0000] {dag.py:3954} INFO - Setting next_dagrun for predictive_pipeline_xgb to 2025-11-23 00:00:00+00:00, run_after=2025-11-30 00:00:00+00:00
[2025-11-20T01:20:17.875+0000] {processor.py:183} INFO - Processing /opt/airflow/dags/predictive_pipeline_dag.py took 2.516 seconds
[2025-11-20T01:20:48.230+0000] {processor.py:161} INFO - Started process (PID=1279) to work on /opt/airflow/dags/predictive_pipeline_dag.py
[2025-11-20T01:20:48.232+0000] {processor.py:830} INFO - Processing file /opt/airflow/dags/predictive_pipeline_dag.py for tasks to queue
[2025-11-20T01:20:48.233+0000] {logging_mixin.py:188} INFO - [2025-11-20T01:20:48.232+0000] {dagbag.py:545} INFO - Filling up the DagBag from /opt/airflow/dags/predictive_pipeline_dag.py
[2025-11-20T01:20:50.018+0000] {logging_mixin.py:188} WARNING - /home/airflow/.local/lib/python3.12/site-packages/mlflow/tracking/_tracking_service/utils.py:140 FutureWarning: Filesystem tracking backend (e.g., './mlruns') is deprecated. Please switch to a database backend (e.g., 'sqlite:///mlflow.db'). For feedback, see: https://github.com/mlflow/mlflow/issues/18534
[2025-11-20T01:20:50.758+0000] {processor.py:840} INFO - DAG(s) 'predictive_pipeline_xgb' retrieved from /opt/airflow/dags/predictive_pipeline_dag.py
[2025-11-20T01:20:50.784+0000] {logging_mixin.py:188} INFO - [2025-11-20T01:20:50.784+0000] {dag.py:3096} INFO - Sync 1 DAGs
[2025-11-20T01:20:50.807+0000] {logging_mixin.py:188} INFO - [2025-11-20T01:20:50.807+0000] {dag.py:3954} INFO - Setting next_dagrun for predictive_pipeline_xgb to 2025-11-23 00:00:00+00:00, run_after=2025-11-30 00:00:00+00:00
[2025-11-20T01:20:50.856+0000] {processor.py:183} INFO - Processing /opt/airflow/dags/predictive_pipeline_dag.py took 2.633 seconds
[2025-11-20T01:21:21.182+0000] {processor.py:161} INFO - Started process (PID=1289) to work on /opt/airflow/dags/predictive_pipeline_dag.py
[2025-11-20T01:21:21.183+0000] {processor.py:830} INFO - Processing file /opt/airflow/dags/predictive_pipeline_dag.py for tasks to queue
[2025-11-20T01:21:21.184+0000] {logging_mixin.py:188} INFO - [2025-11-20T01:21:21.184+0000] {dagbag.py:545} INFO - Filling up the DagBag from /opt/airflow/dags/predictive_pipeline_dag.py
[2025-11-20T01:21:22.943+0000] {logging_mixin.py:188} WARNING - /home/airflow/.local/lib/python3.12/site-packages/mlflow/tracking/_tracking_service/utils.py:140 FutureWarning: Filesystem tracking backend (e.g., './mlruns') is deprecated. Please switch to a database backend (e.g., 'sqlite:///mlflow.db'). For feedback, see: https://github.com/mlflow/mlflow/issues/18534
[2025-11-20T01:21:23.871+0000] {processor.py:840} INFO - DAG(s) 'predictive_pipeline_xgb' retrieved from /opt/airflow/dags/predictive_pipeline_dag.py
[2025-11-20T01:21:23.908+0000] {logging_mixin.py:188} INFO - [2025-11-20T01:21:23.907+0000] {dag.py:3096} INFO - Sync 1 DAGs
[2025-11-20T01:21:23.940+0000] {logging_mixin.py:188} INFO - [2025-11-20T01:21:23.939+0000] {dag.py:3954} INFO - Setting next_dagrun for predictive_pipeline_xgb to 2025-11-23 00:00:00+00:00, run_after=2025-11-30 00:00:00+00:00
[2025-11-20T01:21:24.005+0000] {processor.py:183} INFO - Processing /opt/airflow/dags/predictive_pipeline_dag.py took 2.830 seconds
[2025-11-20T01:21:54.329+0000] {processor.py:161} INFO - Started process (PID=1299) to work on /opt/airflow/dags/predictive_pipeline_dag.py
[2025-11-20T01:21:54.330+0000] {processor.py:830} INFO - Processing file /opt/airflow/dags/predictive_pipeline_dag.py for tasks to queue
[2025-11-20T01:21:54.331+0000] {logging_mixin.py:188} INFO - [2025-11-20T01:21:54.331+0000] {dagbag.py:545} INFO - Filling up the DagBag from /opt/airflow/dags/predictive_pipeline_dag.py
[2025-11-20T01:21:56.145+0000] {logging_mixin.py:188} WARNING - /home/airflow/.local/lib/python3.12/site-packages/mlflow/tracking/_tracking_service/utils.py:140 FutureWarning: Filesystem tracking backend (e.g., './mlruns') is deprecated. Please switch to a database backend (e.g., 'sqlite:///mlflow.db'). For feedback, see: https://github.com/mlflow/mlflow/issues/18534
[2025-11-20T01:21:56.873+0000] {processor.py:840} INFO - DAG(s) 'predictive_pipeline_xgb' retrieved from /opt/airflow/dags/predictive_pipeline_dag.py
[2025-11-20T01:21:56.896+0000] {logging_mixin.py:188} INFO - [2025-11-20T01:21:56.895+0000] {dag.py:3096} INFO - Sync 1 DAGs
[2025-11-20T01:21:56.918+0000] {logging_mixin.py:188} INFO - [2025-11-20T01:21:56.918+0000] {dag.py:3954} INFO - Setting next_dagrun for predictive_pipeline_xgb to 2025-11-23 00:00:00+00:00, run_after=2025-11-30 00:00:00+00:00
[2025-11-20T01:21:56.967+0000] {processor.py:183} INFO - Processing /opt/airflow/dags/predictive_pipeline_dag.py took 2.644 seconds
[2025-11-20T01:22:27.275+0000] {processor.py:161} INFO - Started process (PID=1309) to work on /opt/airflow/dags/predictive_pipeline_dag.py
[2025-11-20T01:22:27.276+0000] {processor.py:830} INFO - Processing file /opt/airflow/dags/predictive_pipeline_dag.py for tasks to queue
[2025-11-20T01:22:27.277+0000] {logging_mixin.py:188} INFO - [2025-11-20T01:22:27.277+0000] {dagbag.py:545} INFO - Filling up the DagBag from /opt/airflow/dags/predictive_pipeline_dag.py
[2025-11-20T01:22:29.041+0000] {logging_mixin.py:188} WARNING - /home/airflow/.local/lib/python3.12/site-packages/mlflow/tracking/_tracking_service/utils.py:140 FutureWarning: Filesystem tracking backend (e.g., './mlruns') is deprecated. Please switch to a database backend (e.g., 'sqlite:///mlflow.db'). For feedback, see: https://github.com/mlflow/mlflow/issues/18534
[2025-11-20T01:22:29.793+0000] {processor.py:840} INFO - DAG(s) 'predictive_pipeline_xgb' retrieved from /opt/airflow/dags/predictive_pipeline_dag.py
[2025-11-20T01:22:29.819+0000] {logging_mixin.py:188} INFO - [2025-11-20T01:22:29.819+0000] {dag.py:3096} INFO - Sync 1 DAGs
[2025-11-20T01:22:29.841+0000] {logging_mixin.py:188} INFO - [2025-11-20T01:22:29.841+0000] {dag.py:3954} INFO - Setting next_dagrun for predictive_pipeline_xgb to 2025-11-23 00:00:00+00:00, run_after=2025-11-30 00:00:00+00:00
[2025-11-20T01:22:29.889+0000] {processor.py:183} INFO - Processing /opt/airflow/dags/predictive_pipeline_dag.py took 2.620 seconds
[2025-11-20T01:23:00.232+0000] {processor.py:161} INFO - Started process (PID=1319) to work on /opt/airflow/dags/predictive_pipeline_dag.py
[2025-11-20T01:23:00.233+0000] {processor.py:830} INFO - Processing file /opt/airflow/dags/predictive_pipeline_dag.py for tasks to queue
[2025-11-20T01:23:00.234+0000] {logging_mixin.py:188} INFO - [2025-11-20T01:23:00.233+0000] {dagbag.py:545} INFO - Filling up the DagBag from /opt/airflow/dags/predictive_pipeline_dag.py
[2025-11-20T01:23:02.128+0000] {logging_mixin.py:188} WARNING - /home/airflow/.local/lib/python3.12/site-packages/mlflow/tracking/_tracking_service/utils.py:140 FutureWarning: Filesystem tracking backend (e.g., './mlruns') is deprecated. Please switch to a database backend (e.g., 'sqlite:///mlflow.db'). For feedback, see: https://github.com/mlflow/mlflow/issues/18534
[2025-11-20T01:23:02.887+0000] {processor.py:840} INFO - DAG(s) 'predictive_pipeline_xgb' retrieved from /opt/airflow/dags/predictive_pipeline_dag.py
[2025-11-20T01:23:02.917+0000] {logging_mixin.py:188} INFO - [2025-11-20T01:23:02.917+0000] {dag.py:3096} INFO - Sync 1 DAGs
[2025-11-20T01:23:02.943+0000] {logging_mixin.py:188} INFO - [2025-11-20T01:23:02.942+0000] {dag.py:3954} INFO - Setting next_dagrun for predictive_pipeline_xgb to 2025-11-23 00:00:00+00:00, run_after=2025-11-30 00:00:00+00:00
[2025-11-20T01:23:03.024+0000] {processor.py:183} INFO - Processing /opt/airflow/dags/predictive_pipeline_dag.py took 2.799 seconds
[2025-11-20T01:23:33.415+0000] {processor.py:161} INFO - Started process (PID=1329) to work on /opt/airflow/dags/predictive_pipeline_dag.py
[2025-11-20T01:23:33.416+0000] {processor.py:830} INFO - Processing file /opt/airflow/dags/predictive_pipeline_dag.py for tasks to queue
[2025-11-20T01:23:33.418+0000] {logging_mixin.py:188} INFO - [2025-11-20T01:23:33.417+0000] {dagbag.py:545} INFO - Filling up the DagBag from /opt/airflow/dags/predictive_pipeline_dag.py
[2025-11-20T01:23:35.552+0000] {logging_mixin.py:188} WARNING - /home/airflow/.local/lib/python3.12/site-packages/mlflow/tracking/_tracking_service/utils.py:140 FutureWarning: Filesystem tracking backend (e.g., './mlruns') is deprecated. Please switch to a database backend (e.g., 'sqlite:///mlflow.db'). For feedback, see: https://github.com/mlflow/mlflow/issues/18534
[2025-11-20T01:23:36.336+0000] {processor.py:840} INFO - DAG(s) 'predictive_pipeline_xgb' retrieved from /opt/airflow/dags/predictive_pipeline_dag.py
[2025-11-20T01:23:36.361+0000] {logging_mixin.py:188} INFO - [2025-11-20T01:23:36.360+0000] {dag.py:3096} INFO - Sync 1 DAGs
[2025-11-20T01:23:36.382+0000] {logging_mixin.py:188} INFO - [2025-11-20T01:23:36.382+0000] {dag.py:3954} INFO - Setting next_dagrun for predictive_pipeline_xgb to 2025-11-23 00:00:00+00:00, run_after=2025-11-30 00:00:00+00:00
[2025-11-20T01:23:36.428+0000] {processor.py:183} INFO - Processing /opt/airflow/dags/predictive_pipeline_dag.py took 3.023 seconds
[2025-11-20T01:24:06.872+0000] {processor.py:161} INFO - Started process (PID=1339) to work on /opt/airflow/dags/predictive_pipeline_dag.py
[2025-11-20T01:24:06.873+0000] {processor.py:830} INFO - Processing file /opt/airflow/dags/predictive_pipeline_dag.py for tasks to queue
[2025-11-20T01:24:06.874+0000] {logging_mixin.py:188} INFO - [2025-11-20T01:24:06.873+0000] {dagbag.py:545} INFO - Filling up the DagBag from /opt/airflow/dags/predictive_pipeline_dag.py
[2025-11-20T01:24:08.779+0000] {logging_mixin.py:188} WARNING - /home/airflow/.local/lib/python3.12/site-packages/mlflow/tracking/_tracking_service/utils.py:140 FutureWarning: Filesystem tracking backend (e.g., './mlruns') is deprecated. Please switch to a database backend (e.g., 'sqlite:///mlflow.db'). For feedback, see: https://github.com/mlflow/mlflow/issues/18534
[2025-11-20T01:24:09.636+0000] {processor.py:840} INFO - DAG(s) 'predictive_pipeline_xgb' retrieved from /opt/airflow/dags/predictive_pipeline_dag.py
[2025-11-20T01:24:09.663+0000] {logging_mixin.py:188} INFO - [2025-11-20T01:24:09.663+0000] {dag.py:3096} INFO - Sync 1 DAGs
[2025-11-20T01:24:09.686+0000] {logging_mixin.py:188} INFO - [2025-11-20T01:24:09.685+0000] {dag.py:3954} INFO - Setting next_dagrun for predictive_pipeline_xgb to 2025-11-23 00:00:00+00:00, run_after=2025-11-30 00:00:00+00:00
[2025-11-20T01:24:09.735+0000] {processor.py:183} INFO - Processing /opt/airflow/dags/predictive_pipeline_dag.py took 2.820 seconds
[2025-11-20T01:24:40.071+0000] {processor.py:161} INFO - Started process (PID=1349) to work on /opt/airflow/dags/predictive_pipeline_dag.py
[2025-11-20T01:24:40.072+0000] {processor.py:830} INFO - Processing file /opt/airflow/dags/predictive_pipeline_dag.py for tasks to queue
[2025-11-20T01:24:40.073+0000] {logging_mixin.py:188} INFO - [2025-11-20T01:24:40.073+0000] {dagbag.py:545} INFO - Filling up the DagBag from /opt/airflow/dags/predictive_pipeline_dag.py
[2025-11-20T01:24:41.839+0000] {logging_mixin.py:188} WARNING - /home/airflow/.local/lib/python3.12/site-packages/mlflow/tracking/_tracking_service/utils.py:140 FutureWarning: Filesystem tracking backend (e.g., './mlruns') is deprecated. Please switch to a database backend (e.g., 'sqlite:///mlflow.db'). For feedback, see: https://github.com/mlflow/mlflow/issues/18534
[2025-11-20T01:24:42.598+0000] {processor.py:840} INFO - DAG(s) 'predictive_pipeline_xgb' retrieved from /opt/airflow/dags/predictive_pipeline_dag.py
[2025-11-20T01:24:42.622+0000] {logging_mixin.py:188} INFO - [2025-11-20T01:24:42.622+0000] {dag.py:3096} INFO - Sync 1 DAGs
[2025-11-20T01:24:42.644+0000] {logging_mixin.py:188} INFO - [2025-11-20T01:24:42.644+0000] {dag.py:3954} INFO - Setting next_dagrun for predictive_pipeline_xgb to 2025-11-23 00:00:00+00:00, run_after=2025-11-30 00:00:00+00:00
[2025-11-20T01:24:42.693+0000] {processor.py:183} INFO - Processing /opt/airflow/dags/predictive_pipeline_dag.py took 2.629 seconds
[2025-11-20T01:25:13.037+0000] {processor.py:161} INFO - Started process (PID=1359) to work on /opt/airflow/dags/predictive_pipeline_dag.py
[2025-11-20T01:25:13.038+0000] {processor.py:830} INFO - Processing file /opt/airflow/dags/predictive_pipeline_dag.py for tasks to queue
[2025-11-20T01:25:13.039+0000] {logging_mixin.py:188} INFO - [2025-11-20T01:25:13.038+0000] {dagbag.py:545} INFO - Filling up the DagBag from /opt/airflow/dags/predictive_pipeline_dag.py
[2025-11-20T01:25:14.890+0000] {logging_mixin.py:188} WARNING - /home/airflow/.local/lib/python3.12/site-packages/mlflow/tracking/_tracking_service/utils.py:140 FutureWarning: Filesystem tracking backend (e.g., './mlruns') is deprecated. Please switch to a database backend (e.g., 'sqlite:///mlflow.db'). For feedback, see: https://github.com/mlflow/mlflow/issues/18534
[2025-11-20T01:25:15.785+0000] {processor.py:840} INFO - DAG(s) 'predictive_pipeline_xgb' retrieved from /opt/airflow/dags/predictive_pipeline_dag.py
[2025-11-20T01:25:15.813+0000] {logging_mixin.py:188} INFO - [2025-11-20T01:25:15.812+0000] {dag.py:3096} INFO - Sync 1 DAGs
[2025-11-20T01:25:15.838+0000] {logging_mixin.py:188} INFO - [2025-11-20T01:25:15.838+0000] {dag.py:3954} INFO - Setting next_dagrun for predictive_pipeline_xgb to 2025-11-23 00:00:00+00:00, run_after=2025-11-30 00:00:00+00:00
[2025-11-20T01:25:15.910+0000] {processor.py:183} INFO - Processing /opt/airflow/dags/predictive_pipeline_dag.py took 2.880 seconds
[2025-11-20T01:25:46.220+0000] {processor.py:161} INFO - Started process (PID=1369) to work on /opt/airflow/dags/predictive_pipeline_dag.py
[2025-11-20T01:25:46.221+0000] {processor.py:830} INFO - Processing file /opt/airflow/dags/predictive_pipeline_dag.py for tasks to queue
[2025-11-20T01:25:46.222+0000] {logging_mixin.py:188} INFO - [2025-11-20T01:25:46.221+0000] {dagbag.py:545} INFO - Filling up the DagBag from /opt/airflow/dags/predictive_pipeline_dag.py
[2025-11-20T01:25:48.141+0000] {logging_mixin.py:188} WARNING - /home/airflow/.local/lib/python3.12/site-packages/mlflow/tracking/_tracking_service/utils.py:140 FutureWarning: Filesystem tracking backend (e.g., './mlruns') is deprecated. Please switch to a database backend (e.g., 'sqlite:///mlflow.db'). For feedback, see: https://github.com/mlflow/mlflow/issues/18534
[2025-11-20T01:25:48.858+0000] {processor.py:840} INFO - DAG(s) 'predictive_pipeline_xgb' retrieved from /opt/airflow/dags/predictive_pipeline_dag.py
[2025-11-20T01:25:48.883+0000] {logging_mixin.py:188} INFO - [2025-11-20T01:25:48.882+0000] {dag.py:3096} INFO - Sync 1 DAGs
[2025-11-20T01:25:48.905+0000] {logging_mixin.py:188} INFO - [2025-11-20T01:25:48.905+0000] {dag.py:3954} INFO - Setting next_dagrun for predictive_pipeline_xgb to 2025-11-23 00:00:00+00:00, run_after=2025-11-30 00:00:00+00:00
[2025-11-20T01:25:48.953+0000] {processor.py:183} INFO - Processing /opt/airflow/dags/predictive_pipeline_dag.py took 2.741 seconds
[2025-11-20T01:26:19.068+0000] {processor.py:161} INFO - Started process (PID=1379) to work on /opt/airflow/dags/predictive_pipeline_dag.py
[2025-11-20T01:26:19.069+0000] {processor.py:830} INFO - Processing file /opt/airflow/dags/predictive_pipeline_dag.py for tasks to queue
[2025-11-20T01:26:19.070+0000] {logging_mixin.py:188} INFO - [2025-11-20T01:26:19.070+0000] {dagbag.py:545} INFO - Filling up the DagBag from /opt/airflow/dags/predictive_pipeline_dag.py
[2025-11-20T01:26:20.929+0000] {logging_mixin.py:188} WARNING - /home/airflow/.local/lib/python3.12/site-packages/mlflow/tracking/_tracking_service/utils.py:140 FutureWarning: Filesystem tracking backend (e.g., './mlruns') is deprecated. Please switch to a database backend (e.g., 'sqlite:///mlflow.db'). For feedback, see: https://github.com/mlflow/mlflow/issues/18534
[2025-11-20T01:26:21.672+0000] {processor.py:840} INFO - DAG(s) 'predictive_pipeline_xgb' retrieved from /opt/airflow/dags/predictive_pipeline_dag.py
[2025-11-20T01:26:21.697+0000] {logging_mixin.py:188} INFO - [2025-11-20T01:26:21.696+0000] {dag.py:3096} INFO - Sync 1 DAGs
[2025-11-20T01:26:21.720+0000] {logging_mixin.py:188} INFO - [2025-11-20T01:26:21.720+0000] {dag.py:3954} INFO - Setting next_dagrun for predictive_pipeline_xgb to 2025-11-23 00:00:00+00:00, run_after=2025-11-30 00:00:00+00:00
[2025-11-20T01:26:21.768+0000] {processor.py:183} INFO - Processing /opt/airflow/dags/predictive_pipeline_dag.py took 2.707 seconds
[2025-11-20T01:26:51.941+0000] {processor.py:161} INFO - Started process (PID=1389) to work on /opt/airflow/dags/predictive_pipeline_dag.py
[2025-11-20T01:26:51.943+0000] {processor.py:830} INFO - Processing file /opt/airflow/dags/predictive_pipeline_dag.py for tasks to queue
[2025-11-20T01:26:51.947+0000] {logging_mixin.py:188} INFO - [2025-11-20T01:26:51.945+0000] {dagbag.py:545} INFO - Filling up the DagBag from /opt/airflow/dags/predictive_pipeline_dag.py
[2025-11-20T01:26:55.227+0000] {logging_mixin.py:188} WARNING - /home/airflow/.local/lib/python3.12/site-packages/mlflow/tracking/_tracking_service/utils.py:140 FutureWarning: Filesystem tracking backend (e.g., './mlruns') is deprecated. Please switch to a database backend (e.g., 'sqlite:///mlflow.db'). For feedback, see: https://github.com/mlflow/mlflow/issues/18534
[2025-11-20T01:26:56.106+0000] {processor.py:840} INFO - DAG(s) 'predictive_pipeline_xgb' retrieved from /opt/airflow/dags/predictive_pipeline_dag.py
[2025-11-20T01:26:56.137+0000] {logging_mixin.py:188} INFO - [2025-11-20T01:26:56.136+0000] {dag.py:3096} INFO - Sync 1 DAGs
[2025-11-20T01:26:56.160+0000] {logging_mixin.py:188} INFO - [2025-11-20T01:26:56.160+0000] {dag.py:3954} INFO - Setting next_dagrun for predictive_pipeline_xgb to 2025-11-23 00:00:00+00:00, run_after=2025-11-30 00:00:00+00:00
[2025-11-20T01:26:56.246+0000] {processor.py:183} INFO - Processing /opt/airflow/dags/predictive_pipeline_dag.py took 4.317 seconds
[2025-11-20T01:27:26.640+0000] {processor.py:161} INFO - Started process (PID=1399) to work on /opt/airflow/dags/predictive_pipeline_dag.py
[2025-11-20T01:27:26.642+0000] {processor.py:830} INFO - Processing file /opt/airflow/dags/predictive_pipeline_dag.py for tasks to queue
[2025-11-20T01:27:26.643+0000] {logging_mixin.py:188} INFO - [2025-11-20T01:27:26.643+0000] {dagbag.py:545} INFO - Filling up the DagBag from /opt/airflow/dags/predictive_pipeline_dag.py
[2025-11-20T01:27:28.486+0000] {logging_mixin.py:188} WARNING - /home/airflow/.local/lib/python3.12/site-packages/mlflow/tracking/_tracking_service/utils.py:140 FutureWarning: Filesystem tracking backend (e.g., './mlruns') is deprecated. Please switch to a database backend (e.g., 'sqlite:///mlflow.db'). For feedback, see: https://github.com/mlflow/mlflow/issues/18534
[2025-11-20T01:27:29.319+0000] {processor.py:840} INFO - DAG(s) 'predictive_pipeline_xgb' retrieved from /opt/airflow/dags/predictive_pipeline_dag.py
[2025-11-20T01:27:29.348+0000] {logging_mixin.py:188} INFO - [2025-11-20T01:27:29.347+0000] {dag.py:3096} INFO - Sync 1 DAGs
[2025-11-20T01:27:29.369+0000] {logging_mixin.py:188} INFO - [2025-11-20T01:27:29.369+0000] {dag.py:3954} INFO - Setting next_dagrun for predictive_pipeline_xgb to 2025-11-23 00:00:00+00:00, run_after=2025-11-30 00:00:00+00:00
[2025-11-20T01:27:29.417+0000] {processor.py:183} INFO - Processing /opt/airflow/dags/predictive_pipeline_dag.py took 2.788 seconds
[2025-11-20T01:27:59.784+0000] {processor.py:161} INFO - Started process (PID=1409) to work on /opt/airflow/dags/predictive_pipeline_dag.py
[2025-11-20T01:27:59.785+0000] {processor.py:830} INFO - Processing file /opt/airflow/dags/predictive_pipeline_dag.py for tasks to queue
[2025-11-20T01:27:59.786+0000] {logging_mixin.py:188} INFO - [2025-11-20T01:27:59.785+0000] {dagbag.py:545} INFO - Filling up the DagBag from /opt/airflow/dags/predictive_pipeline_dag.py
[2025-11-20T01:28:01.506+0000] {logging_mixin.py:188} WARNING - /home/airflow/.local/lib/python3.12/site-packages/mlflow/tracking/_tracking_service/utils.py:140 FutureWarning: Filesystem tracking backend (e.g., './mlruns') is deprecated. Please switch to a database backend (e.g., 'sqlite:///mlflow.db'). For feedback, see: https://github.com/mlflow/mlflow/issues/18534
[2025-11-20T01:28:02.263+0000] {processor.py:840} INFO - DAG(s) 'predictive_pipeline_xgb' retrieved from /opt/airflow/dags/predictive_pipeline_dag.py
[2025-11-20T01:28:02.288+0000] {logging_mixin.py:188} INFO - [2025-11-20T01:28:02.287+0000] {dag.py:3096} INFO - Sync 1 DAGs
[2025-11-20T01:28:02.309+0000] {logging_mixin.py:188} INFO - [2025-11-20T01:28:02.309+0000] {dag.py:3954} INFO - Setting next_dagrun for predictive_pipeline_xgb to 2025-11-23 00:00:00+00:00, run_after=2025-11-30 00:00:00+00:00
[2025-11-20T01:28:02.361+0000] {processor.py:183} INFO - Processing /opt/airflow/dags/predictive_pipeline_dag.py took 2.585 seconds
[2025-11-20T01:28:32.642+0000] {processor.py:161} INFO - Started process (PID=1419) to work on /opt/airflow/dags/predictive_pipeline_dag.py
[2025-11-20T01:28:32.643+0000] {processor.py:830} INFO - Processing file /opt/airflow/dags/predictive_pipeline_dag.py for tasks to queue
[2025-11-20T01:28:32.644+0000] {logging_mixin.py:188} INFO - [2025-11-20T01:28:32.643+0000] {dagbag.py:545} INFO - Filling up the DagBag from /opt/airflow/dags/predictive_pipeline_dag.py
[2025-11-20T01:28:34.345+0000] {logging_mixin.py:188} WARNING - /home/airflow/.local/lib/python3.12/site-packages/mlflow/tracking/_tracking_service/utils.py:140 FutureWarning: Filesystem tracking backend (e.g., './mlruns') is deprecated. Please switch to a database backend (e.g., 'sqlite:///mlflow.db'). For feedback, see: https://github.com/mlflow/mlflow/issues/18534
[2025-11-20T01:28:35.072+0000] {processor.py:840} INFO - DAG(s) 'predictive_pipeline_xgb' retrieved from /opt/airflow/dags/predictive_pipeline_dag.py
[2025-11-20T01:28:35.097+0000] {logging_mixin.py:188} INFO - [2025-11-20T01:28:35.096+0000] {dag.py:3096} INFO - Sync 1 DAGs
[2025-11-20T01:28:35.118+0000] {logging_mixin.py:188} INFO - [2025-11-20T01:28:35.117+0000] {dag.py:3954} INFO - Setting next_dagrun for predictive_pipeline_xgb to 2025-11-23 00:00:00+00:00, run_after=2025-11-30 00:00:00+00:00
[2025-11-20T01:28:35.164+0000] {processor.py:183} INFO - Processing /opt/airflow/dags/predictive_pipeline_dag.py took 2.530 seconds
[2025-11-20T01:29:05.489+0000] {processor.py:161} INFO - Started process (PID=1429) to work on /opt/airflow/dags/predictive_pipeline_dag.py
[2025-11-20T01:29:05.490+0000] {processor.py:830} INFO - Processing file /opt/airflow/dags/predictive_pipeline_dag.py for tasks to queue
[2025-11-20T01:29:05.491+0000] {logging_mixin.py:188} INFO - [2025-11-20T01:29:05.491+0000] {dagbag.py:545} INFO - Filling up the DagBag from /opt/airflow/dags/predictive_pipeline_dag.py
[2025-11-20T01:29:07.323+0000] {logging_mixin.py:188} WARNING - /home/airflow/.local/lib/python3.12/site-packages/mlflow/tracking/_tracking_service/utils.py:140 FutureWarning: Filesystem tracking backend (e.g., './mlruns') is deprecated. Please switch to a database backend (e.g., 'sqlite:///mlflow.db'). For feedback, see: https://github.com/mlflow/mlflow/issues/18534
[2025-11-20T01:29:08.072+0000] {processor.py:840} INFO - DAG(s) 'predictive_pipeline_xgb' retrieved from /opt/airflow/dags/predictive_pipeline_dag.py
[2025-11-20T01:29:08.095+0000] {logging_mixin.py:188} INFO - [2025-11-20T01:29:08.095+0000] {dag.py:3096} INFO - Sync 1 DAGs
[2025-11-20T01:29:08.116+0000] {logging_mixin.py:188} INFO - [2025-11-20T01:29:08.116+0000] {dag.py:3954} INFO - Setting next_dagrun for predictive_pipeline_xgb to 2025-11-23 00:00:00+00:00, run_after=2025-11-30 00:00:00+00:00
[2025-11-20T01:29:08.167+0000] {processor.py:183} INFO - Processing /opt/airflow/dags/predictive_pipeline_dag.py took 2.684 seconds
[2025-11-20T01:29:38.466+0000] {processor.py:161} INFO - Started process (PID=1439) to work on /opt/airflow/dags/predictive_pipeline_dag.py
[2025-11-20T01:29:38.468+0000] {processor.py:830} INFO - Processing file /opt/airflow/dags/predictive_pipeline_dag.py for tasks to queue
[2025-11-20T01:29:38.469+0000] {logging_mixin.py:188} INFO - [2025-11-20T01:29:38.468+0000] {dagbag.py:545} INFO - Filling up the DagBag from /opt/airflow/dags/predictive_pipeline_dag.py
[2025-11-20T01:29:40.282+0000] {logging_mixin.py:188} WARNING - /home/airflow/.local/lib/python3.12/site-packages/mlflow/tracking/_tracking_service/utils.py:140 FutureWarning: Filesystem tracking backend (e.g., './mlruns') is deprecated. Please switch to a database backend (e.g., 'sqlite:///mlflow.db'). For feedback, see: https://github.com/mlflow/mlflow/issues/18534
[2025-11-20T01:29:41.048+0000] {processor.py:840} INFO - DAG(s) 'predictive_pipeline_xgb' retrieved from /opt/airflow/dags/predictive_pipeline_dag.py
[2025-11-20T01:29:41.073+0000] {logging_mixin.py:188} INFO - [2025-11-20T01:29:41.073+0000] {dag.py:3096} INFO - Sync 1 DAGs
[2025-11-20T01:29:41.096+0000] {logging_mixin.py:188} INFO - [2025-11-20T01:29:41.096+0000] {dag.py:3954} INFO - Setting next_dagrun for predictive_pipeline_xgb to 2025-11-23 00:00:00+00:00, run_after=2025-11-30 00:00:00+00:00
[2025-11-20T01:29:41.144+0000] {processor.py:183} INFO - Processing /opt/airflow/dags/predictive_pipeline_dag.py took 2.641 seconds
[2025-11-20T01:30:11.445+0000] {processor.py:161} INFO - Started process (PID=1449) to work on /opt/airflow/dags/predictive_pipeline_dag.py
[2025-11-20T01:30:11.446+0000] {processor.py:830} INFO - Processing file /opt/airflow/dags/predictive_pipeline_dag.py for tasks to queue
[2025-11-20T01:30:11.447+0000] {logging_mixin.py:188} INFO - [2025-11-20T01:30:11.446+0000] {dagbag.py:545} INFO - Filling up the DagBag from /opt/airflow/dags/predictive_pipeline_dag.py
[2025-11-20T01:30:14.057+0000] {logging_mixin.py:188} WARNING - /home/airflow/.local/lib/python3.12/site-packages/mlflow/tracking/_tracking_service/utils.py:140 FutureWarning: Filesystem tracking backend (e.g., './mlruns') is deprecated. Please switch to a database backend (e.g., 'sqlite:///mlflow.db'). For feedback, see: https://github.com/mlflow/mlflow/issues/18534
[2025-11-20T01:30:14.874+0000] {processor.py:840} INFO - DAG(s) 'predictive_pipeline_xgb' retrieved from /opt/airflow/dags/predictive_pipeline_dag.py
[2025-11-20T01:30:14.898+0000] {logging_mixin.py:188} INFO - [2025-11-20T01:30:14.897+0000] {dag.py:3096} INFO - Sync 1 DAGs
[2025-11-20T01:30:14.976+0000] {processor.py:183} INFO - Processing /opt/airflow/dags/predictive_pipeline_dag.py took 3.538 seconds
[2025-11-20T01:31:44.584+0000] {processor.py:161} INFO - Started process (PID=1494) to work on /opt/airflow/dags/predictive_pipeline_dag.py
[2025-11-20T01:31:44.585+0000] {processor.py:830} INFO - Processing file /opt/airflow/dags/predictive_pipeline_dag.py for tasks to queue
[2025-11-20T01:31:44.587+0000] {logging_mixin.py:188} INFO - [2025-11-20T01:31:44.586+0000] {dagbag.py:545} INFO - Filling up the DagBag from /opt/airflow/dags/predictive_pipeline_dag.py
[2025-11-20T01:31:46.517+0000] {logging_mixin.py:188} WARNING - /home/airflow/.local/lib/python3.12/site-packages/mlflow/tracking/_tracking_service/utils.py:140 FutureWarning: Filesystem tracking backend (e.g., './mlruns') is deprecated. Please switch to a database backend (e.g., 'sqlite:///mlflow.db'). For feedback, see: https://github.com/mlflow/mlflow/issues/18534
[2025-11-20T01:31:47.328+0000] {processor.py:840} INFO - DAG(s) 'predictive_pipeline_xgb' retrieved from /opt/airflow/dags/predictive_pipeline_dag.py
[2025-11-20T01:31:47.349+0000] {logging_mixin.py:188} INFO - [2025-11-20T01:31:47.349+0000] {dag.py:3096} INFO - Sync 1 DAGs
[2025-11-20T01:31:47.413+0000] {processor.py:183} INFO - Processing /opt/airflow/dags/predictive_pipeline_dag.py took 2.836 seconds
[2025-11-20T01:34:50.128+0000] {processor.py:161} INFO - Started process (PID=1532) to work on /opt/airflow/dags/predictive_pipeline_dag.py
[2025-11-20T01:34:50.129+0000] {processor.py:830} INFO - Processing file /opt/airflow/dags/predictive_pipeline_dag.py for tasks to queue
[2025-11-20T01:34:50.130+0000] {logging_mixin.py:188} INFO - [2025-11-20T01:34:50.130+0000] {dagbag.py:545} INFO - Filling up the DagBag from /opt/airflow/dags/predictive_pipeline_dag.py
[2025-11-20T01:34:52.152+0000] {logging_mixin.py:188} WARNING - /home/airflow/.local/lib/python3.12/site-packages/mlflow/tracking/_tracking_service/utils.py:140 FutureWarning: Filesystem tracking backend (e.g., './mlruns') is deprecated. Please switch to a database backend (e.g., 'sqlite:///mlflow.db'). For feedback, see: https://github.com/mlflow/mlflow/issues/18534
[2025-11-20T01:34:52.956+0000] {processor.py:840} INFO - DAG(s) 'predictive_pipeline_xgb' retrieved from /opt/airflow/dags/predictive_pipeline_dag.py
[2025-11-20T01:34:52.978+0000] {logging_mixin.py:188} INFO - [2025-11-20T01:34:52.978+0000] {dag.py:3096} INFO - Sync 1 DAGs
[2025-11-20T01:34:53.049+0000] {processor.py:183} INFO - Processing /opt/airflow/dags/predictive_pipeline_dag.py took 2.926 seconds
[2025-11-20T01:35:24.244+0000] {processor.py:161} INFO - Started process (PID=1595) to work on /opt/airflow/dags/predictive_pipeline_dag.py
[2025-11-20T01:35:24.245+0000] {processor.py:830} INFO - Processing file /opt/airflow/dags/predictive_pipeline_dag.py for tasks to queue
[2025-11-20T01:35:24.246+0000] {logging_mixin.py:188} INFO - [2025-11-20T01:35:24.246+0000] {dagbag.py:545} INFO - Filling up the DagBag from /opt/airflow/dags/predictive_pipeline_dag.py
[2025-11-20T01:35:26.610+0000] {logging_mixin.py:188} WARNING - /home/airflow/.local/lib/python3.12/site-packages/mlflow/tracking/_tracking_service/utils.py:140 FutureWarning: Filesystem tracking backend (e.g., './mlruns') is deprecated. Please switch to a database backend (e.g., 'sqlite:///mlflow.db'). For feedback, see: https://github.com/mlflow/mlflow/issues/18534
[2025-11-20T01:35:27.416+0000] {processor.py:840} INFO - DAG(s) 'predictive_pipeline_xgb' retrieved from /opt/airflow/dags/predictive_pipeline_dag.py
[2025-11-20T01:35:27.439+0000] {logging_mixin.py:188} INFO - [2025-11-20T01:35:27.439+0000] {dag.py:3096} INFO - Sync 1 DAGs
[2025-11-20T01:35:27.459+0000] {logging_mixin.py:188} INFO - [2025-11-20T01:35:27.459+0000] {dag.py:3954} INFO - Setting next_dagrun for predictive_pipeline_xgb to 2025-11-23 00:00:00+00:00, run_after=2025-11-30 00:00:00+00:00
[2025-11-20T01:35:27.510+0000] {processor.py:183} INFO - Processing /opt/airflow/dags/predictive_pipeline_dag.py took 3.273 seconds
[2025-11-20T01:35:58.265+0000] {processor.py:161} INFO - Started process (PID=1605) to work on /opt/airflow/dags/predictive_pipeline_dag.py
[2025-11-20T01:35:58.266+0000] {processor.py:830} INFO - Processing file /opt/airflow/dags/predictive_pipeline_dag.py for tasks to queue
[2025-11-20T01:35:58.267+0000] {logging_mixin.py:188} INFO - [2025-11-20T01:35:58.267+0000] {dagbag.py:545} INFO - Filling up the DagBag from /opt/airflow/dags/predictive_pipeline_dag.py
[2025-11-20T01:36:00.203+0000] {logging_mixin.py:188} WARNING - /home/airflow/.local/lib/python3.12/site-packages/mlflow/tracking/_tracking_service/utils.py:140 FutureWarning: Filesystem tracking backend (e.g., './mlruns') is deprecated. Please switch to a database backend (e.g., 'sqlite:///mlflow.db'). For feedback, see: https://github.com/mlflow/mlflow/issues/18534
[2025-11-20T01:36:01.094+0000] {processor.py:840} INFO - DAG(s) 'predictive_pipeline_xgb' retrieved from /opt/airflow/dags/predictive_pipeline_dag.py
[2025-11-20T01:36:01.116+0000] {logging_mixin.py:188} INFO - [2025-11-20T01:36:01.116+0000] {dag.py:3096} INFO - Sync 1 DAGs
[2025-11-20T01:36:01.135+0000] {logging_mixin.py:188} INFO - [2025-11-20T01:36:01.135+0000] {dag.py:3954} INFO - Setting next_dagrun for predictive_pipeline_xgb to 2025-11-23 00:00:00+00:00, run_after=2025-11-30 00:00:00+00:00
[2025-11-20T01:36:01.187+0000] {processor.py:183} INFO - Processing /opt/airflow/dags/predictive_pipeline_dag.py took 2.929 seconds
[2025-11-20T01:36:31.618+0000] {processor.py:161} INFO - Started process (PID=1615) to work on /opt/airflow/dags/predictive_pipeline_dag.py
[2025-11-20T01:36:31.619+0000] {processor.py:830} INFO - Processing file /opt/airflow/dags/predictive_pipeline_dag.py for tasks to queue
[2025-11-20T01:36:31.620+0000] {logging_mixin.py:188} INFO - [2025-11-20T01:36:31.620+0000] {dagbag.py:545} INFO - Filling up the DagBag from /opt/airflow/dags/predictive_pipeline_dag.py
[2025-11-20T01:36:33.457+0000] {logging_mixin.py:188} WARNING - /home/airflow/.local/lib/python3.12/site-packages/mlflow/tracking/_tracking_service/utils.py:140 FutureWarning: Filesystem tracking backend (e.g., './mlruns') is deprecated. Please switch to a database backend (e.g., 'sqlite:///mlflow.db'). For feedback, see: https://github.com/mlflow/mlflow/issues/18534
[2025-11-20T01:36:34.272+0000] {processor.py:840} INFO - DAG(s) 'predictive_pipeline_xgb' retrieved from /opt/airflow/dags/predictive_pipeline_dag.py
[2025-11-20T01:36:34.297+0000] {logging_mixin.py:188} INFO - [2025-11-20T01:36:34.296+0000] {dag.py:3096} INFO - Sync 1 DAGs
[2025-11-20T01:36:34.317+0000] {logging_mixin.py:188} INFO - [2025-11-20T01:36:34.317+0000] {dag.py:3954} INFO - Setting next_dagrun for predictive_pipeline_xgb to 2025-11-23 00:00:00+00:00, run_after=2025-11-30 00:00:00+00:00
[2025-11-20T01:36:34.367+0000] {processor.py:183} INFO - Processing /opt/airflow/dags/predictive_pipeline_dag.py took 2.755 seconds
[2025-11-20T01:37:04.779+0000] {processor.py:161} INFO - Started process (PID=1625) to work on /opt/airflow/dags/predictive_pipeline_dag.py
[2025-11-20T01:37:04.780+0000] {processor.py:830} INFO - Processing file /opt/airflow/dags/predictive_pipeline_dag.py for tasks to queue
[2025-11-20T01:37:04.781+0000] {logging_mixin.py:188} INFO - [2025-11-20T01:37:04.781+0000] {dagbag.py:545} INFO - Filling up the DagBag from /opt/airflow/dags/predictive_pipeline_dag.py
[2025-11-20T01:37:06.629+0000] {logging_mixin.py:188} WARNING - /home/airflow/.local/lib/python3.12/site-packages/mlflow/tracking/_tracking_service/utils.py:140 FutureWarning: Filesystem tracking backend (e.g., './mlruns') is deprecated. Please switch to a database backend (e.g., 'sqlite:///mlflow.db'). For feedback, see: https://github.com/mlflow/mlflow/issues/18534
[2025-11-20T01:37:07.365+0000] {processor.py:840} INFO - DAG(s) 'predictive_pipeline_xgb' retrieved from /opt/airflow/dags/predictive_pipeline_dag.py
[2025-11-20T01:37:07.389+0000] {logging_mixin.py:188} INFO - [2025-11-20T01:37:07.389+0000] {dag.py:3096} INFO - Sync 1 DAGs
[2025-11-20T01:37:07.407+0000] {logging_mixin.py:188} INFO - [2025-11-20T01:37:07.407+0000] {dag.py:3954} INFO - Setting next_dagrun for predictive_pipeline_xgb to 2025-11-23 00:00:00+00:00, run_after=2025-11-30 00:00:00+00:00
[2025-11-20T01:37:07.451+0000] {processor.py:183} INFO - Processing /opt/airflow/dags/predictive_pipeline_dag.py took 2.678 seconds
[2025-11-20T01:37:37.812+0000] {processor.py:161} INFO - Started process (PID=1635) to work on /opt/airflow/dags/predictive_pipeline_dag.py
[2025-11-20T01:37:37.813+0000] {processor.py:830} INFO - Processing file /opt/airflow/dags/predictive_pipeline_dag.py for tasks to queue
[2025-11-20T01:37:37.814+0000] {logging_mixin.py:188} INFO - [2025-11-20T01:37:37.814+0000] {dagbag.py:545} INFO - Filling up the DagBag from /opt/airflow/dags/predictive_pipeline_dag.py
[2025-11-20T01:37:40.136+0000] {logging_mixin.py:188} WARNING - /home/airflow/.local/lib/python3.12/site-packages/mlflow/tracking/_tracking_service/utils.py:140 FutureWarning: Filesystem tracking backend (e.g., './mlruns') is deprecated. Please switch to a database backend (e.g., 'sqlite:///mlflow.db'). For feedback, see: https://github.com/mlflow/mlflow/issues/18534
[2025-11-20T01:37:40.939+0000] {processor.py:840} INFO - DAG(s) 'predictive_pipeline_xgb' retrieved from /opt/airflow/dags/predictive_pipeline_dag.py
[2025-11-20T01:37:40.962+0000] {logging_mixin.py:188} INFO - [2025-11-20T01:37:40.961+0000] {dag.py:3096} INFO - Sync 1 DAGs
[2025-11-20T01:37:40.982+0000] {logging_mixin.py:188} INFO - [2025-11-20T01:37:40.982+0000] {dag.py:3954} INFO - Setting next_dagrun for predictive_pipeline_xgb to 2025-11-23 00:00:00+00:00, run_after=2025-11-30 00:00:00+00:00
[2025-11-20T01:37:41.034+0000] {processor.py:183} INFO - Processing /opt/airflow/dags/predictive_pipeline_dag.py took 3.229 seconds
[2025-11-20T01:38:11.545+0000] {processor.py:161} INFO - Started process (PID=1645) to work on /opt/airflow/dags/predictive_pipeline_dag.py
[2025-11-20T01:38:11.547+0000] {processor.py:830} INFO - Processing file /opt/airflow/dags/predictive_pipeline_dag.py for tasks to queue
[2025-11-20T01:38:11.548+0000] {logging_mixin.py:188} INFO - [2025-11-20T01:38:11.548+0000] {dagbag.py:545} INFO - Filling up the DagBag from /opt/airflow/dags/predictive_pipeline_dag.py
[2025-11-20T01:38:13.727+0000] {logging_mixin.py:188} WARNING - /home/airflow/.local/lib/python3.12/site-packages/mlflow/tracking/_tracking_service/utils.py:140 FutureWarning: Filesystem tracking backend (e.g., './mlruns') is deprecated. Please switch to a database backend (e.g., 'sqlite:///mlflow.db'). For feedback, see: https://github.com/mlflow/mlflow/issues/18534
[2025-11-20T01:38:14.509+0000] {processor.py:840} INFO - DAG(s) 'predictive_pipeline_xgb' retrieved from /opt/airflow/dags/predictive_pipeline_dag.py
[2025-11-20T01:38:14.532+0000] {logging_mixin.py:188} INFO - [2025-11-20T01:38:14.532+0000] {dag.py:3096} INFO - Sync 1 DAGs
[2025-11-20T01:38:14.551+0000] {logging_mixin.py:188} INFO - [2025-11-20T01:38:14.551+0000] {dag.py:3954} INFO - Setting next_dagrun for predictive_pipeline_xgb to 2025-11-23 00:00:00+00:00, run_after=2025-11-30 00:00:00+00:00
[2025-11-20T01:38:14.600+0000] {processor.py:183} INFO - Processing /opt/airflow/dags/predictive_pipeline_dag.py took 3.064 seconds
[2025-11-20T01:38:44.890+0000] {processor.py:161} INFO - Started process (PID=1655) to work on /opt/airflow/dags/predictive_pipeline_dag.py
[2025-11-20T01:38:44.891+0000] {processor.py:830} INFO - Processing file /opt/airflow/dags/predictive_pipeline_dag.py for tasks to queue
[2025-11-20T01:38:44.892+0000] {logging_mixin.py:188} INFO - [2025-11-20T01:38:44.892+0000] {dagbag.py:545} INFO - Filling up the DagBag from /opt/airflow/dags/predictive_pipeline_dag.py
[2025-11-20T01:38:47.043+0000] {logging_mixin.py:188} WARNING - /home/airflow/.local/lib/python3.12/site-packages/mlflow/tracking/_tracking_service/utils.py:140 FutureWarning: Filesystem tracking backend (e.g., './mlruns') is deprecated. Please switch to a database backend (e.g., 'sqlite:///mlflow.db'). For feedback, see: https://github.com/mlflow/mlflow/issues/18534
[2025-11-20T01:38:47.912+0000] {processor.py:840} INFO - DAG(s) 'predictive_pipeline_xgb' retrieved from /opt/airflow/dags/predictive_pipeline_dag.py
[2025-11-20T01:38:47.959+0000] {logging_mixin.py:188} INFO - [2025-11-20T01:38:47.957+0000] {dag.py:3096} INFO - Sync 1 DAGs
[2025-11-20T01:38:48.005+0000] {logging_mixin.py:188} INFO - [2025-11-20T01:38:48.004+0000] {dag.py:3954} INFO - Setting next_dagrun for predictive_pipeline_xgb to 2025-11-23 00:00:00+00:00, run_after=2025-11-30 00:00:00+00:00
[2025-11-20T01:38:48.140+0000] {processor.py:183} INFO - Processing /opt/airflow/dags/predictive_pipeline_dag.py took 3.257 seconds
[2025-11-20T01:39:18.643+0000] {processor.py:161} INFO - Started process (PID=1665) to work on /opt/airflow/dags/predictive_pipeline_dag.py
[2025-11-20T01:39:18.644+0000] {processor.py:830} INFO - Processing file /opt/airflow/dags/predictive_pipeline_dag.py for tasks to queue
[2025-11-20T01:39:18.645+0000] {logging_mixin.py:188} INFO - [2025-11-20T01:39:18.644+0000] {dagbag.py:545} INFO - Filling up the DagBag from /opt/airflow/dags/predictive_pipeline_dag.py
[2025-11-20T01:39:20.515+0000] {logging_mixin.py:188} WARNING - /home/airflow/.local/lib/python3.12/site-packages/mlflow/tracking/_tracking_service/utils.py:140 FutureWarning: Filesystem tracking backend (e.g., './mlruns') is deprecated. Please switch to a database backend (e.g., 'sqlite:///mlflow.db'). For feedback, see: https://github.com/mlflow/mlflow/issues/18534
[2025-11-20T01:39:21.299+0000] {processor.py:840} INFO - DAG(s) 'predictive_pipeline_xgb' retrieved from /opt/airflow/dags/predictive_pipeline_dag.py
[2025-11-20T01:39:21.323+0000] {logging_mixin.py:188} INFO - [2025-11-20T01:39:21.322+0000] {dag.py:3096} INFO - Sync 1 DAGs
[2025-11-20T01:39:21.343+0000] {logging_mixin.py:188} INFO - [2025-11-20T01:39:21.342+0000] {dag.py:3954} INFO - Setting next_dagrun for predictive_pipeline_xgb to 2025-11-23 00:00:00+00:00, run_after=2025-11-30 00:00:00+00:00
[2025-11-20T01:39:21.825+0000] {processor.py:183} INFO - Processing /opt/airflow/dags/predictive_pipeline_dag.py took 3.191 seconds
[2025-11-20T01:39:51.997+0000] {processor.py:161} INFO - Started process (PID=1675) to work on /opt/airflow/dags/predictive_pipeline_dag.py
[2025-11-20T01:39:51.998+0000] {processor.py:830} INFO - Processing file /opt/airflow/dags/predictive_pipeline_dag.py for tasks to queue
[2025-11-20T01:39:51.999+0000] {logging_mixin.py:188} INFO - [2025-11-20T01:39:51.999+0000] {dagbag.py:545} INFO - Filling up the DagBag from /opt/airflow/dags/predictive_pipeline_dag.py
[2025-11-20T01:39:53.871+0000] {logging_mixin.py:188} WARNING - /home/airflow/.local/lib/python3.12/site-packages/mlflow/tracking/_tracking_service/utils.py:140 FutureWarning: Filesystem tracking backend (e.g., './mlruns') is deprecated. Please switch to a database backend (e.g., 'sqlite:///mlflow.db'). For feedback, see: https://github.com/mlflow/mlflow/issues/18534
[2025-11-20T01:39:54.649+0000] {processor.py:840} INFO - DAG(s) 'predictive_pipeline_xgb' retrieved from /opt/airflow/dags/predictive_pipeline_dag.py
[2025-11-20T01:39:54.675+0000] {logging_mixin.py:188} INFO - [2025-11-20T01:39:54.675+0000] {dag.py:3096} INFO - Sync 1 DAGs
[2025-11-20T01:39:54.697+0000] {logging_mixin.py:188} INFO - [2025-11-20T01:39:54.696+0000] {dag.py:3954} INFO - Setting next_dagrun for predictive_pipeline_xgb to 2025-11-23 00:00:00+00:00, run_after=2025-11-30 00:00:00+00:00
[2025-11-20T01:39:54.751+0000] {processor.py:183} INFO - Processing /opt/airflow/dags/predictive_pipeline_dag.py took 2.761 seconds
[2025-11-20T01:40:25.121+0000] {processor.py:161} INFO - Started process (PID=1685) to work on /opt/airflow/dags/predictive_pipeline_dag.py
[2025-11-20T01:40:25.123+0000] {processor.py:830} INFO - Processing file /opt/airflow/dags/predictive_pipeline_dag.py for tasks to queue
[2025-11-20T01:40:25.124+0000] {logging_mixin.py:188} INFO - [2025-11-20T01:40:25.123+0000] {dagbag.py:545} INFO - Filling up the DagBag from /opt/airflow/dags/predictive_pipeline_dag.py
[2025-11-20T01:40:27.055+0000] {logging_mixin.py:188} WARNING - /home/airflow/.local/lib/python3.12/site-packages/mlflow/tracking/_tracking_service/utils.py:140 FutureWarning: Filesystem tracking backend (e.g., './mlruns') is deprecated. Please switch to a database backend (e.g., 'sqlite:///mlflow.db'). For feedback, see: https://github.com/mlflow/mlflow/issues/18534
[2025-11-20T01:40:27.778+0000] {processor.py:840} INFO - DAG(s) 'predictive_pipeline_xgb' retrieved from /opt/airflow/dags/predictive_pipeline_dag.py
[2025-11-20T01:40:27.800+0000] {logging_mixin.py:188} INFO - [2025-11-20T01:40:27.799+0000] {dag.py:3096} INFO - Sync 1 DAGs
[2025-11-20T01:40:27.819+0000] {logging_mixin.py:188} INFO - [2025-11-20T01:40:27.819+0000] {dag.py:3954} INFO - Setting next_dagrun for predictive_pipeline_xgb to 2025-11-23 00:00:00+00:00, run_after=2025-11-30 00:00:00+00:00
[2025-11-20T01:40:27.867+0000] {processor.py:183} INFO - Processing /opt/airflow/dags/predictive_pipeline_dag.py took 2.754 seconds
[2025-11-20T01:40:58.176+0000] {processor.py:161} INFO - Started process (PID=1695) to work on /opt/airflow/dags/predictive_pipeline_dag.py
[2025-11-20T01:40:58.177+0000] {processor.py:830} INFO - Processing file /opt/airflow/dags/predictive_pipeline_dag.py for tasks to queue
[2025-11-20T01:40:58.178+0000] {logging_mixin.py:188} INFO - [2025-11-20T01:40:58.178+0000] {dagbag.py:545} INFO - Filling up the DagBag from /opt/airflow/dags/predictive_pipeline_dag.py
[2025-11-20T01:40:59.957+0000] {logging_mixin.py:188} WARNING - /home/airflow/.local/lib/python3.12/site-packages/mlflow/tracking/_tracking_service/utils.py:140 FutureWarning: Filesystem tracking backend (e.g., './mlruns') is deprecated. Please switch to a database backend (e.g., 'sqlite:///mlflow.db'). For feedback, see: https://github.com/mlflow/mlflow/issues/18534
[2025-11-20T01:41:00.717+0000] {processor.py:840} INFO - DAG(s) 'predictive_pipeline_xgb' retrieved from /opt/airflow/dags/predictive_pipeline_dag.py
[2025-11-20T01:41:00.740+0000] {logging_mixin.py:188} INFO - [2025-11-20T01:41:00.740+0000] {dag.py:3096} INFO - Sync 1 DAGs
[2025-11-20T01:41:00.760+0000] {logging_mixin.py:188} INFO - [2025-11-20T01:41:00.760+0000] {dag.py:3954} INFO - Setting next_dagrun for predictive_pipeline_xgb to 2025-11-23 00:00:00+00:00, run_after=2025-11-30 00:00:00+00:00
[2025-11-20T01:41:00.808+0000] {processor.py:183} INFO - Processing /opt/airflow/dags/predictive_pipeline_dag.py took 2.638 seconds
[2025-11-20T01:41:31.134+0000] {processor.py:161} INFO - Started process (PID=1705) to work on /opt/airflow/dags/predictive_pipeline_dag.py
[2025-11-20T01:41:31.135+0000] {processor.py:830} INFO - Processing file /opt/airflow/dags/predictive_pipeline_dag.py for tasks to queue
[2025-11-20T01:41:31.136+0000] {logging_mixin.py:188} INFO - [2025-11-20T01:41:31.136+0000] {dagbag.py:545} INFO - Filling up the DagBag from /opt/airflow/dags/predictive_pipeline_dag.py
[2025-11-20T01:41:33.124+0000] {logging_mixin.py:188} WARNING - /home/airflow/.local/lib/python3.12/site-packages/mlflow/tracking/_tracking_service/utils.py:140 FutureWarning: Filesystem tracking backend (e.g., './mlruns') is deprecated. Please switch to a database backend (e.g., 'sqlite:///mlflow.db'). For feedback, see: https://github.com/mlflow/mlflow/issues/18534
[2025-11-20T01:41:33.910+0000] {processor.py:840} INFO - DAG(s) 'predictive_pipeline_xgb' retrieved from /opt/airflow/dags/predictive_pipeline_dag.py
[2025-11-20T01:41:33.935+0000] {logging_mixin.py:188} INFO - [2025-11-20T01:41:33.933+0000] {dag.py:3096} INFO - Sync 1 DAGs
[2025-11-20T01:41:33.955+0000] {logging_mixin.py:188} INFO - [2025-11-20T01:41:33.955+0000] {dag.py:3954} INFO - Setting next_dagrun for predictive_pipeline_xgb to 2025-11-23 00:00:00+00:00, run_after=2025-11-30 00:00:00+00:00
[2025-11-20T01:41:34.005+0000] {processor.py:183} INFO - Processing /opt/airflow/dags/predictive_pipeline_dag.py took 2.878 seconds
[2025-11-20T01:42:04.285+0000] {processor.py:161} INFO - Started process (PID=1715) to work on /opt/airflow/dags/predictive_pipeline_dag.py
[2025-11-20T01:42:04.286+0000] {processor.py:830} INFO - Processing file /opt/airflow/dags/predictive_pipeline_dag.py for tasks to queue
[2025-11-20T01:42:04.287+0000] {logging_mixin.py:188} INFO - [2025-11-20T01:42:04.286+0000] {dagbag.py:545} INFO - Filling up the DagBag from /opt/airflow/dags/predictive_pipeline_dag.py
[2025-11-20T01:42:06.166+0000] {logging_mixin.py:188} WARNING - /home/airflow/.local/lib/python3.12/site-packages/mlflow/tracking/_tracking_service/utils.py:140 FutureWarning: Filesystem tracking backend (e.g., './mlruns') is deprecated. Please switch to a database backend (e.g., 'sqlite:///mlflow.db'). For feedback, see: https://github.com/mlflow/mlflow/issues/18534
[2025-11-20T01:42:06.963+0000] {processor.py:840} INFO - DAG(s) 'predictive_pipeline_xgb' retrieved from /opt/airflow/dags/predictive_pipeline_dag.py
[2025-11-20T01:42:06.986+0000] {logging_mixin.py:188} INFO - [2025-11-20T01:42:06.986+0000] {dag.py:3096} INFO - Sync 1 DAGs
[2025-11-20T01:42:07.006+0000] {logging_mixin.py:188} INFO - [2025-11-20T01:42:07.005+0000] {dag.py:3954} INFO - Setting next_dagrun for predictive_pipeline_xgb to 2025-11-23 00:00:00+00:00, run_after=2025-11-30 00:00:00+00:00
[2025-11-20T01:42:07.054+0000] {processor.py:183} INFO - Processing /opt/airflow/dags/predictive_pipeline_dag.py took 2.776 seconds
[2025-11-20T01:42:37.345+0000] {processor.py:161} INFO - Started process (PID=1725) to work on /opt/airflow/dags/predictive_pipeline_dag.py
[2025-11-20T01:42:37.346+0000] {processor.py:830} INFO - Processing file /opt/airflow/dags/predictive_pipeline_dag.py for tasks to queue
[2025-11-20T01:42:37.347+0000] {logging_mixin.py:188} INFO - [2025-11-20T01:42:37.346+0000] {dagbag.py:545} INFO - Filling up the DagBag from /opt/airflow/dags/predictive_pipeline_dag.py
[2025-11-20T01:42:39.164+0000] {logging_mixin.py:188} WARNING - /home/airflow/.local/lib/python3.12/site-packages/mlflow/tracking/_tracking_service/utils.py:140 FutureWarning: Filesystem tracking backend (e.g., './mlruns') is deprecated. Please switch to a database backend (e.g., 'sqlite:///mlflow.db'). For feedback, see: https://github.com/mlflow/mlflow/issues/18534
[2025-11-20T01:42:39.935+0000] {processor.py:840} INFO - DAG(s) 'predictive_pipeline_xgb' retrieved from /opt/airflow/dags/predictive_pipeline_dag.py
[2025-11-20T01:42:39.957+0000] {logging_mixin.py:188} INFO - [2025-11-20T01:42:39.957+0000] {dag.py:3096} INFO - Sync 1 DAGs
[2025-11-20T01:42:39.976+0000] {logging_mixin.py:188} INFO - [2025-11-20T01:42:39.976+0000] {dag.py:3954} INFO - Setting next_dagrun for predictive_pipeline_xgb to 2025-11-23 00:00:00+00:00, run_after=2025-11-30 00:00:00+00:00
[2025-11-20T01:42:40.023+0000] {processor.py:183} INFO - Processing /opt/airflow/dags/predictive_pipeline_dag.py took 2.685 seconds
[2025-11-20T01:43:10.309+0000] {processor.py:161} INFO - Started process (PID=1735) to work on /opt/airflow/dags/predictive_pipeline_dag.py
[2025-11-20T01:43:10.310+0000] {processor.py:830} INFO - Processing file /opt/airflow/dags/predictive_pipeline_dag.py for tasks to queue
[2025-11-20T01:43:10.311+0000] {logging_mixin.py:188} INFO - [2025-11-20T01:43:10.310+0000] {dagbag.py:545} INFO - Filling up the DagBag from /opt/airflow/dags/predictive_pipeline_dag.py
[2025-11-20T01:43:12.191+0000] {logging_mixin.py:188} WARNING - /home/airflow/.local/lib/python3.12/site-packages/mlflow/tracking/_tracking_service/utils.py:140 FutureWarning: Filesystem tracking backend (e.g., './mlruns') is deprecated. Please switch to a database backend (e.g., 'sqlite:///mlflow.db'). For feedback, see: https://github.com/mlflow/mlflow/issues/18534
[2025-11-20T01:43:12.985+0000] {processor.py:840} INFO - DAG(s) 'predictive_pipeline_xgb' retrieved from /opt/airflow/dags/predictive_pipeline_dag.py
[2025-11-20T01:43:13.009+0000] {logging_mixin.py:188} INFO - [2025-11-20T01:43:13.009+0000] {dag.py:3096} INFO - Sync 1 DAGs
[2025-11-20T01:43:13.029+0000] {logging_mixin.py:188} INFO - [2025-11-20T01:43:13.028+0000] {dag.py:3954} INFO - Setting next_dagrun for predictive_pipeline_xgb to 2025-11-23 00:00:00+00:00, run_after=2025-11-30 00:00:00+00:00
[2025-11-20T01:43:13.078+0000] {processor.py:183} INFO - Processing /opt/airflow/dags/predictive_pipeline_dag.py took 2.713 seconds
[2025-11-20T01:43:43.432+0000] {processor.py:161} INFO - Started process (PID=1745) to work on /opt/airflow/dags/predictive_pipeline_dag.py
[2025-11-20T01:43:43.433+0000] {processor.py:830} INFO - Processing file /opt/airflow/dags/predictive_pipeline_dag.py for tasks to queue
[2025-11-20T01:43:43.434+0000] {logging_mixin.py:188} INFO - [2025-11-20T01:43:43.433+0000] {dagbag.py:545} INFO - Filling up the DagBag from /opt/airflow/dags/predictive_pipeline_dag.py
[2025-11-20T01:43:45.222+0000] {logging_mixin.py:188} WARNING - /home/airflow/.local/lib/python3.12/site-packages/mlflow/tracking/_tracking_service/utils.py:140 FutureWarning: Filesystem tracking backend (e.g., './mlruns') is deprecated. Please switch to a database backend (e.g., 'sqlite:///mlflow.db'). For feedback, see: https://github.com/mlflow/mlflow/issues/18534
[2025-11-20T01:43:45.963+0000] {processor.py:840} INFO - DAG(s) 'predictive_pipeline_xgb' retrieved from /opt/airflow/dags/predictive_pipeline_dag.py
[2025-11-20T01:43:45.987+0000] {logging_mixin.py:188} INFO - [2025-11-20T01:43:45.986+0000] {dag.py:3096} INFO - Sync 1 DAGs
[2025-11-20T01:43:46.005+0000] {logging_mixin.py:188} INFO - [2025-11-20T01:43:46.005+0000] {dag.py:3954} INFO - Setting next_dagrun for predictive_pipeline_xgb to 2025-11-23 00:00:00+00:00, run_after=2025-11-30 00:00:00+00:00
[2025-11-20T01:43:46.052+0000] {processor.py:183} INFO - Processing /opt/airflow/dags/predictive_pipeline_dag.py took 2.626 seconds
[2025-11-20T01:44:16.406+0000] {processor.py:161} INFO - Started process (PID=1756) to work on /opt/airflow/dags/predictive_pipeline_dag.py
[2025-11-20T01:44:16.407+0000] {processor.py:830} INFO - Processing file /opt/airflow/dags/predictive_pipeline_dag.py for tasks to queue
[2025-11-20T01:44:16.408+0000] {logging_mixin.py:188} INFO - [2025-11-20T01:44:16.407+0000] {dagbag.py:545} INFO - Filling up the DagBag from /opt/airflow/dags/predictive_pipeline_dag.py
[2025-11-20T01:44:18.159+0000] {logging_mixin.py:188} WARNING - /home/airflow/.local/lib/python3.12/site-packages/mlflow/tracking/_tracking_service/utils.py:140 FutureWarning: Filesystem tracking backend (e.g., './mlruns') is deprecated. Please switch to a database backend (e.g., 'sqlite:///mlflow.db'). For feedback, see: https://github.com/mlflow/mlflow/issues/18534
[2025-11-20T01:44:18.913+0000] {processor.py:840} INFO - DAG(s) 'predictive_pipeline_xgb' retrieved from /opt/airflow/dags/predictive_pipeline_dag.py
[2025-11-20T01:44:18.936+0000] {logging_mixin.py:188} INFO - [2025-11-20T01:44:18.935+0000] {dag.py:3096} INFO - Sync 1 DAGs
[2025-11-20T01:44:18.957+0000] {logging_mixin.py:188} INFO - [2025-11-20T01:44:18.957+0000] {dag.py:3954} INFO - Setting next_dagrun for predictive_pipeline_xgb to 2025-11-23 00:00:00+00:00, run_after=2025-11-30 00:00:00+00:00
[2025-11-20T01:44:19.004+0000] {processor.py:183} INFO - Processing /opt/airflow/dags/predictive_pipeline_dag.py took 2.605 seconds
[2025-11-20T01:44:49.380+0000] {processor.py:161} INFO - Started process (PID=1766) to work on /opt/airflow/dags/predictive_pipeline_dag.py
[2025-11-20T01:44:49.381+0000] {processor.py:830} INFO - Processing file /opt/airflow/dags/predictive_pipeline_dag.py for tasks to queue
[2025-11-20T01:44:49.382+0000] {logging_mixin.py:188} INFO - [2025-11-20T01:44:49.382+0000] {dagbag.py:545} INFO - Filling up the DagBag from /opt/airflow/dags/predictive_pipeline_dag.py
[2025-11-20T01:44:51.377+0000] {logging_mixin.py:188} WARNING - /home/airflow/.local/lib/python3.12/site-packages/mlflow/tracking/_tracking_service/utils.py:140 FutureWarning: Filesystem tracking backend (e.g., './mlruns') is deprecated. Please switch to a database backend (e.g., 'sqlite:///mlflow.db'). For feedback, see: https://github.com/mlflow/mlflow/issues/18534
[2025-11-20T01:44:52.226+0000] {processor.py:840} INFO - DAG(s) 'predictive_pipeline_xgb' retrieved from /opt/airflow/dags/predictive_pipeline_dag.py
[2025-11-20T01:44:52.250+0000] {logging_mixin.py:188} INFO - [2025-11-20T01:44:52.250+0000] {dag.py:3096} INFO - Sync 1 DAGs
[2025-11-20T01:44:52.272+0000] {logging_mixin.py:188} INFO - [2025-11-20T01:44:52.272+0000] {dag.py:3954} INFO - Setting next_dagrun for predictive_pipeline_xgb to 2025-11-23 00:00:00+00:00, run_after=2025-11-30 00:00:00+00:00
[2025-11-20T01:44:52.323+0000] {processor.py:183} INFO - Processing /opt/airflow/dags/predictive_pipeline_dag.py took 2.950 seconds
[2025-11-20T01:45:22.654+0000] {processor.py:161} INFO - Started process (PID=1776) to work on /opt/airflow/dags/predictive_pipeline_dag.py
[2025-11-20T01:45:22.655+0000] {processor.py:830} INFO - Processing file /opt/airflow/dags/predictive_pipeline_dag.py for tasks to queue
[2025-11-20T01:45:22.656+0000] {logging_mixin.py:188} INFO - [2025-11-20T01:45:22.655+0000] {dagbag.py:545} INFO - Filling up the DagBag from /opt/airflow/dags/predictive_pipeline_dag.py
[2025-11-20T01:45:24.747+0000] {logging_mixin.py:188} WARNING - /home/airflow/.local/lib/python3.12/site-packages/mlflow/tracking/_tracking_service/utils.py:140 FutureWarning: Filesystem tracking backend (e.g., './mlruns') is deprecated. Please switch to a database backend (e.g., 'sqlite:///mlflow.db'). For feedback, see: https://github.com/mlflow/mlflow/issues/18534
[2025-11-20T01:45:25.735+0000] {processor.py:840} INFO - DAG(s) 'predictive_pipeline_xgb' retrieved from /opt/airflow/dags/predictive_pipeline_dag.py
[2025-11-20T01:45:25.760+0000] {logging_mixin.py:188} INFO - [2025-11-20T01:45:25.760+0000] {dag.py:3096} INFO - Sync 1 DAGs
[2025-11-20T01:45:25.782+0000] {logging_mixin.py:188} INFO - [2025-11-20T01:45:25.782+0000] {dag.py:3954} INFO - Setting next_dagrun for predictive_pipeline_xgb to 2025-11-23 00:00:00+00:00, run_after=2025-11-30 00:00:00+00:00
[2025-11-20T01:45:25.837+0000] {processor.py:183} INFO - Processing /opt/airflow/dags/predictive_pipeline_dag.py took 3.192 seconds
[2025-11-20T01:45:56.170+0000] {processor.py:161} INFO - Started process (PID=1786) to work on /opt/airflow/dags/predictive_pipeline_dag.py
[2025-11-20T01:45:56.171+0000] {processor.py:830} INFO - Processing file /opt/airflow/dags/predictive_pipeline_dag.py for tasks to queue
[2025-11-20T01:45:56.172+0000] {logging_mixin.py:188} INFO - [2025-11-20T01:45:56.172+0000] {dagbag.py:545} INFO - Filling up the DagBag from /opt/airflow/dags/predictive_pipeline_dag.py
[2025-11-20T01:45:57.992+0000] {logging_mixin.py:188} WARNING - /home/airflow/.local/lib/python3.12/site-packages/mlflow/tracking/_tracking_service/utils.py:140 FutureWarning: Filesystem tracking backend (e.g., './mlruns') is deprecated. Please switch to a database backend (e.g., 'sqlite:///mlflow.db'). For feedback, see: https://github.com/mlflow/mlflow/issues/18534
[2025-11-20T01:45:58.752+0000] {processor.py:840} INFO - DAG(s) 'predictive_pipeline_xgb' retrieved from /opt/airflow/dags/predictive_pipeline_dag.py
[2025-11-20T01:45:58.776+0000] {logging_mixin.py:188} INFO - [2025-11-20T01:45:58.776+0000] {dag.py:3096} INFO - Sync 1 DAGs
[2025-11-20T01:45:58.797+0000] {logging_mixin.py:188} INFO - [2025-11-20T01:45:58.797+0000] {dag.py:3954} INFO - Setting next_dagrun for predictive_pipeline_xgb to 2025-11-23 00:00:00+00:00, run_after=2025-11-30 00:00:00+00:00
[2025-11-20T01:45:58.843+0000] {processor.py:183} INFO - Processing /opt/airflow/dags/predictive_pipeline_dag.py took 2.679 seconds
[2025-11-20T01:46:29.134+0000] {processor.py:161} INFO - Started process (PID=1796) to work on /opt/airflow/dags/predictive_pipeline_dag.py
[2025-11-20T01:46:29.135+0000] {processor.py:830} INFO - Processing file /opt/airflow/dags/predictive_pipeline_dag.py for tasks to queue
[2025-11-20T01:46:29.136+0000] {logging_mixin.py:188} INFO - [2025-11-20T01:46:29.135+0000] {dagbag.py:545} INFO - Filling up the DagBag from /opt/airflow/dags/predictive_pipeline_dag.py
[2025-11-20T01:46:30.954+0000] {logging_mixin.py:188} WARNING - /home/airflow/.local/lib/python3.12/site-packages/mlflow/tracking/_tracking_service/utils.py:140 FutureWarning: Filesystem tracking backend (e.g., './mlruns') is deprecated. Please switch to a database backend (e.g., 'sqlite:///mlflow.db'). For feedback, see: https://github.com/mlflow/mlflow/issues/18534
[2025-11-20T01:46:31.724+0000] {processor.py:840} INFO - DAG(s) 'predictive_pipeline_xgb' retrieved from /opt/airflow/dags/predictive_pipeline_dag.py
[2025-11-20T01:46:31.748+0000] {logging_mixin.py:188} INFO - [2025-11-20T01:46:31.746+0000] {dag.py:3096} INFO - Sync 1 DAGs
[2025-11-20T01:46:31.768+0000] {logging_mixin.py:188} INFO - [2025-11-20T01:46:31.767+0000] {dag.py:3954} INFO - Setting next_dagrun for predictive_pipeline_xgb to 2025-11-23 00:00:00+00:00, run_after=2025-11-30 00:00:00+00:00
[2025-11-20T01:46:31.817+0000] {processor.py:183} INFO - Processing /opt/airflow/dags/predictive_pipeline_dag.py took 2.690 seconds
[2025-11-20T01:47:02.105+0000] {processor.py:161} INFO - Started process (PID=1806) to work on /opt/airflow/dags/predictive_pipeline_dag.py
[2025-11-20T01:47:02.106+0000] {processor.py:830} INFO - Processing file /opt/airflow/dags/predictive_pipeline_dag.py for tasks to queue
[2025-11-20T01:47:02.107+0000] {logging_mixin.py:188} INFO - [2025-11-20T01:47:02.107+0000] {dagbag.py:545} INFO - Filling up the DagBag from /opt/airflow/dags/predictive_pipeline_dag.py
[2025-11-20T01:47:03.846+0000] {logging_mixin.py:188} WARNING - /home/airflow/.local/lib/python3.12/site-packages/mlflow/tracking/_tracking_service/utils.py:140 FutureWarning: Filesystem tracking backend (e.g., './mlruns') is deprecated. Please switch to a database backend (e.g., 'sqlite:///mlflow.db'). For feedback, see: https://github.com/mlflow/mlflow/issues/18534
[2025-11-20T01:47:04.607+0000] {processor.py:840} INFO - DAG(s) 'predictive_pipeline_xgb' retrieved from /opt/airflow/dags/predictive_pipeline_dag.py
[2025-11-20T01:47:04.631+0000] {logging_mixin.py:188} INFO - [2025-11-20T01:47:04.630+0000] {dag.py:3096} INFO - Sync 1 DAGs
[2025-11-20T01:47:04.651+0000] {logging_mixin.py:188} INFO - [2025-11-20T01:47:04.650+0000] {dag.py:3954} INFO - Setting next_dagrun for predictive_pipeline_xgb to 2025-11-23 00:00:00+00:00, run_after=2025-11-30 00:00:00+00:00
[2025-11-20T01:47:04.698+0000] {processor.py:183} INFO - Processing /opt/airflow/dags/predictive_pipeline_dag.py took 2.600 seconds
[2025-11-20T01:47:35.110+0000] {processor.py:161} INFO - Started process (PID=1816) to work on /opt/airflow/dags/predictive_pipeline_dag.py
[2025-11-20T01:47:35.111+0000] {processor.py:830} INFO - Processing file /opt/airflow/dags/predictive_pipeline_dag.py for tasks to queue
[2025-11-20T01:47:35.112+0000] {logging_mixin.py:188} INFO - [2025-11-20T01:47:35.112+0000] {dagbag.py:545} INFO - Filling up the DagBag from /opt/airflow/dags/predictive_pipeline_dag.py
[2025-11-20T01:47:36.885+0000] {logging_mixin.py:188} WARNING - /home/airflow/.local/lib/python3.12/site-packages/mlflow/tracking/_tracking_service/utils.py:140 FutureWarning: Filesystem tracking backend (e.g., './mlruns') is deprecated. Please switch to a database backend (e.g., 'sqlite:///mlflow.db'). For feedback, see: https://github.com/mlflow/mlflow/issues/18534
[2025-11-20T01:47:37.610+0000] {processor.py:840} INFO - DAG(s) 'predictive_pipeline_xgb' retrieved from /opt/airflow/dags/predictive_pipeline_dag.py
[2025-11-20T01:47:37.632+0000] {logging_mixin.py:188} INFO - [2025-11-20T01:47:37.632+0000] {dag.py:3096} INFO - Sync 1 DAGs
[2025-11-20T01:47:37.651+0000] {logging_mixin.py:188} INFO - [2025-11-20T01:47:37.651+0000] {dag.py:3954} INFO - Setting next_dagrun for predictive_pipeline_xgb to 2025-11-23 00:00:00+00:00, run_after=2025-11-30 00:00:00+00:00
[2025-11-20T01:47:37.696+0000] {processor.py:183} INFO - Processing /opt/airflow/dags/predictive_pipeline_dag.py took 2.592 seconds
[2025-11-20T01:48:07.968+0000] {processor.py:161} INFO - Started process (PID=1826) to work on /opt/airflow/dags/predictive_pipeline_dag.py
[2025-11-20T01:48:07.969+0000] {processor.py:830} INFO - Processing file /opt/airflow/dags/predictive_pipeline_dag.py for tasks to queue
[2025-11-20T01:48:07.970+0000] {logging_mixin.py:188} INFO - [2025-11-20T01:48:07.970+0000] {dagbag.py:545} INFO - Filling up the DagBag from /opt/airflow/dags/predictive_pipeline_dag.py
[2025-11-20T01:48:09.742+0000] {logging_mixin.py:188} WARNING - /home/airflow/.local/lib/python3.12/site-packages/mlflow/tracking/_tracking_service/utils.py:140 FutureWarning: Filesystem tracking backend (e.g., './mlruns') is deprecated. Please switch to a database backend (e.g., 'sqlite:///mlflow.db'). For feedback, see: https://github.com/mlflow/mlflow/issues/18534
[2025-11-20T01:48:10.469+0000] {processor.py:840} INFO - DAG(s) 'predictive_pipeline_xgb' retrieved from /opt/airflow/dags/predictive_pipeline_dag.py
[2025-11-20T01:48:10.493+0000] {logging_mixin.py:188} INFO - [2025-11-20T01:48:10.493+0000] {dag.py:3096} INFO - Sync 1 DAGs
[2025-11-20T01:48:10.512+0000] {logging_mixin.py:188} INFO - [2025-11-20T01:48:10.512+0000] {dag.py:3954} INFO - Setting next_dagrun for predictive_pipeline_xgb to 2025-11-23 00:00:00+00:00, run_after=2025-11-30 00:00:00+00:00
[2025-11-20T01:48:10.557+0000] {processor.py:183} INFO - Processing /opt/airflow/dags/predictive_pipeline_dag.py took 2.595 seconds
[2025-11-20T01:48:40.841+0000] {processor.py:161} INFO - Started process (PID=1836) to work on /opt/airflow/dags/predictive_pipeline_dag.py
[2025-11-20T01:48:40.842+0000] {processor.py:830} INFO - Processing file /opt/airflow/dags/predictive_pipeline_dag.py for tasks to queue
[2025-11-20T01:48:40.843+0000] {logging_mixin.py:188} INFO - [2025-11-20T01:48:40.842+0000] {dagbag.py:545} INFO - Filling up the DagBag from /opt/airflow/dags/predictive_pipeline_dag.py
[2025-11-20T01:48:42.783+0000] {logging_mixin.py:188} WARNING - /home/airflow/.local/lib/python3.12/site-packages/mlflow/tracking/_tracking_service/utils.py:140 FutureWarning: Filesystem tracking backend (e.g., './mlruns') is deprecated. Please switch to a database backend (e.g., 'sqlite:///mlflow.db'). For feedback, see: https://github.com/mlflow/mlflow/issues/18534
[2025-11-20T01:48:43.520+0000] {processor.py:840} INFO - DAG(s) 'predictive_pipeline_xgb' retrieved from /opt/airflow/dags/predictive_pipeline_dag.py
[2025-11-20T01:48:43.543+0000] {logging_mixin.py:188} INFO - [2025-11-20T01:48:43.543+0000] {dag.py:3096} INFO - Sync 1 DAGs
[2025-11-20T01:48:43.561+0000] {logging_mixin.py:188} INFO - [2025-11-20T01:48:43.561+0000] {dag.py:3954} INFO - Setting next_dagrun for predictive_pipeline_xgb to 2025-11-23 00:00:00+00:00, run_after=2025-11-30 00:00:00+00:00
[2025-11-20T01:48:43.609+0000] {processor.py:183} INFO - Processing /opt/airflow/dags/predictive_pipeline_dag.py took 2.714 seconds
[2025-11-20T01:49:13.961+0000] {processor.py:161} INFO - Started process (PID=1846) to work on /opt/airflow/dags/predictive_pipeline_dag.py
[2025-11-20T01:49:13.962+0000] {processor.py:830} INFO - Processing file /opt/airflow/dags/predictive_pipeline_dag.py for tasks to queue
[2025-11-20T01:49:13.963+0000] {logging_mixin.py:188} INFO - [2025-11-20T01:49:13.962+0000] {dagbag.py:545} INFO - Filling up the DagBag from /opt/airflow/dags/predictive_pipeline_dag.py
[2025-11-20T01:49:15.954+0000] {logging_mixin.py:188} WARNING - /home/airflow/.local/lib/python3.12/site-packages/mlflow/tracking/_tracking_service/utils.py:140 FutureWarning: Filesystem tracking backend (e.g., './mlruns') is deprecated. Please switch to a database backend (e.g., 'sqlite:///mlflow.db'). For feedback, see: https://github.com/mlflow/mlflow/issues/18534
[2025-11-20T01:49:16.767+0000] {processor.py:840} INFO - DAG(s) 'predictive_pipeline_xgb' retrieved from /opt/airflow/dags/predictive_pipeline_dag.py
[2025-11-20T01:49:16.790+0000] {logging_mixin.py:188} INFO - [2025-11-20T01:49:16.789+0000] {dag.py:3096} INFO - Sync 1 DAGs
[2025-11-20T01:49:16.810+0000] {logging_mixin.py:188} INFO - [2025-11-20T01:49:16.809+0000] {dag.py:3954} INFO - Setting next_dagrun for predictive_pipeline_xgb to 2025-11-23 00:00:00+00:00, run_after=2025-11-30 00:00:00+00:00
[2025-11-20T01:49:16.856+0000] {processor.py:183} INFO - Processing /opt/airflow/dags/predictive_pipeline_dag.py took 2.902 seconds
[2025-11-20T01:49:47.150+0000] {processor.py:161} INFO - Started process (PID=1856) to work on /opt/airflow/dags/predictive_pipeline_dag.py
[2025-11-20T01:49:47.151+0000] {processor.py:830} INFO - Processing file /opt/airflow/dags/predictive_pipeline_dag.py for tasks to queue
[2025-11-20T01:49:47.152+0000] {logging_mixin.py:188} INFO - [2025-11-20T01:49:47.152+0000] {dagbag.py:545} INFO - Filling up the DagBag from /opt/airflow/dags/predictive_pipeline_dag.py
[2025-11-20T01:49:49.262+0000] {logging_mixin.py:188} WARNING - /home/airflow/.local/lib/python3.12/site-packages/mlflow/tracking/_tracking_service/utils.py:140 FutureWarning: Filesystem tracking backend (e.g., './mlruns') is deprecated. Please switch to a database backend (e.g., 'sqlite:///mlflow.db'). For feedback, see: https://github.com/mlflow/mlflow/issues/18534
[2025-11-20T01:49:50.116+0000] {processor.py:840} INFO - DAG(s) 'predictive_pipeline_xgb' retrieved from /opt/airflow/dags/predictive_pipeline_dag.py
[2025-11-20T01:49:50.141+0000] {logging_mixin.py:188} INFO - [2025-11-20T01:49:50.140+0000] {dag.py:3096} INFO - Sync 1 DAGs
[2025-11-20T01:49:50.164+0000] {logging_mixin.py:188} INFO - [2025-11-20T01:49:50.163+0000] {dag.py:3954} INFO - Setting next_dagrun for predictive_pipeline_xgb to 2025-11-23 00:00:00+00:00, run_after=2025-11-30 00:00:00+00:00
[2025-11-20T01:49:50.221+0000] {processor.py:183} INFO - Processing /opt/airflow/dags/predictive_pipeline_dag.py took 3.077 seconds
[2025-11-20T01:50:20.570+0000] {processor.py:161} INFO - Started process (PID=1866) to work on /opt/airflow/dags/predictive_pipeline_dag.py
[2025-11-20T01:50:20.571+0000] {processor.py:830} INFO - Processing file /opt/airflow/dags/predictive_pipeline_dag.py for tasks to queue
[2025-11-20T01:50:20.572+0000] {logging_mixin.py:188} INFO - [2025-11-20T01:50:20.571+0000] {dagbag.py:545} INFO - Filling up the DagBag from /opt/airflow/dags/predictive_pipeline_dag.py
[2025-11-20T01:50:22.439+0000] {logging_mixin.py:188} WARNING - /home/airflow/.local/lib/python3.12/site-packages/mlflow/tracking/_tracking_service/utils.py:140 FutureWarning: Filesystem tracking backend (e.g., './mlruns') is deprecated. Please switch to a database backend (e.g., 'sqlite:///mlflow.db'). For feedback, see: https://github.com/mlflow/mlflow/issues/18534
[2025-11-20T01:50:23.189+0000] {processor.py:840} INFO - DAG(s) 'predictive_pipeline_xgb' retrieved from /opt/airflow/dags/predictive_pipeline_dag.py
[2025-11-20T01:50:23.215+0000] {logging_mixin.py:188} INFO - [2025-11-20T01:50:23.214+0000] {dag.py:3096} INFO - Sync 1 DAGs
[2025-11-20T01:50:23.276+0000] {logging_mixin.py:188} INFO - [2025-11-20T01:50:23.276+0000] {dag.py:3954} INFO - Setting next_dagrun for predictive_pipeline_xgb to 2025-11-23 00:00:00+00:00, run_after=2025-11-30 00:00:00+00:00
[2025-11-20T01:50:23.326+0000] {processor.py:183} INFO - Processing /opt/airflow/dags/predictive_pipeline_dag.py took 2.764 seconds
[2025-11-20T01:50:53.450+0000] {processor.py:161} INFO - Started process (PID=1876) to work on /opt/airflow/dags/predictive_pipeline_dag.py
[2025-11-20T01:50:53.451+0000] {processor.py:830} INFO - Processing file /opt/airflow/dags/predictive_pipeline_dag.py for tasks to queue
[2025-11-20T01:50:53.452+0000] {logging_mixin.py:188} INFO - [2025-11-20T01:50:53.451+0000] {dagbag.py:545} INFO - Filling up the DagBag from /opt/airflow/dags/predictive_pipeline_dag.py
[2025-11-20T01:50:55.220+0000] {logging_mixin.py:188} WARNING - /home/airflow/.local/lib/python3.12/site-packages/mlflow/tracking/_tracking_service/utils.py:140 FutureWarning: Filesystem tracking backend (e.g., './mlruns') is deprecated. Please switch to a database backend (e.g., 'sqlite:///mlflow.db'). For feedback, see: https://github.com/mlflow/mlflow/issues/18534
[2025-11-20T01:50:55.987+0000] {processor.py:840} INFO - DAG(s) 'predictive_pipeline_xgb' retrieved from /opt/airflow/dags/predictive_pipeline_dag.py
[2025-11-20T01:50:56.010+0000] {logging_mixin.py:188} INFO - [2025-11-20T01:50:56.009+0000] {dag.py:3096} INFO - Sync 1 DAGs
[2025-11-20T01:50:56.028+0000] {logging_mixin.py:188} INFO - [2025-11-20T01:50:56.028+0000] {dag.py:3954} INFO - Setting next_dagrun for predictive_pipeline_xgb to 2025-11-23 00:00:00+00:00, run_after=2025-11-30 00:00:00+00:00
[2025-11-20T01:50:56.074+0000] {processor.py:183} INFO - Processing /opt/airflow/dags/predictive_pipeline_dag.py took 2.631 seconds
[2025-11-20T01:51:26.253+0000] {processor.py:161} INFO - Started process (PID=1886) to work on /opt/airflow/dags/predictive_pipeline_dag.py
[2025-11-20T01:51:26.254+0000] {processor.py:830} INFO - Processing file /opt/airflow/dags/predictive_pipeline_dag.py for tasks to queue
[2025-11-20T01:51:26.255+0000] {logging_mixin.py:188} INFO - [2025-11-20T01:51:26.255+0000] {dagbag.py:545} INFO - Filling up the DagBag from /opt/airflow/dags/predictive_pipeline_dag.py
[2025-11-20T01:51:28.355+0000] {logging_mixin.py:188} WARNING - /home/airflow/.local/lib/python3.12/site-packages/mlflow/tracking/_tracking_service/utils.py:140 FutureWarning: Filesystem tracking backend (e.g., './mlruns') is deprecated. Please switch to a database backend (e.g., 'sqlite:///mlflow.db'). For feedback, see: https://github.com/mlflow/mlflow/issues/18534
[2025-11-20T01:51:29.290+0000] {processor.py:840} INFO - DAG(s) 'predictive_pipeline_xgb' retrieved from /opt/airflow/dags/predictive_pipeline_dag.py
[2025-11-20T01:51:29.318+0000] {logging_mixin.py:188} INFO - [2025-11-20T01:51:29.316+0000] {dag.py:3096} INFO - Sync 1 DAGs
[2025-11-20T01:51:29.339+0000] {logging_mixin.py:188} INFO - [2025-11-20T01:51:29.339+0000] {dag.py:3954} INFO - Setting next_dagrun for predictive_pipeline_xgb to 2025-11-23 00:00:00+00:00, run_after=2025-11-30 00:00:00+00:00
[2025-11-20T01:51:29.398+0000] {processor.py:183} INFO - Processing /opt/airflow/dags/predictive_pipeline_dag.py took 3.152 seconds
[2025-11-20T01:51:59.670+0000] {processor.py:161} INFO - Started process (PID=1896) to work on /opt/airflow/dags/predictive_pipeline_dag.py
[2025-11-20T01:51:59.671+0000] {processor.py:830} INFO - Processing file /opt/airflow/dags/predictive_pipeline_dag.py for tasks to queue
[2025-11-20T01:51:59.672+0000] {logging_mixin.py:188} INFO - [2025-11-20T01:51:59.672+0000] {dagbag.py:545} INFO - Filling up the DagBag from /opt/airflow/dags/predictive_pipeline_dag.py
[2025-11-20T01:52:01.458+0000] {logging_mixin.py:188} WARNING - /home/airflow/.local/lib/python3.12/site-packages/mlflow/tracking/_tracking_service/utils.py:140 FutureWarning: Filesystem tracking backend (e.g., './mlruns') is deprecated. Please switch to a database backend (e.g., 'sqlite:///mlflow.db'). For feedback, see: https://github.com/mlflow/mlflow/issues/18534
[2025-11-20T01:52:02.418+0000] {processor.py:840} INFO - DAG(s) 'predictive_pipeline_xgb' retrieved from /opt/airflow/dags/predictive_pipeline_dag.py
[2025-11-20T01:52:02.448+0000] {logging_mixin.py:188} INFO - [2025-11-20T01:52:02.447+0000] {dag.py:3096} INFO - Sync 1 DAGs
[2025-11-20T01:52:02.468+0000] {logging_mixin.py:188} INFO - [2025-11-20T01:52:02.468+0000] {dag.py:3954} INFO - Setting next_dagrun for predictive_pipeline_xgb to 2025-11-23 00:00:00+00:00, run_after=2025-11-30 00:00:00+00:00
[2025-11-20T01:52:02.528+0000] {processor.py:183} INFO - Processing /opt/airflow/dags/predictive_pipeline_dag.py took 2.864 seconds
[2025-11-20T01:52:32.853+0000] {processor.py:161} INFO - Started process (PID=1906) to work on /opt/airflow/dags/predictive_pipeline_dag.py
[2025-11-20T01:52:32.854+0000] {processor.py:830} INFO - Processing file /opt/airflow/dags/predictive_pipeline_dag.py for tasks to queue
[2025-11-20T01:52:32.854+0000] {logging_mixin.py:188} INFO - [2025-11-20T01:52:32.854+0000] {dagbag.py:545} INFO - Filling up the DagBag from /opt/airflow/dags/predictive_pipeline_dag.py
[2025-11-20T01:52:34.611+0000] {logging_mixin.py:188} WARNING - /home/airflow/.local/lib/python3.12/site-packages/mlflow/tracking/_tracking_service/utils.py:140 FutureWarning: Filesystem tracking backend (e.g., './mlruns') is deprecated. Please switch to a database backend (e.g., 'sqlite:///mlflow.db'). For feedback, see: https://github.com/mlflow/mlflow/issues/18534
[2025-11-20T01:52:35.368+0000] {processor.py:840} INFO - DAG(s) 'predictive_pipeline_xgb' retrieved from /opt/airflow/dags/predictive_pipeline_dag.py
[2025-11-20T01:52:35.390+0000] {logging_mixin.py:188} INFO - [2025-11-20T01:52:35.389+0000] {dag.py:3096} INFO - Sync 1 DAGs
[2025-11-20T01:52:35.408+0000] {logging_mixin.py:188} INFO - [2025-11-20T01:52:35.408+0000] {dag.py:3954} INFO - Setting next_dagrun for predictive_pipeline_xgb to 2025-11-23 00:00:00+00:00, run_after=2025-11-30 00:00:00+00:00
[2025-11-20T01:52:35.453+0000] {processor.py:183} INFO - Processing /opt/airflow/dags/predictive_pipeline_dag.py took 2.607 seconds
[2025-11-20T01:53:05.829+0000] {processor.py:161} INFO - Started process (PID=1916) to work on /opt/airflow/dags/predictive_pipeline_dag.py
[2025-11-20T01:53:05.830+0000] {processor.py:830} INFO - Processing file /opt/airflow/dags/predictive_pipeline_dag.py for tasks to queue
[2025-11-20T01:53:05.831+0000] {logging_mixin.py:188} INFO - [2025-11-20T01:53:05.831+0000] {dagbag.py:545} INFO - Filling up the DagBag from /opt/airflow/dags/predictive_pipeline_dag.py
[2025-11-20T01:53:07.833+0000] {logging_mixin.py:188} WARNING - /home/airflow/.local/lib/python3.12/site-packages/mlflow/tracking/_tracking_service/utils.py:140 FutureWarning: Filesystem tracking backend (e.g., './mlruns') is deprecated. Please switch to a database backend (e.g., 'sqlite:///mlflow.db'). For feedback, see: https://github.com/mlflow/mlflow/issues/18534
[2025-11-20T01:53:08.606+0000] {processor.py:840} INFO - DAG(s) 'predictive_pipeline_xgb' retrieved from /opt/airflow/dags/predictive_pipeline_dag.py
[2025-11-20T01:53:08.629+0000] {logging_mixin.py:188} INFO - [2025-11-20T01:53:08.629+0000] {dag.py:3096} INFO - Sync 1 DAGs
[2025-11-20T01:53:08.648+0000] {logging_mixin.py:188} INFO - [2025-11-20T01:53:08.648+0000] {dag.py:3954} INFO - Setting next_dagrun for predictive_pipeline_xgb to 2025-11-23 00:00:00+00:00, run_after=2025-11-30 00:00:00+00:00
[2025-11-20T01:53:08.699+0000] {processor.py:183} INFO - Processing /opt/airflow/dags/predictive_pipeline_dag.py took 2.879 seconds
[2025-11-20T01:53:39.006+0000] {processor.py:161} INFO - Started process (PID=1926) to work on /opt/airflow/dags/predictive_pipeline_dag.py
[2025-11-20T01:53:39.007+0000] {processor.py:830} INFO - Processing file /opt/airflow/dags/predictive_pipeline_dag.py for tasks to queue
[2025-11-20T01:53:39.007+0000] {logging_mixin.py:188} INFO - [2025-11-20T01:53:39.007+0000] {dagbag.py:545} INFO - Filling up the DagBag from /opt/airflow/dags/predictive_pipeline_dag.py
[2025-11-20T01:53:41.034+0000] {logging_mixin.py:188} WARNING - /home/airflow/.local/lib/python3.12/site-packages/mlflow/tracking/_tracking_service/utils.py:140 FutureWarning: Filesystem tracking backend (e.g., './mlruns') is deprecated. Please switch to a database backend (e.g., 'sqlite:///mlflow.db'). For feedback, see: https://github.com/mlflow/mlflow/issues/18534
[2025-11-20T01:53:41.805+0000] {processor.py:840} INFO - DAG(s) 'predictive_pipeline_xgb' retrieved from /opt/airflow/dags/predictive_pipeline_dag.py
[2025-11-20T01:53:41.829+0000] {logging_mixin.py:188} INFO - [2025-11-20T01:53:41.829+0000] {dag.py:3096} INFO - Sync 1 DAGs
[2025-11-20T01:53:41.851+0000] {logging_mixin.py:188} INFO - [2025-11-20T01:53:41.851+0000] {dag.py:3954} INFO - Setting next_dagrun for predictive_pipeline_xgb to 2025-11-23 00:00:00+00:00, run_after=2025-11-30 00:00:00+00:00
[2025-11-20T01:53:41.904+0000] {processor.py:183} INFO - Processing /opt/airflow/dags/predictive_pipeline_dag.py took 2.905 seconds
[2025-11-20T01:54:12.288+0000] {processor.py:161} INFO - Started process (PID=1936) to work on /opt/airflow/dags/predictive_pipeline_dag.py
[2025-11-20T01:54:12.289+0000] {processor.py:830} INFO - Processing file /opt/airflow/dags/predictive_pipeline_dag.py for tasks to queue
[2025-11-20T01:54:12.290+0000] {logging_mixin.py:188} INFO - [2025-11-20T01:54:12.290+0000] {dagbag.py:545} INFO - Filling up the DagBag from /opt/airflow/dags/predictive_pipeline_dag.py
[2025-11-20T01:54:14.244+0000] {logging_mixin.py:188} WARNING - /home/airflow/.local/lib/python3.12/site-packages/mlflow/tracking/_tracking_service/utils.py:140 FutureWarning: Filesystem tracking backend (e.g., './mlruns') is deprecated. Please switch to a database backend (e.g., 'sqlite:///mlflow.db'). For feedback, see: https://github.com/mlflow/mlflow/issues/18534
[2025-11-20T01:54:15.066+0000] {processor.py:840} INFO - DAG(s) 'predictive_pipeline_xgb' retrieved from /opt/airflow/dags/predictive_pipeline_dag.py
[2025-11-20T01:54:15.088+0000] {logging_mixin.py:188} INFO - [2025-11-20T01:54:15.087+0000] {dag.py:3096} INFO - Sync 1 DAGs
[2025-11-20T01:54:15.107+0000] {logging_mixin.py:188} INFO - [2025-11-20T01:54:15.107+0000] {dag.py:3954} INFO - Setting next_dagrun for predictive_pipeline_xgb to 2025-11-23 00:00:00+00:00, run_after=2025-11-30 00:00:00+00:00
[2025-11-20T01:54:15.151+0000] {processor.py:183} INFO - Processing /opt/airflow/dags/predictive_pipeline_dag.py took 2.804 seconds
[2025-11-20T01:54:45.518+0000] {processor.py:161} INFO - Started process (PID=1946) to work on /opt/airflow/dags/predictive_pipeline_dag.py
[2025-11-20T01:54:45.519+0000] {processor.py:830} INFO - Processing file /opt/airflow/dags/predictive_pipeline_dag.py for tasks to queue
[2025-11-20T01:54:45.521+0000] {logging_mixin.py:188} INFO - [2025-11-20T01:54:45.520+0000] {dagbag.py:545} INFO - Filling up the DagBag from /opt/airflow/dags/predictive_pipeline_dag.py
[2025-11-20T01:54:47.499+0000] {logging_mixin.py:188} WARNING - /home/airflow/.local/lib/python3.12/site-packages/mlflow/tracking/_tracking_service/utils.py:140 FutureWarning: Filesystem tracking backend (e.g., './mlruns') is deprecated. Please switch to a database backend (e.g., 'sqlite:///mlflow.db'). For feedback, see: https://github.com/mlflow/mlflow/issues/18534
[2025-11-20T01:54:48.287+0000] {processor.py:840} INFO - DAG(s) 'predictive_pipeline_xgb' retrieved from /opt/airflow/dags/predictive_pipeline_dag.py
[2025-11-20T01:54:48.310+0000] {logging_mixin.py:188} INFO - [2025-11-20T01:54:48.310+0000] {dag.py:3096} INFO - Sync 1 DAGs
[2025-11-20T01:54:48.332+0000] {logging_mixin.py:188} INFO - [2025-11-20T01:54:48.331+0000] {dag.py:3954} INFO - Setting next_dagrun for predictive_pipeline_xgb to 2025-11-23 00:00:00+00:00, run_after=2025-11-30 00:00:00+00:00
[2025-11-20T01:54:48.380+0000] {processor.py:183} INFO - Processing /opt/airflow/dags/predictive_pipeline_dag.py took 2.869 seconds
