[2025-11-19T11:14:06.144+0000] {processor.py:161} INFO - Started process (PID=43) to work on /opt/airflow/dags/predictive_pipeline_dag.py
[2025-11-19T11:14:06.146+0000] {processor.py:830} INFO - Processing file /opt/airflow/dags/predictive_pipeline_dag.py for tasks to queue
[2025-11-19T11:14:06.149+0000] {logging_mixin.py:188} INFO - [2025-11-19T11:14:06.148+0000] {dagbag.py:545} INFO - Filling up the DagBag from /opt/airflow/dags/predictive_pipeline_dag.py
[2025-11-19T11:14:08.625+0000] {logging_mixin.py:188} WARNING - /home/airflow/.local/lib/python3.12/site-packages/mlflow/tracking/_tracking_service/utils.py:140 FutureWarning: Filesystem tracking backend (e.g., './mlruns') is deprecated. Please switch to a database backend (e.g., 'sqlite:///mlflow.db'). For feedback, see: https://github.com/mlflow/mlflow/issues/18534
[2025-11-19T11:14:09.790+0000] {processor.py:840} INFO - DAG(s) 'predictive_pipeline_xgb' retrieved from /opt/airflow/dags/predictive_pipeline_dag.py
[2025-11-19T11:14:09.809+0000] {logging_mixin.py:188} INFO - [2025-11-19T11:14:09.809+0000] {dag.py:3096} INFO - Sync 1 DAGs
[2025-11-19T11:14:09.850+0000] {logging_mixin.py:188} INFO - [2025-11-19T11:14:09.850+0000] {dag.py:3954} INFO - Setting next_dagrun for predictive_pipeline_xgb to 2025-11-23 00:00:00+00:00, run_after=2025-11-30 00:00:00+00:00
[2025-11-19T11:14:09.952+0000] {processor.py:183} INFO - Processing /opt/airflow/dags/predictive_pipeline_dag.py took 3.824 seconds
[2025-11-19T11:14:40.708+0000] {processor.py:161} INFO - Started process (PID=72) to work on /opt/airflow/dags/predictive_pipeline_dag.py
[2025-11-19T11:14:40.710+0000] {processor.py:830} INFO - Processing file /opt/airflow/dags/predictive_pipeline_dag.py for tasks to queue
[2025-11-19T11:14:40.714+0000] {logging_mixin.py:188} INFO - [2025-11-19T11:14:40.713+0000] {dagbag.py:545} INFO - Filling up the DagBag from /opt/airflow/dags/predictive_pipeline_dag.py
[2025-11-19T11:14:42.791+0000] {logging_mixin.py:188} WARNING - /home/airflow/.local/lib/python3.12/site-packages/mlflow/tracking/_tracking_service/utils.py:140 FutureWarning: Filesystem tracking backend (e.g., './mlruns') is deprecated. Please switch to a database backend (e.g., 'sqlite:///mlflow.db'). For feedback, see: https://github.com/mlflow/mlflow/issues/18534
[2025-11-19T11:14:43.687+0000] {processor.py:840} INFO - DAG(s) 'predictive_pipeline_xgb' retrieved from /opt/airflow/dags/predictive_pipeline_dag.py
[2025-11-19T11:14:43.826+0000] {logging_mixin.py:188} INFO - [2025-11-19T11:14:43.826+0000] {dag.py:3096} INFO - Sync 1 DAGs
[2025-11-19T11:14:43.859+0000] {logging_mixin.py:188} INFO - [2025-11-19T11:14:43.859+0000] {dag.py:3954} INFO - Setting next_dagrun for predictive_pipeline_xgb to 2025-11-23 00:00:00+00:00, run_after=2025-11-30 00:00:00+00:00
[2025-11-19T11:14:43.979+0000] {processor.py:183} INFO - Processing /opt/airflow/dags/predictive_pipeline_dag.py took 3.284 seconds
[2025-11-19T11:15:48.258+0000] {processor.py:161} INFO - Started process (PID=43) to work on /opt/airflow/dags/predictive_pipeline_dag.py
[2025-11-19T11:15:48.260+0000] {processor.py:830} INFO - Processing file /opt/airflow/dags/predictive_pipeline_dag.py for tasks to queue
[2025-11-19T11:15:48.263+0000] {logging_mixin.py:188} INFO - [2025-11-19T11:15:48.263+0000] {dagbag.py:545} INFO - Filling up the DagBag from /opt/airflow/dags/predictive_pipeline_dag.py
[2025-11-19T11:15:51.230+0000] {logging_mixin.py:188} WARNING - /home/airflow/.local/lib/python3.12/site-packages/mlflow/tracking/_tracking_service/utils.py:140 FutureWarning: Filesystem tracking backend (e.g., './mlruns') is deprecated. Please switch to a database backend (e.g., 'sqlite:///mlflow.db'). For feedback, see: https://github.com/mlflow/mlflow/issues/18534
[2025-11-19T11:15:52.940+0000] {processor.py:840} INFO - DAG(s) 'predictive_pipeline_xgb' retrieved from /opt/airflow/dags/predictive_pipeline_dag.py
[2025-11-19T11:15:52.957+0000] {logging_mixin.py:188} INFO - [2025-11-19T11:15:52.956+0000] {dag.py:3096} INFO - Sync 1 DAGs
[2025-11-19T11:15:53.006+0000] {logging_mixin.py:188} INFO - [2025-11-19T11:15:53.005+0000] {dag.py:3954} INFO - Setting next_dagrun for predictive_pipeline_xgb to 2025-11-23 00:00:00+00:00, run_after=2025-11-30 00:00:00+00:00
[2025-11-19T11:15:53.101+0000] {processor.py:183} INFO - Processing /opt/airflow/dags/predictive_pipeline_dag.py took 4.768 seconds
[2025-11-19T11:16:23.237+0000] {processor.py:161} INFO - Started process (PID=72) to work on /opt/airflow/dags/predictive_pipeline_dag.py
[2025-11-19T11:16:23.239+0000] {processor.py:830} INFO - Processing file /opt/airflow/dags/predictive_pipeline_dag.py for tasks to queue
[2025-11-19T11:16:23.242+0000] {logging_mixin.py:188} INFO - [2025-11-19T11:16:23.241+0000] {dagbag.py:545} INFO - Filling up the DagBag from /opt/airflow/dags/predictive_pipeline_dag.py
[2025-11-19T11:16:26.002+0000] {logging_mixin.py:188} WARNING - /home/airflow/.local/lib/python3.12/site-packages/mlflow/tracking/_tracking_service/utils.py:140 FutureWarning: Filesystem tracking backend (e.g., './mlruns') is deprecated. Please switch to a database backend (e.g., 'sqlite:///mlflow.db'). For feedback, see: https://github.com/mlflow/mlflow/issues/18534
[2025-11-19T11:16:27.014+0000] {processor.py:840} INFO - DAG(s) 'predictive_pipeline_xgb' retrieved from /opt/airflow/dags/predictive_pipeline_dag.py
[2025-11-19T11:16:27.283+0000] {logging_mixin.py:188} INFO - [2025-11-19T11:16:27.282+0000] {dag.py:3096} INFO - Sync 1 DAGs
[2025-11-19T11:16:27.327+0000] {logging_mixin.py:188} INFO - [2025-11-19T11:16:27.327+0000] {dag.py:3954} INFO - Setting next_dagrun for predictive_pipeline_xgb to 2025-11-23 00:00:00+00:00, run_after=2025-11-30 00:00:00+00:00
[2025-11-19T11:16:27.452+0000] {processor.py:183} INFO - Processing /opt/airflow/dags/predictive_pipeline_dag.py took 4.227 seconds
[2025-11-19T11:16:57.834+0000] {processor.py:161} INFO - Started process (PID=82) to work on /opt/airflow/dags/predictive_pipeline_dag.py
[2025-11-19T11:16:57.835+0000] {processor.py:830} INFO - Processing file /opt/airflow/dags/predictive_pipeline_dag.py for tasks to queue
[2025-11-19T11:16:57.837+0000] {logging_mixin.py:188} INFO - [2025-11-19T11:16:57.837+0000] {dagbag.py:545} INFO - Filling up the DagBag from /opt/airflow/dags/predictive_pipeline_dag.py
[2025-11-19T11:16:59.786+0000] {logging_mixin.py:188} WARNING - /home/airflow/.local/lib/python3.12/site-packages/mlflow/tracking/_tracking_service/utils.py:140 FutureWarning: Filesystem tracking backend (e.g., './mlruns') is deprecated. Please switch to a database backend (e.g., 'sqlite:///mlflow.db'). For feedback, see: https://github.com/mlflow/mlflow/issues/18534
[2025-11-19T11:17:00.608+0000] {processor.py:840} INFO - DAG(s) 'predictive_pipeline_xgb' retrieved from /opt/airflow/dags/predictive_pipeline_dag.py
[2025-11-19T11:17:00.632+0000] {logging_mixin.py:188} INFO - [2025-11-19T11:17:00.631+0000] {dag.py:3096} INFO - Sync 1 DAGs
[2025-11-19T11:17:00.656+0000] {logging_mixin.py:188} INFO - [2025-11-19T11:17:00.656+0000] {dag.py:3954} INFO - Setting next_dagrun for predictive_pipeline_xgb to 2025-11-23 00:00:00+00:00, run_after=2025-11-30 00:00:00+00:00
[2025-11-19T11:17:00.718+0000] {processor.py:183} INFO - Processing /opt/airflow/dags/predictive_pipeline_dag.py took 2.892 seconds
[2025-11-19T11:17:31.686+0000] {processor.py:161} INFO - Started process (PID=92) to work on /opt/airflow/dags/predictive_pipeline_dag.py
[2025-11-19T11:17:31.689+0000] {processor.py:830} INFO - Processing file /opt/airflow/dags/predictive_pipeline_dag.py for tasks to queue
[2025-11-19T11:17:31.693+0000] {logging_mixin.py:188} INFO - [2025-11-19T11:17:31.692+0000] {dagbag.py:545} INFO - Filling up the DagBag from /opt/airflow/dags/predictive_pipeline_dag.py
[2025-11-19T11:17:34.563+0000] {logging_mixin.py:188} WARNING - /home/airflow/.local/lib/python3.12/site-packages/mlflow/tracking/_tracking_service/utils.py:140 FutureWarning: Filesystem tracking backend (e.g., './mlruns') is deprecated. Please switch to a database backend (e.g., 'sqlite:///mlflow.db'). For feedback, see: https://github.com/mlflow/mlflow/issues/18534
[2025-11-19T11:17:35.701+0000] {processor.py:840} INFO - DAG(s) 'predictive_pipeline_xgb' retrieved from /opt/airflow/dags/predictive_pipeline_dag.py
[2025-11-19T11:17:35.748+0000] {logging_mixin.py:188} INFO - [2025-11-19T11:17:35.746+0000] {dag.py:3096} INFO - Sync 1 DAGs
[2025-11-19T11:17:35.789+0000] {logging_mixin.py:188} INFO - [2025-11-19T11:17:35.788+0000] {dag.py:3954} INFO - Setting next_dagrun for predictive_pipeline_xgb to 2025-11-23 00:00:00+00:00, run_after=2025-11-30 00:00:00+00:00
[2025-11-19T11:17:35.912+0000] {processor.py:183} INFO - Processing /opt/airflow/dags/predictive_pipeline_dag.py took 4.250 seconds
[2025-11-19T11:18:06.705+0000] {processor.py:161} INFO - Started process (PID=102) to work on /opt/airflow/dags/predictive_pipeline_dag.py
[2025-11-19T11:18:06.708+0000] {processor.py:830} INFO - Processing file /opt/airflow/dags/predictive_pipeline_dag.py for tasks to queue
[2025-11-19T11:18:06.712+0000] {logging_mixin.py:188} INFO - [2025-11-19T11:18:06.712+0000] {dagbag.py:545} INFO - Filling up the DagBag from /opt/airflow/dags/predictive_pipeline_dag.py
[2025-11-19T11:18:09.039+0000] {logging_mixin.py:188} WARNING - /home/airflow/.local/lib/python3.12/site-packages/mlflow/tracking/_tracking_service/utils.py:140 FutureWarning: Filesystem tracking backend (e.g., './mlruns') is deprecated. Please switch to a database backend (e.g., 'sqlite:///mlflow.db'). For feedback, see: https://github.com/mlflow/mlflow/issues/18534
[2025-11-19T11:18:10.232+0000] {processor.py:840} INFO - DAG(s) 'predictive_pipeline_xgb' retrieved from /opt/airflow/dags/predictive_pipeline_dag.py
[2025-11-19T11:18:10.271+0000] {logging_mixin.py:188} INFO - [2025-11-19T11:18:10.269+0000] {dag.py:3096} INFO - Sync 1 DAGs
[2025-11-19T11:18:10.310+0000] {logging_mixin.py:188} INFO - [2025-11-19T11:18:10.310+0000] {dag.py:3954} INFO - Setting next_dagrun for predictive_pipeline_xgb to 2025-11-23 00:00:00+00:00, run_after=2025-11-30 00:00:00+00:00
[2025-11-19T11:18:10.456+0000] {processor.py:183} INFO - Processing /opt/airflow/dags/predictive_pipeline_dag.py took 3.766 seconds
[2025-11-19T11:18:40.799+0000] {processor.py:161} INFO - Started process (PID=112) to work on /opt/airflow/dags/predictive_pipeline_dag.py
[2025-11-19T11:18:40.802+0000] {processor.py:830} INFO - Processing file /opt/airflow/dags/predictive_pipeline_dag.py for tasks to queue
[2025-11-19T11:18:40.805+0000] {logging_mixin.py:188} INFO - [2025-11-19T11:18:40.805+0000] {dagbag.py:545} INFO - Filling up the DagBag from /opt/airflow/dags/predictive_pipeline_dag.py
[2025-11-19T11:18:43.572+0000] {logging_mixin.py:188} WARNING - /home/airflow/.local/lib/python3.12/site-packages/mlflow/tracking/_tracking_service/utils.py:140 FutureWarning: Filesystem tracking backend (e.g., './mlruns') is deprecated. Please switch to a database backend (e.g., 'sqlite:///mlflow.db'). For feedback, see: https://github.com/mlflow/mlflow/issues/18534
[2025-11-19T11:18:44.719+0000] {processor.py:840} INFO - DAG(s) 'predictive_pipeline_xgb' retrieved from /opt/airflow/dags/predictive_pipeline_dag.py
[2025-11-19T11:18:44.908+0000] {logging_mixin.py:188} INFO - [2025-11-19T11:18:44.759+0000] {dag.py:3096} INFO - Sync 1 DAGs
[2025-11-19T11:18:44.942+0000] {logging_mixin.py:188} INFO - [2025-11-19T11:18:44.941+0000] {dag.py:3954} INFO - Setting next_dagrun for predictive_pipeline_xgb to 2025-11-23 00:00:00+00:00, run_after=2025-11-30 00:00:00+00:00
[2025-11-19T11:18:45.048+0000] {processor.py:183} INFO - Processing /opt/airflow/dags/predictive_pipeline_dag.py took 4.270 seconds
[2025-11-19T11:19:16.005+0000] {processor.py:161} INFO - Started process (PID=122) to work on /opt/airflow/dags/predictive_pipeline_dag.py
[2025-11-19T11:19:16.010+0000] {processor.py:830} INFO - Processing file /opt/airflow/dags/predictive_pipeline_dag.py for tasks to queue
[2025-11-19T11:19:16.023+0000] {logging_mixin.py:188} INFO - [2025-11-19T11:19:16.022+0000] {dagbag.py:545} INFO - Filling up the DagBag from /opt/airflow/dags/predictive_pipeline_dag.py
[2025-11-19T11:19:23.861+0000] {logging_mixin.py:188} WARNING - /home/airflow/.local/lib/python3.12/site-packages/mlflow/tracking/_tracking_service/utils.py:140 FutureWarning: Filesystem tracking backend (e.g., './mlruns') is deprecated. Please switch to a database backend (e.g., 'sqlite:///mlflow.db'). For feedback, see: https://github.com/mlflow/mlflow/issues/18534
[2025-11-19T11:19:24.870+0000] {processor.py:840} INFO - DAG(s) 'predictive_pipeline_xgb' retrieved from /opt/airflow/dags/predictive_pipeline_dag.py
[2025-11-19T11:19:25.053+0000] {logging_mixin.py:188} INFO - [2025-11-19T11:19:25.052+0000] {dag.py:3096} INFO - Sync 1 DAGs
[2025-11-19T11:19:25.089+0000] {logging_mixin.py:188} INFO - [2025-11-19T11:19:25.088+0000] {dag.py:3954} INFO - Setting next_dagrun for predictive_pipeline_xgb to 2025-11-23 00:00:00+00:00, run_after=2025-11-30 00:00:00+00:00
[2025-11-19T11:19:25.200+0000] {processor.py:183} INFO - Processing /opt/airflow/dags/predictive_pipeline_dag.py took 9.131 seconds
[2025-11-19T11:19:56.047+0000] {processor.py:161} INFO - Started process (PID=132) to work on /opt/airflow/dags/predictive_pipeline_dag.py
[2025-11-19T11:19:56.049+0000] {processor.py:830} INFO - Processing file /opt/airflow/dags/predictive_pipeline_dag.py for tasks to queue
[2025-11-19T11:19:56.051+0000] {logging_mixin.py:188} INFO - [2025-11-19T11:19:56.051+0000] {dagbag.py:545} INFO - Filling up the DagBag from /opt/airflow/dags/predictive_pipeline_dag.py
[2025-11-19T11:19:58.478+0000] {logging_mixin.py:188} WARNING - /home/airflow/.local/lib/python3.12/site-packages/mlflow/tracking/_tracking_service/utils.py:140 FutureWarning: Filesystem tracking backend (e.g., './mlruns') is deprecated. Please switch to a database backend (e.g., 'sqlite:///mlflow.db'). For feedback, see: https://github.com/mlflow/mlflow/issues/18534
[2025-11-19T11:19:59.463+0000] {processor.py:840} INFO - DAG(s) 'predictive_pipeline_xgb' retrieved from /opt/airflow/dags/predictive_pipeline_dag.py
[2025-11-19T11:19:59.503+0000] {logging_mixin.py:188} INFO - [2025-11-19T11:19:59.503+0000] {dag.py:3096} INFO - Sync 1 DAGs
[2025-11-19T11:19:59.538+0000] {logging_mixin.py:188} INFO - [2025-11-19T11:19:59.538+0000] {dag.py:3954} INFO - Setting next_dagrun for predictive_pipeline_xgb to 2025-11-23 00:00:00+00:00, run_after=2025-11-30 00:00:00+00:00
[2025-11-19T11:19:59.649+0000] {processor.py:183} INFO - Processing /opt/airflow/dags/predictive_pipeline_dag.py took 3.610 seconds
[2025-11-19T11:20:30.410+0000] {processor.py:161} INFO - Started process (PID=142) to work on /opt/airflow/dags/predictive_pipeline_dag.py
[2025-11-19T11:20:30.415+0000] {processor.py:830} INFO - Processing file /opt/airflow/dags/predictive_pipeline_dag.py for tasks to queue
[2025-11-19T11:20:30.422+0000] {logging_mixin.py:188} INFO - [2025-11-19T11:20:30.421+0000] {dagbag.py:545} INFO - Filling up the DagBag from /opt/airflow/dags/predictive_pipeline_dag.py
[2025-11-19T11:20:33.445+0000] {logging_mixin.py:188} WARNING - /home/airflow/.local/lib/python3.12/site-packages/mlflow/tracking/_tracking_service/utils.py:140 FutureWarning: Filesystem tracking backend (e.g., './mlruns') is deprecated. Please switch to a database backend (e.g., 'sqlite:///mlflow.db'). For feedback, see: https://github.com/mlflow/mlflow/issues/18534
[2025-11-19T11:20:34.910+0000] {processor.py:840} INFO - DAG(s) 'predictive_pipeline_xgb' retrieved from /opt/airflow/dags/predictive_pipeline_dag.py
[2025-11-19T11:20:34.952+0000] {logging_mixin.py:188} INFO - [2025-11-19T11:20:34.951+0000] {dag.py:3096} INFO - Sync 1 DAGs
[2025-11-19T11:20:34.986+0000] {logging_mixin.py:188} INFO - [2025-11-19T11:20:34.985+0000] {dag.py:3954} INFO - Setting next_dagrun for predictive_pipeline_xgb to 2025-11-23 00:00:00+00:00, run_after=2025-11-30 00:00:00+00:00
[2025-11-19T11:20:35.099+0000] {processor.py:183} INFO - Processing /opt/airflow/dags/predictive_pipeline_dag.py took 4.722 seconds
[2025-11-19T11:21:05.784+0000] {processor.py:161} INFO - Started process (PID=152) to work on /opt/airflow/dags/predictive_pipeline_dag.py
[2025-11-19T11:21:05.786+0000] {processor.py:830} INFO - Processing file /opt/airflow/dags/predictive_pipeline_dag.py for tasks to queue
[2025-11-19T11:21:05.788+0000] {logging_mixin.py:188} INFO - [2025-11-19T11:21:05.787+0000] {dagbag.py:545} INFO - Filling up the DagBag from /opt/airflow/dags/predictive_pipeline_dag.py
[2025-11-19T11:21:08.394+0000] {logging_mixin.py:188} WARNING - /home/airflow/.local/lib/python3.12/site-packages/mlflow/tracking/_tracking_service/utils.py:140 FutureWarning: Filesystem tracking backend (e.g., './mlruns') is deprecated. Please switch to a database backend (e.g., 'sqlite:///mlflow.db'). For feedback, see: https://github.com/mlflow/mlflow/issues/18534
[2025-11-19T11:21:09.401+0000] {processor.py:840} INFO - DAG(s) 'predictive_pipeline_xgb' retrieved from /opt/airflow/dags/predictive_pipeline_dag.py
[2025-11-19T11:21:09.437+0000] {logging_mixin.py:188} INFO - [2025-11-19T11:21:09.436+0000] {dag.py:3096} INFO - Sync 1 DAGs
[2025-11-19T11:21:09.468+0000] {logging_mixin.py:188} INFO - [2025-11-19T11:21:09.467+0000] {dag.py:3954} INFO - Setting next_dagrun for predictive_pipeline_xgb to 2025-11-23 00:00:00+00:00, run_after=2025-11-30 00:00:00+00:00
[2025-11-19T11:21:09.572+0000] {processor.py:183} INFO - Processing /opt/airflow/dags/predictive_pipeline_dag.py took 3.797 seconds
[2025-11-19T11:21:40.253+0000] {processor.py:161} INFO - Started process (PID=162) to work on /opt/airflow/dags/predictive_pipeline_dag.py
[2025-11-19T11:21:40.254+0000] {processor.py:830} INFO - Processing file /opt/airflow/dags/predictive_pipeline_dag.py for tasks to queue
[2025-11-19T11:21:40.257+0000] {logging_mixin.py:188} INFO - [2025-11-19T11:21:40.257+0000] {dagbag.py:545} INFO - Filling up the DagBag from /opt/airflow/dags/predictive_pipeline_dag.py
[2025-11-19T11:21:43.904+0000] {logging_mixin.py:188} WARNING - /home/airflow/.local/lib/python3.12/site-packages/mlflow/tracking/_tracking_service/utils.py:140 FutureWarning: Filesystem tracking backend (e.g., './mlruns') is deprecated. Please switch to a database backend (e.g., 'sqlite:///mlflow.db'). For feedback, see: https://github.com/mlflow/mlflow/issues/18534
[2025-11-19T11:21:45.331+0000] {processor.py:840} INFO - DAG(s) 'predictive_pipeline_xgb' retrieved from /opt/airflow/dags/predictive_pipeline_dag.py
[2025-11-19T11:21:45.374+0000] {logging_mixin.py:188} INFO - [2025-11-19T11:21:45.374+0000] {dag.py:3096} INFO - Sync 1 DAGs
[2025-11-19T11:21:45.408+0000] {logging_mixin.py:188} INFO - [2025-11-19T11:21:45.408+0000] {dag.py:3954} INFO - Setting next_dagrun for predictive_pipeline_xgb to 2025-11-23 00:00:00+00:00, run_after=2025-11-30 00:00:00+00:00
[2025-11-19T11:21:45.527+0000] {processor.py:183} INFO - Processing /opt/airflow/dags/predictive_pipeline_dag.py took 5.291 seconds
[2025-11-19T11:22:15.896+0000] {processor.py:161} INFO - Started process (PID=172) to work on /opt/airflow/dags/predictive_pipeline_dag.py
[2025-11-19T11:22:15.902+0000] {processor.py:830} INFO - Processing file /opt/airflow/dags/predictive_pipeline_dag.py for tasks to queue
[2025-11-19T11:22:15.904+0000] {logging_mixin.py:188} INFO - [2025-11-19T11:22:15.904+0000] {dagbag.py:545} INFO - Filling up the DagBag from /opt/airflow/dags/predictive_pipeline_dag.py
[2025-11-19T11:22:17.728+0000] {logging_mixin.py:188} WARNING - /home/airflow/.local/lib/python3.12/site-packages/mlflow/tracking/_tracking_service/utils.py:140 FutureWarning: Filesystem tracking backend (e.g., './mlruns') is deprecated. Please switch to a database backend (e.g., 'sqlite:///mlflow.db'). For feedback, see: https://github.com/mlflow/mlflow/issues/18534
[2025-11-19T11:22:18.513+0000] {processor.py:840} INFO - DAG(s) 'predictive_pipeline_xgb' retrieved from /opt/airflow/dags/predictive_pipeline_dag.py
[2025-11-19T11:22:18.535+0000] {logging_mixin.py:188} INFO - [2025-11-19T11:22:18.534+0000] {dag.py:3096} INFO - Sync 1 DAGs
[2025-11-19T11:22:18.555+0000] {logging_mixin.py:188} INFO - [2025-11-19T11:22:18.555+0000] {dag.py:3954} INFO - Setting next_dagrun for predictive_pipeline_xgb to 2025-11-23 00:00:00+00:00, run_after=2025-11-30 00:00:00+00:00
[2025-11-19T11:22:18.640+0000] {processor.py:183} INFO - Processing /opt/airflow/dags/predictive_pipeline_dag.py took 2.754 seconds
[2025-11-19T11:22:49.152+0000] {processor.py:161} INFO - Started process (PID=182) to work on /opt/airflow/dags/predictive_pipeline_dag.py
[2025-11-19T11:22:49.154+0000] {processor.py:830} INFO - Processing file /opt/airflow/dags/predictive_pipeline_dag.py for tasks to queue
[2025-11-19T11:22:49.158+0000] {logging_mixin.py:188} INFO - [2025-11-19T11:22:49.157+0000] {dagbag.py:545} INFO - Filling up the DagBag from /opt/airflow/dags/predictive_pipeline_dag.py
[2025-11-19T11:22:51.575+0000] {logging_mixin.py:188} WARNING - /home/airflow/.local/lib/python3.12/site-packages/mlflow/tracking/_tracking_service/utils.py:140 FutureWarning: Filesystem tracking backend (e.g., './mlruns') is deprecated. Please switch to a database backend (e.g., 'sqlite:///mlflow.db'). For feedback, see: https://github.com/mlflow/mlflow/issues/18534
[2025-11-19T11:25:51.990+0000] {processor.py:161} INFO - Started process (PID=44) to work on /opt/airflow/dags/predictive_pipeline_dag.py
[2025-11-19T11:25:51.991+0000] {processor.py:830} INFO - Processing file /opt/airflow/dags/predictive_pipeline_dag.py for tasks to queue
[2025-11-19T11:25:51.995+0000] {logging_mixin.py:188} INFO - [2025-11-19T11:25:51.994+0000] {dagbag.py:545} INFO - Filling up the DagBag from /opt/airflow/dags/predictive_pipeline_dag.py
[2025-11-19T11:25:55.111+0000] {logging_mixin.py:188} WARNING - /home/airflow/.local/lib/python3.12/site-packages/mlflow/tracking/_tracking_service/utils.py:140 FutureWarning: Filesystem tracking backend (e.g., './mlruns') is deprecated. Please switch to a database backend (e.g., 'sqlite:///mlflow.db'). For feedback, see: https://github.com/mlflow/mlflow/issues/18534
[2025-11-19T11:25:56.254+0000] {processor.py:840} INFO - DAG(s) 'predictive_pipeline_xgb' retrieved from /opt/airflow/dags/predictive_pipeline_dag.py
[2025-11-19T11:25:56.276+0000] {logging_mixin.py:188} INFO - [2025-11-19T11:25:56.275+0000] {dag.py:3096} INFO - Sync 1 DAGs
[2025-11-19T11:25:56.313+0000] {logging_mixin.py:188} INFO - [2025-11-19T11:25:56.313+0000] {dag.py:3954} INFO - Setting next_dagrun for predictive_pipeline_xgb to 2025-11-23 00:00:00+00:00, run_after=2025-11-30 00:00:00+00:00
[2025-11-19T11:25:56.407+0000] {processor.py:183} INFO - Processing /opt/airflow/dags/predictive_pipeline_dag.py took 4.430 seconds
[2025-11-19T11:26:27.069+0000] {processor.py:161} INFO - Started process (PID=73) to work on /opt/airflow/dags/predictive_pipeline_dag.py
[2025-11-19T11:26:27.071+0000] {processor.py:830} INFO - Processing file /opt/airflow/dags/predictive_pipeline_dag.py for tasks to queue
[2025-11-19T11:26:27.074+0000] {logging_mixin.py:188} INFO - [2025-11-19T11:26:27.074+0000] {dagbag.py:545} INFO - Filling up the DagBag from /opt/airflow/dags/predictive_pipeline_dag.py
[2025-11-19T11:26:29.337+0000] {logging_mixin.py:188} WARNING - /home/airflow/.local/lib/python3.12/site-packages/mlflow/tracking/_tracking_service/utils.py:140 FutureWarning: Filesystem tracking backend (e.g., './mlruns') is deprecated. Please switch to a database backend (e.g., 'sqlite:///mlflow.db'). For feedback, see: https://github.com/mlflow/mlflow/issues/18534
[2025-11-19T11:26:30.153+0000] {processor.py:840} INFO - DAG(s) 'predictive_pipeline_xgb' retrieved from /opt/airflow/dags/predictive_pipeline_dag.py
[2025-11-19T11:26:30.254+0000] {logging_mixin.py:188} INFO - [2025-11-19T11:26:30.253+0000] {dag.py:3096} INFO - Sync 1 DAGs
[2025-11-19T11:26:30.272+0000] {logging_mixin.py:188} INFO - [2025-11-19T11:26:30.272+0000] {dag.py:3954} INFO - Setting next_dagrun for predictive_pipeline_xgb to 2025-11-23 00:00:00+00:00, run_after=2025-11-30 00:00:00+00:00
[2025-11-19T11:26:30.354+0000] {processor.py:183} INFO - Processing /opt/airflow/dags/predictive_pipeline_dag.py took 3.297 seconds
[2025-11-19T11:27:00.861+0000] {processor.py:161} INFO - Started process (PID=83) to work on /opt/airflow/dags/predictive_pipeline_dag.py
[2025-11-19T11:27:00.863+0000] {processor.py:830} INFO - Processing file /opt/airflow/dags/predictive_pipeline_dag.py for tasks to queue
[2025-11-19T11:27:00.865+0000] {logging_mixin.py:188} INFO - [2025-11-19T11:27:00.864+0000] {dagbag.py:545} INFO - Filling up the DagBag from /opt/airflow/dags/predictive_pipeline_dag.py
[2025-11-19T11:27:02.833+0000] {logging_mixin.py:188} WARNING - /home/airflow/.local/lib/python3.12/site-packages/mlflow/tracking/_tracking_service/utils.py:140 FutureWarning: Filesystem tracking backend (e.g., './mlruns') is deprecated. Please switch to a database backend (e.g., 'sqlite:///mlflow.db'). For feedback, see: https://github.com/mlflow/mlflow/issues/18534
[2025-11-19T11:27:03.650+0000] {processor.py:840} INFO - DAG(s) 'predictive_pipeline_xgb' retrieved from /opt/airflow/dags/predictive_pipeline_dag.py
[2025-11-19T11:27:03.680+0000] {logging_mixin.py:188} INFO - [2025-11-19T11:27:03.679+0000] {dag.py:3096} INFO - Sync 1 DAGs
[2025-11-19T11:27:03.708+0000] {logging_mixin.py:188} INFO - [2025-11-19T11:27:03.708+0000] {dag.py:3954} INFO - Setting next_dagrun for predictive_pipeline_xgb to 2025-11-23 00:00:00+00:00, run_after=2025-11-30 00:00:00+00:00
[2025-11-19T11:27:03.790+0000] {processor.py:183} INFO - Processing /opt/airflow/dags/predictive_pipeline_dag.py took 2.938 seconds
[2025-11-19T11:27:34.392+0000] {processor.py:161} INFO - Started process (PID=93) to work on /opt/airflow/dags/predictive_pipeline_dag.py
[2025-11-19T11:27:34.393+0000] {processor.py:830} INFO - Processing file /opt/airflow/dags/predictive_pipeline_dag.py for tasks to queue
[2025-11-19T11:27:34.395+0000] {logging_mixin.py:188} INFO - [2025-11-19T11:27:34.395+0000] {dagbag.py:545} INFO - Filling up the DagBag from /opt/airflow/dags/predictive_pipeline_dag.py
[2025-11-19T11:27:36.371+0000] {logging_mixin.py:188} WARNING - /home/airflow/.local/lib/python3.12/site-packages/mlflow/tracking/_tracking_service/utils.py:140 FutureWarning: Filesystem tracking backend (e.g., './mlruns') is deprecated. Please switch to a database backend (e.g., 'sqlite:///mlflow.db'). For feedback, see: https://github.com/mlflow/mlflow/issues/18534
[2025-11-19T11:27:37.385+0000] {processor.py:840} INFO - DAG(s) 'predictive_pipeline_xgb' retrieved from /opt/airflow/dags/predictive_pipeline_dag.py
[2025-11-19T11:27:37.422+0000] {logging_mixin.py:188} INFO - [2025-11-19T11:27:37.421+0000] {dag.py:3096} INFO - Sync 1 DAGs
[2025-11-19T11:27:37.466+0000] {logging_mixin.py:188} INFO - [2025-11-19T11:27:37.466+0000] {dag.py:3954} INFO - Setting next_dagrun for predictive_pipeline_xgb to 2025-11-23 00:00:00+00:00, run_after=2025-11-30 00:00:00+00:00
[2025-11-19T11:27:37.650+0000] {processor.py:183} INFO - Processing /opt/airflow/dags/predictive_pipeline_dag.py took 3.270 seconds
[2025-11-19T11:28:08.314+0000] {processor.py:161} INFO - Started process (PID=103) to work on /opt/airflow/dags/predictive_pipeline_dag.py
[2025-11-19T11:28:08.318+0000] {processor.py:830} INFO - Processing file /opt/airflow/dags/predictive_pipeline_dag.py for tasks to queue
[2025-11-19T11:28:08.327+0000] {logging_mixin.py:188} INFO - [2025-11-19T11:28:08.325+0000] {dagbag.py:545} INFO - Filling up the DagBag from /opt/airflow/dags/predictive_pipeline_dag.py
[2025-11-19T11:28:12.444+0000] {logging_mixin.py:188} WARNING - /home/airflow/.local/lib/python3.12/site-packages/mlflow/tracking/_tracking_service/utils.py:140 FutureWarning: Filesystem tracking backend (e.g., './mlruns') is deprecated. Please switch to a database backend (e.g., 'sqlite:///mlflow.db'). For feedback, see: https://github.com/mlflow/mlflow/issues/18534
[2025-11-19T11:28:13.635+0000] {processor.py:840} INFO - DAG(s) 'predictive_pipeline_xgb' retrieved from /opt/airflow/dags/predictive_pipeline_dag.py
[2025-11-19T11:28:13.672+0000] {logging_mixin.py:188} INFO - [2025-11-19T11:28:13.670+0000] {dag.py:3096} INFO - Sync 1 DAGs
[2025-11-19T11:28:13.714+0000] {logging_mixin.py:188} INFO - [2025-11-19T11:28:13.713+0000] {dag.py:3954} INFO - Setting next_dagrun for predictive_pipeline_xgb to 2025-11-23 00:00:00+00:00, run_after=2025-11-30 00:00:00+00:00
[2025-11-19T11:28:13.821+0000] {processor.py:183} INFO - Processing /opt/airflow/dags/predictive_pipeline_dag.py took 5.542 seconds
[2025-11-19T11:28:44.133+0000] {processor.py:161} INFO - Started process (PID=113) to work on /opt/airflow/dags/predictive_pipeline_dag.py
[2025-11-19T11:28:44.137+0000] {processor.py:830} INFO - Processing file /opt/airflow/dags/predictive_pipeline_dag.py for tasks to queue
[2025-11-19T11:28:44.145+0000] {logging_mixin.py:188} INFO - [2025-11-19T11:28:44.144+0000] {dagbag.py:545} INFO - Filling up the DagBag from /opt/airflow/dags/predictive_pipeline_dag.py
[2025-11-19T11:28:46.583+0000] {logging_mixin.py:188} WARNING - /home/airflow/.local/lib/python3.12/site-packages/mlflow/tracking/_tracking_service/utils.py:140 FutureWarning: Filesystem tracking backend (e.g., './mlruns') is deprecated. Please switch to a database backend (e.g., 'sqlite:///mlflow.db'). For feedback, see: https://github.com/mlflow/mlflow/issues/18534
[2025-11-19T11:28:47.426+0000] {processor.py:840} INFO - DAG(s) 'predictive_pipeline_xgb' retrieved from /opt/airflow/dags/predictive_pipeline_dag.py
[2025-11-19T11:28:47.577+0000] {logging_mixin.py:188} INFO - [2025-11-19T11:28:47.464+0000] {dag.py:3096} INFO - Sync 1 DAGs
[2025-11-19T11:28:47.607+0000] {logging_mixin.py:188} INFO - [2025-11-19T11:28:47.606+0000] {dag.py:3954} INFO - Setting next_dagrun for predictive_pipeline_xgb to 2025-11-23 00:00:00+00:00, run_after=2025-11-30 00:00:00+00:00
[2025-11-19T11:28:47.690+0000] {processor.py:183} INFO - Processing /opt/airflow/dags/predictive_pipeline_dag.py took 3.587 seconds
[2025-11-19T11:29:18.323+0000] {processor.py:161} INFO - Started process (PID=123) to work on /opt/airflow/dags/predictive_pipeline_dag.py
[2025-11-19T11:29:18.324+0000] {processor.py:830} INFO - Processing file /opt/airflow/dags/predictive_pipeline_dag.py for tasks to queue
[2025-11-19T11:29:18.326+0000] {logging_mixin.py:188} INFO - [2025-11-19T11:29:18.326+0000] {dagbag.py:545} INFO - Filling up the DagBag from /opt/airflow/dags/predictive_pipeline_dag.py
[2025-11-19T11:29:20.425+0000] {logging_mixin.py:188} WARNING - /home/airflow/.local/lib/python3.12/site-packages/mlflow/tracking/_tracking_service/utils.py:140 FutureWarning: Filesystem tracking backend (e.g., './mlruns') is deprecated. Please switch to a database backend (e.g., 'sqlite:///mlflow.db'). For feedback, see: https://github.com/mlflow/mlflow/issues/18534
[2025-11-19T11:29:21.172+0000] {processor.py:840} INFO - DAG(s) 'predictive_pipeline_xgb' retrieved from /opt/airflow/dags/predictive_pipeline_dag.py
[2025-11-19T11:29:21.314+0000] {logging_mixin.py:188} INFO - [2025-11-19T11:29:21.313+0000] {dag.py:3096} INFO - Sync 1 DAGs
[2025-11-19T11:29:21.340+0000] {logging_mixin.py:188} INFO - [2025-11-19T11:29:21.340+0000] {dag.py:3954} INFO - Setting next_dagrun for predictive_pipeline_xgb to 2025-11-23 00:00:00+00:00, run_after=2025-11-30 00:00:00+00:00
[2025-11-19T11:29:21.429+0000] {processor.py:183} INFO - Processing /opt/airflow/dags/predictive_pipeline_dag.py took 3.116 seconds
[2025-11-19T11:29:51.867+0000] {processor.py:161} INFO - Started process (PID=133) to work on /opt/airflow/dags/predictive_pipeline_dag.py
[2025-11-19T11:29:51.869+0000] {processor.py:830} INFO - Processing file /opt/airflow/dags/predictive_pipeline_dag.py for tasks to queue
[2025-11-19T11:29:51.872+0000] {logging_mixin.py:188} INFO - [2025-11-19T11:29:51.871+0000] {dagbag.py:545} INFO - Filling up the DagBag from /opt/airflow/dags/predictive_pipeline_dag.py
[2025-11-19T11:29:54.431+0000] {logging_mixin.py:188} WARNING - /home/airflow/.local/lib/python3.12/site-packages/mlflow/tracking/_tracking_service/utils.py:140 FutureWarning: Filesystem tracking backend (e.g., './mlruns') is deprecated. Please switch to a database backend (e.g., 'sqlite:///mlflow.db'). For feedback, see: https://github.com/mlflow/mlflow/issues/18534
[2025-11-19T11:29:55.555+0000] {processor.py:840} INFO - DAG(s) 'predictive_pipeline_xgb' retrieved from /opt/airflow/dags/predictive_pipeline_dag.py
[2025-11-19T11:29:55.591+0000] {logging_mixin.py:188} INFO - [2025-11-19T11:29:55.591+0000] {dag.py:3096} INFO - Sync 1 DAGs
[2025-11-19T11:29:55.624+0000] {logging_mixin.py:188} INFO - [2025-11-19T11:29:55.624+0000] {dag.py:3954} INFO - Setting next_dagrun for predictive_pipeline_xgb to 2025-11-23 00:00:00+00:00, run_after=2025-11-30 00:00:00+00:00
[2025-11-19T11:29:55.731+0000] {processor.py:183} INFO - Processing /opt/airflow/dags/predictive_pipeline_dag.py took 3.804 seconds
[2025-11-19T11:30:26.333+0000] {processor.py:161} INFO - Started process (PID=143) to work on /opt/airflow/dags/predictive_pipeline_dag.py
[2025-11-19T11:30:26.334+0000] {processor.py:830} INFO - Processing file /opt/airflow/dags/predictive_pipeline_dag.py for tasks to queue
[2025-11-19T11:30:26.337+0000] {logging_mixin.py:188} INFO - [2025-11-19T11:30:26.336+0000] {dagbag.py:545} INFO - Filling up the DagBag from /opt/airflow/dags/predictive_pipeline_dag.py
[2025-11-19T11:30:36.800+0000] {processor.py:161} INFO - Started process (PID=27) to work on /opt/airflow/dags/predictive_pipeline_dag.py
[2025-11-19T11:30:36.802+0000] {processor.py:830} INFO - Processing file /opt/airflow/dags/predictive_pipeline_dag.py for tasks to queue
[2025-11-19T11:30:36.805+0000] {logging_mixin.py:188} INFO - [2025-11-19T11:30:36.804+0000] {dagbag.py:545} INFO - Filling up the DagBag from /opt/airflow/dags/predictive_pipeline_dag.py
[2025-11-19T11:30:39.677+0000] {logging_mixin.py:188} WARNING - /home/airflow/.local/lib/python3.12/site-packages/mlflow/tracking/_tracking_service/utils.py:140 FutureWarning: Filesystem tracking backend (e.g., './mlruns') is deprecated. Please switch to a database backend (e.g., 'sqlite:///mlflow.db'). For feedback, see: https://github.com/mlflow/mlflow/issues/18534
[2025-11-19T11:30:40.815+0000] {processor.py:840} INFO - DAG(s) 'predictive_pipeline_xgb' retrieved from /opt/airflow/dags/predictive_pipeline_dag.py
[2025-11-19T11:30:40.828+0000] {logging_mixin.py:188} INFO - [2025-11-19T11:30:40.827+0000] {dag.py:3096} INFO - Sync 1 DAGs
[2025-11-19T11:30:40.864+0000] {logging_mixin.py:188} INFO - [2025-11-19T11:30:40.864+0000] {dag.py:3954} INFO - Setting next_dagrun for predictive_pipeline_xgb to 2025-11-23 00:00:00+00:00, run_after=2025-11-30 00:00:00+00:00
[2025-11-19T11:30:40.930+0000] {processor.py:183} INFO - Processing /opt/airflow/dags/predictive_pipeline_dag.py took 4.142 seconds
[2025-11-19T11:31:11.162+0000] {processor.py:161} INFO - Started process (PID=72) to work on /opt/airflow/dags/predictive_pipeline_dag.py
[2025-11-19T11:31:11.166+0000] {processor.py:830} INFO - Processing file /opt/airflow/dags/predictive_pipeline_dag.py for tasks to queue
[2025-11-19T11:31:11.170+0000] {logging_mixin.py:188} INFO - [2025-11-19T11:31:11.170+0000] {dagbag.py:545} INFO - Filling up the DagBag from /opt/airflow/dags/predictive_pipeline_dag.py
[2025-11-19T11:31:13.830+0000] {logging_mixin.py:188} WARNING - /home/airflow/.local/lib/python3.12/site-packages/mlflow/tracking/_tracking_service/utils.py:140 FutureWarning: Filesystem tracking backend (e.g., './mlruns') is deprecated. Please switch to a database backend (e.g., 'sqlite:///mlflow.db'). For feedback, see: https://github.com/mlflow/mlflow/issues/18534
[2025-11-19T11:31:14.799+0000] {processor.py:840} INFO - DAG(s) 'predictive_pipeline_xgb' retrieved from /opt/airflow/dags/predictive_pipeline_dag.py
[2025-11-19T11:31:14.935+0000] {logging_mixin.py:188} INFO - [2025-11-19T11:31:14.935+0000] {dag.py:3096} INFO - Sync 1 DAGs
[2025-11-19T11:31:14.970+0000] {logging_mixin.py:188} INFO - [2025-11-19T11:31:14.970+0000] {dag.py:3954} INFO - Setting next_dagrun for predictive_pipeline_xgb to 2025-11-23 00:00:00+00:00, run_after=2025-11-30 00:00:00+00:00
[2025-11-19T11:31:15.065+0000] {processor.py:183} INFO - Processing /opt/airflow/dags/predictive_pipeline_dag.py took 3.945 seconds
[2025-11-19T11:31:45.265+0000] {processor.py:161} INFO - Started process (PID=82) to work on /opt/airflow/dags/predictive_pipeline_dag.py
[2025-11-19T11:31:45.267+0000] {processor.py:830} INFO - Processing file /opt/airflow/dags/predictive_pipeline_dag.py for tasks to queue
[2025-11-19T11:31:45.270+0000] {logging_mixin.py:188} INFO - [2025-11-19T11:31:45.269+0000] {dagbag.py:545} INFO - Filling up the DagBag from /opt/airflow/dags/predictive_pipeline_dag.py
[2025-11-19T11:31:47.676+0000] {logging_mixin.py:188} WARNING - /home/airflow/.local/lib/python3.12/site-packages/mlflow/tracking/_tracking_service/utils.py:140 FutureWarning: Filesystem tracking backend (e.g., './mlruns') is deprecated. Please switch to a database backend (e.g., 'sqlite:///mlflow.db'). For feedback, see: https://github.com/mlflow/mlflow/issues/18534
[2025-11-19T11:31:48.818+0000] {processor.py:840} INFO - DAG(s) 'predictive_pipeline_xgb' retrieved from /opt/airflow/dags/predictive_pipeline_dag.py
[2025-11-19T11:31:49.010+0000] {logging_mixin.py:188} INFO - [2025-11-19T11:31:49.009+0000] {dag.py:3096} INFO - Sync 1 DAGs
[2025-11-19T11:31:49.070+0000] {logging_mixin.py:188} INFO - [2025-11-19T11:31:49.070+0000] {dag.py:3954} INFO - Setting next_dagrun for predictive_pipeline_xgb to 2025-11-23 00:00:00+00:00, run_after=2025-11-30 00:00:00+00:00
[2025-11-19T11:31:49.182+0000] {processor.py:183} INFO - Processing /opt/airflow/dags/predictive_pipeline_dag.py took 3.927 seconds
[2025-11-19T11:32:19.800+0000] {processor.py:161} INFO - Started process (PID=92) to work on /opt/airflow/dags/predictive_pipeline_dag.py
[2025-11-19T11:32:19.802+0000] {processor.py:830} INFO - Processing file /opt/airflow/dags/predictive_pipeline_dag.py for tasks to queue
[2025-11-19T11:32:19.805+0000] {logging_mixin.py:188} INFO - [2025-11-19T11:32:19.805+0000] {dagbag.py:545} INFO - Filling up the DagBag from /opt/airflow/dags/predictive_pipeline_dag.py
[2025-11-19T11:32:22.198+0000] {logging_mixin.py:188} WARNING - /home/airflow/.local/lib/python3.12/site-packages/mlflow/tracking/_tracking_service/utils.py:140 FutureWarning: Filesystem tracking backend (e.g., './mlruns') is deprecated. Please switch to a database backend (e.g., 'sqlite:///mlflow.db'). For feedback, see: https://github.com/mlflow/mlflow/issues/18534
[2025-11-19T11:32:23.407+0000] {processor.py:840} INFO - DAG(s) 'predictive_pipeline_xgb' retrieved from /opt/airflow/dags/predictive_pipeline_dag.py
[2025-11-19T11:32:23.454+0000] {logging_mixin.py:188} INFO - [2025-11-19T11:32:23.452+0000] {dag.py:3096} INFO - Sync 1 DAGs
[2025-11-19T11:32:23.491+0000] {logging_mixin.py:188} INFO - [2025-11-19T11:32:23.490+0000] {dag.py:3954} INFO - Setting next_dagrun for predictive_pipeline_xgb to 2025-11-23 00:00:00+00:00, run_after=2025-11-30 00:00:00+00:00
[2025-11-19T11:32:23.619+0000] {processor.py:183} INFO - Processing /opt/airflow/dags/predictive_pipeline_dag.py took 3.785 seconds
[2025-11-19T11:32:54.484+0000] {processor.py:161} INFO - Started process (PID=102) to work on /opt/airflow/dags/predictive_pipeline_dag.py
[2025-11-19T11:32:54.485+0000] {processor.py:830} INFO - Processing file /opt/airflow/dags/predictive_pipeline_dag.py for tasks to queue
[2025-11-19T11:32:54.489+0000] {logging_mixin.py:188} INFO - [2025-11-19T11:32:54.489+0000] {dagbag.py:545} INFO - Filling up the DagBag from /opt/airflow/dags/predictive_pipeline_dag.py
[2025-11-19T11:32:56.705+0000] {logging_mixin.py:188} WARNING - /home/airflow/.local/lib/python3.12/site-packages/mlflow/tracking/_tracking_service/utils.py:140 FutureWarning: Filesystem tracking backend (e.g., './mlruns') is deprecated. Please switch to a database backend (e.g., 'sqlite:///mlflow.db'). For feedback, see: https://github.com/mlflow/mlflow/issues/18534
[2025-11-19T11:32:57.656+0000] {processor.py:840} INFO - DAG(s) 'predictive_pipeline_xgb' retrieved from /opt/airflow/dags/predictive_pipeline_dag.py
[2025-11-19T11:32:57.696+0000] {logging_mixin.py:188} INFO - [2025-11-19T11:32:57.694+0000] {dag.py:3096} INFO - Sync 1 DAGs
[2025-11-19T11:32:57.728+0000] {logging_mixin.py:188} INFO - [2025-11-19T11:32:57.727+0000] {dag.py:3954} INFO - Setting next_dagrun for predictive_pipeline_xgb to 2025-11-23 00:00:00+00:00, run_after=2025-11-30 00:00:00+00:00
[2025-11-19T11:32:57.832+0000] {processor.py:183} INFO - Processing /opt/airflow/dags/predictive_pipeline_dag.py took 3.363 seconds
[2025-11-19T11:33:28.477+0000] {processor.py:161} INFO - Started process (PID=112) to work on /opt/airflow/dags/predictive_pipeline_dag.py
[2025-11-19T11:33:28.478+0000] {processor.py:830} INFO - Processing file /opt/airflow/dags/predictive_pipeline_dag.py for tasks to queue
[2025-11-19T11:33:28.481+0000] {logging_mixin.py:188} INFO - [2025-11-19T11:33:28.481+0000] {dagbag.py:545} INFO - Filling up the DagBag from /opt/airflow/dags/predictive_pipeline_dag.py
[2025-11-19T11:33:31.486+0000] {logging_mixin.py:188} WARNING - /home/airflow/.local/lib/python3.12/site-packages/mlflow/tracking/_tracking_service/utils.py:140 FutureWarning: Filesystem tracking backend (e.g., './mlruns') is deprecated. Please switch to a database backend (e.g., 'sqlite:///mlflow.db'). For feedback, see: https://github.com/mlflow/mlflow/issues/18534
[2025-11-19T11:33:32.705+0000] {processor.py:840} INFO - DAG(s) 'predictive_pipeline_xgb' retrieved from /opt/airflow/dags/predictive_pipeline_dag.py
[2025-11-19T11:33:32.747+0000] {logging_mixin.py:188} INFO - [2025-11-19T11:33:32.746+0000] {dag.py:3096} INFO - Sync 1 DAGs
[2025-11-19T11:33:32.779+0000] {logging_mixin.py:188} INFO - [2025-11-19T11:33:32.779+0000] {dag.py:3954} INFO - Setting next_dagrun for predictive_pipeline_xgb to 2025-11-23 00:00:00+00:00, run_after=2025-11-30 00:00:00+00:00
[2025-11-19T11:33:32.874+0000] {processor.py:183} INFO - Processing /opt/airflow/dags/predictive_pipeline_dag.py took 4.409 seconds
[2025-11-19T11:34:03.584+0000] {processor.py:161} INFO - Started process (PID=122) to work on /opt/airflow/dags/predictive_pipeline_dag.py
[2025-11-19T11:34:03.587+0000] {processor.py:830} INFO - Processing file /opt/airflow/dags/predictive_pipeline_dag.py for tasks to queue
[2025-11-19T11:34:03.590+0000] {logging_mixin.py:188} INFO - [2025-11-19T11:34:03.589+0000] {dagbag.py:545} INFO - Filling up the DagBag from /opt/airflow/dags/predictive_pipeline_dag.py
[2025-11-19T11:34:06.140+0000] {logging_mixin.py:188} WARNING - /home/airflow/.local/lib/python3.12/site-packages/mlflow/tracking/_tracking_service/utils.py:140 FutureWarning: Filesystem tracking backend (e.g., './mlruns') is deprecated. Please switch to a database backend (e.g., 'sqlite:///mlflow.db'). For feedback, see: https://github.com/mlflow/mlflow/issues/18534
[2025-11-19T11:34:07.040+0000] {processor.py:840} INFO - DAG(s) 'predictive_pipeline_xgb' retrieved from /opt/airflow/dags/predictive_pipeline_dag.py
[2025-11-19T11:34:07.189+0000] {logging_mixin.py:188} INFO - [2025-11-19T11:34:07.188+0000] {dag.py:3096} INFO - Sync 1 DAGs
[2025-11-19T11:34:07.229+0000] {logging_mixin.py:188} INFO - [2025-11-19T11:34:07.228+0000] {dag.py:3954} INFO - Setting next_dagrun for predictive_pipeline_xgb to 2025-11-23 00:00:00+00:00, run_after=2025-11-30 00:00:00+00:00
[2025-11-19T11:34:07.343+0000] {processor.py:183} INFO - Processing /opt/airflow/dags/predictive_pipeline_dag.py took 3.778 seconds
[2025-11-19T11:34:38.062+0000] {processor.py:161} INFO - Started process (PID=132) to work on /opt/airflow/dags/predictive_pipeline_dag.py
[2025-11-19T11:34:38.063+0000] {processor.py:830} INFO - Processing file /opt/airflow/dags/predictive_pipeline_dag.py for tasks to queue
[2025-11-19T11:34:38.067+0000] {logging_mixin.py:188} INFO - [2025-11-19T11:34:38.066+0000] {dagbag.py:545} INFO - Filling up the DagBag from /opt/airflow/dags/predictive_pipeline_dag.py
[2025-11-19T11:34:40.319+0000] {logging_mixin.py:188} WARNING - /home/airflow/.local/lib/python3.12/site-packages/mlflow/tracking/_tracking_service/utils.py:140 FutureWarning: Filesystem tracking backend (e.g., './mlruns') is deprecated. Please switch to a database backend (e.g., 'sqlite:///mlflow.db'). For feedback, see: https://github.com/mlflow/mlflow/issues/18534
[2025-11-19T11:34:41.330+0000] {processor.py:840} INFO - DAG(s) 'predictive_pipeline_xgb' retrieved from /opt/airflow/dags/predictive_pipeline_dag.py
[2025-11-19T11:34:41.363+0000] {logging_mixin.py:188} INFO - [2025-11-19T11:34:41.363+0000] {dag.py:3096} INFO - Sync 1 DAGs
[2025-11-19T11:34:41.391+0000] {logging_mixin.py:188} INFO - [2025-11-19T11:34:41.391+0000] {dag.py:3954} INFO - Setting next_dagrun for predictive_pipeline_xgb to 2025-11-23 00:00:00+00:00, run_after=2025-11-30 00:00:00+00:00
[2025-11-19T11:34:41.481+0000] {processor.py:183} INFO - Processing /opt/airflow/dags/predictive_pipeline_dag.py took 3.431 seconds
[2025-11-19T11:35:11.900+0000] {processor.py:161} INFO - Started process (PID=142) to work on /opt/airflow/dags/predictive_pipeline_dag.py
[2025-11-19T11:35:11.905+0000] {processor.py:830} INFO - Processing file /opt/airflow/dags/predictive_pipeline_dag.py for tasks to queue
[2025-11-19T11:35:11.913+0000] {logging_mixin.py:188} INFO - [2025-11-19T11:35:11.911+0000] {dagbag.py:545} INFO - Filling up the DagBag from /opt/airflow/dags/predictive_pipeline_dag.py
[2025-11-19T11:35:15.493+0000] {logging_mixin.py:188} WARNING - /home/airflow/.local/lib/python3.12/site-packages/mlflow/tracking/_tracking_service/utils.py:140 FutureWarning: Filesystem tracking backend (e.g., './mlruns') is deprecated. Please switch to a database backend (e.g., 'sqlite:///mlflow.db'). For feedback, see: https://github.com/mlflow/mlflow/issues/18534
[2025-11-19T11:35:16.583+0000] {processor.py:840} INFO - DAG(s) 'predictive_pipeline_xgb' retrieved from /opt/airflow/dags/predictive_pipeline_dag.py
[2025-11-19T11:35:16.633+0000] {logging_mixin.py:188} INFO - [2025-11-19T11:35:16.632+0000] {dag.py:3096} INFO - Sync 1 DAGs
[2025-11-19T11:35:16.679+0000] {logging_mixin.py:188} INFO - [2025-11-19T11:35:16.679+0000] {dag.py:3954} INFO - Setting next_dagrun for predictive_pipeline_xgb to 2025-11-23 00:00:00+00:00, run_after=2025-11-30 00:00:00+00:00
[2025-11-19T11:35:16.793+0000] {processor.py:183} INFO - Processing /opt/airflow/dags/predictive_pipeline_dag.py took 4.932 seconds
[2025-11-19T11:35:46.970+0000] {processor.py:161} INFO - Started process (PID=152) to work on /opt/airflow/dags/predictive_pipeline_dag.py
[2025-11-19T11:35:46.973+0000] {processor.py:830} INFO - Processing file /opt/airflow/dags/predictive_pipeline_dag.py for tasks to queue
[2025-11-19T11:35:46.977+0000] {logging_mixin.py:188} INFO - [2025-11-19T11:35:46.977+0000] {dagbag.py:545} INFO - Filling up the DagBag from /opt/airflow/dags/predictive_pipeline_dag.py
[2025-11-19T11:35:49.480+0000] {logging_mixin.py:188} WARNING - /home/airflow/.local/lib/python3.12/site-packages/mlflow/tracking/_tracking_service/utils.py:140 FutureWarning: Filesystem tracking backend (e.g., './mlruns') is deprecated. Please switch to a database backend (e.g., 'sqlite:///mlflow.db'). For feedback, see: https://github.com/mlflow/mlflow/issues/18534
[2025-11-19T11:35:50.473+0000] {processor.py:840} INFO - DAG(s) 'predictive_pipeline_xgb' retrieved from /opt/airflow/dags/predictive_pipeline_dag.py
[2025-11-19T11:35:50.508+0000] {logging_mixin.py:188} INFO - [2025-11-19T11:35:50.507+0000] {dag.py:3096} INFO - Sync 1 DAGs
[2025-11-19T11:35:50.536+0000] {logging_mixin.py:188} INFO - [2025-11-19T11:35:50.535+0000] {dag.py:3954} INFO - Setting next_dagrun for predictive_pipeline_xgb to 2025-11-23 00:00:00+00:00, run_after=2025-11-30 00:00:00+00:00
[2025-11-19T11:35:50.632+0000] {processor.py:183} INFO - Processing /opt/airflow/dags/predictive_pipeline_dag.py took 3.676 seconds
[2025-11-19T11:36:21.055+0000] {processor.py:161} INFO - Started process (PID=162) to work on /opt/airflow/dags/predictive_pipeline_dag.py
[2025-11-19T11:36:21.059+0000] {processor.py:830} INFO - Processing file /opt/airflow/dags/predictive_pipeline_dag.py for tasks to queue
[2025-11-19T11:36:21.065+0000] {logging_mixin.py:188} INFO - [2025-11-19T11:36:21.063+0000] {dagbag.py:545} INFO - Filling up the DagBag from /opt/airflow/dags/predictive_pipeline_dag.py
[2025-11-19T11:36:23.659+0000] {logging_mixin.py:188} WARNING - /home/airflow/.local/lib/python3.12/site-packages/mlflow/tracking/_tracking_service/utils.py:140 FutureWarning: Filesystem tracking backend (e.g., './mlruns') is deprecated. Please switch to a database backend (e.g., 'sqlite:///mlflow.db'). For feedback, see: https://github.com/mlflow/mlflow/issues/18534
[2025-11-19T11:36:24.442+0000] {processor.py:840} INFO - DAG(s) 'predictive_pipeline_xgb' retrieved from /opt/airflow/dags/predictive_pipeline_dag.py
[2025-11-19T11:36:24.466+0000] {logging_mixin.py:188} INFO - [2025-11-19T11:36:24.466+0000] {dag.py:3096} INFO - Sync 1 DAGs
[2025-11-19T11:36:24.492+0000] {logging_mixin.py:188} INFO - [2025-11-19T11:36:24.491+0000] {dag.py:3954} INFO - Setting next_dagrun for predictive_pipeline_xgb to 2025-11-23 00:00:00+00:00, run_after=2025-11-30 00:00:00+00:00
[2025-11-19T11:36:24.564+0000] {processor.py:183} INFO - Processing /opt/airflow/dags/predictive_pipeline_dag.py took 3.471 seconds
[2025-11-19T11:37:40.560+0000] {processor.py:161} INFO - Started process (PID=43) to work on /opt/airflow/dags/predictive_pipeline_dag.py
[2025-11-19T11:37:40.562+0000] {processor.py:830} INFO - Processing file /opt/airflow/dags/predictive_pipeline_dag.py for tasks to queue
[2025-11-19T11:37:40.566+0000] {logging_mixin.py:188} INFO - [2025-11-19T11:37:40.565+0000] {dagbag.py:545} INFO - Filling up the DagBag from /opt/airflow/dags/predictive_pipeline_dag.py
[2025-11-19T11:37:43.787+0000] {logging_mixin.py:188} WARNING - /home/airflow/.local/lib/python3.12/site-packages/mlflow/tracking/_tracking_service/utils.py:140 FutureWarning: Filesystem tracking backend (e.g., './mlruns') is deprecated. Please switch to a database backend (e.g., 'sqlite:///mlflow.db'). For feedback, see: https://github.com/mlflow/mlflow/issues/18534
[2025-11-19T11:37:44.966+0000] {processor.py:840} INFO - DAG(s) 'predictive_pipeline_xgb' retrieved from /opt/airflow/dags/predictive_pipeline_dag.py
[2025-11-19T11:37:44.983+0000] {logging_mixin.py:188} INFO - [2025-11-19T11:37:44.982+0000] {dag.py:3096} INFO - Sync 1 DAGs
[2025-11-19T11:37:45.013+0000] {logging_mixin.py:188} INFO - [2025-11-19T11:37:45.013+0000] {dag.py:3954} INFO - Setting next_dagrun for predictive_pipeline_xgb to 2025-11-23 00:00:00+00:00, run_after=2025-11-30 00:00:00+00:00
[2025-11-19T11:37:45.108+0000] {processor.py:183} INFO - Processing /opt/airflow/dags/predictive_pipeline_dag.py took 4.560 seconds
[2025-11-19T11:38:16.014+0000] {processor.py:161} INFO - Started process (PID=89) to work on /opt/airflow/dags/predictive_pipeline_dag.py
[2025-11-19T11:38:16.016+0000] {processor.py:830} INFO - Processing file /opt/airflow/dags/predictive_pipeline_dag.py for tasks to queue
[2025-11-19T11:38:16.021+0000] {logging_mixin.py:188} INFO - [2025-11-19T11:38:16.020+0000] {dagbag.py:545} INFO - Filling up the DagBag from /opt/airflow/dags/predictive_pipeline_dag.py
[2025-11-19T11:38:19.383+0000] {logging_mixin.py:188} WARNING - /home/airflow/.local/lib/python3.12/site-packages/mlflow/tracking/_tracking_service/utils.py:140 FutureWarning: Filesystem tracking backend (e.g., './mlruns') is deprecated. Please switch to a database backend (e.g., 'sqlite:///mlflow.db'). For feedback, see: https://github.com/mlflow/mlflow/issues/18534
[2025-11-19T11:38:21.280+0000] {processor.py:840} INFO - DAG(s) 'predictive_pipeline_xgb' retrieved from /opt/airflow/dags/predictive_pipeline_dag.py
[2025-11-19T11:38:21.431+0000] {logging_mixin.py:188} INFO - [2025-11-19T11:38:21.431+0000] {dag.py:3096} INFO - Sync 1 DAGs
[2025-11-19T11:38:21.505+0000] {logging_mixin.py:188} INFO - [2025-11-19T11:38:21.505+0000] {dag.py:3954} INFO - Setting next_dagrun for predictive_pipeline_xgb to 2025-11-23 00:00:00+00:00, run_after=2025-11-30 00:00:00+00:00
[2025-11-19T11:38:21.628+0000] {processor.py:183} INFO - Processing /opt/airflow/dags/predictive_pipeline_dag.py took 5.629 seconds
[2025-11-19T11:41:54.516+0000] {processor.py:161} INFO - Started process (PID=128) to work on /opt/airflow/dags/predictive_pipeline_dag.py
[2025-11-19T11:41:54.519+0000] {processor.py:830} INFO - Processing file /opt/airflow/dags/predictive_pipeline_dag.py for tasks to queue
[2025-11-19T11:41:54.523+0000] {logging_mixin.py:188} INFO - [2025-11-19T11:41:54.521+0000] {dagbag.py:545} INFO - Filling up the DagBag from /opt/airflow/dags/predictive_pipeline_dag.py
[2025-11-19T11:41:58.815+0000] {logging_mixin.py:188} WARNING - /home/airflow/.local/lib/python3.12/site-packages/mlflow/tracking/_tracking_service/utils.py:140 FutureWarning: Filesystem tracking backend (e.g., './mlruns') is deprecated. Please switch to a database backend (e.g., 'sqlite:///mlflow.db'). For feedback, see: https://github.com/mlflow/mlflow/issues/18534
[2025-11-19T11:42:00.939+0000] {processor.py:840} INFO - DAG(s) 'predictive_pipeline_xgb' retrieved from /opt/airflow/dags/predictive_pipeline_dag.py
[2025-11-19T11:42:01.018+0000] {logging_mixin.py:188} INFO - [2025-11-19T11:42:01.017+0000] {dag.py:3096} INFO - Sync 1 DAGs
[2025-11-19T11:42:01.208+0000] {processor.py:183} INFO - Processing /opt/airflow/dags/predictive_pipeline_dag.py took 6.704 seconds
[2025-11-19T11:42:31.762+0000] {processor.py:161} INFO - Started process (PID=138) to work on /opt/airflow/dags/predictive_pipeline_dag.py
[2025-11-19T11:42:31.764+0000] {processor.py:830} INFO - Processing file /opt/airflow/dags/predictive_pipeline_dag.py for tasks to queue
[2025-11-19T11:42:31.766+0000] {logging_mixin.py:188} INFO - [2025-11-19T11:42:31.765+0000] {dagbag.py:545} INFO - Filling up the DagBag from /opt/airflow/dags/predictive_pipeline_dag.py
[2025-11-19T11:42:34.423+0000] {logging_mixin.py:188} WARNING - /home/airflow/.local/lib/python3.12/site-packages/mlflow/tracking/_tracking_service/utils.py:140 FutureWarning: Filesystem tracking backend (e.g., './mlruns') is deprecated. Please switch to a database backend (e.g., 'sqlite:///mlflow.db'). For feedback, see: https://github.com/mlflow/mlflow/issues/18534
[2025-11-19T11:42:35.588+0000] {processor.py:840} INFO - DAG(s) 'predictive_pipeline_xgb' retrieved from /opt/airflow/dags/predictive_pipeline_dag.py
[2025-11-19T11:42:35.628+0000] {logging_mixin.py:188} INFO - [2025-11-19T11:42:35.628+0000] {dag.py:3096} INFO - Sync 1 DAGs
[2025-11-19T11:42:35.814+0000] {processor.py:183} INFO - Processing /opt/airflow/dags/predictive_pipeline_dag.py took 4.064 seconds
[2025-11-19T11:43:05.988+0000] {processor.py:161} INFO - Started process (PID=148) to work on /opt/airflow/dags/predictive_pipeline_dag.py
[2025-11-19T11:43:05.989+0000] {processor.py:830} INFO - Processing file /opt/airflow/dags/predictive_pipeline_dag.py for tasks to queue
[2025-11-19T11:43:05.990+0000] {logging_mixin.py:188} INFO - [2025-11-19T11:43:05.990+0000] {dagbag.py:545} INFO - Filling up the DagBag from /opt/airflow/dags/predictive_pipeline_dag.py
[2025-11-19T11:43:09.015+0000] {logging_mixin.py:188} WARNING - /home/airflow/.local/lib/python3.12/site-packages/mlflow/tracking/_tracking_service/utils.py:140 FutureWarning: Filesystem tracking backend (e.g., './mlruns') is deprecated. Please switch to a database backend (e.g., 'sqlite:///mlflow.db'). For feedback, see: https://github.com/mlflow/mlflow/issues/18534
[2025-11-19T11:43:09.921+0000] {processor.py:840} INFO - DAG(s) 'predictive_pipeline_xgb' retrieved from /opt/airflow/dags/predictive_pipeline_dag.py
[2025-11-19T11:43:09.967+0000] {logging_mixin.py:188} INFO - [2025-11-19T11:43:09.966+0000] {dag.py:3096} INFO - Sync 1 DAGs
[2025-11-19T11:43:10.126+0000] {processor.py:183} INFO - Processing /opt/airflow/dags/predictive_pipeline_dag.py took 4.149 seconds
[2025-11-19T11:43:40.688+0000] {processor.py:161} INFO - Started process (PID=158) to work on /opt/airflow/dags/predictive_pipeline_dag.py
[2025-11-19T11:43:40.691+0000] {processor.py:830} INFO - Processing file /opt/airflow/dags/predictive_pipeline_dag.py for tasks to queue
[2025-11-19T11:43:40.695+0000] {logging_mixin.py:188} INFO - [2025-11-19T11:43:40.694+0000] {dagbag.py:545} INFO - Filling up the DagBag from /opt/airflow/dags/predictive_pipeline_dag.py
[2025-11-19T11:43:43.534+0000] {logging_mixin.py:188} WARNING - /home/airflow/.local/lib/python3.12/site-packages/mlflow/tracking/_tracking_service/utils.py:140 FutureWarning: Filesystem tracking backend (e.g., './mlruns') is deprecated. Please switch to a database backend (e.g., 'sqlite:///mlflow.db'). For feedback, see: https://github.com/mlflow/mlflow/issues/18534
[2025-11-19T11:43:44.684+0000] {processor.py:840} INFO - DAG(s) 'predictive_pipeline_xgb' retrieved from /opt/airflow/dags/predictive_pipeline_dag.py
[2025-11-19T11:43:44.727+0000] {logging_mixin.py:188} INFO - [2025-11-19T11:43:44.725+0000] {dag.py:3096} INFO - Sync 1 DAGs
[2025-11-19T11:43:44.831+0000] {processor.py:183} INFO - Processing /opt/airflow/dags/predictive_pipeline_dag.py took 4.177 seconds
[2025-11-19T11:44:15.236+0000] {processor.py:161} INFO - Started process (PID=168) to work on /opt/airflow/dags/predictive_pipeline_dag.py
[2025-11-19T11:44:15.238+0000] {processor.py:830} INFO - Processing file /opt/airflow/dags/predictive_pipeline_dag.py for tasks to queue
[2025-11-19T11:44:15.240+0000] {logging_mixin.py:188} INFO - [2025-11-19T11:44:15.239+0000] {dagbag.py:545} INFO - Filling up the DagBag from /opt/airflow/dags/predictive_pipeline_dag.py
[2025-11-19T11:44:18.105+0000] {logging_mixin.py:188} WARNING - /home/airflow/.local/lib/python3.12/site-packages/mlflow/tracking/_tracking_service/utils.py:140 FutureWarning: Filesystem tracking backend (e.g., './mlruns') is deprecated. Please switch to a database backend (e.g., 'sqlite:///mlflow.db'). For feedback, see: https://github.com/mlflow/mlflow/issues/18534
[2025-11-19T11:44:19.202+0000] {processor.py:840} INFO - DAG(s) 'predictive_pipeline_xgb' retrieved from /opt/airflow/dags/predictive_pipeline_dag.py
[2025-11-19T11:44:19.235+0000] {logging_mixin.py:188} INFO - [2025-11-19T11:44:19.235+0000] {dag.py:3096} INFO - Sync 1 DAGs
[2025-11-19T11:44:19.351+0000] {processor.py:183} INFO - Processing /opt/airflow/dags/predictive_pipeline_dag.py took 4.128 seconds
[2025-11-19T11:44:50.127+0000] {processor.py:161} INFO - Started process (PID=178) to work on /opt/airflow/dags/predictive_pipeline_dag.py
[2025-11-19T11:44:50.131+0000] {processor.py:830} INFO - Processing file /opt/airflow/dags/predictive_pipeline_dag.py for tasks to queue
[2025-11-19T11:44:50.134+0000] {logging_mixin.py:188} INFO - [2025-11-19T11:44:50.133+0000] {dagbag.py:545} INFO - Filling up the DagBag from /opt/airflow/dags/predictive_pipeline_dag.py
[2025-11-19T11:44:52.504+0000] {logging_mixin.py:188} WARNING - /home/airflow/.local/lib/python3.12/site-packages/mlflow/tracking/_tracking_service/utils.py:140 FutureWarning: Filesystem tracking backend (e.g., './mlruns') is deprecated. Please switch to a database backend (e.g., 'sqlite:///mlflow.db'). For feedback, see: https://github.com/mlflow/mlflow/issues/18534
[2025-11-19T11:44:53.265+0000] {processor.py:840} INFO - DAG(s) 'predictive_pipeline_xgb' retrieved from /opt/airflow/dags/predictive_pipeline_dag.py
[2025-11-19T11:44:53.287+0000] {logging_mixin.py:188} INFO - [2025-11-19T11:44:53.286+0000] {dag.py:3096} INFO - Sync 1 DAGs
[2025-11-19T11:44:53.369+0000] {processor.py:183} INFO - Processing /opt/airflow/dags/predictive_pipeline_dag.py took 3.269 seconds
[2025-11-19T11:45:24.218+0000] {processor.py:161} INFO - Started process (PID=188) to work on /opt/airflow/dags/predictive_pipeline_dag.py
[2025-11-19T11:45:24.219+0000] {processor.py:830} INFO - Processing file /opt/airflow/dags/predictive_pipeline_dag.py for tasks to queue
[2025-11-19T11:45:24.220+0000] {logging_mixin.py:188} INFO - [2025-11-19T11:45:24.220+0000] {dagbag.py:545} INFO - Filling up the DagBag from /opt/airflow/dags/predictive_pipeline_dag.py
[2025-11-19T11:45:26.270+0000] {logging_mixin.py:188} WARNING - /home/airflow/.local/lib/python3.12/site-packages/mlflow/tracking/_tracking_service/utils.py:140 FutureWarning: Filesystem tracking backend (e.g., './mlruns') is deprecated. Please switch to a database backend (e.g., 'sqlite:///mlflow.db'). For feedback, see: https://github.com/mlflow/mlflow/issues/18534
[2025-11-19T11:45:27.134+0000] {processor.py:840} INFO - DAG(s) 'predictive_pipeline_xgb' retrieved from /opt/airflow/dags/predictive_pipeline_dag.py
[2025-11-19T11:45:27.167+0000] {logging_mixin.py:188} INFO - [2025-11-19T11:45:27.166+0000] {dag.py:3096} INFO - Sync 1 DAGs
[2025-11-19T11:45:27.273+0000] {processor.py:183} INFO - Processing /opt/airflow/dags/predictive_pipeline_dag.py took 3.016 seconds
[2025-11-19T11:45:57.917+0000] {processor.py:161} INFO - Started process (PID=198) to work on /opt/airflow/dags/predictive_pipeline_dag.py
[2025-11-19T11:45:57.918+0000] {processor.py:830} INFO - Processing file /opt/airflow/dags/predictive_pipeline_dag.py for tasks to queue
[2025-11-19T11:45:57.920+0000] {logging_mixin.py:188} INFO - [2025-11-19T11:45:57.920+0000] {dagbag.py:545} INFO - Filling up the DagBag from /opt/airflow/dags/predictive_pipeline_dag.py
[2025-11-19T11:46:00.017+0000] {logging_mixin.py:188} WARNING - /home/airflow/.local/lib/python3.12/site-packages/mlflow/tracking/_tracking_service/utils.py:140 FutureWarning: Filesystem tracking backend (e.g., './mlruns') is deprecated. Please switch to a database backend (e.g., 'sqlite:///mlflow.db'). For feedback, see: https://github.com/mlflow/mlflow/issues/18534
[2025-11-19T11:46:00.917+0000] {processor.py:840} INFO - DAG(s) 'predictive_pipeline_xgb' retrieved from /opt/airflow/dags/predictive_pipeline_dag.py
[2025-11-19T11:46:00.952+0000] {logging_mixin.py:188} INFO - [2025-11-19T11:46:00.951+0000] {dag.py:3096} INFO - Sync 1 DAGs
[2025-11-19T11:46:01.052+0000] {processor.py:183} INFO - Processing /opt/airflow/dags/predictive_pipeline_dag.py took 3.148 seconds
[2025-11-19T11:46:31.366+0000] {processor.py:161} INFO - Started process (PID=208) to work on /opt/airflow/dags/predictive_pipeline_dag.py
[2025-11-19T11:46:31.370+0000] {processor.py:830} INFO - Processing file /opt/airflow/dags/predictive_pipeline_dag.py for tasks to queue
[2025-11-19T11:46:31.375+0000] {logging_mixin.py:188} INFO - [2025-11-19T11:46:31.373+0000] {dagbag.py:545} INFO - Filling up the DagBag from /opt/airflow/dags/predictive_pipeline_dag.py
[2025-11-19T11:46:33.724+0000] {logging_mixin.py:188} WARNING - /home/airflow/.local/lib/python3.12/site-packages/mlflow/tracking/_tracking_service/utils.py:140 FutureWarning: Filesystem tracking backend (e.g., './mlruns') is deprecated. Please switch to a database backend (e.g., 'sqlite:///mlflow.db'). For feedback, see: https://github.com/mlflow/mlflow/issues/18534
[2025-11-19T11:46:34.547+0000] {processor.py:840} INFO - DAG(s) 'predictive_pipeline_xgb' retrieved from /opt/airflow/dags/predictive_pipeline_dag.py
[2025-11-19T11:46:34.570+0000] {logging_mixin.py:188} INFO - [2025-11-19T11:46:34.569+0000] {dag.py:3096} INFO - Sync 1 DAGs
[2025-11-19T11:46:34.665+0000] {processor.py:183} INFO - Processing /opt/airflow/dags/predictive_pipeline_dag.py took 3.329 seconds
[2025-11-19T11:48:27.752+0000] {processor.py:161} INFO - Started process (PID=246) to work on /opt/airflow/dags/predictive_pipeline_dag.py
[2025-11-19T11:48:27.753+0000] {processor.py:830} INFO - Processing file /opt/airflow/dags/predictive_pipeline_dag.py for tasks to queue
[2025-11-19T11:48:27.755+0000] {logging_mixin.py:188} INFO - [2025-11-19T11:48:27.754+0000] {dagbag.py:545} INFO - Filling up the DagBag from /opt/airflow/dags/predictive_pipeline_dag.py
[2025-11-19T11:48:30.583+0000] {logging_mixin.py:188} WARNING - /home/airflow/.local/lib/python3.12/site-packages/mlflow/tracking/_tracking_service/utils.py:140 FutureWarning: Filesystem tracking backend (e.g., './mlruns') is deprecated. Please switch to a database backend (e.g., 'sqlite:///mlflow.db'). For feedback, see: https://github.com/mlflow/mlflow/issues/18534
[2025-11-19T11:48:31.810+0000] {processor.py:840} INFO - DAG(s) 'predictive_pipeline_xgb' retrieved from /opt/airflow/dags/predictive_pipeline_dag.py
[2025-11-19T11:48:31.844+0000] {logging_mixin.py:188} INFO - [2025-11-19T11:48:31.843+0000] {dag.py:3096} INFO - Sync 1 DAGs
[2025-11-19T11:48:31.949+0000] {processor.py:183} INFO - Processing /opt/airflow/dags/predictive_pipeline_dag.py took 4.204 seconds
[2025-11-19T11:49:02.235+0000] {processor.py:161} INFO - Started process (PID=256) to work on /opt/airflow/dags/predictive_pipeline_dag.py
[2025-11-19T11:49:02.239+0000] {processor.py:830} INFO - Processing file /opt/airflow/dags/predictive_pipeline_dag.py for tasks to queue
[2025-11-19T11:49:02.243+0000] {logging_mixin.py:188} INFO - [2025-11-19T11:49:02.241+0000] {dagbag.py:545} INFO - Filling up the DagBag from /opt/airflow/dags/predictive_pipeline_dag.py
[2025-11-19T11:49:04.246+0000] {logging_mixin.py:188} WARNING - /home/airflow/.local/lib/python3.12/site-packages/mlflow/tracking/_tracking_service/utils.py:140 FutureWarning: Filesystem tracking backend (e.g., './mlruns') is deprecated. Please switch to a database backend (e.g., 'sqlite:///mlflow.db'). For feedback, see: https://github.com/mlflow/mlflow/issues/18534
[2025-11-19T11:49:05.152+0000] {processor.py:840} INFO - DAG(s) 'predictive_pipeline_xgb' retrieved from /opt/airflow/dags/predictive_pipeline_dag.py
[2025-11-19T11:49:05.175+0000] {logging_mixin.py:188} INFO - [2025-11-19T11:49:05.175+0000] {dag.py:3096} INFO - Sync 1 DAGs
[2025-11-19T11:49:05.261+0000] {processor.py:183} INFO - Processing /opt/airflow/dags/predictive_pipeline_dag.py took 3.053 seconds
[2025-11-19T11:49:35.399+0000] {processor.py:161} INFO - Started process (PID=266) to work on /opt/airflow/dags/predictive_pipeline_dag.py
[2025-11-19T11:49:35.400+0000] {processor.py:830} INFO - Processing file /opt/airflow/dags/predictive_pipeline_dag.py for tasks to queue
[2025-11-19T11:49:35.401+0000] {logging_mixin.py:188} INFO - [2025-11-19T11:49:35.401+0000] {dagbag.py:545} INFO - Filling up the DagBag from /opt/airflow/dags/predictive_pipeline_dag.py
[2025-11-19T11:49:37.539+0000] {logging_mixin.py:188} WARNING - /home/airflow/.local/lib/python3.12/site-packages/mlflow/tracking/_tracking_service/utils.py:140 FutureWarning: Filesystem tracking backend (e.g., './mlruns') is deprecated. Please switch to a database backend (e.g., 'sqlite:///mlflow.db'). For feedback, see: https://github.com/mlflow/mlflow/issues/18534
[2025-11-19T11:49:38.491+0000] {processor.py:840} INFO - DAG(s) 'predictive_pipeline_xgb' retrieved from /opt/airflow/dags/predictive_pipeline_dag.py
[2025-11-19T11:49:38.535+0000] {logging_mixin.py:188} INFO - [2025-11-19T11:49:38.534+0000] {dag.py:3096} INFO - Sync 1 DAGs
[2025-11-19T11:49:38.663+0000] {processor.py:183} INFO - Processing /opt/airflow/dags/predictive_pipeline_dag.py took 3.276 seconds
[2025-11-19T11:50:09.919+0000] {processor.py:161} INFO - Started process (PID=276) to work on /opt/airflow/dags/predictive_pipeline_dag.py
[2025-11-19T11:50:09.921+0000] {processor.py:830} INFO - Processing file /opt/airflow/dags/predictive_pipeline_dag.py for tasks to queue
[2025-11-19T11:50:09.924+0000] {logging_mixin.py:188} INFO - [2025-11-19T11:50:09.923+0000] {dagbag.py:545} INFO - Filling up the DagBag from /opt/airflow/dags/predictive_pipeline_dag.py
[2025-11-19T11:50:12.455+0000] {logging_mixin.py:188} WARNING - /home/airflow/.local/lib/python3.12/site-packages/mlflow/tracking/_tracking_service/utils.py:140 FutureWarning: Filesystem tracking backend (e.g., './mlruns') is deprecated. Please switch to a database backend (e.g., 'sqlite:///mlflow.db'). For feedback, see: https://github.com/mlflow/mlflow/issues/18534
[2025-11-19T11:50:13.496+0000] {processor.py:840} INFO - DAG(s) 'predictive_pipeline_xgb' retrieved from /opt/airflow/dags/predictive_pipeline_dag.py
[2025-11-19T11:50:13.533+0000] {logging_mixin.py:188} INFO - [2025-11-19T11:50:13.532+0000] {dag.py:3096} INFO - Sync 1 DAGs
[2025-11-19T11:50:13.661+0000] {processor.py:183} INFO - Processing /opt/airflow/dags/predictive_pipeline_dag.py took 3.754 seconds
[2025-11-19T12:00:11.976+0000] {processor.py:161} INFO - Started process (PID=314) to work on /opt/airflow/dags/predictive_pipeline_dag.py
[2025-11-19T12:00:11.979+0000] {processor.py:830} INFO - Processing file /opt/airflow/dags/predictive_pipeline_dag.py for tasks to queue
[2025-11-19T12:00:11.980+0000] {logging_mixin.py:188} INFO - [2025-11-19T12:00:11.980+0000] {dagbag.py:545} INFO - Filling up the DagBag from /opt/airflow/dags/predictive_pipeline_dag.py
[2025-11-19T12:00:14.962+0000] {logging_mixin.py:188} WARNING - /home/airflow/.local/lib/python3.12/site-packages/mlflow/tracking/_tracking_service/utils.py:140 FutureWarning: Filesystem tracking backend (e.g., './mlruns') is deprecated. Please switch to a database backend (e.g., 'sqlite:///mlflow.db'). For feedback, see: https://github.com/mlflow/mlflow/issues/18534
[2025-11-19T12:00:16.386+0000] {processor.py:840} INFO - DAG(s) 'predictive_pipeline_xgb' retrieved from /opt/airflow/dags/predictive_pipeline_dag.py
[2025-11-19T12:00:16.552+0000] {logging_mixin.py:188} INFO - [2025-11-19T12:00:16.551+0000] {dag.py:3096} INFO - Sync 1 DAGs
[2025-11-19T12:00:16.758+0000] {processor.py:183} INFO - Processing /opt/airflow/dags/predictive_pipeline_dag.py took 4.791 seconds
[2025-11-19T12:00:47.584+0000] {processor.py:161} INFO - Started process (PID=324) to work on /opt/airflow/dags/predictive_pipeline_dag.py
[2025-11-19T12:00:47.586+0000] {processor.py:830} INFO - Processing file /opt/airflow/dags/predictive_pipeline_dag.py for tasks to queue
[2025-11-19T12:00:47.589+0000] {logging_mixin.py:188} INFO - [2025-11-19T12:00:47.588+0000] {dagbag.py:545} INFO - Filling up the DagBag from /opt/airflow/dags/predictive_pipeline_dag.py
[2025-11-19T12:00:50.435+0000] {logging_mixin.py:188} WARNING - /home/airflow/.local/lib/python3.12/site-packages/mlflow/tracking/_tracking_service/utils.py:140 FutureWarning: Filesystem tracking backend (e.g., './mlruns') is deprecated. Please switch to a database backend (e.g., 'sqlite:///mlflow.db'). For feedback, see: https://github.com/mlflow/mlflow/issues/18534
[2025-11-19T12:00:51.548+0000] {processor.py:840} INFO - DAG(s) 'predictive_pipeline_xgb' retrieved from /opt/airflow/dags/predictive_pipeline_dag.py
[2025-11-19T12:00:51.585+0000] {logging_mixin.py:188} INFO - [2025-11-19T12:00:51.584+0000] {dag.py:3096} INFO - Sync 1 DAGs
[2025-11-19T12:00:51.614+0000] {logging_mixin.py:188} INFO - [2025-11-19T12:00:51.614+0000] {dag.py:3954} INFO - Setting next_dagrun for predictive_pipeline_xgb to 2025-11-23 00:00:00+00:00, run_after=2025-11-30 00:00:00+00:00
[2025-11-19T12:00:51.731+0000] {processor.py:183} INFO - Processing /opt/airflow/dags/predictive_pipeline_dag.py took 4.164 seconds
[2025-11-19T12:01:23.153+0000] {processor.py:161} INFO - Started process (PID=334) to work on /opt/airflow/dags/predictive_pipeline_dag.py
[2025-11-19T12:01:23.156+0000] {processor.py:830} INFO - Processing file /opt/airflow/dags/predictive_pipeline_dag.py for tasks to queue
[2025-11-19T12:01:23.159+0000] {logging_mixin.py:188} INFO - [2025-11-19T12:01:23.158+0000] {dagbag.py:545} INFO - Filling up the DagBag from /opt/airflow/dags/predictive_pipeline_dag.py
[2025-11-19T12:01:25.472+0000] {logging_mixin.py:188} WARNING - /home/airflow/.local/lib/python3.12/site-packages/mlflow/tracking/_tracking_service/utils.py:140 FutureWarning: Filesystem tracking backend (e.g., './mlruns') is deprecated. Please switch to a database backend (e.g., 'sqlite:///mlflow.db'). For feedback, see: https://github.com/mlflow/mlflow/issues/18534
[2025-11-19T12:01:26.346+0000] {processor.py:840} INFO - DAG(s) 'predictive_pipeline_xgb' retrieved from /opt/airflow/dags/predictive_pipeline_dag.py
[2025-11-19T12:01:26.369+0000] {logging_mixin.py:188} INFO - [2025-11-19T12:01:26.368+0000] {dag.py:3096} INFO - Sync 1 DAGs
[2025-11-19T12:01:26.386+0000] {logging_mixin.py:188} INFO - [2025-11-19T12:01:26.386+0000] {dag.py:3954} INFO - Setting next_dagrun for predictive_pipeline_xgb to 2025-11-23 00:00:00+00:00, run_after=2025-11-30 00:00:00+00:00
[2025-11-19T12:01:26.469+0000] {processor.py:183} INFO - Processing /opt/airflow/dags/predictive_pipeline_dag.py took 3.336 seconds
[2025-11-19T12:01:56.743+0000] {processor.py:161} INFO - Started process (PID=344) to work on /opt/airflow/dags/predictive_pipeline_dag.py
[2025-11-19T12:01:56.746+0000] {processor.py:830} INFO - Processing file /opt/airflow/dags/predictive_pipeline_dag.py for tasks to queue
[2025-11-19T12:01:56.749+0000] {logging_mixin.py:188} INFO - [2025-11-19T12:01:56.748+0000] {dagbag.py:545} INFO - Filling up the DagBag from /opt/airflow/dags/predictive_pipeline_dag.py
[2025-11-19T12:01:59.763+0000] {logging_mixin.py:188} WARNING - /home/airflow/.local/lib/python3.12/site-packages/mlflow/tracking/_tracking_service/utils.py:140 FutureWarning: Filesystem tracking backend (e.g., './mlruns') is deprecated. Please switch to a database backend (e.g., 'sqlite:///mlflow.db'). For feedback, see: https://github.com/mlflow/mlflow/issues/18534
[2025-11-19T12:02:01.149+0000] {processor.py:840} INFO - DAG(s) 'predictive_pipeline_xgb' retrieved from /opt/airflow/dags/predictive_pipeline_dag.py
[2025-11-19T12:02:01.204+0000] {logging_mixin.py:188} INFO - [2025-11-19T12:02:01.203+0000] {dag.py:3096} INFO - Sync 1 DAGs
[2025-11-19T12:02:01.253+0000] {logging_mixin.py:188} INFO - [2025-11-19T12:02:01.252+0000] {dag.py:3954} INFO - Setting next_dagrun for predictive_pipeline_xgb to 2025-11-23 00:00:00+00:00, run_after=2025-11-30 00:00:00+00:00
[2025-11-19T12:02:01.404+0000] {processor.py:183} INFO - Processing /opt/airflow/dags/predictive_pipeline_dag.py took 4.680 seconds
[2025-11-19T12:02:31.916+0000] {processor.py:161} INFO - Started process (PID=354) to work on /opt/airflow/dags/predictive_pipeline_dag.py
[2025-11-19T12:02:31.919+0000] {processor.py:830} INFO - Processing file /opt/airflow/dags/predictive_pipeline_dag.py for tasks to queue
[2025-11-19T12:02:31.922+0000] {logging_mixin.py:188} INFO - [2025-11-19T12:02:31.921+0000] {dagbag.py:545} INFO - Filling up the DagBag from /opt/airflow/dags/predictive_pipeline_dag.py
[2025-11-19T12:02:34.432+0000] {logging_mixin.py:188} WARNING - /home/airflow/.local/lib/python3.12/site-packages/mlflow/tracking/_tracking_service/utils.py:140 FutureWarning: Filesystem tracking backend (e.g., './mlruns') is deprecated. Please switch to a database backend (e.g., 'sqlite:///mlflow.db'). For feedback, see: https://github.com/mlflow/mlflow/issues/18534
[2025-11-19T12:02:35.338+0000] {processor.py:840} INFO - DAG(s) 'predictive_pipeline_xgb' retrieved from /opt/airflow/dags/predictive_pipeline_dag.py
[2025-11-19T12:02:35.371+0000] {logging_mixin.py:188} INFO - [2025-11-19T12:02:35.371+0000] {dag.py:3096} INFO - Sync 1 DAGs
[2025-11-19T12:02:35.399+0000] {logging_mixin.py:188} INFO - [2025-11-19T12:02:35.399+0000] {dag.py:3954} INFO - Setting next_dagrun for predictive_pipeline_xgb to 2025-11-23 00:00:00+00:00, run_after=2025-11-30 00:00:00+00:00
[2025-11-19T12:02:35.482+0000] {processor.py:183} INFO - Processing /opt/airflow/dags/predictive_pipeline_dag.py took 3.519 seconds
[2025-11-19T12:03:06.580+0000] {processor.py:161} INFO - Started process (PID=364) to work on /opt/airflow/dags/predictive_pipeline_dag.py
[2025-11-19T12:03:06.582+0000] {processor.py:830} INFO - Processing file /opt/airflow/dags/predictive_pipeline_dag.py for tasks to queue
[2025-11-19T12:03:06.584+0000] {logging_mixin.py:188} INFO - [2025-11-19T12:03:06.583+0000] {dagbag.py:545} INFO - Filling up the DagBag from /opt/airflow/dags/predictive_pipeline_dag.py
[2025-11-19T12:03:09.363+0000] {logging_mixin.py:188} WARNING - /home/airflow/.local/lib/python3.12/site-packages/mlflow/tracking/_tracking_service/utils.py:140 FutureWarning: Filesystem tracking backend (e.g., './mlruns') is deprecated. Please switch to a database backend (e.g., 'sqlite:///mlflow.db'). For feedback, see: https://github.com/mlflow/mlflow/issues/18534
[2025-11-19T12:03:11.596+0000] {processor.py:840} INFO - DAG(s) 'predictive_pipeline_xgb' retrieved from /opt/airflow/dags/predictive_pipeline_dag.py
[2025-11-19T12:03:11.644+0000] {logging_mixin.py:188} INFO - [2025-11-19T12:03:11.643+0000] {dag.py:3096} INFO - Sync 1 DAGs
[2025-11-19T12:03:11.678+0000] {logging_mixin.py:188} INFO - [2025-11-19T12:03:11.678+0000] {dag.py:3954} INFO - Setting next_dagrun for predictive_pipeline_xgb to 2025-11-23 00:00:00+00:00, run_after=2025-11-30 00:00:00+00:00
[2025-11-19T12:03:11.803+0000] {processor.py:183} INFO - Processing /opt/airflow/dags/predictive_pipeline_dag.py took 5.235 seconds
[2025-11-19T12:03:45.977+0000] {processor.py:161} INFO - Started process (PID=45) to work on /opt/airflow/dags/predictive_pipeline_dag.py
[2025-11-19T12:03:45.978+0000] {processor.py:830} INFO - Processing file /opt/airflow/dags/predictive_pipeline_dag.py for tasks to queue
[2025-11-19T12:03:45.981+0000] {logging_mixin.py:188} INFO - [2025-11-19T12:03:45.980+0000] {dagbag.py:545} INFO - Filling up the DagBag from /opt/airflow/dags/predictive_pipeline_dag.py
[2025-11-19T12:03:48.454+0000] {logging_mixin.py:188} WARNING - /home/airflow/.local/lib/python3.12/site-packages/mlflow/tracking/_tracking_service/utils.py:140 FutureWarning: Filesystem tracking backend (e.g., './mlruns') is deprecated. Please switch to a database backend (e.g., 'sqlite:///mlflow.db'). For feedback, see: https://github.com/mlflow/mlflow/issues/18534
[2025-11-19T12:03:49.326+0000] {processor.py:840} INFO - DAG(s) 'predictive_pipeline_xgb' retrieved from /opt/airflow/dags/predictive_pipeline_dag.py
[2025-11-19T12:03:49.340+0000] {logging_mixin.py:188} INFO - [2025-11-19T12:03:49.339+0000] {dag.py:3096} INFO - Sync 1 DAGs
[2025-11-19T12:03:49.517+0000] {logging_mixin.py:188} INFO - [2025-11-19T12:03:49.517+0000] {dag.py:3954} INFO - Setting next_dagrun for predictive_pipeline_xgb to 2025-11-23 00:00:00+00:00, run_after=2025-11-30 00:00:00+00:00
[2025-11-19T12:03:49.604+0000] {processor.py:183} INFO - Processing /opt/airflow/dags/predictive_pipeline_dag.py took 3.636 seconds
[2025-11-19T12:04:20.361+0000] {processor.py:161} INFO - Started process (PID=91) to work on /opt/airflow/dags/predictive_pipeline_dag.py
[2025-11-19T12:04:20.363+0000] {processor.py:830} INFO - Processing file /opt/airflow/dags/predictive_pipeline_dag.py for tasks to queue
[2025-11-19T12:04:20.367+0000] {logging_mixin.py:188} INFO - [2025-11-19T12:04:20.366+0000] {dagbag.py:545} INFO - Filling up the DagBag from /opt/airflow/dags/predictive_pipeline_dag.py
[2025-11-19T12:04:23.699+0000] {logging_mixin.py:188} WARNING - /home/airflow/.local/lib/python3.12/site-packages/mlflow/tracking/_tracking_service/utils.py:140 FutureWarning: Filesystem tracking backend (e.g., './mlruns') is deprecated. Please switch to a database backend (e.g., 'sqlite:///mlflow.db'). For feedback, see: https://github.com/mlflow/mlflow/issues/18534
[2025-11-19T12:04:24.741+0000] {processor.py:840} INFO - DAG(s) 'predictive_pipeline_xgb' retrieved from /opt/airflow/dags/predictive_pipeline_dag.py
[2025-11-19T12:04:25.036+0000] {logging_mixin.py:188} INFO - [2025-11-19T12:04:25.036+0000] {dag.py:3096} INFO - Sync 1 DAGs
[2025-11-19T12:04:25.069+0000] {logging_mixin.py:188} INFO - [2025-11-19T12:04:25.069+0000] {dag.py:3954} INFO - Setting next_dagrun for predictive_pipeline_xgb to 2025-11-23 00:00:00+00:00, run_after=2025-11-30 00:00:00+00:00
[2025-11-19T12:04:25.183+0000] {processor.py:183} INFO - Processing /opt/airflow/dags/predictive_pipeline_dag.py took 4.071 seconds
[2025-11-19T12:06:34.444+0000] {processor.py:161} INFO - Started process (PID=128) to work on /opt/airflow/dags/predictive_pipeline_dag.py
[2025-11-19T12:06:34.445+0000] {processor.py:830} INFO - Processing file /opt/airflow/dags/predictive_pipeline_dag.py for tasks to queue
[2025-11-19T12:06:34.447+0000] {logging_mixin.py:188} INFO - [2025-11-19T12:06:34.447+0000] {dagbag.py:545} INFO - Filling up the DagBag from /opt/airflow/dags/predictive_pipeline_dag.py
[2025-11-19T12:06:37.549+0000] {logging_mixin.py:188} WARNING - /home/airflow/.local/lib/python3.12/site-packages/mlflow/tracking/_tracking_service/utils.py:140 FutureWarning: Filesystem tracking backend (e.g., './mlruns') is deprecated. Please switch to a database backend (e.g., 'sqlite:///mlflow.db'). For feedback, see: https://github.com/mlflow/mlflow/issues/18534
[2025-11-19T12:06:39.491+0000] {processor.py:840} INFO - DAG(s) 'predictive_pipeline_xgb' retrieved from /opt/airflow/dags/predictive_pipeline_dag.py
[2025-11-19T12:06:39.528+0000] {logging_mixin.py:188} INFO - [2025-11-19T12:06:39.528+0000] {dag.py:3096} INFO - Sync 1 DAGs
[2025-11-19T12:06:39.688+0000] {processor.py:183} INFO - Processing /opt/airflow/dags/predictive_pipeline_dag.py took 4.644 seconds
[2025-11-19T12:07:10.344+0000] {processor.py:161} INFO - Started process (PID=174) to work on /opt/airflow/dags/predictive_pipeline_dag.py
[2025-11-19T12:07:10.347+0000] {processor.py:830} INFO - Processing file /opt/airflow/dags/predictive_pipeline_dag.py for tasks to queue
[2025-11-19T12:07:10.350+0000] {logging_mixin.py:188} INFO - [2025-11-19T12:07:10.349+0000] {dagbag.py:545} INFO - Filling up the DagBag from /opt/airflow/dags/predictive_pipeline_dag.py
[2025-11-19T12:07:13.805+0000] {logging_mixin.py:188} WARNING - /home/airflow/.local/lib/python3.12/site-packages/mlflow/tracking/_tracking_service/utils.py:140 FutureWarning: Filesystem tracking backend (e.g., './mlruns') is deprecated. Please switch to a database backend (e.g., 'sqlite:///mlflow.db'). For feedback, see: https://github.com/mlflow/mlflow/issues/18534
[2025-11-19T12:07:15.165+0000] {processor.py:840} INFO - DAG(s) 'predictive_pipeline_xgb' retrieved from /opt/airflow/dags/predictive_pipeline_dag.py
[2025-11-19T12:07:15.200+0000] {logging_mixin.py:188} INFO - [2025-11-19T12:07:15.199+0000] {dag.py:3096} INFO - Sync 1 DAGs
[2025-11-19T12:07:15.230+0000] {logging_mixin.py:188} INFO - [2025-11-19T12:07:15.230+0000] {dag.py:3954} INFO - Setting next_dagrun for predictive_pipeline_xgb to 2025-11-23 00:00:00+00:00, run_after=2025-11-30 00:00:00+00:00
[2025-11-19T12:07:15.303+0000] {processor.py:183} INFO - Processing /opt/airflow/dags/predictive_pipeline_dag.py took 4.989 seconds
[2025-11-19T14:55:39.877+0000] {processor.py:161} INFO - Started process (PID=184) to work on /opt/airflow/dags/predictive_pipeline_dag.py
[2025-11-19T14:55:39.883+0000] {processor.py:830} INFO - Processing file /opt/airflow/dags/predictive_pipeline_dag.py for tasks to queue
[2025-11-19T14:55:39.886+0000] {logging_mixin.py:188} INFO - [2025-11-19T14:55:39.886+0000] {dagbag.py:545} INFO - Filling up the DagBag from /opt/airflow/dags/predictive_pipeline_dag.py
[2025-11-19T14:55:49.753+0000] {logging_mixin.py:188} WARNING - /home/airflow/.local/lib/python3.12/site-packages/mlflow/tracking/_tracking_service/utils.py:140 FutureWarning: Filesystem tracking backend (e.g., './mlruns') is deprecated. Please switch to a database backend (e.g., 'sqlite:///mlflow.db'). For feedback, see: https://github.com/mlflow/mlflow/issues/18534
[2025-11-19T14:55:50.933+0000] {processor.py:840} INFO - DAG(s) 'predictive_pipeline_xgb' retrieved from /opt/airflow/dags/predictive_pipeline_dag.py
[2025-11-19T14:55:51.000+0000] {logging_mixin.py:188} INFO - [2025-11-19T14:55:50.999+0000] {dag.py:3096} INFO - Sync 1 DAGs
[2025-11-19T14:55:51.044+0000] {logging_mixin.py:188} INFO - [2025-11-19T14:55:51.043+0000] {dag.py:3954} INFO - Setting next_dagrun for predictive_pipeline_xgb to 2025-11-23 00:00:00+00:00, run_after=2025-11-30 00:00:00+00:00
[2025-11-19T14:55:51.352+0000] {processor.py:183} INFO - Processing /opt/airflow/dags/predictive_pipeline_dag.py took 11.486 seconds
[2025-11-19T15:11:17.419+0000] {processor.py:161} INFO - Started process (PID=194) to work on /opt/airflow/dags/predictive_pipeline_dag.py
[2025-11-19T15:11:17.420+0000] {processor.py:830} INFO - Processing file /opt/airflow/dags/predictive_pipeline_dag.py for tasks to queue
[2025-11-19T15:11:17.422+0000] {logging_mixin.py:188} INFO - [2025-11-19T15:11:17.421+0000] {dagbag.py:545} INFO - Filling up the DagBag from /opt/airflow/dags/predictive_pipeline_dag.py
[2025-11-19T15:11:27.707+0000] {logging_mixin.py:188} WARNING - /home/airflow/.local/lib/python3.12/site-packages/mlflow/tracking/_tracking_service/utils.py:140 FutureWarning: Filesystem tracking backend (e.g., './mlruns') is deprecated. Please switch to a database backend (e.g., 'sqlite:///mlflow.db'). For feedback, see: https://github.com/mlflow/mlflow/issues/18534
[2025-11-19T15:11:28.656+0000] {processor.py:840} INFO - DAG(s) 'predictive_pipeline_xgb' retrieved from /opt/airflow/dags/predictive_pipeline_dag.py
[2025-11-19T15:11:28.684+0000] {logging_mixin.py:188} INFO - [2025-11-19T15:11:28.683+0000] {dag.py:3096} INFO - Sync 1 DAGs
[2025-11-19T15:11:28.715+0000] {logging_mixin.py:188} INFO - [2025-11-19T15:11:28.715+0000] {dag.py:3954} INFO - Setting next_dagrun for predictive_pipeline_xgb to 2025-11-23 00:00:00+00:00, run_after=2025-11-30 00:00:00+00:00
[2025-11-19T15:11:28.772+0000] {processor.py:183} INFO - Processing /opt/airflow/dags/predictive_pipeline_dag.py took 4.922 seconds
[2025-11-19T15:11:58.993+0000] {processor.py:161} INFO - Started process (PID=204) to work on /opt/airflow/dags/predictive_pipeline_dag.py
[2025-11-19T15:11:58.994+0000] {processor.py:830} INFO - Processing file /opt/airflow/dags/predictive_pipeline_dag.py for tasks to queue
[2025-11-19T15:11:58.995+0000] {logging_mixin.py:188} INFO - [2025-11-19T15:11:58.995+0000] {dagbag.py:545} INFO - Filling up the DagBag from /opt/airflow/dags/predictive_pipeline_dag.py
[2025-11-19T15:12:01.129+0000] {logging_mixin.py:188} WARNING - /home/airflow/.local/lib/python3.12/site-packages/mlflow/tracking/_tracking_service/utils.py:140 FutureWarning: Filesystem tracking backend (e.g., './mlruns') is deprecated. Please switch to a database backend (e.g., 'sqlite:///mlflow.db'). For feedback, see: https://github.com/mlflow/mlflow/issues/18534
[2025-11-19T15:12:02.066+0000] {processor.py:840} INFO - DAG(s) 'predictive_pipeline_xgb' retrieved from /opt/airflow/dags/predictive_pipeline_dag.py
[2025-11-19T15:12:02.094+0000] {logging_mixin.py:188} INFO - [2025-11-19T15:12:02.094+0000] {dag.py:3096} INFO - Sync 1 DAGs
[2025-11-19T15:12:02.118+0000] {logging_mixin.py:188} INFO - [2025-11-19T15:12:02.117+0000] {dag.py:3954} INFO - Setting next_dagrun for predictive_pipeline_xgb to 2025-11-23 00:00:00+00:00, run_after=2025-11-30 00:00:00+00:00
[2025-11-19T15:12:02.174+0000] {processor.py:183} INFO - Processing /opt/airflow/dags/predictive_pipeline_dag.py took 3.188 seconds
[2025-11-19T15:12:32.507+0000] {processor.py:161} INFO - Started process (PID=214) to work on /opt/airflow/dags/predictive_pipeline_dag.py
[2025-11-19T15:12:32.508+0000] {processor.py:830} INFO - Processing file /opt/airflow/dags/predictive_pipeline_dag.py for tasks to queue
[2025-11-19T15:12:32.509+0000] {logging_mixin.py:188} INFO - [2025-11-19T15:12:32.508+0000] {dagbag.py:545} INFO - Filling up the DagBag from /opt/airflow/dags/predictive_pipeline_dag.py
[2025-11-19T15:12:34.670+0000] {logging_mixin.py:188} WARNING - /home/airflow/.local/lib/python3.12/site-packages/mlflow/tracking/_tracking_service/utils.py:140 FutureWarning: Filesystem tracking backend (e.g., './mlruns') is deprecated. Please switch to a database backend (e.g., 'sqlite:///mlflow.db'). For feedback, see: https://github.com/mlflow/mlflow/issues/18534
[2025-11-19T15:12:35.663+0000] {processor.py:840} INFO - DAG(s) 'predictive_pipeline_xgb' retrieved from /opt/airflow/dags/predictive_pipeline_dag.py
[2025-11-19T15:12:35.695+0000] {logging_mixin.py:188} INFO - [2025-11-19T15:12:35.694+0000] {dag.py:3096} INFO - Sync 1 DAGs
[2025-11-19T15:12:35.719+0000] {logging_mixin.py:188} INFO - [2025-11-19T15:12:35.719+0000] {dag.py:3954} INFO - Setting next_dagrun for predictive_pipeline_xgb to 2025-11-23 00:00:00+00:00, run_after=2025-11-30 00:00:00+00:00
[2025-11-19T15:12:35.784+0000] {processor.py:183} INFO - Processing /opt/airflow/dags/predictive_pipeline_dag.py took 3.286 seconds
[2025-11-19T15:13:06.075+0000] {processor.py:161} INFO - Started process (PID=224) to work on /opt/airflow/dags/predictive_pipeline_dag.py
[2025-11-19T15:13:06.076+0000] {processor.py:830} INFO - Processing file /opt/airflow/dags/predictive_pipeline_dag.py for tasks to queue
[2025-11-19T15:13:06.077+0000] {logging_mixin.py:188} INFO - [2025-11-19T15:13:06.076+0000] {dagbag.py:545} INFO - Filling up the DagBag from /opt/airflow/dags/predictive_pipeline_dag.py
[2025-11-19T15:13:08.203+0000] {logging_mixin.py:188} WARNING - /home/airflow/.local/lib/python3.12/site-packages/mlflow/tracking/_tracking_service/utils.py:140 FutureWarning: Filesystem tracking backend (e.g., './mlruns') is deprecated. Please switch to a database backend (e.g., 'sqlite:///mlflow.db'). For feedback, see: https://github.com/mlflow/mlflow/issues/18534
[2025-11-19T15:13:09.141+0000] {processor.py:840} INFO - DAG(s) 'predictive_pipeline_xgb' retrieved from /opt/airflow/dags/predictive_pipeline_dag.py
[2025-11-19T15:13:09.169+0000] {logging_mixin.py:188} INFO - [2025-11-19T15:13:09.168+0000] {dag.py:3096} INFO - Sync 1 DAGs
[2025-11-19T15:13:09.192+0000] {logging_mixin.py:188} INFO - [2025-11-19T15:13:09.192+0000] {dag.py:3954} INFO - Setting next_dagrun for predictive_pipeline_xgb to 2025-11-23 00:00:00+00:00, run_after=2025-11-30 00:00:00+00:00
[2025-11-19T15:13:09.248+0000] {processor.py:183} INFO - Processing /opt/airflow/dags/predictive_pipeline_dag.py took 3.181 seconds
[2025-11-19T15:13:39.354+0000] {processor.py:161} INFO - Started process (PID=234) to work on /opt/airflow/dags/predictive_pipeline_dag.py
[2025-11-19T15:13:39.355+0000] {processor.py:830} INFO - Processing file /opt/airflow/dags/predictive_pipeline_dag.py for tasks to queue
[2025-11-19T15:13:39.356+0000] {logging_mixin.py:188} INFO - [2025-11-19T15:13:39.356+0000] {dagbag.py:545} INFO - Filling up the DagBag from /opt/airflow/dags/predictive_pipeline_dag.py
[2025-11-19T15:13:41.517+0000] {logging_mixin.py:188} WARNING - /home/airflow/.local/lib/python3.12/site-packages/mlflow/tracking/_tracking_service/utils.py:140 FutureWarning: Filesystem tracking backend (e.g., './mlruns') is deprecated. Please switch to a database backend (e.g., 'sqlite:///mlflow.db'). For feedback, see: https://github.com/mlflow/mlflow/issues/18534
[2025-11-19T15:13:42.396+0000] {processor.py:840} INFO - DAG(s) 'predictive_pipeline_xgb' retrieved from /opt/airflow/dags/predictive_pipeline_dag.py
[2025-11-19T15:13:42.422+0000] {logging_mixin.py:188} INFO - [2025-11-19T15:13:42.422+0000] {dag.py:3096} INFO - Sync 1 DAGs
[2025-11-19T15:13:42.445+0000] {logging_mixin.py:188} INFO - [2025-11-19T15:13:42.445+0000] {dag.py:3954} INFO - Setting next_dagrun for predictive_pipeline_xgb to 2025-11-23 00:00:00+00:00, run_after=2025-11-30 00:00:00+00:00
[2025-11-19T15:13:42.505+0000] {processor.py:183} INFO - Processing /opt/airflow/dags/predictive_pipeline_dag.py took 3.153 seconds
[2025-11-19T15:14:12.789+0000] {processor.py:161} INFO - Started process (PID=244) to work on /opt/airflow/dags/predictive_pipeline_dag.py
[2025-11-19T15:14:12.790+0000] {processor.py:830} INFO - Processing file /opt/airflow/dags/predictive_pipeline_dag.py for tasks to queue
[2025-11-19T15:14:12.791+0000] {logging_mixin.py:188} INFO - [2025-11-19T15:14:12.791+0000] {dagbag.py:545} INFO - Filling up the DagBag from /opt/airflow/dags/predictive_pipeline_dag.py
[2025-11-19T15:14:14.993+0000] {logging_mixin.py:188} WARNING - /home/airflow/.local/lib/python3.12/site-packages/mlflow/tracking/_tracking_service/utils.py:140 FutureWarning: Filesystem tracking backend (e.g., './mlruns') is deprecated. Please switch to a database backend (e.g., 'sqlite:///mlflow.db'). For feedback, see: https://github.com/mlflow/mlflow/issues/18534
[2025-11-19T15:14:15.886+0000] {processor.py:840} INFO - DAG(s) 'predictive_pipeline_xgb' retrieved from /opt/airflow/dags/predictive_pipeline_dag.py
[2025-11-19T15:14:15.914+0000] {logging_mixin.py:188} INFO - [2025-11-19T15:14:15.913+0000] {dag.py:3096} INFO - Sync 1 DAGs
[2025-11-19T15:14:15.937+0000] {logging_mixin.py:188} INFO - [2025-11-19T15:14:15.937+0000] {dag.py:3954} INFO - Setting next_dagrun for predictive_pipeline_xgb to 2025-11-23 00:00:00+00:00, run_after=2025-11-30 00:00:00+00:00
[2025-11-19T15:14:16.001+0000] {processor.py:183} INFO - Processing /opt/airflow/dags/predictive_pipeline_dag.py took 3.220 seconds
[2025-11-19T15:14:46.324+0000] {processor.py:161} INFO - Started process (PID=254) to work on /opt/airflow/dags/predictive_pipeline_dag.py
[2025-11-19T15:14:46.325+0000] {processor.py:830} INFO - Processing file /opt/airflow/dags/predictive_pipeline_dag.py for tasks to queue
[2025-11-19T15:14:46.326+0000] {logging_mixin.py:188} INFO - [2025-11-19T15:14:46.326+0000] {dagbag.py:545} INFO - Filling up the DagBag from /opt/airflow/dags/predictive_pipeline_dag.py
[2025-11-19T15:14:48.536+0000] {logging_mixin.py:188} WARNING - /home/airflow/.local/lib/python3.12/site-packages/mlflow/tracking/_tracking_service/utils.py:140 FutureWarning: Filesystem tracking backend (e.g., './mlruns') is deprecated. Please switch to a database backend (e.g., 'sqlite:///mlflow.db'). For feedback, see: https://github.com/mlflow/mlflow/issues/18534
[2025-11-19T15:14:49.449+0000] {processor.py:840} INFO - DAG(s) 'predictive_pipeline_xgb' retrieved from /opt/airflow/dags/predictive_pipeline_dag.py
[2025-11-19T15:14:49.475+0000] {logging_mixin.py:188} INFO - [2025-11-19T15:14:49.475+0000] {dag.py:3096} INFO - Sync 1 DAGs
[2025-11-19T15:14:49.501+0000] {logging_mixin.py:188} INFO - [2025-11-19T15:14:49.500+0000] {dag.py:3954} INFO - Setting next_dagrun for predictive_pipeline_xgb to 2025-11-23 00:00:00+00:00, run_after=2025-11-30 00:00:00+00:00
[2025-11-19T15:14:49.560+0000] {processor.py:183} INFO - Processing /opt/airflow/dags/predictive_pipeline_dag.py took 3.244 seconds
[2025-11-19T15:15:19.847+0000] {processor.py:161} INFO - Started process (PID=264) to work on /opt/airflow/dags/predictive_pipeline_dag.py
[2025-11-19T15:15:19.848+0000] {processor.py:830} INFO - Processing file /opt/airflow/dags/predictive_pipeline_dag.py for tasks to queue
[2025-11-19T15:15:19.849+0000] {logging_mixin.py:188} INFO - [2025-11-19T15:15:19.849+0000] {dagbag.py:545} INFO - Filling up the DagBag from /opt/airflow/dags/predictive_pipeline_dag.py
[2025-11-19T15:15:21.922+0000] {logging_mixin.py:188} WARNING - /home/airflow/.local/lib/python3.12/site-packages/mlflow/tracking/_tracking_service/utils.py:140 FutureWarning: Filesystem tracking backend (e.g., './mlruns') is deprecated. Please switch to a database backend (e.g., 'sqlite:///mlflow.db'). For feedback, see: https://github.com/mlflow/mlflow/issues/18534
[2025-11-19T15:15:22.848+0000] {processor.py:840} INFO - DAG(s) 'predictive_pipeline_xgb' retrieved from /opt/airflow/dags/predictive_pipeline_dag.py
[2025-11-19T15:15:22.875+0000] {logging_mixin.py:188} INFO - [2025-11-19T15:15:22.875+0000] {dag.py:3096} INFO - Sync 1 DAGs
[2025-11-19T15:15:22.901+0000] {logging_mixin.py:188} INFO - [2025-11-19T15:15:22.901+0000] {dag.py:3954} INFO - Setting next_dagrun for predictive_pipeline_xgb to 2025-11-23 00:00:00+00:00, run_after=2025-11-30 00:00:00+00:00
[2025-11-19T15:15:22.958+0000] {processor.py:183} INFO - Processing /opt/airflow/dags/predictive_pipeline_dag.py took 3.119 seconds
[2025-11-19T15:15:53.271+0000] {processor.py:161} INFO - Started process (PID=274) to work on /opt/airflow/dags/predictive_pipeline_dag.py
[2025-11-19T15:15:53.272+0000] {processor.py:830} INFO - Processing file /opt/airflow/dags/predictive_pipeline_dag.py for tasks to queue
[2025-11-19T15:15:53.274+0000] {logging_mixin.py:188} INFO - [2025-11-19T15:15:53.273+0000] {dagbag.py:545} INFO - Filling up the DagBag from /opt/airflow/dags/predictive_pipeline_dag.py
[2025-11-19T15:15:55.404+0000] {logging_mixin.py:188} WARNING - /home/airflow/.local/lib/python3.12/site-packages/mlflow/tracking/_tracking_service/utils.py:140 FutureWarning: Filesystem tracking backend (e.g., './mlruns') is deprecated. Please switch to a database backend (e.g., 'sqlite:///mlflow.db'). For feedback, see: https://github.com/mlflow/mlflow/issues/18534
[2025-11-19T15:15:56.284+0000] {processor.py:840} INFO - DAG(s) 'predictive_pipeline_xgb' retrieved from /opt/airflow/dags/predictive_pipeline_dag.py
[2025-11-19T15:15:56.312+0000] {logging_mixin.py:188} INFO - [2025-11-19T15:15:56.311+0000] {dag.py:3096} INFO - Sync 1 DAGs
[2025-11-19T15:15:56.336+0000] {logging_mixin.py:188} INFO - [2025-11-19T15:15:56.335+0000] {dag.py:3954} INFO - Setting next_dagrun for predictive_pipeline_xgb to 2025-11-23 00:00:00+00:00, run_after=2025-11-30 00:00:00+00:00
[2025-11-19T15:15:56.394+0000] {processor.py:183} INFO - Processing /opt/airflow/dags/predictive_pipeline_dag.py took 3.131 seconds
[2025-11-19T15:16:26.700+0000] {processor.py:161} INFO - Started process (PID=284) to work on /opt/airflow/dags/predictive_pipeline_dag.py
[2025-11-19T15:16:26.701+0000] {processor.py:830} INFO - Processing file /opt/airflow/dags/predictive_pipeline_dag.py for tasks to queue
[2025-11-19T15:16:26.702+0000] {logging_mixin.py:188} INFO - [2025-11-19T15:16:26.701+0000] {dagbag.py:545} INFO - Filling up the DagBag from /opt/airflow/dags/predictive_pipeline_dag.py
[2025-11-19T15:16:29.047+0000] {logging_mixin.py:188} WARNING - /home/airflow/.local/lib/python3.12/site-packages/mlflow/tracking/_tracking_service/utils.py:140 FutureWarning: Filesystem tracking backend (e.g., './mlruns') is deprecated. Please switch to a database backend (e.g., 'sqlite:///mlflow.db'). For feedback, see: https://github.com/mlflow/mlflow/issues/18534
[2025-11-19T15:16:29.924+0000] {processor.py:840} INFO - DAG(s) 'predictive_pipeline_xgb' retrieved from /opt/airflow/dags/predictive_pipeline_dag.py
[2025-11-19T15:16:29.950+0000] {logging_mixin.py:188} INFO - [2025-11-19T15:16:29.950+0000] {dag.py:3096} INFO - Sync 1 DAGs
[2025-11-19T15:16:29.973+0000] {logging_mixin.py:188} INFO - [2025-11-19T15:16:29.973+0000] {dag.py:3954} INFO - Setting next_dagrun for predictive_pipeline_xgb to 2025-11-23 00:00:00+00:00, run_after=2025-11-30 00:00:00+00:00
[2025-11-19T15:16:30.034+0000] {processor.py:183} INFO - Processing /opt/airflow/dags/predictive_pipeline_dag.py took 3.342 seconds
[2025-11-19T15:17:00.320+0000] {processor.py:161} INFO - Started process (PID=294) to work on /opt/airflow/dags/predictive_pipeline_dag.py
[2025-11-19T15:17:00.322+0000] {processor.py:830} INFO - Processing file /opt/airflow/dags/predictive_pipeline_dag.py for tasks to queue
[2025-11-19T15:17:00.323+0000] {logging_mixin.py:188} INFO - [2025-11-19T15:17:00.323+0000] {dagbag.py:545} INFO - Filling up the DagBag from /opt/airflow/dags/predictive_pipeline_dag.py
[2025-11-19T15:17:02.410+0000] {logging_mixin.py:188} WARNING - /home/airflow/.local/lib/python3.12/site-packages/mlflow/tracking/_tracking_service/utils.py:140 FutureWarning: Filesystem tracking backend (e.g., './mlruns') is deprecated. Please switch to a database backend (e.g., 'sqlite:///mlflow.db'). For feedback, see: https://github.com/mlflow/mlflow/issues/18534
[2025-11-19T15:17:03.276+0000] {processor.py:840} INFO - DAG(s) 'predictive_pipeline_xgb' retrieved from /opt/airflow/dags/predictive_pipeline_dag.py
[2025-11-19T15:17:03.303+0000] {logging_mixin.py:188} INFO - [2025-11-19T15:17:03.302+0000] {dag.py:3096} INFO - Sync 1 DAGs
[2025-11-19T15:17:03.325+0000] {logging_mixin.py:188} INFO - [2025-11-19T15:17:03.325+0000] {dag.py:3954} INFO - Setting next_dagrun for predictive_pipeline_xgb to 2025-11-23 00:00:00+00:00, run_after=2025-11-30 00:00:00+00:00
[2025-11-19T15:17:03.382+0000] {processor.py:183} INFO - Processing /opt/airflow/dags/predictive_pipeline_dag.py took 3.069 seconds
[2025-11-19T15:17:33.656+0000] {processor.py:161} INFO - Started process (PID=304) to work on /opt/airflow/dags/predictive_pipeline_dag.py
[2025-11-19T15:17:33.657+0000] {processor.py:830} INFO - Processing file /opt/airflow/dags/predictive_pipeline_dag.py for tasks to queue
[2025-11-19T15:17:33.658+0000] {logging_mixin.py:188} INFO - [2025-11-19T15:17:33.658+0000] {dagbag.py:545} INFO - Filling up the DagBag from /opt/airflow/dags/predictive_pipeline_dag.py
[2025-11-19T15:17:35.826+0000] {logging_mixin.py:188} WARNING - /home/airflow/.local/lib/python3.12/site-packages/mlflow/tracking/_tracking_service/utils.py:140 FutureWarning: Filesystem tracking backend (e.g., './mlruns') is deprecated. Please switch to a database backend (e.g., 'sqlite:///mlflow.db'). For feedback, see: https://github.com/mlflow/mlflow/issues/18534
[2025-11-19T15:17:36.689+0000] {processor.py:840} INFO - DAG(s) 'predictive_pipeline_xgb' retrieved from /opt/airflow/dags/predictive_pipeline_dag.py
[2025-11-19T15:17:36.714+0000] {logging_mixin.py:188} INFO - [2025-11-19T15:17:36.714+0000] {dag.py:3096} INFO - Sync 1 DAGs
[2025-11-19T15:17:36.736+0000] {logging_mixin.py:188} INFO - [2025-11-19T15:17:36.736+0000] {dag.py:3954} INFO - Setting next_dagrun for predictive_pipeline_xgb to 2025-11-23 00:00:00+00:00, run_after=2025-11-30 00:00:00+00:00
[2025-11-19T15:17:36.792+0000] {processor.py:183} INFO - Processing /opt/airflow/dags/predictive_pipeline_dag.py took 3.143 seconds
[2025-11-19T15:18:07.080+0000] {processor.py:161} INFO - Started process (PID=314) to work on /opt/airflow/dags/predictive_pipeline_dag.py
[2025-11-19T15:18:07.082+0000] {processor.py:830} INFO - Processing file /opt/airflow/dags/predictive_pipeline_dag.py for tasks to queue
[2025-11-19T15:18:07.083+0000] {logging_mixin.py:188} INFO - [2025-11-19T15:18:07.082+0000] {dagbag.py:545} INFO - Filling up the DagBag from /opt/airflow/dags/predictive_pipeline_dag.py
[2025-11-19T15:18:09.235+0000] {logging_mixin.py:188} WARNING - /home/airflow/.local/lib/python3.12/site-packages/mlflow/tracking/_tracking_service/utils.py:140 FutureWarning: Filesystem tracking backend (e.g., './mlruns') is deprecated. Please switch to a database backend (e.g., 'sqlite:///mlflow.db'). For feedback, see: https://github.com/mlflow/mlflow/issues/18534
[2025-11-19T15:18:10.103+0000] {processor.py:840} INFO - DAG(s) 'predictive_pipeline_xgb' retrieved from /opt/airflow/dags/predictive_pipeline_dag.py
[2025-11-19T15:18:10.130+0000] {logging_mixin.py:188} INFO - [2025-11-19T15:18:10.130+0000] {dag.py:3096} INFO - Sync 1 DAGs
[2025-11-19T15:18:10.152+0000] {logging_mixin.py:188} INFO - [2025-11-19T15:18:10.151+0000] {dag.py:3954} INFO - Setting next_dagrun for predictive_pipeline_xgb to 2025-11-23 00:00:00+00:00, run_after=2025-11-30 00:00:00+00:00
[2025-11-19T15:18:10.208+0000] {processor.py:183} INFO - Processing /opt/airflow/dags/predictive_pipeline_dag.py took 3.137 seconds
[2025-11-19T15:18:40.501+0000] {processor.py:161} INFO - Started process (PID=324) to work on /opt/airflow/dags/predictive_pipeline_dag.py
[2025-11-19T15:18:40.502+0000] {processor.py:830} INFO - Processing file /opt/airflow/dags/predictive_pipeline_dag.py for tasks to queue
[2025-11-19T15:18:40.503+0000] {logging_mixin.py:188} INFO - [2025-11-19T15:18:40.503+0000] {dagbag.py:545} INFO - Filling up the DagBag from /opt/airflow/dags/predictive_pipeline_dag.py
[2025-11-19T15:18:42.551+0000] {logging_mixin.py:188} WARNING - /home/airflow/.local/lib/python3.12/site-packages/mlflow/tracking/_tracking_service/utils.py:140 FutureWarning: Filesystem tracking backend (e.g., './mlruns') is deprecated. Please switch to a database backend (e.g., 'sqlite:///mlflow.db'). For feedback, see: https://github.com/mlflow/mlflow/issues/18534
[2025-11-19T15:18:43.420+0000] {processor.py:840} INFO - DAG(s) 'predictive_pipeline_xgb' retrieved from /opt/airflow/dags/predictive_pipeline_dag.py
[2025-11-19T15:18:43.446+0000] {logging_mixin.py:188} INFO - [2025-11-19T15:18:43.445+0000] {dag.py:3096} INFO - Sync 1 DAGs
[2025-11-19T15:18:43.468+0000] {logging_mixin.py:188} INFO - [2025-11-19T15:18:43.468+0000] {dag.py:3954} INFO - Setting next_dagrun for predictive_pipeline_xgb to 2025-11-23 00:00:00+00:00, run_after=2025-11-30 00:00:00+00:00
[2025-11-19T15:18:43.526+0000] {processor.py:183} INFO - Processing /opt/airflow/dags/predictive_pipeline_dag.py took 3.034 seconds
[2025-11-19T15:19:13.826+0000] {processor.py:161} INFO - Started process (PID=334) to work on /opt/airflow/dags/predictive_pipeline_dag.py
[2025-11-19T15:19:13.828+0000] {processor.py:830} INFO - Processing file /opt/airflow/dags/predictive_pipeline_dag.py for tasks to queue
[2025-11-19T15:19:13.829+0000] {logging_mixin.py:188} INFO - [2025-11-19T15:19:13.829+0000] {dagbag.py:545} INFO - Filling up the DagBag from /opt/airflow/dags/predictive_pipeline_dag.py
[2025-11-19T15:19:16.112+0000] {logging_mixin.py:188} WARNING - /home/airflow/.local/lib/python3.12/site-packages/mlflow/tracking/_tracking_service/utils.py:140 FutureWarning: Filesystem tracking backend (e.g., './mlruns') is deprecated. Please switch to a database backend (e.g., 'sqlite:///mlflow.db'). For feedback, see: https://github.com/mlflow/mlflow/issues/18534
[2025-11-19T15:19:17.056+0000] {processor.py:840} INFO - DAG(s) 'predictive_pipeline_xgb' retrieved from /opt/airflow/dags/predictive_pipeline_dag.py
[2025-11-19T15:19:17.084+0000] {logging_mixin.py:188} INFO - [2025-11-19T15:19:17.083+0000] {dag.py:3096} INFO - Sync 1 DAGs
[2025-11-19T15:19:17.105+0000] {logging_mixin.py:188} INFO - [2025-11-19T15:19:17.105+0000] {dag.py:3954} INFO - Setting next_dagrun for predictive_pipeline_xgb to 2025-11-23 00:00:00+00:00, run_after=2025-11-30 00:00:00+00:00
[2025-11-19T15:19:17.160+0000] {processor.py:183} INFO - Processing /opt/airflow/dags/predictive_pipeline_dag.py took 3.343 seconds
[2025-11-19T15:19:47.267+0000] {processor.py:161} INFO - Started process (PID=344) to work on /opt/airflow/dags/predictive_pipeline_dag.py
[2025-11-19T15:19:47.268+0000] {processor.py:830} INFO - Processing file /opt/airflow/dags/predictive_pipeline_dag.py for tasks to queue
[2025-11-19T15:19:47.269+0000] {logging_mixin.py:188} INFO - [2025-11-19T15:19:47.269+0000] {dagbag.py:545} INFO - Filling up the DagBag from /opt/airflow/dags/predictive_pipeline_dag.py
[2025-11-19T15:19:50.164+0000] {logging_mixin.py:188} WARNING - /home/airflow/.local/lib/python3.12/site-packages/mlflow/tracking/_tracking_service/utils.py:140 FutureWarning: Filesystem tracking backend (e.g., './mlruns') is deprecated. Please switch to a database backend (e.g., 'sqlite:///mlflow.db'). For feedback, see: https://github.com/mlflow/mlflow/issues/18534
[2025-11-19T15:19:51.462+0000] {processor.py:840} INFO - DAG(s) 'predictive_pipeline_xgb' retrieved from /opt/airflow/dags/predictive_pipeline_dag.py
[2025-11-19T15:19:51.496+0000] {logging_mixin.py:188} INFO - [2025-11-19T15:19:51.496+0000] {dag.py:3096} INFO - Sync 1 DAGs
[2025-11-19T15:19:51.531+0000] {logging_mixin.py:188} INFO - [2025-11-19T15:19:51.530+0000] {dag.py:3954} INFO - Setting next_dagrun for predictive_pipeline_xgb to 2025-11-23 00:00:00+00:00, run_after=2025-11-30 00:00:00+00:00
[2025-11-19T15:19:51.591+0000] {processor.py:183} INFO - Processing /opt/airflow/dags/predictive_pipeline_dag.py took 4.332 seconds
[2025-11-19T15:20:21.848+0000] {processor.py:161} INFO - Started process (PID=354) to work on /opt/airflow/dags/predictive_pipeline_dag.py
[2025-11-19T15:20:21.849+0000] {processor.py:830} INFO - Processing file /opt/airflow/dags/predictive_pipeline_dag.py for tasks to queue
[2025-11-19T15:20:21.850+0000] {logging_mixin.py:188} INFO - [2025-11-19T15:20:21.850+0000] {dagbag.py:545} INFO - Filling up the DagBag from /opt/airflow/dags/predictive_pipeline_dag.py
[2025-11-19T15:20:23.701+0000] {logging_mixin.py:188} WARNING - /home/airflow/.local/lib/python3.12/site-packages/mlflow/tracking/_tracking_service/utils.py:140 FutureWarning: Filesystem tracking backend (e.g., './mlruns') is deprecated. Please switch to a database backend (e.g., 'sqlite:///mlflow.db'). For feedback, see: https://github.com/mlflow/mlflow/issues/18534
[2025-11-19T15:20:24.450+0000] {processor.py:840} INFO - DAG(s) 'predictive_pipeline_xgb' retrieved from /opt/airflow/dags/predictive_pipeline_dag.py
[2025-11-19T15:20:24.473+0000] {logging_mixin.py:188} INFO - [2025-11-19T15:20:24.472+0000] {dag.py:3096} INFO - Sync 1 DAGs
[2025-11-19T15:20:24.493+0000] {logging_mixin.py:188} INFO - [2025-11-19T15:20:24.493+0000] {dag.py:3954} INFO - Setting next_dagrun for predictive_pipeline_xgb to 2025-11-23 00:00:00+00:00, run_after=2025-11-30 00:00:00+00:00
[2025-11-19T15:20:24.542+0000] {processor.py:183} INFO - Processing /opt/airflow/dags/predictive_pipeline_dag.py took 2.700 seconds
[2025-11-19T15:20:54.836+0000] {processor.py:161} INFO - Started process (PID=364) to work on /opt/airflow/dags/predictive_pipeline_dag.py
[2025-11-19T15:20:54.837+0000] {processor.py:830} INFO - Processing file /opt/airflow/dags/predictive_pipeline_dag.py for tasks to queue
[2025-11-19T15:20:54.838+0000] {logging_mixin.py:188} INFO - [2025-11-19T15:20:54.837+0000] {dagbag.py:545} INFO - Filling up the DagBag from /opt/airflow/dags/predictive_pipeline_dag.py
[2025-11-19T15:20:56.627+0000] {logging_mixin.py:188} WARNING - /home/airflow/.local/lib/python3.12/site-packages/mlflow/tracking/_tracking_service/utils.py:140 FutureWarning: Filesystem tracking backend (e.g., './mlruns') is deprecated. Please switch to a database backend (e.g., 'sqlite:///mlflow.db'). For feedback, see: https://github.com/mlflow/mlflow/issues/18534
[2025-11-19T15:20:57.352+0000] {processor.py:840} INFO - DAG(s) 'predictive_pipeline_xgb' retrieved from /opt/airflow/dags/predictive_pipeline_dag.py
[2025-11-19T15:20:57.374+0000] {logging_mixin.py:188} INFO - [2025-11-19T15:20:57.373+0000] {dag.py:3096} INFO - Sync 1 DAGs
[2025-11-19T15:20:57.392+0000] {logging_mixin.py:188} INFO - [2025-11-19T15:20:57.391+0000] {dag.py:3954} INFO - Setting next_dagrun for predictive_pipeline_xgb to 2025-11-23 00:00:00+00:00, run_after=2025-11-30 00:00:00+00:00
[2025-11-19T15:20:57.435+0000] {processor.py:183} INFO - Processing /opt/airflow/dags/predictive_pipeline_dag.py took 2.605 seconds
[2025-11-19T15:21:27.648+0000] {processor.py:161} INFO - Started process (PID=374) to work on /opt/airflow/dags/predictive_pipeline_dag.py
[2025-11-19T15:21:27.649+0000] {processor.py:830} INFO - Processing file /opt/airflow/dags/predictive_pipeline_dag.py for tasks to queue
[2025-11-19T15:21:27.650+0000] {logging_mixin.py:188} INFO - [2025-11-19T15:21:27.650+0000] {dagbag.py:545} INFO - Filling up the DagBag from /opt/airflow/dags/predictive_pipeline_dag.py
[2025-11-19T15:21:29.460+0000] {logging_mixin.py:188} WARNING - /home/airflow/.local/lib/python3.12/site-packages/mlflow/tracking/_tracking_service/utils.py:140 FutureWarning: Filesystem tracking backend (e.g., './mlruns') is deprecated. Please switch to a database backend (e.g., 'sqlite:///mlflow.db'). For feedback, see: https://github.com/mlflow/mlflow/issues/18534
[2025-11-19T15:21:30.238+0000] {processor.py:840} INFO - DAG(s) 'predictive_pipeline_xgb' retrieved from /opt/airflow/dags/predictive_pipeline_dag.py
[2025-11-19T15:21:30.260+0000] {logging_mixin.py:188} INFO - [2025-11-19T15:21:30.259+0000] {dag.py:3096} INFO - Sync 1 DAGs
[2025-11-19T15:21:30.280+0000] {logging_mixin.py:188} INFO - [2025-11-19T15:21:30.280+0000] {dag.py:3954} INFO - Setting next_dagrun for predictive_pipeline_xgb to 2025-11-23 00:00:00+00:00, run_after=2025-11-30 00:00:00+00:00
[2025-11-19T15:21:30.326+0000] {processor.py:183} INFO - Processing /opt/airflow/dags/predictive_pipeline_dag.py took 2.685 seconds
[2025-11-19T15:22:00.515+0000] {processor.py:161} INFO - Started process (PID=384) to work on /opt/airflow/dags/predictive_pipeline_dag.py
[2025-11-19T15:22:00.516+0000] {processor.py:830} INFO - Processing file /opt/airflow/dags/predictive_pipeline_dag.py for tasks to queue
[2025-11-19T15:22:00.517+0000] {logging_mixin.py:188} INFO - [2025-11-19T15:22:00.516+0000] {dagbag.py:545} INFO - Filling up the DagBag from /opt/airflow/dags/predictive_pipeline_dag.py
[2025-11-19T15:22:02.339+0000] {logging_mixin.py:188} WARNING - /home/airflow/.local/lib/python3.12/site-packages/mlflow/tracking/_tracking_service/utils.py:140 FutureWarning: Filesystem tracking backend (e.g., './mlruns') is deprecated. Please switch to a database backend (e.g., 'sqlite:///mlflow.db'). For feedback, see: https://github.com/mlflow/mlflow/issues/18534
[2025-11-19T15:22:03.082+0000] {processor.py:840} INFO - DAG(s) 'predictive_pipeline_xgb' retrieved from /opt/airflow/dags/predictive_pipeline_dag.py
[2025-11-19T15:22:03.105+0000] {logging_mixin.py:188} INFO - [2025-11-19T15:22:03.104+0000] {dag.py:3096} INFO - Sync 1 DAGs
[2025-11-19T15:22:03.125+0000] {logging_mixin.py:188} INFO - [2025-11-19T15:22:03.125+0000] {dag.py:3954} INFO - Setting next_dagrun for predictive_pipeline_xgb to 2025-11-23 00:00:00+00:00, run_after=2025-11-30 00:00:00+00:00
[2025-11-19T15:22:03.173+0000] {processor.py:183} INFO - Processing /opt/airflow/dags/predictive_pipeline_dag.py took 2.665 seconds
[2025-11-19T15:22:33.578+0000] {processor.py:161} INFO - Started process (PID=394) to work on /opt/airflow/dags/predictive_pipeline_dag.py
[2025-11-19T15:22:33.579+0000] {processor.py:830} INFO - Processing file /opt/airflow/dags/predictive_pipeline_dag.py for tasks to queue
[2025-11-19T15:22:33.580+0000] {logging_mixin.py:188} INFO - [2025-11-19T15:22:33.580+0000] {dagbag.py:545} INFO - Filling up the DagBag from /opt/airflow/dags/predictive_pipeline_dag.py
[2025-11-19T15:22:35.520+0000] {logging_mixin.py:188} WARNING - /home/airflow/.local/lib/python3.12/site-packages/mlflow/tracking/_tracking_service/utils.py:140 FutureWarning: Filesystem tracking backend (e.g., './mlruns') is deprecated. Please switch to a database backend (e.g., 'sqlite:///mlflow.db'). For feedback, see: https://github.com/mlflow/mlflow/issues/18534
[2025-11-19T15:22:36.574+0000] {processor.py:840} INFO - DAG(s) 'predictive_pipeline_xgb' retrieved from /opt/airflow/dags/predictive_pipeline_dag.py
[2025-11-19T15:22:36.597+0000] {logging_mixin.py:188} INFO - [2025-11-19T15:22:36.596+0000] {dag.py:3096} INFO - Sync 1 DAGs
[2025-11-19T15:22:36.616+0000] {logging_mixin.py:188} INFO - [2025-11-19T15:22:36.616+0000] {dag.py:3954} INFO - Setting next_dagrun for predictive_pipeline_xgb to 2025-11-23 00:00:00+00:00, run_after=2025-11-30 00:00:00+00:00
[2025-11-19T15:22:36.661+0000] {processor.py:183} INFO - Processing /opt/airflow/dags/predictive_pipeline_dag.py took 3.091 seconds
[2025-11-19T15:23:06.782+0000] {processor.py:161} INFO - Started process (PID=404) to work on /opt/airflow/dags/predictive_pipeline_dag.py
[2025-11-19T15:23:06.783+0000] {processor.py:830} INFO - Processing file /opt/airflow/dags/predictive_pipeline_dag.py for tasks to queue
[2025-11-19T15:23:06.785+0000] {logging_mixin.py:188} INFO - [2025-11-19T15:23:06.784+0000] {dagbag.py:545} INFO - Filling up the DagBag from /opt/airflow/dags/predictive_pipeline_dag.py
[2025-11-19T15:23:09.014+0000] {logging_mixin.py:188} WARNING - /home/airflow/.local/lib/python3.12/site-packages/mlflow/tracking/_tracking_service/utils.py:140 FutureWarning: Filesystem tracking backend (e.g., './mlruns') is deprecated. Please switch to a database backend (e.g., 'sqlite:///mlflow.db'). For feedback, see: https://github.com/mlflow/mlflow/issues/18534
[2025-11-19T15:23:09.997+0000] {processor.py:840} INFO - DAG(s) 'predictive_pipeline_xgb' retrieved from /opt/airflow/dags/predictive_pipeline_dag.py
[2025-11-19T15:23:10.020+0000] {logging_mixin.py:188} INFO - [2025-11-19T15:23:10.019+0000] {dag.py:3096} INFO - Sync 1 DAGs
[2025-11-19T15:23:10.039+0000] {logging_mixin.py:188} INFO - [2025-11-19T15:23:10.039+0000] {dag.py:3954} INFO - Setting next_dagrun for predictive_pipeline_xgb to 2025-11-23 00:00:00+00:00, run_after=2025-11-30 00:00:00+00:00
[2025-11-19T15:23:10.092+0000] {processor.py:183} INFO - Processing /opt/airflow/dags/predictive_pipeline_dag.py took 3.320 seconds
[2025-11-19T15:23:40.365+0000] {processor.py:161} INFO - Started process (PID=414) to work on /opt/airflow/dags/predictive_pipeline_dag.py
[2025-11-19T15:23:40.366+0000] {processor.py:830} INFO - Processing file /opt/airflow/dags/predictive_pipeline_dag.py for tasks to queue
[2025-11-19T15:23:40.367+0000] {logging_mixin.py:188} INFO - [2025-11-19T15:23:40.366+0000] {dagbag.py:545} INFO - Filling up the DagBag from /opt/airflow/dags/predictive_pipeline_dag.py
[2025-11-19T15:23:41.715+0000] {logging_mixin.py:188} WARNING - /home/airflow/.local/lib/python3.12/site-packages/mlflow/tracking/_tracking_service/utils.py:140 FutureWarning: Filesystem tracking backend (e.g., './mlruns') is deprecated. Please switch to a database backend (e.g., 'sqlite:///mlflow.db'). For feedback, see: https://github.com/mlflow/mlflow/issues/18534
[2025-11-19T15:23:42.476+0000] {processor.py:840} INFO - DAG(s) 'predictive_pipeline_xgb' retrieved from /opt/airflow/dags/predictive_pipeline_dag.py
[2025-11-19T15:23:42.498+0000] {logging_mixin.py:188} INFO - [2025-11-19T15:23:42.498+0000] {dag.py:3096} INFO - Sync 1 DAGs
[2025-11-19T15:23:42.516+0000] {logging_mixin.py:188} INFO - [2025-11-19T15:23:42.516+0000] {dag.py:3954} INFO - Setting next_dagrun for predictive_pipeline_xgb to 2025-11-23 00:00:00+00:00, run_after=2025-11-30 00:00:00+00:00
[2025-11-19T15:23:42.562+0000] {processor.py:183} INFO - Processing /opt/airflow/dags/predictive_pipeline_dag.py took 2.647 seconds
[2025-11-19T15:24:12.920+0000] {processor.py:161} INFO - Started process (PID=424) to work on /opt/airflow/dags/predictive_pipeline_dag.py
[2025-11-19T15:24:12.921+0000] {processor.py:830} INFO - Processing file /opt/airflow/dags/predictive_pipeline_dag.py for tasks to queue
[2025-11-19T15:24:12.922+0000] {logging_mixin.py:188} INFO - [2025-11-19T15:24:12.922+0000] {dagbag.py:545} INFO - Filling up the DagBag from /opt/airflow/dags/predictive_pipeline_dag.py
[2025-11-19T15:24:14.889+0000] {logging_mixin.py:188} WARNING - /home/airflow/.local/lib/python3.12/site-packages/mlflow/tracking/_tracking_service/utils.py:140 FutureWarning: Filesystem tracking backend (e.g., './mlruns') is deprecated. Please switch to a database backend (e.g., 'sqlite:///mlflow.db'). For feedback, see: https://github.com/mlflow/mlflow/issues/18534
[2025-11-19T15:24:15.676+0000] {processor.py:840} INFO - DAG(s) 'predictive_pipeline_xgb' retrieved from /opt/airflow/dags/predictive_pipeline_dag.py
[2025-11-19T15:24:15.702+0000] {logging_mixin.py:188} INFO - [2025-11-19T15:24:15.701+0000] {dag.py:3096} INFO - Sync 1 DAGs
[2025-11-19T15:24:15.729+0000] {logging_mixin.py:188} INFO - [2025-11-19T15:24:15.729+0000] {dag.py:3954} INFO - Setting next_dagrun for predictive_pipeline_xgb to 2025-11-23 00:00:00+00:00, run_after=2025-11-30 00:00:00+00:00
[2025-11-19T15:24:15.776+0000] {processor.py:183} INFO - Processing /opt/airflow/dags/predictive_pipeline_dag.py took 2.862 seconds
[2025-11-19T15:24:45.855+0000] {processor.py:161} INFO - Started process (PID=434) to work on /opt/airflow/dags/predictive_pipeline_dag.py
[2025-11-19T15:24:45.856+0000] {processor.py:830} INFO - Processing file /opt/airflow/dags/predictive_pipeline_dag.py for tasks to queue
[2025-11-19T15:24:45.856+0000] {logging_mixin.py:188} INFO - [2025-11-19T15:24:45.856+0000] {dagbag.py:545} INFO - Filling up the DagBag from /opt/airflow/dags/predictive_pipeline_dag.py
[2025-11-19T15:24:47.836+0000] {logging_mixin.py:188} WARNING - /home/airflow/.local/lib/python3.12/site-packages/mlflow/tracking/_tracking_service/utils.py:140 FutureWarning: Filesystem tracking backend (e.g., './mlruns') is deprecated. Please switch to a database backend (e.g., 'sqlite:///mlflow.db'). For feedback, see: https://github.com/mlflow/mlflow/issues/18534
[2025-11-19T15:24:48.726+0000] {processor.py:840} INFO - DAG(s) 'predictive_pipeline_xgb' retrieved from /opt/airflow/dags/predictive_pipeline_dag.py
[2025-11-19T15:24:48.756+0000] {logging_mixin.py:188} INFO - [2025-11-19T15:24:48.756+0000] {dag.py:3096} INFO - Sync 1 DAGs
[2025-11-19T15:24:48.779+0000] {logging_mixin.py:188} INFO - [2025-11-19T15:24:48.779+0000] {dag.py:3954} INFO - Setting next_dagrun for predictive_pipeline_xgb to 2025-11-23 00:00:00+00:00, run_after=2025-11-30 00:00:00+00:00
[2025-11-19T15:24:48.833+0000] {processor.py:183} INFO - Processing /opt/airflow/dags/predictive_pipeline_dag.py took 2.985 seconds
[2025-11-19T15:25:19.043+0000] {processor.py:161} INFO - Started process (PID=444) to work on /opt/airflow/dags/predictive_pipeline_dag.py
[2025-11-19T15:25:19.045+0000] {processor.py:830} INFO - Processing file /opt/airflow/dags/predictive_pipeline_dag.py for tasks to queue
[2025-11-19T15:25:19.046+0000] {logging_mixin.py:188} INFO - [2025-11-19T15:25:19.045+0000] {dagbag.py:545} INFO - Filling up the DagBag from /opt/airflow/dags/predictive_pipeline_dag.py
[2025-11-19T15:25:20.846+0000] {logging_mixin.py:188} WARNING - /home/airflow/.local/lib/python3.12/site-packages/mlflow/tracking/_tracking_service/utils.py:140 FutureWarning: Filesystem tracking backend (e.g., './mlruns') is deprecated. Please switch to a database backend (e.g., 'sqlite:///mlflow.db'). For feedback, see: https://github.com/mlflow/mlflow/issues/18534
[2025-11-19T15:25:21.618+0000] {processor.py:840} INFO - DAG(s) 'predictive_pipeline_xgb' retrieved from /opt/airflow/dags/predictive_pipeline_dag.py
[2025-11-19T15:25:21.643+0000] {logging_mixin.py:188} INFO - [2025-11-19T15:25:21.643+0000] {dag.py:3096} INFO - Sync 1 DAGs
[2025-11-19T15:25:21.663+0000] {logging_mixin.py:188} INFO - [2025-11-19T15:25:21.663+0000] {dag.py:3954} INFO - Setting next_dagrun for predictive_pipeline_xgb to 2025-11-23 00:00:00+00:00, run_after=2025-11-30 00:00:00+00:00
[2025-11-19T15:25:21.715+0000] {processor.py:183} INFO - Processing /opt/airflow/dags/predictive_pipeline_dag.py took 2.679 seconds
[2025-11-19T15:25:51.799+0000] {processor.py:161} INFO - Started process (PID=454) to work on /opt/airflow/dags/predictive_pipeline_dag.py
[2025-11-19T15:25:51.800+0000] {processor.py:830} INFO - Processing file /opt/airflow/dags/predictive_pipeline_dag.py for tasks to queue
[2025-11-19T15:25:51.801+0000] {logging_mixin.py:188} INFO - [2025-11-19T15:25:51.800+0000] {dagbag.py:545} INFO - Filling up the DagBag from /opt/airflow/dags/predictive_pipeline_dag.py
[2025-11-19T15:25:53.925+0000] {logging_mixin.py:188} WARNING - /home/airflow/.local/lib/python3.12/site-packages/mlflow/tracking/_tracking_service/utils.py:140 FutureWarning: Filesystem tracking backend (e.g., './mlruns') is deprecated. Please switch to a database backend (e.g., 'sqlite:///mlflow.db'). For feedback, see: https://github.com/mlflow/mlflow/issues/18534
[2025-11-19T15:25:54.882+0000] {processor.py:840} INFO - DAG(s) 'predictive_pipeline_xgb' retrieved from /opt/airflow/dags/predictive_pipeline_dag.py
[2025-11-19T15:25:54.919+0000] {logging_mixin.py:188} INFO - [2025-11-19T15:25:54.917+0000] {dag.py:3096} INFO - Sync 1 DAGs
[2025-11-19T15:25:54.949+0000] {logging_mixin.py:188} INFO - [2025-11-19T15:25:54.949+0000] {dag.py:3954} INFO - Setting next_dagrun for predictive_pipeline_xgb to 2025-11-23 00:00:00+00:00, run_after=2025-11-30 00:00:00+00:00
[2025-11-19T15:25:55.020+0000] {processor.py:183} INFO - Processing /opt/airflow/dags/predictive_pipeline_dag.py took 3.229 seconds
[2025-11-19T15:26:25.249+0000] {processor.py:161} INFO - Started process (PID=464) to work on /opt/airflow/dags/predictive_pipeline_dag.py
[2025-11-19T15:26:25.250+0000] {processor.py:830} INFO - Processing file /opt/airflow/dags/predictive_pipeline_dag.py for tasks to queue
[2025-11-19T15:26:25.251+0000] {logging_mixin.py:188} INFO - [2025-11-19T15:26:25.251+0000] {dagbag.py:545} INFO - Filling up the DagBag from /opt/airflow/dags/predictive_pipeline_dag.py
[2025-11-19T15:26:27.154+0000] {logging_mixin.py:188} WARNING - /home/airflow/.local/lib/python3.12/site-packages/mlflow/tracking/_tracking_service/utils.py:140 FutureWarning: Filesystem tracking backend (e.g., './mlruns') is deprecated. Please switch to a database backend (e.g., 'sqlite:///mlflow.db'). For feedback, see: https://github.com/mlflow/mlflow/issues/18534
[2025-11-19T15:26:28.048+0000] {processor.py:840} INFO - DAG(s) 'predictive_pipeline_xgb' retrieved from /opt/airflow/dags/predictive_pipeline_dag.py
[2025-11-19T15:26:28.071+0000] {logging_mixin.py:188} INFO - [2025-11-19T15:26:28.071+0000] {dag.py:3096} INFO - Sync 1 DAGs
[2025-11-19T15:26:28.093+0000] {logging_mixin.py:188} INFO - [2025-11-19T15:26:28.092+0000] {dag.py:3954} INFO - Setting next_dagrun for predictive_pipeline_xgb to 2025-11-23 00:00:00+00:00, run_after=2025-11-30 00:00:00+00:00
[2025-11-19T15:26:28.143+0000] {processor.py:183} INFO - Processing /opt/airflow/dags/predictive_pipeline_dag.py took 2.900 seconds
[2025-11-19T15:26:59.249+0000] {processor.py:161} INFO - Started process (PID=474) to work on /opt/airflow/dags/predictive_pipeline_dag.py
[2025-11-19T15:26:59.250+0000] {processor.py:830} INFO - Processing file /opt/airflow/dags/predictive_pipeline_dag.py for tasks to queue
[2025-11-19T15:26:59.251+0000] {logging_mixin.py:188} INFO - [2025-11-19T15:26:59.251+0000] {dagbag.py:545} INFO - Filling up the DagBag from /opt/airflow/dags/predictive_pipeline_dag.py
[2025-11-19T15:27:01.169+0000] {logging_mixin.py:188} WARNING - /home/airflow/.local/lib/python3.12/site-packages/mlflow/tracking/_tracking_service/utils.py:140 FutureWarning: Filesystem tracking backend (e.g., './mlruns') is deprecated. Please switch to a database backend (e.g., 'sqlite:///mlflow.db'). For feedback, see: https://github.com/mlflow/mlflow/issues/18534
[2025-11-19T15:27:01.980+0000] {processor.py:840} INFO - DAG(s) 'predictive_pipeline_xgb' retrieved from /opt/airflow/dags/predictive_pipeline_dag.py
[2025-11-19T15:27:02.010+0000] {logging_mixin.py:188} INFO - [2025-11-19T15:27:02.009+0000] {dag.py:3096} INFO - Sync 1 DAGs
[2025-11-19T15:27:02.030+0000] {logging_mixin.py:188} INFO - [2025-11-19T15:27:02.030+0000] {dag.py:3954} INFO - Setting next_dagrun for predictive_pipeline_xgb to 2025-11-23 00:00:00+00:00, run_after=2025-11-30 00:00:00+00:00
[2025-11-19T15:27:02.087+0000] {processor.py:183} INFO - Processing /opt/airflow/dags/predictive_pipeline_dag.py took 2.846 seconds
[2025-11-19T15:27:33.032+0000] {processor.py:161} INFO - Started process (PID=484) to work on /opt/airflow/dags/predictive_pipeline_dag.py
[2025-11-19T15:27:33.033+0000] {processor.py:830} INFO - Processing file /opt/airflow/dags/predictive_pipeline_dag.py for tasks to queue
[2025-11-19T15:27:33.034+0000] {logging_mixin.py:188} INFO - [2025-11-19T15:27:33.034+0000] {dagbag.py:545} INFO - Filling up the DagBag from /opt/airflow/dags/predictive_pipeline_dag.py
[2025-11-19T15:27:35.110+0000] {logging_mixin.py:188} WARNING - /home/airflow/.local/lib/python3.12/site-packages/mlflow/tracking/_tracking_service/utils.py:140 FutureWarning: Filesystem tracking backend (e.g., './mlruns') is deprecated. Please switch to a database backend (e.g., 'sqlite:///mlflow.db'). For feedback, see: https://github.com/mlflow/mlflow/issues/18534
[2025-11-19T15:27:35.907+0000] {processor.py:840} INFO - DAG(s) 'predictive_pipeline_xgb' retrieved from /opt/airflow/dags/predictive_pipeline_dag.py
[2025-11-19T15:27:35.932+0000] {logging_mixin.py:188} INFO - [2025-11-19T15:27:35.931+0000] {dag.py:3096} INFO - Sync 1 DAGs
[2025-11-19T15:27:35.952+0000] {logging_mixin.py:188} INFO - [2025-11-19T15:27:35.952+0000] {dag.py:3954} INFO - Setting next_dagrun for predictive_pipeline_xgb to 2025-11-23 00:00:00+00:00, run_after=2025-11-30 00:00:00+00:00
[2025-11-19T15:27:36.016+0000] {processor.py:183} INFO - Processing /opt/airflow/dags/predictive_pipeline_dag.py took 2.991 seconds
[2025-11-19T15:28:07.090+0000] {processor.py:161} INFO - Started process (PID=494) to work on /opt/airflow/dags/predictive_pipeline_dag.py
[2025-11-19T15:28:07.091+0000] {processor.py:830} INFO - Processing file /opt/airflow/dags/predictive_pipeline_dag.py for tasks to queue
[2025-11-19T15:28:07.092+0000] {logging_mixin.py:188} INFO - [2025-11-19T15:28:07.092+0000] {dagbag.py:545} INFO - Filling up the DagBag from /opt/airflow/dags/predictive_pipeline_dag.py
[2025-11-19T15:28:08.853+0000] {logging_mixin.py:188} WARNING - /home/airflow/.local/lib/python3.12/site-packages/mlflow/tracking/_tracking_service/utils.py:140 FutureWarning: Filesystem tracking backend (e.g., './mlruns') is deprecated. Please switch to a database backend (e.g., 'sqlite:///mlflow.db'). For feedback, see: https://github.com/mlflow/mlflow/issues/18534
[2025-11-19T15:28:10.026+0000] {processor.py:840} INFO - DAG(s) 'predictive_pipeline_xgb' retrieved from /opt/airflow/dags/predictive_pipeline_dag.py
[2025-11-19T15:28:10.050+0000] {logging_mixin.py:188} INFO - [2025-11-19T15:28:10.050+0000] {dag.py:3096} INFO - Sync 1 DAGs
[2025-11-19T15:28:10.068+0000] {logging_mixin.py:188} INFO - [2025-11-19T15:28:10.068+0000] {dag.py:3954} INFO - Setting next_dagrun for predictive_pipeline_xgb to 2025-11-23 00:00:00+00:00, run_after=2025-11-30 00:00:00+00:00
[2025-11-19T15:28:10.125+0000] {processor.py:183} INFO - Processing /opt/airflow/dags/predictive_pipeline_dag.py took 3.376 seconds
[2025-11-19T15:28:40.818+0000] {processor.py:161} INFO - Started process (PID=504) to work on /opt/airflow/dags/predictive_pipeline_dag.py
[2025-11-19T15:28:40.818+0000] {processor.py:830} INFO - Processing file /opt/airflow/dags/predictive_pipeline_dag.py for tasks to queue
[2025-11-19T15:28:40.819+0000] {logging_mixin.py:188} INFO - [2025-11-19T15:28:40.819+0000] {dagbag.py:545} INFO - Filling up the DagBag from /opt/airflow/dags/predictive_pipeline_dag.py
[2025-11-19T15:28:42.878+0000] {logging_mixin.py:188} WARNING - /home/airflow/.local/lib/python3.12/site-packages/mlflow/tracking/_tracking_service/utils.py:140 FutureWarning: Filesystem tracking backend (e.g., './mlruns') is deprecated. Please switch to a database backend (e.g., 'sqlite:///mlflow.db'). For feedback, see: https://github.com/mlflow/mlflow/issues/18534
[2025-11-19T15:28:43.740+0000] {processor.py:840} INFO - DAG(s) 'predictive_pipeline_xgb' retrieved from /opt/airflow/dags/predictive_pipeline_dag.py
[2025-11-19T15:28:43.765+0000] {logging_mixin.py:188} INFO - [2025-11-19T15:28:43.764+0000] {dag.py:3096} INFO - Sync 1 DAGs
[2025-11-19T15:28:43.784+0000] {logging_mixin.py:188} INFO - [2025-11-19T15:28:43.784+0000] {dag.py:3954} INFO - Setting next_dagrun for predictive_pipeline_xgb to 2025-11-23 00:00:00+00:00, run_after=2025-11-30 00:00:00+00:00
[2025-11-19T15:28:43.837+0000] {processor.py:183} INFO - Processing /opt/airflow/dags/predictive_pipeline_dag.py took 3.026 seconds
[2025-11-19T15:29:13.970+0000] {processor.py:161} INFO - Started process (PID=514) to work on /opt/airflow/dags/predictive_pipeline_dag.py
[2025-11-19T15:29:13.971+0000] {processor.py:830} INFO - Processing file /opt/airflow/dags/predictive_pipeline_dag.py for tasks to queue
[2025-11-19T15:29:13.972+0000] {logging_mixin.py:188} INFO - [2025-11-19T15:29:13.972+0000] {dagbag.py:545} INFO - Filling up the DagBag from /opt/airflow/dags/predictive_pipeline_dag.py
[2025-11-19T15:29:16.048+0000] {logging_mixin.py:188} WARNING - /home/airflow/.local/lib/python3.12/site-packages/mlflow/tracking/_tracking_service/utils.py:140 FutureWarning: Filesystem tracking backend (e.g., './mlruns') is deprecated. Please switch to a database backend (e.g., 'sqlite:///mlflow.db'). For feedback, see: https://github.com/mlflow/mlflow/issues/18534
[2025-11-19T15:29:16.903+0000] {processor.py:840} INFO - DAG(s) 'predictive_pipeline_xgb' retrieved from /opt/airflow/dags/predictive_pipeline_dag.py
[2025-11-19T15:29:16.926+0000] {logging_mixin.py:188} INFO - [2025-11-19T15:29:16.925+0000] {dag.py:3096} INFO - Sync 1 DAGs
[2025-11-19T15:29:16.946+0000] {logging_mixin.py:188} INFO - [2025-11-19T15:29:16.946+0000] {dag.py:3954} INFO - Setting next_dagrun for predictive_pipeline_xgb to 2025-11-23 00:00:00+00:00, run_after=2025-11-30 00:00:00+00:00
[2025-11-19T15:29:16.992+0000] {processor.py:183} INFO - Processing /opt/airflow/dags/predictive_pipeline_dag.py took 3.032 seconds
[2025-11-19T15:29:48.126+0000] {processor.py:161} INFO - Started process (PID=524) to work on /opt/airflow/dags/predictive_pipeline_dag.py
[2025-11-19T15:29:48.128+0000] {processor.py:830} INFO - Processing file /opt/airflow/dags/predictive_pipeline_dag.py for tasks to queue
[2025-11-19T15:29:48.129+0000] {logging_mixin.py:188} INFO - [2025-11-19T15:29:48.128+0000] {dagbag.py:545} INFO - Filling up the DagBag from /opt/airflow/dags/predictive_pipeline_dag.py
[2025-11-19T15:29:50.330+0000] {logging_mixin.py:188} WARNING - /home/airflow/.local/lib/python3.12/site-packages/mlflow/tracking/_tracking_service/utils.py:140 FutureWarning: Filesystem tracking backend (e.g., './mlruns') is deprecated. Please switch to a database backend (e.g., 'sqlite:///mlflow.db'). For feedback, see: https://github.com/mlflow/mlflow/issues/18534
[2025-11-19T15:29:51.131+0000] {processor.py:840} INFO - DAG(s) 'predictive_pipeline_xgb' retrieved from /opt/airflow/dags/predictive_pipeline_dag.py
[2025-11-19T15:29:51.154+0000] {logging_mixin.py:188} INFO - [2025-11-19T15:29:51.154+0000] {dag.py:3096} INFO - Sync 1 DAGs
[2025-11-19T15:29:51.175+0000] {logging_mixin.py:188} INFO - [2025-11-19T15:29:51.175+0000] {dag.py:3954} INFO - Setting next_dagrun for predictive_pipeline_xgb to 2025-11-23 00:00:00+00:00, run_after=2025-11-30 00:00:00+00:00
[2025-11-19T15:29:51.229+0000] {processor.py:183} INFO - Processing /opt/airflow/dags/predictive_pipeline_dag.py took 3.110 seconds
[2025-11-19T15:30:21.802+0000] {processor.py:161} INFO - Started process (PID=534) to work on /opt/airflow/dags/predictive_pipeline_dag.py
[2025-11-19T15:30:21.804+0000] {processor.py:830} INFO - Processing file /opt/airflow/dags/predictive_pipeline_dag.py for tasks to queue
[2025-11-19T15:30:21.805+0000] {logging_mixin.py:188} INFO - [2025-11-19T15:30:21.804+0000] {dagbag.py:545} INFO - Filling up the DagBag from /opt/airflow/dags/predictive_pipeline_dag.py
[2025-11-19T15:30:23.821+0000] {logging_mixin.py:188} WARNING - /home/airflow/.local/lib/python3.12/site-packages/mlflow/tracking/_tracking_service/utils.py:140 FutureWarning: Filesystem tracking backend (e.g., './mlruns') is deprecated. Please switch to a database backend (e.g., 'sqlite:///mlflow.db'). For feedback, see: https://github.com/mlflow/mlflow/issues/18534
[2025-11-19T15:30:24.651+0000] {processor.py:840} INFO - DAG(s) 'predictive_pipeline_xgb' retrieved from /opt/airflow/dags/predictive_pipeline_dag.py
[2025-11-19T15:30:24.676+0000] {logging_mixin.py:188} INFO - [2025-11-19T15:30:24.676+0000] {dag.py:3096} INFO - Sync 1 DAGs
[2025-11-19T15:30:24.697+0000] {logging_mixin.py:188} INFO - [2025-11-19T15:30:24.697+0000] {dag.py:3954} INFO - Setting next_dagrun for predictive_pipeline_xgb to 2025-11-23 00:00:00+00:00, run_after=2025-11-30 00:00:00+00:00
[2025-11-19T15:30:24.748+0000] {processor.py:183} INFO - Processing /opt/airflow/dags/predictive_pipeline_dag.py took 2.955 seconds
[2025-11-19T15:30:55.870+0000] {processor.py:161} INFO - Started process (PID=544) to work on /opt/airflow/dags/predictive_pipeline_dag.py
[2025-11-19T15:30:55.871+0000] {processor.py:830} INFO - Processing file /opt/airflow/dags/predictive_pipeline_dag.py for tasks to queue
[2025-11-19T15:30:55.872+0000] {logging_mixin.py:188} INFO - [2025-11-19T15:30:55.872+0000] {dagbag.py:545} INFO - Filling up the DagBag from /opt/airflow/dags/predictive_pipeline_dag.py
[2025-11-19T15:30:57.897+0000] {logging_mixin.py:188} WARNING - /home/airflow/.local/lib/python3.12/site-packages/mlflow/tracking/_tracking_service/utils.py:140 FutureWarning: Filesystem tracking backend (e.g., './mlruns') is deprecated. Please switch to a database backend (e.g., 'sqlite:///mlflow.db'). For feedback, see: https://github.com/mlflow/mlflow/issues/18534
[2025-11-19T15:30:58.767+0000] {processor.py:840} INFO - DAG(s) 'predictive_pipeline_xgb' retrieved from /opt/airflow/dags/predictive_pipeline_dag.py
[2025-11-19T15:30:58.791+0000] {logging_mixin.py:188} INFO - [2025-11-19T15:30:58.791+0000] {dag.py:3096} INFO - Sync 1 DAGs
[2025-11-19T15:30:58.813+0000] {logging_mixin.py:188} INFO - [2025-11-19T15:30:58.812+0000] {dag.py:3954} INFO - Setting next_dagrun for predictive_pipeline_xgb to 2025-11-23 00:00:00+00:00, run_after=2025-11-30 00:00:00+00:00
[2025-11-19T15:30:58.865+0000] {processor.py:183} INFO - Processing /opt/airflow/dags/predictive_pipeline_dag.py took 3.003 seconds
[2025-11-19T15:31:29.600+0000] {processor.py:161} INFO - Started process (PID=554) to work on /opt/airflow/dags/predictive_pipeline_dag.py
[2025-11-19T15:31:29.602+0000] {processor.py:830} INFO - Processing file /opt/airflow/dags/predictive_pipeline_dag.py for tasks to queue
[2025-11-19T15:31:29.604+0000] {logging_mixin.py:188} INFO - [2025-11-19T15:31:29.603+0000] {dagbag.py:545} INFO - Filling up the DagBag from /opt/airflow/dags/predictive_pipeline_dag.py
[2025-11-19T15:31:31.465+0000] {logging_mixin.py:188} WARNING - /home/airflow/.local/lib/python3.12/site-packages/mlflow/tracking/_tracking_service/utils.py:140 FutureWarning: Filesystem tracking backend (e.g., './mlruns') is deprecated. Please switch to a database backend (e.g., 'sqlite:///mlflow.db'). For feedback, see: https://github.com/mlflow/mlflow/issues/18534
[2025-11-19T15:31:32.245+0000] {processor.py:840} INFO - DAG(s) 'predictive_pipeline_xgb' retrieved from /opt/airflow/dags/predictive_pipeline_dag.py
[2025-11-19T15:31:32.265+0000] {logging_mixin.py:188} INFO - [2025-11-19T15:31:32.264+0000] {dag.py:3096} INFO - Sync 1 DAGs
[2025-11-19T15:31:32.283+0000] {logging_mixin.py:188} INFO - [2025-11-19T15:31:32.282+0000] {dag.py:3954} INFO - Setting next_dagrun for predictive_pipeline_xgb to 2025-11-23 00:00:00+00:00, run_after=2025-11-30 00:00:00+00:00
[2025-11-19T15:31:32.327+0000] {processor.py:183} INFO - Processing /opt/airflow/dags/predictive_pipeline_dag.py took 2.736 seconds
[2025-11-19T15:32:03.403+0000] {processor.py:161} INFO - Started process (PID=564) to work on /opt/airflow/dags/predictive_pipeline_dag.py
[2025-11-19T15:32:03.404+0000] {processor.py:830} INFO - Processing file /opt/airflow/dags/predictive_pipeline_dag.py for tasks to queue
[2025-11-19T15:32:03.405+0000] {logging_mixin.py:188} INFO - [2025-11-19T15:32:03.405+0000] {dagbag.py:545} INFO - Filling up the DagBag from /opt/airflow/dags/predictive_pipeline_dag.py
[2025-11-19T15:32:05.290+0000] {logging_mixin.py:188} WARNING - /home/airflow/.local/lib/python3.12/site-packages/mlflow/tracking/_tracking_service/utils.py:140 FutureWarning: Filesystem tracking backend (e.g., './mlruns') is deprecated. Please switch to a database backend (e.g., 'sqlite:///mlflow.db'). For feedback, see: https://github.com/mlflow/mlflow/issues/18534
[2025-11-19T15:32:06.146+0000] {processor.py:840} INFO - DAG(s) 'predictive_pipeline_xgb' retrieved from /opt/airflow/dags/predictive_pipeline_dag.py
[2025-11-19T15:32:06.169+0000] {logging_mixin.py:188} INFO - [2025-11-19T15:32:06.169+0000] {dag.py:3096} INFO - Sync 1 DAGs
[2025-11-19T15:32:06.187+0000] {logging_mixin.py:188} INFO - [2025-11-19T15:32:06.187+0000] {dag.py:3954} INFO - Setting next_dagrun for predictive_pipeline_xgb to 2025-11-23 00:00:00+00:00, run_after=2025-11-30 00:00:00+00:00
[2025-11-19T15:32:06.237+0000] {processor.py:183} INFO - Processing /opt/airflow/dags/predictive_pipeline_dag.py took 2.841 seconds
[2025-11-19T15:32:37.257+0000] {processor.py:161} INFO - Started process (PID=574) to work on /opt/airflow/dags/predictive_pipeline_dag.py
[2025-11-19T15:32:37.258+0000] {processor.py:830} INFO - Processing file /opt/airflow/dags/predictive_pipeline_dag.py for tasks to queue
[2025-11-19T15:32:37.260+0000] {logging_mixin.py:188} INFO - [2025-11-19T15:32:37.259+0000] {dagbag.py:545} INFO - Filling up the DagBag from /opt/airflow/dags/predictive_pipeline_dag.py
[2025-11-19T15:32:39.715+0000] {logging_mixin.py:188} WARNING - /home/airflow/.local/lib/python3.12/site-packages/mlflow/tracking/_tracking_service/utils.py:140 FutureWarning: Filesystem tracking backend (e.g., './mlruns') is deprecated. Please switch to a database backend (e.g., 'sqlite:///mlflow.db'). For feedback, see: https://github.com/mlflow/mlflow/issues/18534
[2025-11-19T15:32:40.521+0000] {processor.py:840} INFO - DAG(s) 'predictive_pipeline_xgb' retrieved from /opt/airflow/dags/predictive_pipeline_dag.py
[2025-11-19T15:32:40.545+0000] {logging_mixin.py:188} INFO - [2025-11-19T15:32:40.544+0000] {dag.py:3096} INFO - Sync 1 DAGs
[2025-11-19T15:32:40.565+0000] {logging_mixin.py:188} INFO - [2025-11-19T15:32:40.564+0000] {dag.py:3954} INFO - Setting next_dagrun for predictive_pipeline_xgb to 2025-11-23 00:00:00+00:00, run_after=2025-11-30 00:00:00+00:00
[2025-11-19T15:32:40.613+0000] {processor.py:183} INFO - Processing /opt/airflow/dags/predictive_pipeline_dag.py took 2.806 seconds
[2025-11-19T15:33:11.437+0000] {processor.py:161} INFO - Started process (PID=584) to work on /opt/airflow/dags/predictive_pipeline_dag.py
[2025-11-19T15:33:11.438+0000] {processor.py:830} INFO - Processing file /opt/airflow/dags/predictive_pipeline_dag.py for tasks to queue
[2025-11-19T15:33:11.439+0000] {logging_mixin.py:188} INFO - [2025-11-19T15:33:11.439+0000] {dagbag.py:545} INFO - Filling up the DagBag from /opt/airflow/dags/predictive_pipeline_dag.py
[2025-11-19T15:33:13.977+0000] {logging_mixin.py:188} WARNING - /home/airflow/.local/lib/python3.12/site-packages/mlflow/tracking/_tracking_service/utils.py:140 FutureWarning: Filesystem tracking backend (e.g., './mlruns') is deprecated. Please switch to a database backend (e.g., 'sqlite:///mlflow.db'). For feedback, see: https://github.com/mlflow/mlflow/issues/18534
[2025-11-19T15:33:14.937+0000] {processor.py:840} INFO - DAG(s) 'predictive_pipeline_xgb' retrieved from /opt/airflow/dags/predictive_pipeline_dag.py
[2025-11-19T15:33:14.963+0000] {logging_mixin.py:188} INFO - [2025-11-19T15:33:14.963+0000] {dag.py:3096} INFO - Sync 1 DAGs
[2025-11-19T15:33:14.985+0000] {logging_mixin.py:188} INFO - [2025-11-19T15:33:14.985+0000] {dag.py:3954} INFO - Setting next_dagrun for predictive_pipeline_xgb to 2025-11-23 00:00:00+00:00, run_after=2025-11-30 00:00:00+00:00
[2025-11-19T15:33:15.040+0000] {processor.py:183} INFO - Processing /opt/airflow/dags/predictive_pipeline_dag.py took 3.612 seconds
[2025-11-19T15:33:45.626+0000] {processor.py:161} INFO - Started process (PID=594) to work on /opt/airflow/dags/predictive_pipeline_dag.py
[2025-11-19T15:33:45.629+0000] {processor.py:830} INFO - Processing file /opt/airflow/dags/predictive_pipeline_dag.py for tasks to queue
[2025-11-19T15:33:45.631+0000] {logging_mixin.py:188} INFO - [2025-11-19T15:33:45.631+0000] {dagbag.py:545} INFO - Filling up the DagBag from /opt/airflow/dags/predictive_pipeline_dag.py
[2025-11-19T15:33:48.301+0000] {logging_mixin.py:188} WARNING - /home/airflow/.local/lib/python3.12/site-packages/mlflow/tracking/_tracking_service/utils.py:140 FutureWarning: Filesystem tracking backend (e.g., './mlruns') is deprecated. Please switch to a database backend (e.g., 'sqlite:///mlflow.db'). For feedback, see: https://github.com/mlflow/mlflow/issues/18534
[2025-11-19T15:33:49.196+0000] {processor.py:840} INFO - DAG(s) 'predictive_pipeline_xgb' retrieved from /opt/airflow/dags/predictive_pipeline_dag.py
[2025-11-19T15:33:49.221+0000] {logging_mixin.py:188} INFO - [2025-11-19T15:33:49.220+0000] {dag.py:3096} INFO - Sync 1 DAGs
[2025-11-19T15:33:49.241+0000] {logging_mixin.py:188} INFO - [2025-11-19T15:33:49.241+0000] {dag.py:3954} INFO - Setting next_dagrun for predictive_pipeline_xgb to 2025-11-23 00:00:00+00:00, run_after=2025-11-30 00:00:00+00:00
[2025-11-19T15:33:49.308+0000] {processor.py:183} INFO - Processing /opt/airflow/dags/predictive_pipeline_dag.py took 3.710 seconds
[2025-11-19T15:34:19.828+0000] {processor.py:161} INFO - Started process (PID=604) to work on /opt/airflow/dags/predictive_pipeline_dag.py
[2025-11-19T15:34:19.830+0000] {processor.py:830} INFO - Processing file /opt/airflow/dags/predictive_pipeline_dag.py for tasks to queue
[2025-11-19T15:34:19.831+0000] {logging_mixin.py:188} INFO - [2025-11-19T15:34:19.831+0000] {dagbag.py:545} INFO - Filling up the DagBag from /opt/airflow/dags/predictive_pipeline_dag.py
[2025-11-19T15:34:21.983+0000] {logging_mixin.py:188} WARNING - /home/airflow/.local/lib/python3.12/site-packages/mlflow/tracking/_tracking_service/utils.py:140 FutureWarning: Filesystem tracking backend (e.g., './mlruns') is deprecated. Please switch to a database backend (e.g., 'sqlite:///mlflow.db'). For feedback, see: https://github.com/mlflow/mlflow/issues/18534
[2025-11-19T15:34:22.843+0000] {processor.py:840} INFO - DAG(s) 'predictive_pipeline_xgb' retrieved from /opt/airflow/dags/predictive_pipeline_dag.py
[2025-11-19T15:34:22.867+0000] {logging_mixin.py:188} INFO - [2025-11-19T15:34:22.866+0000] {dag.py:3096} INFO - Sync 1 DAGs
[2025-11-19T15:34:22.889+0000] {logging_mixin.py:188} INFO - [2025-11-19T15:34:22.889+0000] {dag.py:3954} INFO - Setting next_dagrun for predictive_pipeline_xgb to 2025-11-23 00:00:00+00:00, run_after=2025-11-30 00:00:00+00:00
[2025-11-19T15:34:22.944+0000] {processor.py:183} INFO - Processing /opt/airflow/dags/predictive_pipeline_dag.py took 3.124 seconds
[2025-11-19T15:34:53.242+0000] {processor.py:161} INFO - Started process (PID=614) to work on /opt/airflow/dags/predictive_pipeline_dag.py
[2025-11-19T15:34:53.243+0000] {processor.py:830} INFO - Processing file /opt/airflow/dags/predictive_pipeline_dag.py for tasks to queue
[2025-11-19T15:34:53.244+0000] {logging_mixin.py:188} INFO - [2025-11-19T15:34:53.243+0000] {dagbag.py:545} INFO - Filling up the DagBag from /opt/airflow/dags/predictive_pipeline_dag.py
[2025-11-19T15:34:55.168+0000] {logging_mixin.py:188} WARNING - /home/airflow/.local/lib/python3.12/site-packages/mlflow/tracking/_tracking_service/utils.py:140 FutureWarning: Filesystem tracking backend (e.g., './mlruns') is deprecated. Please switch to a database backend (e.g., 'sqlite:///mlflow.db'). For feedback, see: https://github.com/mlflow/mlflow/issues/18534
[2025-11-19T15:34:55.982+0000] {processor.py:840} INFO - DAG(s) 'predictive_pipeline_xgb' retrieved from /opt/airflow/dags/predictive_pipeline_dag.py
[2025-11-19T15:34:56.006+0000] {logging_mixin.py:188} INFO - [2025-11-19T15:34:56.005+0000] {dag.py:3096} INFO - Sync 1 DAGs
[2025-11-19T15:34:56.026+0000] {logging_mixin.py:188} INFO - [2025-11-19T15:34:56.026+0000] {dag.py:3954} INFO - Setting next_dagrun for predictive_pipeline_xgb to 2025-11-23 00:00:00+00:00, run_after=2025-11-30 00:00:00+00:00
[2025-11-19T15:34:56.079+0000] {processor.py:183} INFO - Processing /opt/airflow/dags/predictive_pipeline_dag.py took 2.844 seconds
[2025-11-19T15:35:26.182+0000] {processor.py:161} INFO - Started process (PID=624) to work on /opt/airflow/dags/predictive_pipeline_dag.py
[2025-11-19T15:35:26.183+0000] {processor.py:830} INFO - Processing file /opt/airflow/dags/predictive_pipeline_dag.py for tasks to queue
[2025-11-19T15:35:26.184+0000] {logging_mixin.py:188} INFO - [2025-11-19T15:35:26.184+0000] {dagbag.py:545} INFO - Filling up the DagBag from /opt/airflow/dags/predictive_pipeline_dag.py
[2025-11-19T15:35:28.117+0000] {logging_mixin.py:188} WARNING - /home/airflow/.local/lib/python3.12/site-packages/mlflow/tracking/_tracking_service/utils.py:140 FutureWarning: Filesystem tracking backend (e.g., './mlruns') is deprecated. Please switch to a database backend (e.g., 'sqlite:///mlflow.db'). For feedback, see: https://github.com/mlflow/mlflow/issues/18534
[2025-11-19T15:35:28.892+0000] {processor.py:840} INFO - DAG(s) 'predictive_pipeline_xgb' retrieved from /opt/airflow/dags/predictive_pipeline_dag.py
[2025-11-19T15:35:28.915+0000] {logging_mixin.py:188} INFO - [2025-11-19T15:35:28.914+0000] {dag.py:3096} INFO - Sync 1 DAGs
[2025-11-19T15:35:28.936+0000] {logging_mixin.py:188} INFO - [2025-11-19T15:35:28.936+0000] {dag.py:3954} INFO - Setting next_dagrun for predictive_pipeline_xgb to 2025-11-23 00:00:00+00:00, run_after=2025-11-30 00:00:00+00:00
[2025-11-19T15:35:28.984+0000] {processor.py:183} INFO - Processing /opt/airflow/dags/predictive_pipeline_dag.py took 2.809 seconds
[2025-11-19T15:35:59.203+0000] {processor.py:161} INFO - Started process (PID=634) to work on /opt/airflow/dags/predictive_pipeline_dag.py
[2025-11-19T15:35:59.204+0000] {processor.py:830} INFO - Processing file /opt/airflow/dags/predictive_pipeline_dag.py for tasks to queue
[2025-11-19T15:35:59.205+0000] {logging_mixin.py:188} INFO - [2025-11-19T15:35:59.205+0000] {dagbag.py:545} INFO - Filling up the DagBag from /opt/airflow/dags/predictive_pipeline_dag.py
[2025-11-19T15:36:01.676+0000] {logging_mixin.py:188} WARNING - /home/airflow/.local/lib/python3.12/site-packages/mlflow/tracking/_tracking_service/utils.py:140 FutureWarning: Filesystem tracking backend (e.g., './mlruns') is deprecated. Please switch to a database backend (e.g., 'sqlite:///mlflow.db'). For feedback, see: https://github.com/mlflow/mlflow/issues/18534
[2025-11-19T15:36:02.655+0000] {processor.py:840} INFO - DAG(s) 'predictive_pipeline_xgb' retrieved from /opt/airflow/dags/predictive_pipeline_dag.py
[2025-11-19T15:36:02.680+0000] {logging_mixin.py:188} INFO - [2025-11-19T15:36:02.680+0000] {dag.py:3096} INFO - Sync 1 DAGs
[2025-11-19T15:36:02.702+0000] {logging_mixin.py:188} INFO - [2025-11-19T15:36:02.701+0000] {dag.py:3954} INFO - Setting next_dagrun for predictive_pipeline_xgb to 2025-11-23 00:00:00+00:00, run_after=2025-11-30 00:00:00+00:00
[2025-11-19T15:36:02.755+0000] {processor.py:183} INFO - Processing /opt/airflow/dags/predictive_pipeline_dag.py took 3.560 seconds
[2025-11-19T15:36:33.924+0000] {processor.py:161} INFO - Started process (PID=644) to work on /opt/airflow/dags/predictive_pipeline_dag.py
[2025-11-19T15:36:33.925+0000] {processor.py:830} INFO - Processing file /opt/airflow/dags/predictive_pipeline_dag.py for tasks to queue
[2025-11-19T15:36:33.926+0000] {logging_mixin.py:188} INFO - [2025-11-19T15:36:33.926+0000] {dagbag.py:545} INFO - Filling up the DagBag from /opt/airflow/dags/predictive_pipeline_dag.py
[2025-11-19T15:36:35.889+0000] {logging_mixin.py:188} WARNING - /home/airflow/.local/lib/python3.12/site-packages/mlflow/tracking/_tracking_service/utils.py:140 FutureWarning: Filesystem tracking backend (e.g., './mlruns') is deprecated. Please switch to a database backend (e.g., 'sqlite:///mlflow.db'). For feedback, see: https://github.com/mlflow/mlflow/issues/18534
[2025-11-19T15:36:36.719+0000] {processor.py:840} INFO - DAG(s) 'predictive_pipeline_xgb' retrieved from /opt/airflow/dags/predictive_pipeline_dag.py
[2025-11-19T15:36:36.744+0000] {logging_mixin.py:188} INFO - [2025-11-19T15:36:36.743+0000] {dag.py:3096} INFO - Sync 1 DAGs
[2025-11-19T15:36:36.765+0000] {logging_mixin.py:188} INFO - [2025-11-19T15:36:36.765+0000] {dag.py:3954} INFO - Setting next_dagrun for predictive_pipeline_xgb to 2025-11-23 00:00:00+00:00, run_after=2025-11-30 00:00:00+00:00
[2025-11-19T15:36:36.814+0000] {processor.py:183} INFO - Processing /opt/airflow/dags/predictive_pipeline_dag.py took 2.897 seconds
[2025-11-19T15:37:07.286+0000] {processor.py:161} INFO - Started process (PID=654) to work on /opt/airflow/dags/predictive_pipeline_dag.py
[2025-11-19T15:37:07.287+0000] {processor.py:830} INFO - Processing file /opt/airflow/dags/predictive_pipeline_dag.py for tasks to queue
[2025-11-19T15:37:07.288+0000] {logging_mixin.py:188} INFO - [2025-11-19T15:37:07.287+0000] {dagbag.py:545} INFO - Filling up the DagBag from /opt/airflow/dags/predictive_pipeline_dag.py
[2025-11-19T15:37:09.758+0000] {logging_mixin.py:188} WARNING - /home/airflow/.local/lib/python3.12/site-packages/mlflow/tracking/_tracking_service/utils.py:140 FutureWarning: Filesystem tracking backend (e.g., './mlruns') is deprecated. Please switch to a database backend (e.g., 'sqlite:///mlflow.db'). For feedback, see: https://github.com/mlflow/mlflow/issues/18534
[2025-11-19T15:37:10.756+0000] {processor.py:840} INFO - DAG(s) 'predictive_pipeline_xgb' retrieved from /opt/airflow/dags/predictive_pipeline_dag.py
[2025-11-19T15:37:10.786+0000] {logging_mixin.py:188} INFO - [2025-11-19T15:37:10.786+0000] {dag.py:3096} INFO - Sync 1 DAGs
[2025-11-19T15:37:10.824+0000] {logging_mixin.py:188} INFO - [2025-11-19T15:37:10.824+0000] {dag.py:3954} INFO - Setting next_dagrun for predictive_pipeline_xgb to 2025-11-23 00:00:00+00:00, run_after=2025-11-30 00:00:00+00:00
[2025-11-19T15:37:10.902+0000] {processor.py:183} INFO - Processing /opt/airflow/dags/predictive_pipeline_dag.py took 3.625 seconds
[2025-11-19T15:37:41.164+0000] {processor.py:161} INFO - Started process (PID=664) to work on /opt/airflow/dags/predictive_pipeline_dag.py
[2025-11-19T15:37:41.165+0000] {processor.py:830} INFO - Processing file /opt/airflow/dags/predictive_pipeline_dag.py for tasks to queue
[2025-11-19T15:37:41.167+0000] {logging_mixin.py:188} INFO - [2025-11-19T15:37:41.167+0000] {dagbag.py:545} INFO - Filling up the DagBag from /opt/airflow/dags/predictive_pipeline_dag.py
[2025-11-19T15:37:43.328+0000] {logging_mixin.py:188} WARNING - /home/airflow/.local/lib/python3.12/site-packages/mlflow/tracking/_tracking_service/utils.py:140 FutureWarning: Filesystem tracking backend (e.g., './mlruns') is deprecated. Please switch to a database backend (e.g., 'sqlite:///mlflow.db'). For feedback, see: https://github.com/mlflow/mlflow/issues/18534
[2025-11-19T15:37:44.101+0000] {processor.py:840} INFO - DAG(s) 'predictive_pipeline_xgb' retrieved from /opt/airflow/dags/predictive_pipeline_dag.py
[2025-11-19T15:37:44.125+0000] {logging_mixin.py:188} INFO - [2025-11-19T15:37:44.124+0000] {dag.py:3096} INFO - Sync 1 DAGs
[2025-11-19T15:37:44.143+0000] {logging_mixin.py:188} INFO - [2025-11-19T15:37:44.143+0000] {dag.py:3954} INFO - Setting next_dagrun for predictive_pipeline_xgb to 2025-11-23 00:00:00+00:00, run_after=2025-11-30 00:00:00+00:00
[2025-11-19T15:37:44.194+0000] {processor.py:183} INFO - Processing /opt/airflow/dags/predictive_pipeline_dag.py took 3.039 seconds
[2025-11-19T15:38:14.455+0000] {processor.py:161} INFO - Started process (PID=674) to work on /opt/airflow/dags/predictive_pipeline_dag.py
[2025-11-19T15:38:14.456+0000] {processor.py:830} INFO - Processing file /opt/airflow/dags/predictive_pipeline_dag.py for tasks to queue
[2025-11-19T15:38:14.457+0000] {logging_mixin.py:188} INFO - [2025-11-19T15:38:14.457+0000] {dagbag.py:545} INFO - Filling up the DagBag from /opt/airflow/dags/predictive_pipeline_dag.py
[2025-11-19T15:38:16.691+0000] {logging_mixin.py:188} WARNING - /home/airflow/.local/lib/python3.12/site-packages/mlflow/tracking/_tracking_service/utils.py:140 FutureWarning: Filesystem tracking backend (e.g., './mlruns') is deprecated. Please switch to a database backend (e.g., 'sqlite:///mlflow.db'). For feedback, see: https://github.com/mlflow/mlflow/issues/18534
[2025-11-19T15:38:17.725+0000] {processor.py:840} INFO - DAG(s) 'predictive_pipeline_xgb' retrieved from /opt/airflow/dags/predictive_pipeline_dag.py
[2025-11-19T15:38:17.751+0000] {logging_mixin.py:188} INFO - [2025-11-19T15:38:17.750+0000] {dag.py:3096} INFO - Sync 1 DAGs
[2025-11-19T15:38:17.773+0000] {logging_mixin.py:188} INFO - [2025-11-19T15:38:17.773+0000] {dag.py:3954} INFO - Setting next_dagrun for predictive_pipeline_xgb to 2025-11-23 00:00:00+00:00, run_after=2025-11-30 00:00:00+00:00
[2025-11-19T15:38:17.838+0000] {processor.py:183} INFO - Processing /opt/airflow/dags/predictive_pipeline_dag.py took 3.390 seconds
[2025-11-19T15:38:48.184+0000] {processor.py:161} INFO - Started process (PID=684) to work on /opt/airflow/dags/predictive_pipeline_dag.py
[2025-11-19T15:38:48.185+0000] {processor.py:830} INFO - Processing file /opt/airflow/dags/predictive_pipeline_dag.py for tasks to queue
[2025-11-19T15:38:48.187+0000] {logging_mixin.py:188} INFO - [2025-11-19T15:38:48.186+0000] {dagbag.py:545} INFO - Filling up the DagBag from /opt/airflow/dags/predictive_pipeline_dag.py
[2025-11-19T15:38:50.805+0000] {logging_mixin.py:188} WARNING - /home/airflow/.local/lib/python3.12/site-packages/mlflow/tracking/_tracking_service/utils.py:140 FutureWarning: Filesystem tracking backend (e.g., './mlruns') is deprecated. Please switch to a database backend (e.g., 'sqlite:///mlflow.db'). For feedback, see: https://github.com/mlflow/mlflow/issues/18534
[2025-11-19T15:38:51.790+0000] {processor.py:840} INFO - DAG(s) 'predictive_pipeline_xgb' retrieved from /opt/airflow/dags/predictive_pipeline_dag.py
[2025-11-19T15:38:51.824+0000] {logging_mixin.py:188} INFO - [2025-11-19T15:38:51.823+0000] {dag.py:3096} INFO - Sync 1 DAGs
[2025-11-19T15:38:51.847+0000] {logging_mixin.py:188} INFO - [2025-11-19T15:38:51.847+0000] {dag.py:3954} INFO - Setting next_dagrun for predictive_pipeline_xgb to 2025-11-23 00:00:00+00:00, run_after=2025-11-30 00:00:00+00:00
[2025-11-19T15:38:51.911+0000] {processor.py:183} INFO - Processing /opt/airflow/dags/predictive_pipeline_dag.py took 3.738 seconds
[2025-11-19T15:39:22.154+0000] {processor.py:161} INFO - Started process (PID=694) to work on /opt/airflow/dags/predictive_pipeline_dag.py
[2025-11-19T15:39:22.156+0000] {processor.py:830} INFO - Processing file /opt/airflow/dags/predictive_pipeline_dag.py for tasks to queue
[2025-11-19T15:39:22.157+0000] {logging_mixin.py:188} INFO - [2025-11-19T15:39:22.157+0000] {dagbag.py:545} INFO - Filling up the DagBag from /opt/airflow/dags/predictive_pipeline_dag.py
[2025-11-19T15:39:24.378+0000] {logging_mixin.py:188} WARNING - /home/airflow/.local/lib/python3.12/site-packages/mlflow/tracking/_tracking_service/utils.py:140 FutureWarning: Filesystem tracking backend (e.g., './mlruns') is deprecated. Please switch to a database backend (e.g., 'sqlite:///mlflow.db'). For feedback, see: https://github.com/mlflow/mlflow/issues/18534
[2025-11-19T15:39:25.343+0000] {processor.py:840} INFO - DAG(s) 'predictive_pipeline_xgb' retrieved from /opt/airflow/dags/predictive_pipeline_dag.py
[2025-11-19T15:39:25.374+0000] {logging_mixin.py:188} INFO - [2025-11-19T15:39:25.373+0000] {dag.py:3096} INFO - Sync 1 DAGs
[2025-11-19T15:39:25.397+0000] {logging_mixin.py:188} INFO - [2025-11-19T15:39:25.396+0000] {dag.py:3954} INFO - Setting next_dagrun for predictive_pipeline_xgb to 2025-11-23 00:00:00+00:00, run_after=2025-11-30 00:00:00+00:00
[2025-11-19T15:39:25.462+0000] {processor.py:183} INFO - Processing /opt/airflow/dags/predictive_pipeline_dag.py took 3.316 seconds
[2025-11-19T15:39:55.541+0000] {processor.py:161} INFO - Started process (PID=704) to work on /opt/airflow/dags/predictive_pipeline_dag.py
[2025-11-19T15:39:55.542+0000] {processor.py:830} INFO - Processing file /opt/airflow/dags/predictive_pipeline_dag.py for tasks to queue
[2025-11-19T15:39:55.544+0000] {logging_mixin.py:188} INFO - [2025-11-19T15:39:55.543+0000] {dagbag.py:545} INFO - Filling up the DagBag from /opt/airflow/dags/predictive_pipeline_dag.py
[2025-11-19T15:39:57.459+0000] {logging_mixin.py:188} WARNING - /home/airflow/.local/lib/python3.12/site-packages/mlflow/tracking/_tracking_service/utils.py:140 FutureWarning: Filesystem tracking backend (e.g., './mlruns') is deprecated. Please switch to a database backend (e.g., 'sqlite:///mlflow.db'). For feedback, see: https://github.com/mlflow/mlflow/issues/18534
[2025-11-19T15:39:58.314+0000] {processor.py:840} INFO - DAG(s) 'predictive_pipeline_xgb' retrieved from /opt/airflow/dags/predictive_pipeline_dag.py
[2025-11-19T15:39:58.343+0000] {logging_mixin.py:188} INFO - [2025-11-19T15:39:58.342+0000] {dag.py:3096} INFO - Sync 1 DAGs
[2025-11-19T15:39:58.367+0000] {logging_mixin.py:188} INFO - [2025-11-19T15:39:58.366+0000] {dag.py:3954} INFO - Setting next_dagrun for predictive_pipeline_xgb to 2025-11-23 00:00:00+00:00, run_after=2025-11-30 00:00:00+00:00
[2025-11-19T15:39:58.452+0000] {processor.py:183} INFO - Processing /opt/airflow/dags/predictive_pipeline_dag.py took 2.918 seconds
[2025-11-19T15:40:29.547+0000] {processor.py:161} INFO - Started process (PID=714) to work on /opt/airflow/dags/predictive_pipeline_dag.py
[2025-11-19T15:40:29.548+0000] {processor.py:830} INFO - Processing file /opt/airflow/dags/predictive_pipeline_dag.py for tasks to queue
[2025-11-19T15:40:29.549+0000] {logging_mixin.py:188} INFO - [2025-11-19T15:40:29.548+0000] {dagbag.py:545} INFO - Filling up the DagBag from /opt/airflow/dags/predictive_pipeline_dag.py
[2025-11-19T15:40:31.550+0000] {logging_mixin.py:188} WARNING - /home/airflow/.local/lib/python3.12/site-packages/mlflow/tracking/_tracking_service/utils.py:140 FutureWarning: Filesystem tracking backend (e.g., './mlruns') is deprecated. Please switch to a database backend (e.g., 'sqlite:///mlflow.db'). For feedback, see: https://github.com/mlflow/mlflow/issues/18534
[2025-11-19T15:40:32.551+0000] {processor.py:840} INFO - DAG(s) 'predictive_pipeline_xgb' retrieved from /opt/airflow/dags/predictive_pipeline_dag.py
[2025-11-19T15:40:32.584+0000] {logging_mixin.py:188} INFO - [2025-11-19T15:40:32.584+0000] {dag.py:3096} INFO - Sync 1 DAGs
[2025-11-19T15:40:32.611+0000] {logging_mixin.py:188} INFO - [2025-11-19T15:40:32.611+0000] {dag.py:3954} INFO - Setting next_dagrun for predictive_pipeline_xgb to 2025-11-23 00:00:00+00:00, run_after=2025-11-30 00:00:00+00:00
[2025-11-19T15:40:32.671+0000] {processor.py:183} INFO - Processing /opt/airflow/dags/predictive_pipeline_dag.py took 3.131 seconds
[2025-11-19T15:41:03.072+0000] {processor.py:161} INFO - Started process (PID=724) to work on /opt/airflow/dags/predictive_pipeline_dag.py
[2025-11-19T15:41:03.074+0000] {processor.py:830} INFO - Processing file /opt/airflow/dags/predictive_pipeline_dag.py for tasks to queue
[2025-11-19T15:41:03.075+0000] {logging_mixin.py:188} INFO - [2025-11-19T15:41:03.074+0000] {dagbag.py:545} INFO - Filling up the DagBag from /opt/airflow/dags/predictive_pipeline_dag.py
[2025-11-19T15:41:04.949+0000] {logging_mixin.py:188} WARNING - /home/airflow/.local/lib/python3.12/site-packages/mlflow/tracking/_tracking_service/utils.py:140 FutureWarning: Filesystem tracking backend (e.g., './mlruns') is deprecated. Please switch to a database backend (e.g., 'sqlite:///mlflow.db'). For feedback, see: https://github.com/mlflow/mlflow/issues/18534
[2025-11-19T15:41:05.714+0000] {processor.py:840} INFO - DAG(s) 'predictive_pipeline_xgb' retrieved from /opt/airflow/dags/predictive_pipeline_dag.py
[2025-11-19T15:41:05.737+0000] {logging_mixin.py:188} INFO - [2025-11-19T15:41:05.736+0000] {dag.py:3096} INFO - Sync 1 DAGs
[2025-11-19T15:41:05.756+0000] {logging_mixin.py:188} INFO - [2025-11-19T15:41:05.756+0000] {dag.py:3954} INFO - Setting next_dagrun for predictive_pipeline_xgb to 2025-11-23 00:00:00+00:00, run_after=2025-11-30 00:00:00+00:00
[2025-11-19T15:41:05.801+0000] {processor.py:183} INFO - Processing /opt/airflow/dags/predictive_pipeline_dag.py took 2.736 seconds
[2025-11-19T15:41:36.024+0000] {processor.py:161} INFO - Started process (PID=734) to work on /opt/airflow/dags/predictive_pipeline_dag.py
[2025-11-19T15:41:36.025+0000] {processor.py:830} INFO - Processing file /opt/airflow/dags/predictive_pipeline_dag.py for tasks to queue
[2025-11-19T15:41:36.026+0000] {logging_mixin.py:188} INFO - [2025-11-19T15:41:36.025+0000] {dagbag.py:545} INFO - Filling up the DagBag from /opt/airflow/dags/predictive_pipeline_dag.py
[2025-11-19T15:41:38.158+0000] {logging_mixin.py:188} WARNING - /home/airflow/.local/lib/python3.12/site-packages/mlflow/tracking/_tracking_service/utils.py:140 FutureWarning: Filesystem tracking backend (e.g., './mlruns') is deprecated. Please switch to a database backend (e.g., 'sqlite:///mlflow.db'). For feedback, see: https://github.com/mlflow/mlflow/issues/18534
[2025-11-19T15:41:38.990+0000] {processor.py:840} INFO - DAG(s) 'predictive_pipeline_xgb' retrieved from /opt/airflow/dags/predictive_pipeline_dag.py
[2025-11-19T15:41:39.015+0000] {logging_mixin.py:188} INFO - [2025-11-19T15:41:39.013+0000] {dag.py:3096} INFO - Sync 1 DAGs
[2025-11-19T15:41:39.038+0000] {logging_mixin.py:188} INFO - [2025-11-19T15:41:39.037+0000] {dag.py:3954} INFO - Setting next_dagrun for predictive_pipeline_xgb to 2025-11-23 00:00:00+00:00, run_after=2025-11-30 00:00:00+00:00
[2025-11-19T15:41:39.088+0000] {processor.py:183} INFO - Processing /opt/airflow/dags/predictive_pipeline_dag.py took 3.071 seconds
[2025-11-19T15:42:09.268+0000] {processor.py:161} INFO - Started process (PID=744) to work on /opt/airflow/dags/predictive_pipeline_dag.py
[2025-11-19T15:42:09.269+0000] {processor.py:830} INFO - Processing file /opt/airflow/dags/predictive_pipeline_dag.py for tasks to queue
[2025-11-19T15:42:09.269+0000] {logging_mixin.py:188} INFO - [2025-11-19T15:42:09.269+0000] {dagbag.py:545} INFO - Filling up the DagBag from /opt/airflow/dags/predictive_pipeline_dag.py
[2025-11-19T15:42:11.402+0000] {logging_mixin.py:188} WARNING - /home/airflow/.local/lib/python3.12/site-packages/mlflow/tracking/_tracking_service/utils.py:140 FutureWarning: Filesystem tracking backend (e.g., './mlruns') is deprecated. Please switch to a database backend (e.g., 'sqlite:///mlflow.db'). For feedback, see: https://github.com/mlflow/mlflow/issues/18534
[2025-11-19T15:42:12.187+0000] {processor.py:840} INFO - DAG(s) 'predictive_pipeline_xgb' retrieved from /opt/airflow/dags/predictive_pipeline_dag.py
[2025-11-19T15:42:12.210+0000] {logging_mixin.py:188} INFO - [2025-11-19T15:42:12.209+0000] {dag.py:3096} INFO - Sync 1 DAGs
[2025-11-19T15:42:12.230+0000] {logging_mixin.py:188} INFO - [2025-11-19T15:42:12.230+0000] {dag.py:3954} INFO - Setting next_dagrun for predictive_pipeline_xgb to 2025-11-23 00:00:00+00:00, run_after=2025-11-30 00:00:00+00:00
[2025-11-19T15:42:12.275+0000] {processor.py:183} INFO - Processing /opt/airflow/dags/predictive_pipeline_dag.py took 3.016 seconds
[2025-11-19T15:42:42.361+0000] {processor.py:161} INFO - Started process (PID=754) to work on /opt/airflow/dags/predictive_pipeline_dag.py
[2025-11-19T15:42:42.362+0000] {processor.py:830} INFO - Processing file /opt/airflow/dags/predictive_pipeline_dag.py for tasks to queue
[2025-11-19T15:42:42.363+0000] {logging_mixin.py:188} INFO - [2025-11-19T15:42:42.363+0000] {dagbag.py:545} INFO - Filling up the DagBag from /opt/airflow/dags/predictive_pipeline_dag.py
[2025-11-19T15:42:44.387+0000] {logging_mixin.py:188} WARNING - /home/airflow/.local/lib/python3.12/site-packages/mlflow/tracking/_tracking_service/utils.py:140 FutureWarning: Filesystem tracking backend (e.g., './mlruns') is deprecated. Please switch to a database backend (e.g., 'sqlite:///mlflow.db'). For feedback, see: https://github.com/mlflow/mlflow/issues/18534
[2025-11-19T15:42:45.203+0000] {processor.py:840} INFO - DAG(s) 'predictive_pipeline_xgb' retrieved from /opt/airflow/dags/predictive_pipeline_dag.py
[2025-11-19T15:42:45.229+0000] {logging_mixin.py:188} INFO - [2025-11-19T15:42:45.228+0000] {dag.py:3096} INFO - Sync 1 DAGs
[2025-11-19T15:42:45.247+0000] {logging_mixin.py:188} INFO - [2025-11-19T15:42:45.247+0000] {dag.py:3954} INFO - Setting next_dagrun for predictive_pipeline_xgb to 2025-11-23 00:00:00+00:00, run_after=2025-11-30 00:00:00+00:00
[2025-11-19T15:42:45.299+0000] {processor.py:183} INFO - Processing /opt/airflow/dags/predictive_pipeline_dag.py took 2.947 seconds
[2025-11-19T15:43:15.486+0000] {processor.py:161} INFO - Started process (PID=764) to work on /opt/airflow/dags/predictive_pipeline_dag.py
[2025-11-19T15:43:15.487+0000] {processor.py:830} INFO - Processing file /opt/airflow/dags/predictive_pipeline_dag.py for tasks to queue
[2025-11-19T15:43:15.488+0000] {logging_mixin.py:188} INFO - [2025-11-19T15:43:15.488+0000] {dagbag.py:545} INFO - Filling up the DagBag from /opt/airflow/dags/predictive_pipeline_dag.py
[2025-11-19T15:43:17.612+0000] {logging_mixin.py:188} WARNING - /home/airflow/.local/lib/python3.12/site-packages/mlflow/tracking/_tracking_service/utils.py:140 FutureWarning: Filesystem tracking backend (e.g., './mlruns') is deprecated. Please switch to a database backend (e.g., 'sqlite:///mlflow.db'). For feedback, see: https://github.com/mlflow/mlflow/issues/18534
[2025-11-19T15:43:18.446+0000] {processor.py:840} INFO - DAG(s) 'predictive_pipeline_xgb' retrieved from /opt/airflow/dags/predictive_pipeline_dag.py
[2025-11-19T15:43:18.471+0000] {logging_mixin.py:188} INFO - [2025-11-19T15:43:18.470+0000] {dag.py:3096} INFO - Sync 1 DAGs
[2025-11-19T15:43:18.490+0000] {logging_mixin.py:188} INFO - [2025-11-19T15:43:18.490+0000] {dag.py:3954} INFO - Setting next_dagrun for predictive_pipeline_xgb to 2025-11-23 00:00:00+00:00, run_after=2025-11-30 00:00:00+00:00
[2025-11-19T15:43:18.544+0000] {processor.py:183} INFO - Processing /opt/airflow/dags/predictive_pipeline_dag.py took 3.065 seconds
[2025-11-19T15:43:48.767+0000] {processor.py:161} INFO - Started process (PID=774) to work on /opt/airflow/dags/predictive_pipeline_dag.py
[2025-11-19T15:43:48.768+0000] {processor.py:830} INFO - Processing file /opt/airflow/dags/predictive_pipeline_dag.py for tasks to queue
[2025-11-19T15:43:48.769+0000] {logging_mixin.py:188} INFO - [2025-11-19T15:43:48.769+0000] {dagbag.py:545} INFO - Filling up the DagBag from /opt/airflow/dags/predictive_pipeline_dag.py
[2025-11-19T15:43:50.941+0000] {logging_mixin.py:188} WARNING - /home/airflow/.local/lib/python3.12/site-packages/mlflow/tracking/_tracking_service/utils.py:140 FutureWarning: Filesystem tracking backend (e.g., './mlruns') is deprecated. Please switch to a database backend (e.g., 'sqlite:///mlflow.db'). For feedback, see: https://github.com/mlflow/mlflow/issues/18534
[2025-11-19T15:43:51.809+0000] {processor.py:840} INFO - DAG(s) 'predictive_pipeline_xgb' retrieved from /opt/airflow/dags/predictive_pipeline_dag.py
[2025-11-19T15:43:51.832+0000] {logging_mixin.py:188} INFO - [2025-11-19T15:43:51.831+0000] {dag.py:3096} INFO - Sync 1 DAGs
[2025-11-19T15:43:51.850+0000] {logging_mixin.py:188} INFO - [2025-11-19T15:43:51.850+0000] {dag.py:3954} INFO - Setting next_dagrun for predictive_pipeline_xgb to 2025-11-23 00:00:00+00:00, run_after=2025-11-30 00:00:00+00:00
[2025-11-19T15:43:51.898+0000] {processor.py:183} INFO - Processing /opt/airflow/dags/predictive_pipeline_dag.py took 3.139 seconds
[2025-11-19T15:44:21.377+0000] {processor.py:161} INFO - Started process (PID=784) to work on /opt/airflow/dags/predictive_pipeline_dag.py
[2025-11-19T15:44:21.378+0000] {processor.py:830} INFO - Processing file /opt/airflow/dags/predictive_pipeline_dag.py for tasks to queue
[2025-11-19T15:44:21.379+0000] {logging_mixin.py:188} INFO - [2025-11-19T15:44:21.378+0000] {dagbag.py:545} INFO - Filling up the DagBag from /opt/airflow/dags/predictive_pipeline_dag.py
[2025-11-19T15:44:23.632+0000] {logging_mixin.py:188} WARNING - /home/airflow/.local/lib/python3.12/site-packages/mlflow/tracking/_tracking_service/utils.py:140 FutureWarning: Filesystem tracking backend (e.g., './mlruns') is deprecated. Please switch to a database backend (e.g., 'sqlite:///mlflow.db'). For feedback, see: https://github.com/mlflow/mlflow/issues/18534
[2025-11-19T15:44:24.654+0000] {processor.py:840} INFO - DAG(s) 'predictive_pipeline_xgb' retrieved from /opt/airflow/dags/predictive_pipeline_dag.py
[2025-11-19T15:44:24.776+0000] {logging_mixin.py:188} INFO - [2025-11-19T15:44:24.776+0000] {dag.py:3096} INFO - Sync 1 DAGs
[2025-11-19T15:44:24.795+0000] {logging_mixin.py:188} INFO - [2025-11-19T15:44:24.795+0000] {dag.py:3954} INFO - Setting next_dagrun for predictive_pipeline_xgb to 2025-11-23 00:00:00+00:00, run_after=2025-11-30 00:00:00+00:00
[2025-11-19T15:44:24.850+0000] {processor.py:183} INFO - Processing /opt/airflow/dags/predictive_pipeline_dag.py took 3.480 seconds
[2025-11-19T15:44:54.936+0000] {processor.py:161} INFO - Started process (PID=794) to work on /opt/airflow/dags/predictive_pipeline_dag.py
[2025-11-19T15:44:54.937+0000] {processor.py:830} INFO - Processing file /opt/airflow/dags/predictive_pipeline_dag.py for tasks to queue
[2025-11-19T15:44:54.938+0000] {logging_mixin.py:188} INFO - [2025-11-19T15:44:54.938+0000] {dagbag.py:545} INFO - Filling up the DagBag from /opt/airflow/dags/predictive_pipeline_dag.py
[2025-11-19T15:44:57.802+0000] {logging_mixin.py:188} WARNING - /home/airflow/.local/lib/python3.12/site-packages/mlflow/tracking/_tracking_service/utils.py:140 FutureWarning: Filesystem tracking backend (e.g., './mlruns') is deprecated. Please switch to a database backend (e.g., 'sqlite:///mlflow.db'). For feedback, see: https://github.com/mlflow/mlflow/issues/18534
[2025-11-19T15:44:58.623+0000] {processor.py:840} INFO - DAG(s) 'predictive_pipeline_xgb' retrieved from /opt/airflow/dags/predictive_pipeline_dag.py
[2025-11-19T15:44:58.660+0000] {logging_mixin.py:188} INFO - [2025-11-19T15:44:58.659+0000] {dag.py:3096} INFO - Sync 1 DAGs
[2025-11-19T15:44:58.689+0000] {logging_mixin.py:188} INFO - [2025-11-19T15:44:58.689+0000] {dag.py:3954} INFO - Setting next_dagrun for predictive_pipeline_xgb to 2025-11-23 00:00:00+00:00, run_after=2025-11-30 00:00:00+00:00
[2025-11-19T15:44:58.760+0000] {processor.py:183} INFO - Processing /opt/airflow/dags/predictive_pipeline_dag.py took 4.423 seconds
[2025-11-19T15:45:28.936+0000] {processor.py:161} INFO - Started process (PID=804) to work on /opt/airflow/dags/predictive_pipeline_dag.py
[2025-11-19T15:45:28.937+0000] {processor.py:830} INFO - Processing file /opt/airflow/dags/predictive_pipeline_dag.py for tasks to queue
[2025-11-19T15:45:28.938+0000] {logging_mixin.py:188} INFO - [2025-11-19T15:45:28.938+0000] {dagbag.py:545} INFO - Filling up the DagBag from /opt/airflow/dags/predictive_pipeline_dag.py
[2025-11-19T15:45:30.958+0000] {logging_mixin.py:188} WARNING - /home/airflow/.local/lib/python3.12/site-packages/mlflow/tracking/_tracking_service/utils.py:140 FutureWarning: Filesystem tracking backend (e.g., './mlruns') is deprecated. Please switch to a database backend (e.g., 'sqlite:///mlflow.db'). For feedback, see: https://github.com/mlflow/mlflow/issues/18534
[2025-11-19T15:45:31.771+0000] {processor.py:840} INFO - DAG(s) 'predictive_pipeline_xgb' retrieved from /opt/airflow/dags/predictive_pipeline_dag.py
[2025-11-19T15:45:31.799+0000] {logging_mixin.py:188} INFO - [2025-11-19T15:45:31.799+0000] {dag.py:3096} INFO - Sync 1 DAGs
[2025-11-19T15:45:31.822+0000] {logging_mixin.py:188} INFO - [2025-11-19T15:45:31.822+0000] {dag.py:3954} INFO - Setting next_dagrun for predictive_pipeline_xgb to 2025-11-23 00:00:00+00:00, run_after=2025-11-30 00:00:00+00:00
[2025-11-19T15:45:31.897+0000] {processor.py:183} INFO - Processing /opt/airflow/dags/predictive_pipeline_dag.py took 2.968 seconds
[2025-11-19T15:46:02.093+0000] {processor.py:161} INFO - Started process (PID=814) to work on /opt/airflow/dags/predictive_pipeline_dag.py
[2025-11-19T15:46:02.094+0000] {processor.py:830} INFO - Processing file /opt/airflow/dags/predictive_pipeline_dag.py for tasks to queue
[2025-11-19T15:46:02.095+0000] {logging_mixin.py:188} INFO - [2025-11-19T15:46:02.094+0000] {dagbag.py:545} INFO - Filling up the DagBag from /opt/airflow/dags/predictive_pipeline_dag.py
[2025-11-19T15:46:04.478+0000] {logging_mixin.py:188} WARNING - /home/airflow/.local/lib/python3.12/site-packages/mlflow/tracking/_tracking_service/utils.py:140 FutureWarning: Filesystem tracking backend (e.g., './mlruns') is deprecated. Please switch to a database backend (e.g., 'sqlite:///mlflow.db'). For feedback, see: https://github.com/mlflow/mlflow/issues/18534
[2025-11-19T15:46:05.486+0000] {processor.py:840} INFO - DAG(s) 'predictive_pipeline_xgb' retrieved from /opt/airflow/dags/predictive_pipeline_dag.py
[2025-11-19T15:46:05.512+0000] {logging_mixin.py:188} INFO - [2025-11-19T15:46:05.512+0000] {dag.py:3096} INFO - Sync 1 DAGs
[2025-11-19T15:46:05.535+0000] {logging_mixin.py:188} INFO - [2025-11-19T15:46:05.534+0000] {dag.py:3954} INFO - Setting next_dagrun for predictive_pipeline_xgb to 2025-11-23 00:00:00+00:00, run_after=2025-11-30 00:00:00+00:00
[2025-11-19T15:46:05.595+0000] {processor.py:183} INFO - Processing /opt/airflow/dags/predictive_pipeline_dag.py took 3.510 seconds
[2025-11-19T15:46:35.652+0000] {processor.py:161} INFO - Started process (PID=824) to work on /opt/airflow/dags/predictive_pipeline_dag.py
[2025-11-19T15:46:35.653+0000] {processor.py:830} INFO - Processing file /opt/airflow/dags/predictive_pipeline_dag.py for tasks to queue
[2025-11-19T15:46:35.654+0000] {logging_mixin.py:188} INFO - [2025-11-19T15:46:35.654+0000] {dagbag.py:545} INFO - Filling up the DagBag from /opt/airflow/dags/predictive_pipeline_dag.py
[2025-11-19T15:46:37.548+0000] {logging_mixin.py:188} WARNING - /home/airflow/.local/lib/python3.12/site-packages/mlflow/tracking/_tracking_service/utils.py:140 FutureWarning: Filesystem tracking backend (e.g., './mlruns') is deprecated. Please switch to a database backend (e.g., 'sqlite:///mlflow.db'). For feedback, see: https://github.com/mlflow/mlflow/issues/18534
[2025-11-19T15:46:38.320+0000] {processor.py:840} INFO - DAG(s) 'predictive_pipeline_xgb' retrieved from /opt/airflow/dags/predictive_pipeline_dag.py
[2025-11-19T15:46:38.347+0000] {logging_mixin.py:188} INFO - [2025-11-19T15:46:38.345+0000] {dag.py:3096} INFO - Sync 1 DAGs
[2025-11-19T15:46:38.367+0000] {logging_mixin.py:188} INFO - [2025-11-19T15:46:38.367+0000] {dag.py:3954} INFO - Setting next_dagrun for predictive_pipeline_xgb to 2025-11-23 00:00:00+00:00, run_after=2025-11-30 00:00:00+00:00
[2025-11-19T15:46:38.414+0000] {processor.py:183} INFO - Processing /opt/airflow/dags/predictive_pipeline_dag.py took 2.769 seconds
[2025-11-19T15:47:08.508+0000] {processor.py:161} INFO - Started process (PID=834) to work on /opt/airflow/dags/predictive_pipeline_dag.py
[2025-11-19T15:47:08.509+0000] {processor.py:830} INFO - Processing file /opt/airflow/dags/predictive_pipeline_dag.py for tasks to queue
[2025-11-19T15:47:08.510+0000] {logging_mixin.py:188} INFO - [2025-11-19T15:47:08.510+0000] {dagbag.py:545} INFO - Filling up the DagBag from /opt/airflow/dags/predictive_pipeline_dag.py
[2025-11-19T15:47:10.464+0000] {logging_mixin.py:188} WARNING - /home/airflow/.local/lib/python3.12/site-packages/mlflow/tracking/_tracking_service/utils.py:140 FutureWarning: Filesystem tracking backend (e.g., './mlruns') is deprecated. Please switch to a database backend (e.g., 'sqlite:///mlflow.db'). For feedback, see: https://github.com/mlflow/mlflow/issues/18534
[2025-11-19T15:47:11.265+0000] {processor.py:840} INFO - DAG(s) 'predictive_pipeline_xgb' retrieved from /opt/airflow/dags/predictive_pipeline_dag.py
[2025-11-19T15:47:11.291+0000] {logging_mixin.py:188} INFO - [2025-11-19T15:47:11.290+0000] {dag.py:3096} INFO - Sync 1 DAGs
[2025-11-19T15:47:11.313+0000] {logging_mixin.py:188} INFO - [2025-11-19T15:47:11.312+0000] {dag.py:3954} INFO - Setting next_dagrun for predictive_pipeline_xgb to 2025-11-23 00:00:00+00:00, run_after=2025-11-30 00:00:00+00:00
[2025-11-19T15:47:11.362+0000] {processor.py:183} INFO - Processing /opt/airflow/dags/predictive_pipeline_dag.py took 2.860 seconds
[2025-11-19T15:47:41.757+0000] {processor.py:161} INFO - Started process (PID=844) to work on /opt/airflow/dags/predictive_pipeline_dag.py
[2025-11-19T15:47:41.758+0000] {processor.py:830} INFO - Processing file /opt/airflow/dags/predictive_pipeline_dag.py for tasks to queue
[2025-11-19T15:47:41.759+0000] {logging_mixin.py:188} INFO - [2025-11-19T15:47:41.758+0000] {dagbag.py:545} INFO - Filling up the DagBag from /opt/airflow/dags/predictive_pipeline_dag.py
[2025-11-19T15:47:43.993+0000] {logging_mixin.py:188} WARNING - /home/airflow/.local/lib/python3.12/site-packages/mlflow/tracking/_tracking_service/utils.py:140 FutureWarning: Filesystem tracking backend (e.g., './mlruns') is deprecated. Please switch to a database backend (e.g., 'sqlite:///mlflow.db'). For feedback, see: https://github.com/mlflow/mlflow/issues/18534
[2025-11-19T15:47:44.956+0000] {processor.py:840} INFO - DAG(s) 'predictive_pipeline_xgb' retrieved from /opt/airflow/dags/predictive_pipeline_dag.py
[2025-11-19T15:47:44.982+0000] {logging_mixin.py:188} INFO - [2025-11-19T15:47:44.982+0000] {dag.py:3096} INFO - Sync 1 DAGs
[2025-11-19T15:47:45.005+0000] {logging_mixin.py:188} INFO - [2025-11-19T15:47:45.005+0000] {dag.py:3954} INFO - Setting next_dagrun for predictive_pipeline_xgb to 2025-11-23 00:00:00+00:00, run_after=2025-11-30 00:00:00+00:00
[2025-11-19T15:47:45.064+0000] {processor.py:183} INFO - Processing /opt/airflow/dags/predictive_pipeline_dag.py took 3.315 seconds
[2025-11-19T15:48:16.140+0000] {processor.py:161} INFO - Started process (PID=854) to work on /opt/airflow/dags/predictive_pipeline_dag.py
[2025-11-19T15:48:16.141+0000] {processor.py:830} INFO - Processing file /opt/airflow/dags/predictive_pipeline_dag.py for tasks to queue
[2025-11-19T15:48:16.142+0000] {logging_mixin.py:188} INFO - [2025-11-19T15:48:16.141+0000] {dagbag.py:545} INFO - Filling up the DagBag from /opt/airflow/dags/predictive_pipeline_dag.py
[2025-11-19T15:48:18.466+0000] {logging_mixin.py:188} WARNING - /home/airflow/.local/lib/python3.12/site-packages/mlflow/tracking/_tracking_service/utils.py:140 FutureWarning: Filesystem tracking backend (e.g., './mlruns') is deprecated. Please switch to a database backend (e.g., 'sqlite:///mlflow.db'). For feedback, see: https://github.com/mlflow/mlflow/issues/18534
[2025-11-19T15:48:19.326+0000] {processor.py:840} INFO - DAG(s) 'predictive_pipeline_xgb' retrieved from /opt/airflow/dags/predictive_pipeline_dag.py
[2025-11-19T15:48:19.352+0000] {logging_mixin.py:188} INFO - [2025-11-19T15:48:19.352+0000] {dag.py:3096} INFO - Sync 1 DAGs
[2025-11-19T15:48:19.375+0000] {logging_mixin.py:188} INFO - [2025-11-19T15:48:19.375+0000] {dag.py:3954} INFO - Setting next_dagrun for predictive_pipeline_xgb to 2025-11-23 00:00:00+00:00, run_after=2025-11-30 00:00:00+00:00
[2025-11-19T15:48:19.428+0000] {processor.py:183} INFO - Processing /opt/airflow/dags/predictive_pipeline_dag.py took 3.295 seconds
[2025-11-19T15:48:49.534+0000] {processor.py:161} INFO - Started process (PID=864) to work on /opt/airflow/dags/predictive_pipeline_dag.py
[2025-11-19T15:48:49.535+0000] {processor.py:830} INFO - Processing file /opt/airflow/dags/predictive_pipeline_dag.py for tasks to queue
[2025-11-19T15:48:49.537+0000] {logging_mixin.py:188} INFO - [2025-11-19T15:48:49.536+0000] {dagbag.py:545} INFO - Filling up the DagBag from /opt/airflow/dags/predictive_pipeline_dag.py
[2025-11-19T15:48:51.723+0000] {logging_mixin.py:188} WARNING - /home/airflow/.local/lib/python3.12/site-packages/mlflow/tracking/_tracking_service/utils.py:140 FutureWarning: Filesystem tracking backend (e.g., './mlruns') is deprecated. Please switch to a database backend (e.g., 'sqlite:///mlflow.db'). For feedback, see: https://github.com/mlflow/mlflow/issues/18534
[2025-11-19T15:48:52.568+0000] {processor.py:840} INFO - DAG(s) 'predictive_pipeline_xgb' retrieved from /opt/airflow/dags/predictive_pipeline_dag.py
[2025-11-19T15:48:52.594+0000] {logging_mixin.py:188} INFO - [2025-11-19T15:48:52.593+0000] {dag.py:3096} INFO - Sync 1 DAGs
[2025-11-19T15:48:52.614+0000] {logging_mixin.py:188} INFO - [2025-11-19T15:48:52.614+0000] {dag.py:3954} INFO - Setting next_dagrun for predictive_pipeline_xgb to 2025-11-23 00:00:00+00:00, run_after=2025-11-30 00:00:00+00:00
[2025-11-19T15:48:52.668+0000] {processor.py:183} INFO - Processing /opt/airflow/dags/predictive_pipeline_dag.py took 3.145 seconds
[2025-11-19T15:49:23.175+0000] {processor.py:161} INFO - Started process (PID=874) to work on /opt/airflow/dags/predictive_pipeline_dag.py
[2025-11-19T15:49:23.176+0000] {processor.py:830} INFO - Processing file /opt/airflow/dags/predictive_pipeline_dag.py for tasks to queue
[2025-11-19T15:49:23.177+0000] {logging_mixin.py:188} INFO - [2025-11-19T15:49:23.177+0000] {dagbag.py:545} INFO - Filling up the DagBag from /opt/airflow/dags/predictive_pipeline_dag.py
[2025-11-19T15:49:25.312+0000] {logging_mixin.py:188} WARNING - /home/airflow/.local/lib/python3.12/site-packages/mlflow/tracking/_tracking_service/utils.py:140 FutureWarning: Filesystem tracking backend (e.g., './mlruns') is deprecated. Please switch to a database backend (e.g., 'sqlite:///mlflow.db'). For feedback, see: https://github.com/mlflow/mlflow/issues/18534
[2025-11-19T15:49:26.168+0000] {processor.py:840} INFO - DAG(s) 'predictive_pipeline_xgb' retrieved from /opt/airflow/dags/predictive_pipeline_dag.py
[2025-11-19T15:49:26.196+0000] {logging_mixin.py:188} INFO - [2025-11-19T15:49:26.195+0000] {dag.py:3096} INFO - Sync 1 DAGs
[2025-11-19T15:49:26.219+0000] {logging_mixin.py:188} INFO - [2025-11-19T15:49:26.219+0000] {dag.py:3954} INFO - Setting next_dagrun for predictive_pipeline_xgb to 2025-11-23 00:00:00+00:00, run_after=2025-11-30 00:00:00+00:00
[2025-11-19T15:49:26.274+0000] {processor.py:183} INFO - Processing /opt/airflow/dags/predictive_pipeline_dag.py took 3.106 seconds
[2025-11-19T15:49:57.125+0000] {processor.py:161} INFO - Started process (PID=884) to work on /opt/airflow/dags/predictive_pipeline_dag.py
[2025-11-19T15:49:57.126+0000] {processor.py:830} INFO - Processing file /opt/airflow/dags/predictive_pipeline_dag.py for tasks to queue
[2025-11-19T15:49:57.127+0000] {logging_mixin.py:188} INFO - [2025-11-19T15:49:57.127+0000] {dagbag.py:545} INFO - Filling up the DagBag from /opt/airflow/dags/predictive_pipeline_dag.py
[2025-11-19T15:49:59.429+0000] {logging_mixin.py:188} WARNING - /home/airflow/.local/lib/python3.12/site-packages/mlflow/tracking/_tracking_service/utils.py:140 FutureWarning: Filesystem tracking backend (e.g., './mlruns') is deprecated. Please switch to a database backend (e.g., 'sqlite:///mlflow.db'). For feedback, see: https://github.com/mlflow/mlflow/issues/18534
[2025-11-19T15:50:00.528+0000] {processor.py:840} INFO - DAG(s) 'predictive_pipeline_xgb' retrieved from /opt/airflow/dags/predictive_pipeline_dag.py
[2025-11-19T15:50:00.562+0000] {logging_mixin.py:188} INFO - [2025-11-19T15:50:00.562+0000] {dag.py:3096} INFO - Sync 1 DAGs
[2025-11-19T15:50:00.584+0000] {logging_mixin.py:188} INFO - [2025-11-19T15:50:00.584+0000] {dag.py:3954} INFO - Setting next_dagrun for predictive_pipeline_xgb to 2025-11-23 00:00:00+00:00, run_after=2025-11-30 00:00:00+00:00
[2025-11-19T15:50:00.638+0000] {processor.py:183} INFO - Processing /opt/airflow/dags/predictive_pipeline_dag.py took 3.522 seconds
[2025-11-19T15:50:30.728+0000] {processor.py:161} INFO - Started process (PID=894) to work on /opt/airflow/dags/predictive_pipeline_dag.py
[2025-11-19T15:50:30.729+0000] {processor.py:830} INFO - Processing file /opt/airflow/dags/predictive_pipeline_dag.py for tasks to queue
[2025-11-19T15:50:30.730+0000] {logging_mixin.py:188} INFO - [2025-11-19T15:50:30.730+0000] {dagbag.py:545} INFO - Filling up the DagBag from /opt/airflow/dags/predictive_pipeline_dag.py
[2025-11-19T15:50:32.983+0000] {logging_mixin.py:188} WARNING - /home/airflow/.local/lib/python3.12/site-packages/mlflow/tracking/_tracking_service/utils.py:140 FutureWarning: Filesystem tracking backend (e.g., './mlruns') is deprecated. Please switch to a database backend (e.g., 'sqlite:///mlflow.db'). For feedback, see: https://github.com/mlflow/mlflow/issues/18534
[2025-11-19T15:50:33.870+0000] {processor.py:840} INFO - DAG(s) 'predictive_pipeline_xgb' retrieved from /opt/airflow/dags/predictive_pipeline_dag.py
[2025-11-19T15:50:33.897+0000] {logging_mixin.py:188} INFO - [2025-11-19T15:50:33.896+0000] {dag.py:3096} INFO - Sync 1 DAGs
[2025-11-19T15:50:33.921+0000] {logging_mixin.py:188} INFO - [2025-11-19T15:50:33.921+0000] {dag.py:3954} INFO - Setting next_dagrun for predictive_pipeline_xgb to 2025-11-23 00:00:00+00:00, run_after=2025-11-30 00:00:00+00:00
[2025-11-19T15:50:33.979+0000] {processor.py:183} INFO - Processing /opt/airflow/dags/predictive_pipeline_dag.py took 3.258 seconds
[2025-11-19T15:51:04.165+0000] {processor.py:161} INFO - Started process (PID=904) to work on /opt/airflow/dags/predictive_pipeline_dag.py
[2025-11-19T15:51:04.166+0000] {processor.py:830} INFO - Processing file /opt/airflow/dags/predictive_pipeline_dag.py for tasks to queue
[2025-11-19T15:51:04.167+0000] {logging_mixin.py:188} INFO - [2025-11-19T15:51:04.167+0000] {dagbag.py:545} INFO - Filling up the DagBag from /opt/airflow/dags/predictive_pipeline_dag.py
[2025-11-19T15:51:06.121+0000] {logging_mixin.py:188} WARNING - /home/airflow/.local/lib/python3.12/site-packages/mlflow/tracking/_tracking_service/utils.py:140 FutureWarning: Filesystem tracking backend (e.g., './mlruns') is deprecated. Please switch to a database backend (e.g., 'sqlite:///mlflow.db'). For feedback, see: https://github.com/mlflow/mlflow/issues/18534
[2025-11-19T15:51:06.947+0000] {processor.py:840} INFO - DAG(s) 'predictive_pipeline_xgb' retrieved from /opt/airflow/dags/predictive_pipeline_dag.py
[2025-11-19T15:51:07.011+0000] {logging_mixin.py:188} INFO - [2025-11-19T15:51:07.011+0000] {dag.py:3096} INFO - Sync 1 DAGs
[2025-11-19T15:51:07.030+0000] {logging_mixin.py:188} INFO - [2025-11-19T15:51:07.030+0000] {dag.py:3954} INFO - Setting next_dagrun for predictive_pipeline_xgb to 2025-11-23 00:00:00+00:00, run_after=2025-11-30 00:00:00+00:00
[2025-11-19T15:51:07.073+0000] {processor.py:183} INFO - Processing /opt/airflow/dags/predictive_pipeline_dag.py took 2.917 seconds
[2025-11-19T15:51:38.205+0000] {processor.py:161} INFO - Started process (PID=914) to work on /opt/airflow/dags/predictive_pipeline_dag.py
[2025-11-19T15:51:38.207+0000] {processor.py:830} INFO - Processing file /opt/airflow/dags/predictive_pipeline_dag.py for tasks to queue
[2025-11-19T15:51:38.208+0000] {logging_mixin.py:188} INFO - [2025-11-19T15:51:38.207+0000] {dagbag.py:545} INFO - Filling up the DagBag from /opt/airflow/dags/predictive_pipeline_dag.py
[2025-11-19T15:51:40.671+0000] {logging_mixin.py:188} WARNING - /home/airflow/.local/lib/python3.12/site-packages/mlflow/tracking/_tracking_service/utils.py:140 FutureWarning: Filesystem tracking backend (e.g., './mlruns') is deprecated. Please switch to a database backend (e.g., 'sqlite:///mlflow.db'). For feedback, see: https://github.com/mlflow/mlflow/issues/18534
[2025-11-19T15:51:41.775+0000] {processor.py:840} INFO - DAG(s) 'predictive_pipeline_xgb' retrieved from /opt/airflow/dags/predictive_pipeline_dag.py
[2025-11-19T15:51:41.799+0000] {logging_mixin.py:188} INFO - [2025-11-19T15:51:41.798+0000] {dag.py:3096} INFO - Sync 1 DAGs
[2025-11-19T15:51:41.817+0000] {logging_mixin.py:188} INFO - [2025-11-19T15:51:41.817+0000] {dag.py:3954} INFO - Setting next_dagrun for predictive_pipeline_xgb to 2025-11-23 00:00:00+00:00, run_after=2025-11-30 00:00:00+00:00
[2025-11-19T15:51:41.867+0000] {processor.py:183} INFO - Processing /opt/airflow/dags/predictive_pipeline_dag.py took 3.670 seconds
[2025-11-19T15:52:12.105+0000] {processor.py:161} INFO - Started process (PID=924) to work on /opt/airflow/dags/predictive_pipeline_dag.py
[2025-11-19T15:52:12.106+0000] {processor.py:830} INFO - Processing file /opt/airflow/dags/predictive_pipeline_dag.py for tasks to queue
[2025-11-19T15:52:12.107+0000] {logging_mixin.py:188} INFO - [2025-11-19T15:52:12.107+0000] {dagbag.py:545} INFO - Filling up the DagBag from /opt/airflow/dags/predictive_pipeline_dag.py
[2025-11-19T15:52:14.204+0000] {logging_mixin.py:188} WARNING - /home/airflow/.local/lib/python3.12/site-packages/mlflow/tracking/_tracking_service/utils.py:140 FutureWarning: Filesystem tracking backend (e.g., './mlruns') is deprecated. Please switch to a database backend (e.g., 'sqlite:///mlflow.db'). For feedback, see: https://github.com/mlflow/mlflow/issues/18534
[2025-11-19T15:52:15.228+0000] {processor.py:840} INFO - DAG(s) 'predictive_pipeline_xgb' retrieved from /opt/airflow/dags/predictive_pipeline_dag.py
[2025-11-19T15:52:15.258+0000] {logging_mixin.py:188} INFO - [2025-11-19T15:52:15.257+0000] {dag.py:3096} INFO - Sync 1 DAGs
[2025-11-19T15:52:15.284+0000] {logging_mixin.py:188} INFO - [2025-11-19T15:52:15.283+0000] {dag.py:3954} INFO - Setting next_dagrun for predictive_pipeline_xgb to 2025-11-23 00:00:00+00:00, run_after=2025-11-30 00:00:00+00:00
[2025-11-19T15:52:15.375+0000] {processor.py:183} INFO - Processing /opt/airflow/dags/predictive_pipeline_dag.py took 3.280 seconds
[2025-11-19T15:52:46.088+0000] {processor.py:161} INFO - Started process (PID=934) to work on /opt/airflow/dags/predictive_pipeline_dag.py
[2025-11-19T15:52:46.089+0000] {processor.py:830} INFO - Processing file /opt/airflow/dags/predictive_pipeline_dag.py for tasks to queue
[2025-11-19T15:52:46.090+0000] {logging_mixin.py:188} INFO - [2025-11-19T15:52:46.089+0000] {dagbag.py:545} INFO - Filling up the DagBag from /opt/airflow/dags/predictive_pipeline_dag.py
[2025-11-19T15:52:48.088+0000] {logging_mixin.py:188} WARNING - /home/airflow/.local/lib/python3.12/site-packages/mlflow/tracking/_tracking_service/utils.py:140 FutureWarning: Filesystem tracking backend (e.g., './mlruns') is deprecated. Please switch to a database backend (e.g., 'sqlite:///mlflow.db'). For feedback, see: https://github.com/mlflow/mlflow/issues/18534
[2025-11-19T15:52:48.269+0000] {processor.py:840} INFO - DAG(s) 'predictive_pipeline_xgb' retrieved from /opt/airflow/dags/predictive_pipeline_dag.py
[2025-11-19T15:52:48.294+0000] {logging_mixin.py:188} INFO - [2025-11-19T15:52:48.293+0000] {dag.py:3096} INFO - Sync 1 DAGs
[2025-11-19T15:52:48.314+0000] {logging_mixin.py:188} INFO - [2025-11-19T15:52:48.314+0000] {dag.py:3954} INFO - Setting next_dagrun for predictive_pipeline_xgb to 2025-11-23 00:00:00+00:00, run_after=2025-11-30 00:00:00+00:00
[2025-11-19T15:52:48.366+0000] {processor.py:183} INFO - Processing /opt/airflow/dags/predictive_pipeline_dag.py took 2.962 seconds
[2025-11-19T15:53:19.239+0000] {processor.py:161} INFO - Started process (PID=944) to work on /opt/airflow/dags/predictive_pipeline_dag.py
[2025-11-19T15:53:19.241+0000] {processor.py:830} INFO - Processing file /opt/airflow/dags/predictive_pipeline_dag.py for tasks to queue
[2025-11-19T15:53:19.242+0000] {logging_mixin.py:188} INFO - [2025-11-19T15:53:19.242+0000] {dagbag.py:545} INFO - Filling up the DagBag from /opt/airflow/dags/predictive_pipeline_dag.py
[2025-11-19T15:53:21.574+0000] {logging_mixin.py:188} WARNING - /home/airflow/.local/lib/python3.12/site-packages/mlflow/tracking/_tracking_service/utils.py:140 FutureWarning: Filesystem tracking backend (e.g., './mlruns') is deprecated. Please switch to a database backend (e.g., 'sqlite:///mlflow.db'). For feedback, see: https://github.com/mlflow/mlflow/issues/18534
[2025-11-19T15:53:22.716+0000] {processor.py:840} INFO - DAG(s) 'predictive_pipeline_xgb' retrieved from /opt/airflow/dags/predictive_pipeline_dag.py
[2025-11-19T15:53:22.748+0000] {logging_mixin.py:188} INFO - [2025-11-19T15:53:22.747+0000] {dag.py:3096} INFO - Sync 1 DAGs
[2025-11-19T15:53:22.770+0000] {logging_mixin.py:188} INFO - [2025-11-19T15:53:22.770+0000] {dag.py:3954} INFO - Setting next_dagrun for predictive_pipeline_xgb to 2025-11-23 00:00:00+00:00, run_after=2025-11-30 00:00:00+00:00
[2025-11-19T15:53:22.853+0000] {processor.py:183} INFO - Processing /opt/airflow/dags/predictive_pipeline_dag.py took 3.622 seconds
[2025-11-19T15:53:53.064+0000] {processor.py:161} INFO - Started process (PID=954) to work on /opt/airflow/dags/predictive_pipeline_dag.py
[2025-11-19T15:53:53.066+0000] {processor.py:830} INFO - Processing file /opt/airflow/dags/predictive_pipeline_dag.py for tasks to queue
[2025-11-19T15:53:53.068+0000] {logging_mixin.py:188} INFO - [2025-11-19T15:53:53.067+0000] {dagbag.py:545} INFO - Filling up the DagBag from /opt/airflow/dags/predictive_pipeline_dag.py
[2025-11-19T15:53:55.488+0000] {logging_mixin.py:188} WARNING - /home/airflow/.local/lib/python3.12/site-packages/mlflow/tracking/_tracking_service/utils.py:140 FutureWarning: Filesystem tracking backend (e.g., './mlruns') is deprecated. Please switch to a database backend (e.g., 'sqlite:///mlflow.db'). For feedback, see: https://github.com/mlflow/mlflow/issues/18534
[2025-11-19T15:53:56.410+0000] {processor.py:840} INFO - DAG(s) 'predictive_pipeline_xgb' retrieved from /opt/airflow/dags/predictive_pipeline_dag.py
[2025-11-19T15:53:56.435+0000] {logging_mixin.py:188} INFO - [2025-11-19T15:53:56.434+0000] {dag.py:3096} INFO - Sync 1 DAGs
[2025-11-19T15:53:56.456+0000] {logging_mixin.py:188} INFO - [2025-11-19T15:53:56.456+0000] {dag.py:3954} INFO - Setting next_dagrun for predictive_pipeline_xgb to 2025-11-23 00:00:00+00:00, run_after=2025-11-30 00:00:00+00:00
[2025-11-19T15:53:56.541+0000] {processor.py:183} INFO - Processing /opt/airflow/dags/predictive_pipeline_dag.py took 3.488 seconds
[2025-11-19T15:54:27.532+0000] {processor.py:161} INFO - Started process (PID=964) to work on /opt/airflow/dags/predictive_pipeline_dag.py
[2025-11-19T15:54:27.533+0000] {processor.py:830} INFO - Processing file /opt/airflow/dags/predictive_pipeline_dag.py for tasks to queue
[2025-11-19T15:54:27.534+0000] {logging_mixin.py:188} INFO - [2025-11-19T15:54:27.534+0000] {dagbag.py:545} INFO - Filling up the DagBag from /opt/airflow/dags/predictive_pipeline_dag.py
[2025-11-19T15:54:29.593+0000] {logging_mixin.py:188} WARNING - /home/airflow/.local/lib/python3.12/site-packages/mlflow/tracking/_tracking_service/utils.py:140 FutureWarning: Filesystem tracking backend (e.g., './mlruns') is deprecated. Please switch to a database backend (e.g., 'sqlite:///mlflow.db'). For feedback, see: https://github.com/mlflow/mlflow/issues/18534
[2025-11-19T15:54:30.421+0000] {processor.py:840} INFO - DAG(s) 'predictive_pipeline_xgb' retrieved from /opt/airflow/dags/predictive_pipeline_dag.py
[2025-11-19T15:54:30.446+0000] {logging_mixin.py:188} INFO - [2025-11-19T15:54:30.445+0000] {dag.py:3096} INFO - Sync 1 DAGs
[2025-11-19T15:54:30.469+0000] {logging_mixin.py:188} INFO - [2025-11-19T15:54:30.469+0000] {dag.py:3954} INFO - Setting next_dagrun for predictive_pipeline_xgb to 2025-11-23 00:00:00+00:00, run_after=2025-11-30 00:00:00+00:00
[2025-11-19T15:54:30.519+0000] {processor.py:183} INFO - Processing /opt/airflow/dags/predictive_pipeline_dag.py took 2.995 seconds
[2025-11-19T15:55:01.307+0000] {processor.py:161} INFO - Started process (PID=974) to work on /opt/airflow/dags/predictive_pipeline_dag.py
[2025-11-19T15:55:01.308+0000] {processor.py:830} INFO - Processing file /opt/airflow/dags/predictive_pipeline_dag.py for tasks to queue
[2025-11-19T15:55:01.309+0000] {logging_mixin.py:188} INFO - [2025-11-19T15:55:01.309+0000] {dagbag.py:545} INFO - Filling up the DagBag from /opt/airflow/dags/predictive_pipeline_dag.py
[2025-11-19T15:55:03.546+0000] {logging_mixin.py:188} WARNING - /home/airflow/.local/lib/python3.12/site-packages/mlflow/tracking/_tracking_service/utils.py:140 FutureWarning: Filesystem tracking backend (e.g., './mlruns') is deprecated. Please switch to a database backend (e.g., 'sqlite:///mlflow.db'). For feedback, see: https://github.com/mlflow/mlflow/issues/18534
[2025-11-19T15:55:04.612+0000] {processor.py:840} INFO - DAG(s) 'predictive_pipeline_xgb' retrieved from /opt/airflow/dags/predictive_pipeline_dag.py
[2025-11-19T15:55:04.641+0000] {logging_mixin.py:188} INFO - [2025-11-19T15:55:04.640+0000] {dag.py:3096} INFO - Sync 1 DAGs
[2025-11-19T15:55:04.671+0000] {logging_mixin.py:188} INFO - [2025-11-19T15:55:04.670+0000] {dag.py:3954} INFO - Setting next_dagrun for predictive_pipeline_xgb to 2025-11-23 00:00:00+00:00, run_after=2025-11-30 00:00:00+00:00
[2025-11-19T15:55:04.753+0000] {processor.py:183} INFO - Processing /opt/airflow/dags/predictive_pipeline_dag.py took 3.454 seconds
[2025-11-19T15:55:35.849+0000] {processor.py:161} INFO - Started process (PID=984) to work on /opt/airflow/dags/predictive_pipeline_dag.py
[2025-11-19T15:55:35.850+0000] {processor.py:830} INFO - Processing file /opt/airflow/dags/predictive_pipeline_dag.py for tasks to queue
[2025-11-19T15:55:35.851+0000] {logging_mixin.py:188} INFO - [2025-11-19T15:55:35.851+0000] {dagbag.py:545} INFO - Filling up the DagBag from /opt/airflow/dags/predictive_pipeline_dag.py
[2025-11-19T15:55:37.890+0000] {logging_mixin.py:188} WARNING - /home/airflow/.local/lib/python3.12/site-packages/mlflow/tracking/_tracking_service/utils.py:140 FutureWarning: Filesystem tracking backend (e.g., './mlruns') is deprecated. Please switch to a database backend (e.g., 'sqlite:///mlflow.db'). For feedback, see: https://github.com/mlflow/mlflow/issues/18534
[2025-11-19T15:55:38.718+0000] {processor.py:840} INFO - DAG(s) 'predictive_pipeline_xgb' retrieved from /opt/airflow/dags/predictive_pipeline_dag.py
[2025-11-19T15:55:38.747+0000] {logging_mixin.py:188} INFO - [2025-11-19T15:55:38.746+0000] {dag.py:3096} INFO - Sync 1 DAGs
[2025-11-19T15:55:38.768+0000] {logging_mixin.py:188} INFO - [2025-11-19T15:55:38.768+0000] {dag.py:3954} INFO - Setting next_dagrun for predictive_pipeline_xgb to 2025-11-23 00:00:00+00:00, run_after=2025-11-30 00:00:00+00:00
[2025-11-19T15:55:38.828+0000] {processor.py:183} INFO - Processing /opt/airflow/dags/predictive_pipeline_dag.py took 2.987 seconds
[2025-11-19T15:56:09.479+0000] {processor.py:161} INFO - Started process (PID=994) to work on /opt/airflow/dags/predictive_pipeline_dag.py
[2025-11-19T15:56:09.481+0000] {processor.py:830} INFO - Processing file /opt/airflow/dags/predictive_pipeline_dag.py for tasks to queue
[2025-11-19T15:56:09.482+0000] {logging_mixin.py:188} INFO - [2025-11-19T15:56:09.482+0000] {dagbag.py:545} INFO - Filling up the DagBag from /opt/airflow/dags/predictive_pipeline_dag.py
[2025-11-19T15:56:11.639+0000] {logging_mixin.py:188} WARNING - /home/airflow/.local/lib/python3.12/site-packages/mlflow/tracking/_tracking_service/utils.py:140 FutureWarning: Filesystem tracking backend (e.g., './mlruns') is deprecated. Please switch to a database backend (e.g., 'sqlite:///mlflow.db'). For feedback, see: https://github.com/mlflow/mlflow/issues/18534
[2025-11-19T15:56:12.522+0000] {processor.py:840} INFO - DAG(s) 'predictive_pipeline_xgb' retrieved from /opt/airflow/dags/predictive_pipeline_dag.py
[2025-11-19T15:56:12.552+0000] {logging_mixin.py:188} INFO - [2025-11-19T15:56:12.551+0000] {dag.py:3096} INFO - Sync 1 DAGs
[2025-11-19T15:56:12.573+0000] {logging_mixin.py:188} INFO - [2025-11-19T15:56:12.573+0000] {dag.py:3954} INFO - Setting next_dagrun for predictive_pipeline_xgb to 2025-11-23 00:00:00+00:00, run_after=2025-11-30 00:00:00+00:00
[2025-11-19T15:56:12.631+0000] {processor.py:183} INFO - Processing /opt/airflow/dags/predictive_pipeline_dag.py took 3.160 seconds
[2025-11-19T15:56:42.880+0000] {processor.py:161} INFO - Started process (PID=1004) to work on /opt/airflow/dags/predictive_pipeline_dag.py
[2025-11-19T15:56:42.881+0000] {processor.py:830} INFO - Processing file /opt/airflow/dags/predictive_pipeline_dag.py for tasks to queue
[2025-11-19T15:56:42.882+0000] {logging_mixin.py:188} INFO - [2025-11-19T15:56:42.882+0000] {dagbag.py:545} INFO - Filling up the DagBag from /opt/airflow/dags/predictive_pipeline_dag.py
[2025-11-19T15:56:44.960+0000] {logging_mixin.py:188} WARNING - /home/airflow/.local/lib/python3.12/site-packages/mlflow/tracking/_tracking_service/utils.py:140 FutureWarning: Filesystem tracking backend (e.g., './mlruns') is deprecated. Please switch to a database backend (e.g., 'sqlite:///mlflow.db'). For feedback, see: https://github.com/mlflow/mlflow/issues/18534
[2025-11-19T15:56:45.842+0000] {processor.py:840} INFO - DAG(s) 'predictive_pipeline_xgb' retrieved from /opt/airflow/dags/predictive_pipeline_dag.py
[2025-11-19T15:56:45.871+0000] {logging_mixin.py:188} INFO - [2025-11-19T15:56:45.871+0000] {dag.py:3096} INFO - Sync 1 DAGs
[2025-11-19T15:56:45.894+0000] {logging_mixin.py:188} INFO - [2025-11-19T15:56:45.893+0000] {dag.py:3954} INFO - Setting next_dagrun for predictive_pipeline_xgb to 2025-11-23 00:00:00+00:00, run_after=2025-11-30 00:00:00+00:00
[2025-11-19T15:56:45.949+0000] {processor.py:183} INFO - Processing /opt/airflow/dags/predictive_pipeline_dag.py took 3.077 seconds
[2025-11-19T15:57:16.243+0000] {processor.py:161} INFO - Started process (PID=1014) to work on /opt/airflow/dags/predictive_pipeline_dag.py
[2025-11-19T15:57:16.244+0000] {processor.py:830} INFO - Processing file /opt/airflow/dags/predictive_pipeline_dag.py for tasks to queue
[2025-11-19T15:57:16.245+0000] {logging_mixin.py:188} INFO - [2025-11-19T15:57:16.244+0000] {dagbag.py:545} INFO - Filling up the DagBag from /opt/airflow/dags/predictive_pipeline_dag.py
[2025-11-19T15:57:18.274+0000] {logging_mixin.py:188} WARNING - /home/airflow/.local/lib/python3.12/site-packages/mlflow/tracking/_tracking_service/utils.py:140 FutureWarning: Filesystem tracking backend (e.g., './mlruns') is deprecated. Please switch to a database backend (e.g., 'sqlite:///mlflow.db'). For feedback, see: https://github.com/mlflow/mlflow/issues/18534
[2025-11-19T15:57:19.062+0000] {processor.py:840} INFO - DAG(s) 'predictive_pipeline_xgb' retrieved from /opt/airflow/dags/predictive_pipeline_dag.py
[2025-11-19T15:57:19.086+0000] {logging_mixin.py:188} INFO - [2025-11-19T15:57:19.085+0000] {dag.py:3096} INFO - Sync 1 DAGs
[2025-11-19T15:57:19.106+0000] {logging_mixin.py:188} INFO - [2025-11-19T15:57:19.105+0000] {dag.py:3954} INFO - Setting next_dagrun for predictive_pipeline_xgb to 2025-11-23 00:00:00+00:00, run_after=2025-11-30 00:00:00+00:00
[2025-11-19T15:57:19.155+0000] {processor.py:183} INFO - Processing /opt/airflow/dags/predictive_pipeline_dag.py took 2.919 seconds
[2025-11-19T15:57:50.284+0000] {processor.py:161} INFO - Started process (PID=1024) to work on /opt/airflow/dags/predictive_pipeline_dag.py
[2025-11-19T15:57:50.285+0000] {processor.py:830} INFO - Processing file /opt/airflow/dags/predictive_pipeline_dag.py for tasks to queue
[2025-11-19T15:57:50.286+0000] {logging_mixin.py:188} INFO - [2025-11-19T15:57:50.286+0000] {dagbag.py:545} INFO - Filling up the DagBag from /opt/airflow/dags/predictive_pipeline_dag.py
[2025-11-19T15:57:52.239+0000] {logging_mixin.py:188} WARNING - /home/airflow/.local/lib/python3.12/site-packages/mlflow/tracking/_tracking_service/utils.py:140 FutureWarning: Filesystem tracking backend (e.g., './mlruns') is deprecated. Please switch to a database backend (e.g., 'sqlite:///mlflow.db'). For feedback, see: https://github.com/mlflow/mlflow/issues/18534
[2025-11-19T15:57:53.041+0000] {processor.py:840} INFO - DAG(s) 'predictive_pipeline_xgb' retrieved from /opt/airflow/dags/predictive_pipeline_dag.py
[2025-11-19T15:57:53.066+0000] {logging_mixin.py:188} INFO - [2025-11-19T15:57:53.065+0000] {dag.py:3096} INFO - Sync 1 DAGs
[2025-11-19T15:57:53.091+0000] {logging_mixin.py:188} INFO - [2025-11-19T15:57:53.091+0000] {dag.py:3954} INFO - Setting next_dagrun for predictive_pipeline_xgb to 2025-11-23 00:00:00+00:00, run_after=2025-11-30 00:00:00+00:00
[2025-11-19T15:57:53.151+0000] {processor.py:183} INFO - Processing /opt/airflow/dags/predictive_pipeline_dag.py took 2.873 seconds
[2025-11-19T15:58:23.870+0000] {processor.py:161} INFO - Started process (PID=1034) to work on /opt/airflow/dags/predictive_pipeline_dag.py
[2025-11-19T15:58:23.871+0000] {processor.py:830} INFO - Processing file /opt/airflow/dags/predictive_pipeline_dag.py for tasks to queue
[2025-11-19T15:58:23.872+0000] {logging_mixin.py:188} INFO - [2025-11-19T15:58:23.872+0000] {dagbag.py:545} INFO - Filling up the DagBag from /opt/airflow/dags/predictive_pipeline_dag.py
[2025-11-19T15:58:25.868+0000] {logging_mixin.py:188} WARNING - /home/airflow/.local/lib/python3.12/site-packages/mlflow/tracking/_tracking_service/utils.py:140 FutureWarning: Filesystem tracking backend (e.g., './mlruns') is deprecated. Please switch to a database backend (e.g., 'sqlite:///mlflow.db'). For feedback, see: https://github.com/mlflow/mlflow/issues/18534
[2025-11-19T15:58:26.699+0000] {processor.py:840} INFO - DAG(s) 'predictive_pipeline_xgb' retrieved from /opt/airflow/dags/predictive_pipeline_dag.py
[2025-11-19T15:58:26.724+0000] {logging_mixin.py:188} INFO - [2025-11-19T15:58:26.724+0000] {dag.py:3096} INFO - Sync 1 DAGs
[2025-11-19T15:58:26.743+0000] {logging_mixin.py:188} INFO - [2025-11-19T15:58:26.742+0000] {dag.py:3954} INFO - Setting next_dagrun for predictive_pipeline_xgb to 2025-11-23 00:00:00+00:00, run_after=2025-11-30 00:00:00+00:00
[2025-11-19T15:58:26.792+0000] {processor.py:183} INFO - Processing /opt/airflow/dags/predictive_pipeline_dag.py took 2.929 seconds
[2025-11-19T15:58:57.901+0000] {processor.py:161} INFO - Started process (PID=1044) to work on /opt/airflow/dags/predictive_pipeline_dag.py
[2025-11-19T15:58:57.903+0000] {processor.py:830} INFO - Processing file /opt/airflow/dags/predictive_pipeline_dag.py for tasks to queue
[2025-11-19T15:58:57.905+0000] {logging_mixin.py:188} INFO - [2025-11-19T15:58:57.904+0000] {dagbag.py:545} INFO - Filling up the DagBag from /opt/airflow/dags/predictive_pipeline_dag.py
[2025-11-19T15:59:00.190+0000] {logging_mixin.py:188} WARNING - /home/airflow/.local/lib/python3.12/site-packages/mlflow/tracking/_tracking_service/utils.py:140 FutureWarning: Filesystem tracking backend (e.g., './mlruns') is deprecated. Please switch to a database backend (e.g., 'sqlite:///mlflow.db'). For feedback, see: https://github.com/mlflow/mlflow/issues/18534
[2025-11-19T15:59:00.997+0000] {processor.py:840} INFO - DAG(s) 'predictive_pipeline_xgb' retrieved from /opt/airflow/dags/predictive_pipeline_dag.py
[2025-11-19T15:59:01.027+0000] {logging_mixin.py:188} INFO - [2025-11-19T15:59:01.026+0000] {dag.py:3096} INFO - Sync 1 DAGs
[2025-11-19T15:59:01.054+0000] {logging_mixin.py:188} INFO - [2025-11-19T15:59:01.054+0000] {dag.py:3954} INFO - Setting next_dagrun for predictive_pipeline_xgb to 2025-11-23 00:00:00+00:00, run_after=2025-11-30 00:00:00+00:00
[2025-11-19T15:59:01.121+0000] {processor.py:183} INFO - Processing /opt/airflow/dags/predictive_pipeline_dag.py took 3.229 seconds
[2025-11-19T15:59:31.713+0000] {processor.py:161} INFO - Started process (PID=1054) to work on /opt/airflow/dags/predictive_pipeline_dag.py
[2025-11-19T15:59:31.714+0000] {processor.py:830} INFO - Processing file /opt/airflow/dags/predictive_pipeline_dag.py for tasks to queue
[2025-11-19T15:59:31.715+0000] {logging_mixin.py:188} INFO - [2025-11-19T15:59:31.714+0000] {dagbag.py:545} INFO - Filling up the DagBag from /opt/airflow/dags/predictive_pipeline_dag.py
[2025-11-19T15:59:33.665+0000] {logging_mixin.py:188} WARNING - /home/airflow/.local/lib/python3.12/site-packages/mlflow/tracking/_tracking_service/utils.py:140 FutureWarning: Filesystem tracking backend (e.g., './mlruns') is deprecated. Please switch to a database backend (e.g., 'sqlite:///mlflow.db'). For feedback, see: https://github.com/mlflow/mlflow/issues/18534
[2025-11-19T15:59:34.621+0000] {processor.py:840} INFO - DAG(s) 'predictive_pipeline_xgb' retrieved from /opt/airflow/dags/predictive_pipeline_dag.py
[2025-11-19T15:59:34.645+0000] {logging_mixin.py:188} INFO - [2025-11-19T15:59:34.644+0000] {dag.py:3096} INFO - Sync 1 DAGs
[2025-11-19T15:59:34.667+0000] {logging_mixin.py:188} INFO - [2025-11-19T15:59:34.667+0000] {dag.py:3954} INFO - Setting next_dagrun for predictive_pipeline_xgb to 2025-11-23 00:00:00+00:00, run_after=2025-11-30 00:00:00+00:00
[2025-11-19T15:59:34.720+0000] {processor.py:183} INFO - Processing /opt/airflow/dags/predictive_pipeline_dag.py took 3.015 seconds
[2025-11-19T16:20:42.977+0000] {processor.py:161} INFO - Started process (PID=1064) to work on /opt/airflow/dags/predictive_pipeline_dag.py
[2025-11-19T16:20:42.980+0000] {processor.py:830} INFO - Processing file /opt/airflow/dags/predictive_pipeline_dag.py for tasks to queue
[2025-11-19T16:20:42.982+0000] {logging_mixin.py:188} INFO - [2025-11-19T16:20:42.981+0000] {dagbag.py:545} INFO - Filling up the DagBag from /opt/airflow/dags/predictive_pipeline_dag.py
[2025-11-19T16:20:47.632+0000] {logging_mixin.py:188} WARNING - /home/airflow/.local/lib/python3.12/site-packages/mlflow/tracking/_tracking_service/utils.py:140 FutureWarning: Filesystem tracking backend (e.g., './mlruns') is deprecated. Please switch to a database backend (e.g., 'sqlite:///mlflow.db'). For feedback, see: https://github.com/mlflow/mlflow/issues/18534
[2025-11-19T16:20:49.504+0000] {processor.py:840} INFO - DAG(s) 'predictive_pipeline_xgb' retrieved from /opt/airflow/dags/predictive_pipeline_dag.py
[2025-11-19T16:20:49.585+0000] {logging_mixin.py:188} INFO - [2025-11-19T16:20:49.584+0000] {dag.py:3096} INFO - Sync 1 DAGs
[2025-11-19T16:20:49.627+0000] {logging_mixin.py:188} INFO - [2025-11-19T16:20:49.627+0000] {dag.py:3954} INFO - Setting next_dagrun for predictive_pipeline_xgb to 2025-11-23 00:00:00+00:00, run_after=2025-11-30 00:00:00+00:00
[2025-11-19T16:20:49.706+0000] {processor.py:183} INFO - Processing /opt/airflow/dags/predictive_pipeline_dag.py took 6.747 seconds
[2025-11-19T16:21:20.487+0000] {processor.py:161} INFO - Started process (PID=1074) to work on /opt/airflow/dags/predictive_pipeline_dag.py
[2025-11-19T16:21:20.490+0000] {processor.py:830} INFO - Processing file /opt/airflow/dags/predictive_pipeline_dag.py for tasks to queue
[2025-11-19T16:21:20.491+0000] {logging_mixin.py:188} INFO - [2025-11-19T16:21:20.490+0000] {dagbag.py:545} INFO - Filling up the DagBag from /opt/airflow/dags/predictive_pipeline_dag.py
[2025-11-19T16:21:22.643+0000] {logging_mixin.py:188} WARNING - /home/airflow/.local/lib/python3.12/site-packages/mlflow/tracking/_tracking_service/utils.py:140 FutureWarning: Filesystem tracking backend (e.g., './mlruns') is deprecated. Please switch to a database backend (e.g., 'sqlite:///mlflow.db'). For feedback, see: https://github.com/mlflow/mlflow/issues/18534
[2025-11-19T16:21:23.542+0000] {processor.py:840} INFO - DAG(s) 'predictive_pipeline_xgb' retrieved from /opt/airflow/dags/predictive_pipeline_dag.py
[2025-11-19T16:21:23.569+0000] {logging_mixin.py:188} INFO - [2025-11-19T16:21:23.568+0000] {dag.py:3096} INFO - Sync 1 DAGs
[2025-11-19T16:21:23.594+0000] {logging_mixin.py:188} INFO - [2025-11-19T16:21:23.594+0000] {dag.py:3954} INFO - Setting next_dagrun for predictive_pipeline_xgb to 2025-11-23 00:00:00+00:00, run_after=2025-11-30 00:00:00+00:00
[2025-11-19T16:21:23.663+0000] {processor.py:183} INFO - Processing /opt/airflow/dags/predictive_pipeline_dag.py took 3.187 seconds
[2025-11-19T16:21:54.161+0000] {processor.py:161} INFO - Started process (PID=1084) to work on /opt/airflow/dags/predictive_pipeline_dag.py
[2025-11-19T16:21:54.161+0000] {processor.py:830} INFO - Processing file /opt/airflow/dags/predictive_pipeline_dag.py for tasks to queue
[2025-11-19T16:21:54.162+0000] {logging_mixin.py:188} INFO - [2025-11-19T16:21:54.162+0000] {dagbag.py:545} INFO - Filling up the DagBag from /opt/airflow/dags/predictive_pipeline_dag.py
[2025-11-19T16:21:56.129+0000] {logging_mixin.py:188} WARNING - /home/airflow/.local/lib/python3.12/site-packages/mlflow/tracking/_tracking_service/utils.py:140 FutureWarning: Filesystem tracking backend (e.g., './mlruns') is deprecated. Please switch to a database backend (e.g., 'sqlite:///mlflow.db'). For feedback, see: https://github.com/mlflow/mlflow/issues/18534
[2025-11-19T16:21:57.004+0000] {processor.py:840} INFO - DAG(s) 'predictive_pipeline_xgb' retrieved from /opt/airflow/dags/predictive_pipeline_dag.py
[2025-11-19T16:21:57.029+0000] {logging_mixin.py:188} INFO - [2025-11-19T16:21:57.028+0000] {dag.py:3096} INFO - Sync 1 DAGs
[2025-11-19T16:21:57.049+0000] {logging_mixin.py:188} INFO - [2025-11-19T16:21:57.048+0000] {dag.py:3954} INFO - Setting next_dagrun for predictive_pipeline_xgb to 2025-11-23 00:00:00+00:00, run_after=2025-11-30 00:00:00+00:00
[2025-11-19T16:21:57.103+0000] {processor.py:183} INFO - Processing /opt/airflow/dags/predictive_pipeline_dag.py took 2.949 seconds
[2025-11-19T16:22:28.056+0000] {processor.py:161} INFO - Started process (PID=1094) to work on /opt/airflow/dags/predictive_pipeline_dag.py
[2025-11-19T16:22:28.058+0000] {processor.py:830} INFO - Processing file /opt/airflow/dags/predictive_pipeline_dag.py for tasks to queue
[2025-11-19T16:22:28.060+0000] {logging_mixin.py:188} INFO - [2025-11-19T16:22:28.059+0000] {dagbag.py:545} INFO - Filling up the DagBag from /opt/airflow/dags/predictive_pipeline_dag.py
[2025-11-19T16:22:29.548+0000] {logging_mixin.py:188} WARNING - /home/airflow/.local/lib/python3.12/site-packages/mlflow/tracking/_tracking_service/utils.py:140 FutureWarning: Filesystem tracking backend (e.g., './mlruns') is deprecated. Please switch to a database backend (e.g., 'sqlite:///mlflow.db'). For feedback, see: https://github.com/mlflow/mlflow/issues/18534
[2025-11-19T16:22:30.598+0000] {processor.py:840} INFO - DAG(s) 'predictive_pipeline_xgb' retrieved from /opt/airflow/dags/predictive_pipeline_dag.py
[2025-11-19T16:22:30.626+0000] {logging_mixin.py:188} INFO - [2025-11-19T16:22:30.625+0000] {dag.py:3096} INFO - Sync 1 DAGs
[2025-11-19T16:22:30.647+0000] {logging_mixin.py:188} INFO - [2025-11-19T16:22:30.647+0000] {dag.py:3954} INFO - Setting next_dagrun for predictive_pipeline_xgb to 2025-11-23 00:00:00+00:00, run_after=2025-11-30 00:00:00+00:00
[2025-11-19T16:22:30.704+0000] {processor.py:183} INFO - Processing /opt/airflow/dags/predictive_pipeline_dag.py took 3.488 seconds
[2025-11-19T16:23:00.899+0000] {processor.py:161} INFO - Started process (PID=1104) to work on /opt/airflow/dags/predictive_pipeline_dag.py
[2025-11-19T16:23:00.900+0000] {processor.py:830} INFO - Processing file /opt/airflow/dags/predictive_pipeline_dag.py for tasks to queue
[2025-11-19T16:23:00.901+0000] {logging_mixin.py:188} INFO - [2025-11-19T16:23:00.901+0000] {dagbag.py:545} INFO - Filling up the DagBag from /opt/airflow/dags/predictive_pipeline_dag.py
[2025-11-19T16:23:03.187+0000] {logging_mixin.py:188} WARNING - /home/airflow/.local/lib/python3.12/site-packages/mlflow/tracking/_tracking_service/utils.py:140 FutureWarning: Filesystem tracking backend (e.g., './mlruns') is deprecated. Please switch to a database backend (e.g., 'sqlite:///mlflow.db'). For feedback, see: https://github.com/mlflow/mlflow/issues/18534
[2025-11-19T16:23:04.212+0000] {processor.py:840} INFO - DAG(s) 'predictive_pipeline_xgb' retrieved from /opt/airflow/dags/predictive_pipeline_dag.py
[2025-11-19T16:23:04.239+0000] {logging_mixin.py:188} INFO - [2025-11-19T16:23:04.239+0000] {dag.py:3096} INFO - Sync 1 DAGs
[2025-11-19T16:23:04.265+0000] {logging_mixin.py:188} INFO - [2025-11-19T16:23:04.265+0000] {dag.py:3954} INFO - Setting next_dagrun for predictive_pipeline_xgb to 2025-11-23 00:00:00+00:00, run_after=2025-11-30 00:00:00+00:00
[2025-11-19T16:23:04.322+0000] {processor.py:183} INFO - Processing /opt/airflow/dags/predictive_pipeline_dag.py took 3.430 seconds
[2025-11-19T16:23:35.379+0000] {processor.py:161} INFO - Started process (PID=1114) to work on /opt/airflow/dags/predictive_pipeline_dag.py
[2025-11-19T16:23:35.382+0000] {processor.py:830} INFO - Processing file /opt/airflow/dags/predictive_pipeline_dag.py for tasks to queue
[2025-11-19T16:23:35.383+0000] {logging_mixin.py:188} INFO - [2025-11-19T16:23:35.383+0000] {dagbag.py:545} INFO - Filling up the DagBag from /opt/airflow/dags/predictive_pipeline_dag.py
[2025-11-19T16:23:37.618+0000] {logging_mixin.py:188} WARNING - /home/airflow/.local/lib/python3.12/site-packages/mlflow/tracking/_tracking_service/utils.py:140 FutureWarning: Filesystem tracking backend (e.g., './mlruns') is deprecated. Please switch to a database backend (e.g., 'sqlite:///mlflow.db'). For feedback, see: https://github.com/mlflow/mlflow/issues/18534
[2025-11-19T16:23:38.812+0000] {processor.py:840} INFO - DAG(s) 'predictive_pipeline_xgb' retrieved from /opt/airflow/dags/predictive_pipeline_dag.py
[2025-11-19T16:23:38.842+0000] {logging_mixin.py:188} INFO - [2025-11-19T16:23:38.841+0000] {dag.py:3096} INFO - Sync 1 DAGs
[2025-11-19T16:23:38.866+0000] {logging_mixin.py:188} INFO - [2025-11-19T16:23:38.865+0000] {dag.py:3954} INFO - Setting next_dagrun for predictive_pipeline_xgb to 2025-11-23 00:00:00+00:00, run_after=2025-11-30 00:00:00+00:00
[2025-11-19T16:23:38.925+0000] {processor.py:183} INFO - Processing /opt/airflow/dags/predictive_pipeline_dag.py took 3.556 seconds
[2025-11-19T16:24:09.148+0000] {processor.py:161} INFO - Started process (PID=1124) to work on /opt/airflow/dags/predictive_pipeline_dag.py
[2025-11-19T16:24:09.149+0000] {processor.py:830} INFO - Processing file /opt/airflow/dags/predictive_pipeline_dag.py for tasks to queue
[2025-11-19T16:24:09.151+0000] {logging_mixin.py:188} INFO - [2025-11-19T16:24:09.150+0000] {dagbag.py:545} INFO - Filling up the DagBag from /opt/airflow/dags/predictive_pipeline_dag.py
[2025-11-19T16:24:11.324+0000] {logging_mixin.py:188} WARNING - /home/airflow/.local/lib/python3.12/site-packages/mlflow/tracking/_tracking_service/utils.py:140 FutureWarning: Filesystem tracking backend (e.g., './mlruns') is deprecated. Please switch to a database backend (e.g., 'sqlite:///mlflow.db'). For feedback, see: https://github.com/mlflow/mlflow/issues/18534
[2025-11-19T16:24:12.467+0000] {processor.py:840} INFO - DAG(s) 'predictive_pipeline_xgb' retrieved from /opt/airflow/dags/predictive_pipeline_dag.py
[2025-11-19T16:24:12.495+0000] {logging_mixin.py:188} INFO - [2025-11-19T16:24:12.494+0000] {dag.py:3096} INFO - Sync 1 DAGs
[2025-11-19T16:24:12.519+0000] {logging_mixin.py:188} INFO - [2025-11-19T16:24:12.518+0000] {dag.py:3954} INFO - Setting next_dagrun for predictive_pipeline_xgb to 2025-11-23 00:00:00+00:00, run_after=2025-11-30 00:00:00+00:00
[2025-11-19T16:24:12.619+0000] {processor.py:183} INFO - Processing /opt/airflow/dags/predictive_pipeline_dag.py took 3.481 seconds
[2025-11-19T16:24:43.210+0000] {processor.py:161} INFO - Started process (PID=1134) to work on /opt/airflow/dags/predictive_pipeline_dag.py
[2025-11-19T16:24:43.212+0000] {processor.py:830} INFO - Processing file /opt/airflow/dags/predictive_pipeline_dag.py for tasks to queue
[2025-11-19T16:24:43.213+0000] {logging_mixin.py:188} INFO - [2025-11-19T16:24:43.213+0000] {dagbag.py:545} INFO - Filling up the DagBag from /opt/airflow/dags/predictive_pipeline_dag.py
[2025-11-19T16:24:45.403+0000] {logging_mixin.py:188} WARNING - /home/airflow/.local/lib/python3.12/site-packages/mlflow/tracking/_tracking_service/utils.py:140 FutureWarning: Filesystem tracking backend (e.g., './mlruns') is deprecated. Please switch to a database backend (e.g., 'sqlite:///mlflow.db'). For feedback, see: https://github.com/mlflow/mlflow/issues/18534
[2025-11-19T16:24:46.314+0000] {processor.py:840} INFO - DAG(s) 'predictive_pipeline_xgb' retrieved from /opt/airflow/dags/predictive_pipeline_dag.py
[2025-11-19T16:24:46.341+0000] {logging_mixin.py:188} INFO - [2025-11-19T16:24:46.340+0000] {dag.py:3096} INFO - Sync 1 DAGs
[2025-11-19T16:24:46.364+0000] {logging_mixin.py:188} INFO - [2025-11-19T16:24:46.364+0000] {dag.py:3954} INFO - Setting next_dagrun for predictive_pipeline_xgb to 2025-11-23 00:00:00+00:00, run_after=2025-11-30 00:00:00+00:00
[2025-11-19T16:24:46.424+0000] {processor.py:183} INFO - Processing /opt/airflow/dags/predictive_pipeline_dag.py took 3.223 seconds
[2025-11-19T16:25:16.901+0000] {processor.py:161} INFO - Started process (PID=1144) to work on /opt/airflow/dags/predictive_pipeline_dag.py
[2025-11-19T16:25:16.902+0000] {processor.py:830} INFO - Processing file /opt/airflow/dags/predictive_pipeline_dag.py for tasks to queue
[2025-11-19T16:25:16.903+0000] {logging_mixin.py:188} INFO - [2025-11-19T16:25:16.903+0000] {dagbag.py:545} INFO - Filling up the DagBag from /opt/airflow/dags/predictive_pipeline_dag.py
[2025-11-19T16:25:18.930+0000] {logging_mixin.py:188} WARNING - /home/airflow/.local/lib/python3.12/site-packages/mlflow/tracking/_tracking_service/utils.py:140 FutureWarning: Filesystem tracking backend (e.g., './mlruns') is deprecated. Please switch to a database backend (e.g., 'sqlite:///mlflow.db'). For feedback, see: https://github.com/mlflow/mlflow/issues/18534
[2025-11-19T16:25:19.806+0000] {processor.py:840} INFO - DAG(s) 'predictive_pipeline_xgb' retrieved from /opt/airflow/dags/predictive_pipeline_dag.py
[2025-11-19T16:25:19.831+0000] {logging_mixin.py:188} INFO - [2025-11-19T16:25:19.831+0000] {dag.py:3096} INFO - Sync 1 DAGs
[2025-11-19T16:25:19.858+0000] {logging_mixin.py:188} INFO - [2025-11-19T16:25:19.858+0000] {dag.py:3954} INFO - Setting next_dagrun for predictive_pipeline_xgb to 2025-11-23 00:00:00+00:00, run_after=2025-11-30 00:00:00+00:00
[2025-11-19T16:25:19.923+0000] {processor.py:183} INFO - Processing /opt/airflow/dags/predictive_pipeline_dag.py took 3.029 seconds
[2025-11-19T16:25:50.784+0000] {processor.py:161} INFO - Started process (PID=1154) to work on /opt/airflow/dags/predictive_pipeline_dag.py
[2025-11-19T16:25:50.785+0000] {processor.py:830} INFO - Processing file /opt/airflow/dags/predictive_pipeline_dag.py for tasks to queue
[2025-11-19T16:25:50.787+0000] {logging_mixin.py:188} INFO - [2025-11-19T16:25:50.786+0000] {dagbag.py:545} INFO - Filling up the DagBag from /opt/airflow/dags/predictive_pipeline_dag.py
[2025-11-19T16:25:51.986+0000] {logging_mixin.py:188} WARNING - /home/airflow/.local/lib/python3.12/site-packages/mlflow/tracking/_tracking_service/utils.py:140 FutureWarning: Filesystem tracking backend (e.g., './mlruns') is deprecated. Please switch to a database backend (e.g., 'sqlite:///mlflow.db'). For feedback, see: https://github.com/mlflow/mlflow/issues/18534
[2025-11-19T16:25:52.815+0000] {processor.py:840} INFO - DAG(s) 'predictive_pipeline_xgb' retrieved from /opt/airflow/dags/predictive_pipeline_dag.py
[2025-11-19T16:25:52.839+0000] {logging_mixin.py:188} INFO - [2025-11-19T16:25:52.838+0000] {dag.py:3096} INFO - Sync 1 DAGs
[2025-11-19T16:25:52.860+0000] {logging_mixin.py:188} INFO - [2025-11-19T16:25:52.860+0000] {dag.py:3954} INFO - Setting next_dagrun for predictive_pipeline_xgb to 2025-11-23 00:00:00+00:00, run_after=2025-11-30 00:00:00+00:00
[2025-11-19T16:25:52.917+0000] {processor.py:183} INFO - Processing /opt/airflow/dags/predictive_pipeline_dag.py took 2.997 seconds
[2025-11-19T16:26:23.567+0000] {processor.py:161} INFO - Started process (PID=1164) to work on /opt/airflow/dags/predictive_pipeline_dag.py
[2025-11-19T16:26:23.568+0000] {processor.py:830} INFO - Processing file /opt/airflow/dags/predictive_pipeline_dag.py for tasks to queue
[2025-11-19T16:26:23.569+0000] {logging_mixin.py:188} INFO - [2025-11-19T16:26:23.568+0000] {dagbag.py:545} INFO - Filling up the DagBag from /opt/airflow/dags/predictive_pipeline_dag.py
[2025-11-19T16:26:25.570+0000] {logging_mixin.py:188} WARNING - /home/airflow/.local/lib/python3.12/site-packages/mlflow/tracking/_tracking_service/utils.py:140 FutureWarning: Filesystem tracking backend (e.g., './mlruns') is deprecated. Please switch to a database backend (e.g., 'sqlite:///mlflow.db'). For feedback, see: https://github.com/mlflow/mlflow/issues/18534
[2025-11-19T16:26:26.359+0000] {processor.py:840} INFO - DAG(s) 'predictive_pipeline_xgb' retrieved from /opt/airflow/dags/predictive_pipeline_dag.py
[2025-11-19T16:26:26.382+0000] {logging_mixin.py:188} INFO - [2025-11-19T16:26:26.381+0000] {dag.py:3096} INFO - Sync 1 DAGs
[2025-11-19T16:26:26.403+0000] {logging_mixin.py:188} INFO - [2025-11-19T16:26:26.403+0000] {dag.py:3954} INFO - Setting next_dagrun for predictive_pipeline_xgb to 2025-11-23 00:00:00+00:00, run_after=2025-11-30 00:00:00+00:00
[2025-11-19T16:26:26.450+0000] {processor.py:183} INFO - Processing /opt/airflow/dags/predictive_pipeline_dag.py took 2.890 seconds
[2025-11-19T16:26:56.685+0000] {processor.py:161} INFO - Started process (PID=1174) to work on /opt/airflow/dags/predictive_pipeline_dag.py
[2025-11-19T16:26:56.686+0000] {processor.py:830} INFO - Processing file /opt/airflow/dags/predictive_pipeline_dag.py for tasks to queue
[2025-11-19T16:26:56.687+0000] {logging_mixin.py:188} INFO - [2025-11-19T16:26:56.686+0000] {dagbag.py:545} INFO - Filling up the DagBag from /opt/airflow/dags/predictive_pipeline_dag.py
[2025-11-19T16:26:58.718+0000] {logging_mixin.py:188} WARNING - /home/airflow/.local/lib/python3.12/site-packages/mlflow/tracking/_tracking_service/utils.py:140 FutureWarning: Filesystem tracking backend (e.g., './mlruns') is deprecated. Please switch to a database backend (e.g., 'sqlite:///mlflow.db'). For feedback, see: https://github.com/mlflow/mlflow/issues/18534
[2025-11-19T16:26:59.569+0000] {processor.py:840} INFO - DAG(s) 'predictive_pipeline_xgb' retrieved from /opt/airflow/dags/predictive_pipeline_dag.py
[2025-11-19T16:26:59.607+0000] {logging_mixin.py:188} INFO - [2025-11-19T16:26:59.606+0000] {dag.py:3096} INFO - Sync 1 DAGs
[2025-11-19T16:26:59.635+0000] {logging_mixin.py:188} INFO - [2025-11-19T16:26:59.635+0000] {dag.py:3954} INFO - Setting next_dagrun for predictive_pipeline_xgb to 2025-11-23 00:00:00+00:00, run_after=2025-11-30 00:00:00+00:00
[2025-11-19T16:26:59.692+0000] {processor.py:183} INFO - Processing /opt/airflow/dags/predictive_pipeline_dag.py took 3.013 seconds
[2025-11-19T16:27:30.131+0000] {processor.py:161} INFO - Started process (PID=1184) to work on /opt/airflow/dags/predictive_pipeline_dag.py
[2025-11-19T16:27:30.132+0000] {processor.py:830} INFO - Processing file /opt/airflow/dags/predictive_pipeline_dag.py for tasks to queue
[2025-11-19T16:27:30.133+0000] {logging_mixin.py:188} INFO - [2025-11-19T16:27:30.133+0000] {dagbag.py:545} INFO - Filling up the DagBag from /opt/airflow/dags/predictive_pipeline_dag.py
[2025-11-19T16:27:32.101+0000] {logging_mixin.py:188} WARNING - /home/airflow/.local/lib/python3.12/site-packages/mlflow/tracking/_tracking_service/utils.py:140 FutureWarning: Filesystem tracking backend (e.g., './mlruns') is deprecated. Please switch to a database backend (e.g., 'sqlite:///mlflow.db'). For feedback, see: https://github.com/mlflow/mlflow/issues/18534
[2025-11-19T16:27:32.932+0000] {processor.py:840} INFO - DAG(s) 'predictive_pipeline_xgb' retrieved from /opt/airflow/dags/predictive_pipeline_dag.py
[2025-11-19T16:27:32.956+0000] {logging_mixin.py:188} INFO - [2025-11-19T16:27:32.955+0000] {dag.py:3096} INFO - Sync 1 DAGs
[2025-11-19T16:27:32.976+0000] {logging_mixin.py:188} INFO - [2025-11-19T16:27:32.976+0000] {dag.py:3954} INFO - Setting next_dagrun for predictive_pipeline_xgb to 2025-11-23 00:00:00+00:00, run_after=2025-11-30 00:00:00+00:00
[2025-11-19T16:27:33.023+0000] {processor.py:183} INFO - Processing /opt/airflow/dags/predictive_pipeline_dag.py took 2.899 seconds
[2025-11-19T16:28:03.785+0000] {processor.py:161} INFO - Started process (PID=1194) to work on /opt/airflow/dags/predictive_pipeline_dag.py
[2025-11-19T16:28:03.786+0000] {processor.py:830} INFO - Processing file /opt/airflow/dags/predictive_pipeline_dag.py for tasks to queue
[2025-11-19T16:28:03.787+0000] {logging_mixin.py:188} INFO - [2025-11-19T16:28:03.786+0000] {dagbag.py:545} INFO - Filling up the DagBag from /opt/airflow/dags/predictive_pipeline_dag.py
[2025-11-19T16:28:05.726+0000] {logging_mixin.py:188} WARNING - /home/airflow/.local/lib/python3.12/site-packages/mlflow/tracking/_tracking_service/utils.py:140 FutureWarning: Filesystem tracking backend (e.g., './mlruns') is deprecated. Please switch to a database backend (e.g., 'sqlite:///mlflow.db'). For feedback, see: https://github.com/mlflow/mlflow/issues/18534
[2025-11-19T16:28:06.519+0000] {processor.py:840} INFO - DAG(s) 'predictive_pipeline_xgb' retrieved from /opt/airflow/dags/predictive_pipeline_dag.py
[2025-11-19T16:28:06.542+0000] {logging_mixin.py:188} INFO - [2025-11-19T16:28:06.542+0000] {dag.py:3096} INFO - Sync 1 DAGs
[2025-11-19T16:28:06.562+0000] {logging_mixin.py:188} INFO - [2025-11-19T16:28:06.561+0000] {dag.py:3954} INFO - Setting next_dagrun for predictive_pipeline_xgb to 2025-11-23 00:00:00+00:00, run_after=2025-11-30 00:00:00+00:00
[2025-11-19T16:28:06.609+0000] {processor.py:183} INFO - Processing /opt/airflow/dags/predictive_pipeline_dag.py took 2.833 seconds
[2025-11-19T16:28:37.398+0000] {processor.py:161} INFO - Started process (PID=1204) to work on /opt/airflow/dags/predictive_pipeline_dag.py
[2025-11-19T16:28:37.399+0000] {processor.py:830} INFO - Processing file /opt/airflow/dags/predictive_pipeline_dag.py for tasks to queue
[2025-11-19T16:28:37.400+0000] {logging_mixin.py:188} INFO - [2025-11-19T16:28:37.400+0000] {dagbag.py:545} INFO - Filling up the DagBag from /opt/airflow/dags/predictive_pipeline_dag.py
[2025-11-19T16:28:39.345+0000] {logging_mixin.py:188} WARNING - /home/airflow/.local/lib/python3.12/site-packages/mlflow/tracking/_tracking_service/utils.py:140 FutureWarning: Filesystem tracking backend (e.g., './mlruns') is deprecated. Please switch to a database backend (e.g., 'sqlite:///mlflow.db'). For feedback, see: https://github.com/mlflow/mlflow/issues/18534
[2025-11-19T16:28:40.154+0000] {processor.py:840} INFO - DAG(s) 'predictive_pipeline_xgb' retrieved from /opt/airflow/dags/predictive_pipeline_dag.py
[2025-11-19T16:28:40.179+0000] {logging_mixin.py:188} INFO - [2025-11-19T16:28:40.178+0000] {dag.py:3096} INFO - Sync 1 DAGs
[2025-11-19T16:28:40.200+0000] {logging_mixin.py:188} INFO - [2025-11-19T16:28:40.200+0000] {dag.py:3954} INFO - Setting next_dagrun for predictive_pipeline_xgb to 2025-11-23 00:00:00+00:00, run_after=2025-11-30 00:00:00+00:00
[2025-11-19T16:28:40.249+0000] {processor.py:183} INFO - Processing /opt/airflow/dags/predictive_pipeline_dag.py took 2.858 seconds
[2025-11-19T16:29:10.957+0000] {processor.py:161} INFO - Started process (PID=1214) to work on /opt/airflow/dags/predictive_pipeline_dag.py
[2025-11-19T16:29:10.958+0000] {processor.py:830} INFO - Processing file /opt/airflow/dags/predictive_pipeline_dag.py for tasks to queue
[2025-11-19T16:29:10.959+0000] {logging_mixin.py:188} INFO - [2025-11-19T16:29:10.958+0000] {dagbag.py:545} INFO - Filling up the DagBag from /opt/airflow/dags/predictive_pipeline_dag.py
[2025-11-19T16:29:13.062+0000] {logging_mixin.py:188} WARNING - /home/airflow/.local/lib/python3.12/site-packages/mlflow/tracking/_tracking_service/utils.py:140 FutureWarning: Filesystem tracking backend (e.g., './mlruns') is deprecated. Please switch to a database backend (e.g., 'sqlite:///mlflow.db'). For feedback, see: https://github.com/mlflow/mlflow/issues/18534
[2025-11-19T16:29:13.969+0000] {processor.py:840} INFO - DAG(s) 'predictive_pipeline_xgb' retrieved from /opt/airflow/dags/predictive_pipeline_dag.py
[2025-11-19T16:29:14.004+0000] {logging_mixin.py:188} INFO - [2025-11-19T16:29:14.003+0000] {dag.py:3096} INFO - Sync 1 DAGs
[2025-11-19T16:29:14.027+0000] {logging_mixin.py:188} INFO - [2025-11-19T16:29:14.026+0000] {dag.py:3954} INFO - Setting next_dagrun for predictive_pipeline_xgb to 2025-11-23 00:00:00+00:00, run_after=2025-11-30 00:00:00+00:00
[2025-11-19T16:29:14.111+0000] {processor.py:183} INFO - Processing /opt/airflow/dags/predictive_pipeline_dag.py took 3.163 seconds
[2025-11-19T16:29:45.129+0000] {processor.py:161} INFO - Started process (PID=1224) to work on /opt/airflow/dags/predictive_pipeline_dag.py
[2025-11-19T16:29:45.130+0000] {processor.py:830} INFO - Processing file /opt/airflow/dags/predictive_pipeline_dag.py for tasks to queue
[2025-11-19T16:29:45.131+0000] {logging_mixin.py:188} INFO - [2025-11-19T16:29:45.130+0000] {dagbag.py:545} INFO - Filling up the DagBag from /opt/airflow/dags/predictive_pipeline_dag.py
[2025-11-19T16:29:46.468+0000] {logging_mixin.py:188} WARNING - /home/airflow/.local/lib/python3.12/site-packages/mlflow/tracking/_tracking_service/utils.py:140 FutureWarning: Filesystem tracking backend (e.g., './mlruns') is deprecated. Please switch to a database backend (e.g., 'sqlite:///mlflow.db'). For feedback, see: https://github.com/mlflow/mlflow/issues/18534
[2025-11-19T16:29:47.523+0000] {processor.py:840} INFO - DAG(s) 'predictive_pipeline_xgb' retrieved from /opt/airflow/dags/predictive_pipeline_dag.py
[2025-11-19T16:29:47.551+0000] {logging_mixin.py:188} INFO - [2025-11-19T16:29:47.550+0000] {dag.py:3096} INFO - Sync 1 DAGs
[2025-11-19T16:29:47.573+0000] {logging_mixin.py:188} INFO - [2025-11-19T16:29:47.573+0000] {dag.py:3954} INFO - Setting next_dagrun for predictive_pipeline_xgb to 2025-11-23 00:00:00+00:00, run_after=2025-11-30 00:00:00+00:00
[2025-11-19T16:29:47.621+0000] {processor.py:183} INFO - Processing /opt/airflow/dags/predictive_pipeline_dag.py took 3.340 seconds
[2025-11-19T16:30:18.161+0000] {processor.py:161} INFO - Started process (PID=1234) to work on /opt/airflow/dags/predictive_pipeline_dag.py
[2025-11-19T16:30:18.162+0000] {processor.py:830} INFO - Processing file /opt/airflow/dags/predictive_pipeline_dag.py for tasks to queue
[2025-11-19T16:30:18.163+0000] {logging_mixin.py:188} INFO - [2025-11-19T16:30:18.162+0000] {dagbag.py:545} INFO - Filling up the DagBag from /opt/airflow/dags/predictive_pipeline_dag.py
[2025-11-19T16:30:20.671+0000] {logging_mixin.py:188} WARNING - /home/airflow/.local/lib/python3.12/site-packages/mlflow/tracking/_tracking_service/utils.py:140 FutureWarning: Filesystem tracking backend (e.g., './mlruns') is deprecated. Please switch to a database backend (e.g., 'sqlite:///mlflow.db'). For feedback, see: https://github.com/mlflow/mlflow/issues/18534
[2025-11-19T16:30:21.672+0000] {processor.py:840} INFO - DAG(s) 'predictive_pipeline_xgb' retrieved from /opt/airflow/dags/predictive_pipeline_dag.py
[2025-11-19T16:30:21.700+0000] {logging_mixin.py:188} INFO - [2025-11-19T16:30:21.699+0000] {dag.py:3096} INFO - Sync 1 DAGs
[2025-11-19T16:30:21.725+0000] {logging_mixin.py:188} INFO - [2025-11-19T16:30:21.724+0000] {dag.py:3954} INFO - Setting next_dagrun for predictive_pipeline_xgb to 2025-11-23 00:00:00+00:00, run_after=2025-11-30 00:00:00+00:00
[2025-11-19T16:30:21.785+0000] {processor.py:183} INFO - Processing /opt/airflow/dags/predictive_pipeline_dag.py took 3.633 seconds
[2025-11-19T16:30:51.867+0000] {processor.py:161} INFO - Started process (PID=1244) to work on /opt/airflow/dags/predictive_pipeline_dag.py
[2025-11-19T16:30:51.868+0000] {processor.py:830} INFO - Processing file /opt/airflow/dags/predictive_pipeline_dag.py for tasks to queue
[2025-11-19T16:30:51.869+0000] {logging_mixin.py:188} INFO - [2025-11-19T16:30:51.869+0000] {dagbag.py:545} INFO - Filling up the DagBag from /opt/airflow/dags/predictive_pipeline_dag.py
[2025-11-19T16:30:53.912+0000] {logging_mixin.py:188} WARNING - /home/airflow/.local/lib/python3.12/site-packages/mlflow/tracking/_tracking_service/utils.py:140 FutureWarning: Filesystem tracking backend (e.g., './mlruns') is deprecated. Please switch to a database backend (e.g., 'sqlite:///mlflow.db'). For feedback, see: https://github.com/mlflow/mlflow/issues/18534
[2025-11-19T16:30:54.764+0000] {processor.py:840} INFO - DAG(s) 'predictive_pipeline_xgb' retrieved from /opt/airflow/dags/predictive_pipeline_dag.py
[2025-11-19T16:30:54.788+0000] {logging_mixin.py:188} INFO - [2025-11-19T16:30:54.787+0000] {dag.py:3096} INFO - Sync 1 DAGs
[2025-11-19T16:30:54.810+0000] {logging_mixin.py:188} INFO - [2025-11-19T16:30:54.809+0000] {dag.py:3954} INFO - Setting next_dagrun for predictive_pipeline_xgb to 2025-11-23 00:00:00+00:00, run_after=2025-11-30 00:00:00+00:00
[2025-11-19T16:30:54.860+0000] {processor.py:183} INFO - Processing /opt/airflow/dags/predictive_pipeline_dag.py took 3.001 seconds
[2025-11-19T16:31:25.437+0000] {processor.py:161} INFO - Started process (PID=1254) to work on /opt/airflow/dags/predictive_pipeline_dag.py
[2025-11-19T16:31:25.438+0000] {processor.py:830} INFO - Processing file /opt/airflow/dags/predictive_pipeline_dag.py for tasks to queue
[2025-11-19T16:31:25.440+0000] {logging_mixin.py:188} INFO - [2025-11-19T16:31:25.439+0000] {dagbag.py:545} INFO - Filling up the DagBag from /opt/airflow/dags/predictive_pipeline_dag.py
[2025-11-19T16:31:27.791+0000] {logging_mixin.py:188} WARNING - /home/airflow/.local/lib/python3.12/site-packages/mlflow/tracking/_tracking_service/utils.py:140 FutureWarning: Filesystem tracking backend (e.g., './mlruns') is deprecated. Please switch to a database backend (e.g., 'sqlite:///mlflow.db'). For feedback, see: https://github.com/mlflow/mlflow/issues/18534
[2025-11-19T16:31:28.805+0000] {processor.py:840} INFO - DAG(s) 'predictive_pipeline_xgb' retrieved from /opt/airflow/dags/predictive_pipeline_dag.py
[2025-11-19T16:31:28.833+0000] {logging_mixin.py:188} INFO - [2025-11-19T16:31:28.832+0000] {dag.py:3096} INFO - Sync 1 DAGs
[2025-11-19T16:31:28.854+0000] {logging_mixin.py:188} INFO - [2025-11-19T16:31:28.853+0000] {dag.py:3954} INFO - Setting next_dagrun for predictive_pipeline_xgb to 2025-11-23 00:00:00+00:00, run_after=2025-11-30 00:00:00+00:00
[2025-11-19T16:31:28.908+0000] {processor.py:183} INFO - Processing /opt/airflow/dags/predictive_pipeline_dag.py took 3.480 seconds
[2025-11-19T16:31:59.805+0000] {processor.py:161} INFO - Started process (PID=1264) to work on /opt/airflow/dags/predictive_pipeline_dag.py
[2025-11-19T16:31:59.806+0000] {processor.py:830} INFO - Processing file /opt/airflow/dags/predictive_pipeline_dag.py for tasks to queue
[2025-11-19T16:31:59.807+0000] {logging_mixin.py:188} INFO - [2025-11-19T16:31:59.807+0000] {dagbag.py:545} INFO - Filling up the DagBag from /opt/airflow/dags/predictive_pipeline_dag.py
[2025-11-19T16:32:01.875+0000] {logging_mixin.py:188} WARNING - /home/airflow/.local/lib/python3.12/site-packages/mlflow/tracking/_tracking_service/utils.py:140 FutureWarning: Filesystem tracking backend (e.g., './mlruns') is deprecated. Please switch to a database backend (e.g., 'sqlite:///mlflow.db'). For feedback, see: https://github.com/mlflow/mlflow/issues/18534
[2025-11-19T16:32:02.947+0000] {processor.py:840} INFO - DAG(s) 'predictive_pipeline_xgb' retrieved from /opt/airflow/dags/predictive_pipeline_dag.py
[2025-11-19T16:32:02.974+0000] {logging_mixin.py:188} INFO - [2025-11-19T16:32:02.974+0000] {dag.py:3096} INFO - Sync 1 DAGs
[2025-11-19T16:32:02.996+0000] {logging_mixin.py:188} INFO - [2025-11-19T16:32:02.996+0000] {dag.py:3954} INFO - Setting next_dagrun for predictive_pipeline_xgb to 2025-11-23 00:00:00+00:00, run_after=2025-11-30 00:00:00+00:00
[2025-11-19T16:32:03.052+0000] {processor.py:183} INFO - Processing /opt/airflow/dags/predictive_pipeline_dag.py took 3.255 seconds
[2025-11-19T16:32:33.276+0000] {processor.py:161} INFO - Started process (PID=1274) to work on /opt/airflow/dags/predictive_pipeline_dag.py
[2025-11-19T16:32:33.278+0000] {processor.py:830} INFO - Processing file /opt/airflow/dags/predictive_pipeline_dag.py for tasks to queue
[2025-11-19T16:32:33.280+0000] {logging_mixin.py:188} INFO - [2025-11-19T16:32:33.280+0000] {dagbag.py:545} INFO - Filling up the DagBag from /opt/airflow/dags/predictive_pipeline_dag.py
[2025-11-19T16:32:35.371+0000] {logging_mixin.py:188} WARNING - /home/airflow/.local/lib/python3.12/site-packages/mlflow/tracking/_tracking_service/utils.py:140 FutureWarning: Filesystem tracking backend (e.g., './mlruns') is deprecated. Please switch to a database backend (e.g., 'sqlite:///mlflow.db'). For feedback, see: https://github.com/mlflow/mlflow/issues/18534
[2025-11-19T16:32:36.261+0000] {processor.py:840} INFO - DAG(s) 'predictive_pipeline_xgb' retrieved from /opt/airflow/dags/predictive_pipeline_dag.py
[2025-11-19T16:32:36.283+0000] {logging_mixin.py:188} INFO - [2025-11-19T16:32:36.282+0000] {dag.py:3096} INFO - Sync 1 DAGs
[2025-11-19T16:32:36.304+0000] {logging_mixin.py:188} INFO - [2025-11-19T16:32:36.304+0000] {dag.py:3954} INFO - Setting next_dagrun for predictive_pipeline_xgb to 2025-11-23 00:00:00+00:00, run_after=2025-11-30 00:00:00+00:00
[2025-11-19T16:32:36.369+0000] {processor.py:183} INFO - Processing /opt/airflow/dags/predictive_pipeline_dag.py took 3.105 seconds
[2025-11-19T16:33:07.251+0000] {processor.py:161} INFO - Started process (PID=1284) to work on /opt/airflow/dags/predictive_pipeline_dag.py
[2025-11-19T16:33:07.252+0000] {processor.py:830} INFO - Processing file /opt/airflow/dags/predictive_pipeline_dag.py for tasks to queue
[2025-11-19T16:33:07.253+0000] {logging_mixin.py:188} INFO - [2025-11-19T16:33:07.253+0000] {dagbag.py:545} INFO - Filling up the DagBag from /opt/airflow/dags/predictive_pipeline_dag.py
[2025-11-19T16:33:09.606+0000] {logging_mixin.py:188} WARNING - /home/airflow/.local/lib/python3.12/site-packages/mlflow/tracking/_tracking_service/utils.py:140 FutureWarning: Filesystem tracking backend (e.g., './mlruns') is deprecated. Please switch to a database backend (e.g., 'sqlite:///mlflow.db'). For feedback, see: https://github.com/mlflow/mlflow/issues/18534
[2025-11-19T16:33:10.032+0000] {processor.py:840} INFO - DAG(s) 'predictive_pipeline_xgb' retrieved from /opt/airflow/dags/predictive_pipeline_dag.py
[2025-11-19T16:33:10.064+0000] {logging_mixin.py:188} INFO - [2025-11-19T16:33:10.063+0000] {dag.py:3096} INFO - Sync 1 DAGs
[2025-11-19T16:33:10.090+0000] {logging_mixin.py:188} INFO - [2025-11-19T16:33:10.090+0000] {dag.py:3954} INFO - Setting next_dagrun for predictive_pipeline_xgb to 2025-11-23 00:00:00+00:00, run_after=2025-11-30 00:00:00+00:00
[2025-11-19T16:33:10.159+0000] {processor.py:183} INFO - Processing /opt/airflow/dags/predictive_pipeline_dag.py took 3.770 seconds
[2025-11-19T16:33:41.259+0000] {processor.py:161} INFO - Started process (PID=1294) to work on /opt/airflow/dags/predictive_pipeline_dag.py
[2025-11-19T16:33:41.260+0000] {processor.py:830} INFO - Processing file /opt/airflow/dags/predictive_pipeline_dag.py for tasks to queue
[2025-11-19T16:33:41.261+0000] {logging_mixin.py:188} INFO - [2025-11-19T16:33:41.261+0000] {dagbag.py:545} INFO - Filling up the DagBag from /opt/airflow/dags/predictive_pipeline_dag.py
[2025-11-19T16:33:43.320+0000] {logging_mixin.py:188} WARNING - /home/airflow/.local/lib/python3.12/site-packages/mlflow/tracking/_tracking_service/utils.py:140 FutureWarning: Filesystem tracking backend (e.g., './mlruns') is deprecated. Please switch to a database backend (e.g., 'sqlite:///mlflow.db'). For feedback, see: https://github.com/mlflow/mlflow/issues/18534
[2025-11-19T16:33:44.153+0000] {processor.py:840} INFO - DAG(s) 'predictive_pipeline_xgb' retrieved from /opt/airflow/dags/predictive_pipeline_dag.py
[2025-11-19T16:33:44.176+0000] {logging_mixin.py:188} INFO - [2025-11-19T16:33:44.175+0000] {dag.py:3096} INFO - Sync 1 DAGs
[2025-11-19T16:33:44.195+0000] {logging_mixin.py:188} INFO - [2025-11-19T16:33:44.195+0000] {dag.py:3954} INFO - Setting next_dagrun for predictive_pipeline_xgb to 2025-11-23 00:00:00+00:00, run_after=2025-11-30 00:00:00+00:00
[2025-11-19T16:33:44.240+0000] {processor.py:183} INFO - Processing /opt/airflow/dags/predictive_pipeline_dag.py took 2.988 seconds
[2025-11-19T16:34:14.705+0000] {processor.py:161} INFO - Started process (PID=1304) to work on /opt/airflow/dags/predictive_pipeline_dag.py
[2025-11-19T16:34:14.707+0000] {processor.py:830} INFO - Processing file /opt/airflow/dags/predictive_pipeline_dag.py for tasks to queue
[2025-11-19T16:34:14.709+0000] {logging_mixin.py:188} INFO - [2025-11-19T16:34:14.709+0000] {dagbag.py:545} INFO - Filling up the DagBag from /opt/airflow/dags/predictive_pipeline_dag.py
[2025-11-19T16:34:17.422+0000] {logging_mixin.py:188} WARNING - /home/airflow/.local/lib/python3.12/site-packages/mlflow/tracking/_tracking_service/utils.py:140 FutureWarning: Filesystem tracking backend (e.g., './mlruns') is deprecated. Please switch to a database backend (e.g., 'sqlite:///mlflow.db'). For feedback, see: https://github.com/mlflow/mlflow/issues/18534
[2025-11-19T16:34:18.378+0000] {processor.py:840} INFO - DAG(s) 'predictive_pipeline_xgb' retrieved from /opt/airflow/dags/predictive_pipeline_dag.py
[2025-11-19T16:34:18.405+0000] {logging_mixin.py:188} INFO - [2025-11-19T16:34:18.404+0000] {dag.py:3096} INFO - Sync 1 DAGs
[2025-11-19T16:34:18.439+0000] {logging_mixin.py:188} INFO - [2025-11-19T16:34:18.439+0000] {dag.py:3954} INFO - Setting next_dagrun for predictive_pipeline_xgb to 2025-11-23 00:00:00+00:00, run_after=2025-11-30 00:00:00+00:00
[2025-11-19T16:34:18.504+0000] {processor.py:183} INFO - Processing /opt/airflow/dags/predictive_pipeline_dag.py took 3.813 seconds
[2025-11-19T16:34:49.542+0000] {processor.py:161} INFO - Started process (PID=1314) to work on /opt/airflow/dags/predictive_pipeline_dag.py
[2025-11-19T16:34:49.544+0000] {processor.py:830} INFO - Processing file /opt/airflow/dags/predictive_pipeline_dag.py for tasks to queue
[2025-11-19T16:34:49.546+0000] {logging_mixin.py:188} INFO - [2025-11-19T16:34:49.545+0000] {dagbag.py:545} INFO - Filling up the DagBag from /opt/airflow/dags/predictive_pipeline_dag.py
[2025-11-19T16:34:51.746+0000] {logging_mixin.py:188} WARNING - /home/airflow/.local/lib/python3.12/site-packages/mlflow/tracking/_tracking_service/utils.py:140 FutureWarning: Filesystem tracking backend (e.g., './mlruns') is deprecated. Please switch to a database backend (e.g., 'sqlite:///mlflow.db'). For feedback, see: https://github.com/mlflow/mlflow/issues/18534
[2025-11-19T16:34:52.754+0000] {processor.py:840} INFO - DAG(s) 'predictive_pipeline_xgb' retrieved from /opt/airflow/dags/predictive_pipeline_dag.py
[2025-11-19T16:34:52.788+0000] {logging_mixin.py:188} INFO - [2025-11-19T16:34:52.787+0000] {dag.py:3096} INFO - Sync 1 DAGs
[2025-11-19T16:34:52.812+0000] {logging_mixin.py:188} INFO - [2025-11-19T16:34:52.812+0000] {dag.py:3954} INFO - Setting next_dagrun for predictive_pipeline_xgb to 2025-11-23 00:00:00+00:00, run_after=2025-11-30 00:00:00+00:00
[2025-11-19T16:34:52.873+0000] {processor.py:183} INFO - Processing /opt/airflow/dags/predictive_pipeline_dag.py took 3.341 seconds
[2025-11-19T16:41:46.323+0000] {processor.py:161} INFO - Started process (PID=1324) to work on /opt/airflow/dags/predictive_pipeline_dag.py
[2025-11-19T16:41:46.327+0000] {processor.py:830} INFO - Processing file /opt/airflow/dags/predictive_pipeline_dag.py for tasks to queue
[2025-11-19T16:41:46.373+0000] {logging_mixin.py:188} INFO - [2025-11-19T16:41:46.372+0000] {dagbag.py:545} INFO - Filling up the DagBag from /opt/airflow/dags/predictive_pipeline_dag.py
[2025-11-19T16:41:54.297+0000] {logging_mixin.py:188} WARNING - /home/airflow/.local/lib/python3.12/site-packages/mlflow/tracking/_tracking_service/utils.py:140 FutureWarning: Filesystem tracking backend (e.g., './mlruns') is deprecated. Please switch to a database backend (e.g., 'sqlite:///mlflow.db'). For feedback, see: https://github.com/mlflow/mlflow/issues/18534
[2025-11-19T16:41:56.067+0000] {processor.py:840} INFO - DAG(s) 'predictive_pipeline_xgb' retrieved from /opt/airflow/dags/predictive_pipeline_dag.py
[2025-11-19T16:41:56.109+0000] {logging_mixin.py:188} INFO - [2025-11-19T16:41:56.108+0000] {dag.py:3096} INFO - Sync 1 DAGs
[2025-11-19T16:41:56.145+0000] {logging_mixin.py:188} INFO - [2025-11-19T16:41:56.144+0000] {dag.py:3954} INFO - Setting next_dagrun for predictive_pipeline_xgb to 2025-11-23 00:00:00+00:00, run_after=2025-11-30 00:00:00+00:00
[2025-11-19T16:41:56.273+0000] {processor.py:183} INFO - Processing /opt/airflow/dags/predictive_pipeline_dag.py took 10.000 seconds
[2025-11-19T16:42:26.579+0000] {processor.py:161} INFO - Started process (PID=1334) to work on /opt/airflow/dags/predictive_pipeline_dag.py
[2025-11-19T16:42:26.580+0000] {processor.py:830} INFO - Processing file /opt/airflow/dags/predictive_pipeline_dag.py for tasks to queue
[2025-11-19T16:42:26.581+0000] {logging_mixin.py:188} INFO - [2025-11-19T16:42:26.581+0000] {dagbag.py:545} INFO - Filling up the DagBag from /opt/airflow/dags/predictive_pipeline_dag.py
[2025-11-19T16:42:29.854+0000] {logging_mixin.py:188} WARNING - /home/airflow/.local/lib/python3.12/site-packages/mlflow/tracking/_tracking_service/utils.py:140 FutureWarning: Filesystem tracking backend (e.g., './mlruns') is deprecated. Please switch to a database backend (e.g., 'sqlite:///mlflow.db'). For feedback, see: https://github.com/mlflow/mlflow/issues/18534
[2025-11-19T16:42:31.064+0000] {processor.py:840} INFO - DAG(s) 'predictive_pipeline_xgb' retrieved from /opt/airflow/dags/predictive_pipeline_dag.py
[2025-11-19T16:42:31.116+0000] {logging_mixin.py:188} INFO - [2025-11-19T16:42:31.116+0000] {dag.py:3096} INFO - Sync 1 DAGs
[2025-11-19T16:42:31.157+0000] {logging_mixin.py:188} INFO - [2025-11-19T16:42:31.157+0000] {dag.py:3954} INFO - Setting next_dagrun for predictive_pipeline_xgb to 2025-11-23 00:00:00+00:00, run_after=2025-11-30 00:00:00+00:00
[2025-11-19T16:42:31.071+0000] {processor.py:183} INFO - Processing /opt/airflow/dags/predictive_pipeline_dag.py took 4.752 seconds
[2025-11-19T16:43:01.746+0000] {processor.py:161} INFO - Started process (PID=1344) to work on /opt/airflow/dags/predictive_pipeline_dag.py
[2025-11-19T16:43:01.748+0000] {processor.py:830} INFO - Processing file /opt/airflow/dags/predictive_pipeline_dag.py for tasks to queue
[2025-11-19T16:43:01.750+0000] {logging_mixin.py:188} INFO - [2025-11-19T16:43:01.750+0000] {dagbag.py:545} INFO - Filling up the DagBag from /opt/airflow/dags/predictive_pipeline_dag.py
[2025-11-19T16:43:04.693+0000] {logging_mixin.py:188} WARNING - /home/airflow/.local/lib/python3.12/site-packages/mlflow/tracking/_tracking_service/utils.py:140 FutureWarning: Filesystem tracking backend (e.g., './mlruns') is deprecated. Please switch to a database backend (e.g., 'sqlite:///mlflow.db'). For feedback, see: https://github.com/mlflow/mlflow/issues/18534
[2025-11-19T16:43:06.106+0000] {processor.py:840} INFO - DAG(s) 'predictive_pipeline_xgb' retrieved from /opt/airflow/dags/predictive_pipeline_dag.py
[2025-11-19T16:43:06.147+0000] {logging_mixin.py:188} INFO - [2025-11-19T16:43:06.146+0000] {dag.py:3096} INFO - Sync 1 DAGs
[2025-11-19T16:43:06.175+0000] {logging_mixin.py:188} INFO - [2025-11-19T16:43:06.175+0000] {dag.py:3954} INFO - Setting next_dagrun for predictive_pipeline_xgb to 2025-11-23 00:00:00+00:00, run_after=2025-11-30 00:00:00+00:00
[2025-11-19T16:43:06.285+0000] {processor.py:183} INFO - Processing /opt/airflow/dags/predictive_pipeline_dag.py took 4.555 seconds
[2025-11-19T16:43:37.192+0000] {processor.py:161} INFO - Started process (PID=1354) to work on /opt/airflow/dags/predictive_pipeline_dag.py
[2025-11-19T16:43:37.197+0000] {processor.py:830} INFO - Processing file /opt/airflow/dags/predictive_pipeline_dag.py for tasks to queue
[2025-11-19T16:43:37.203+0000] {logging_mixin.py:188} INFO - [2025-11-19T16:43:37.201+0000] {dagbag.py:545} INFO - Filling up the DagBag from /opt/airflow/dags/predictive_pipeline_dag.py
[2025-11-19T16:43:41.898+0000] {logging_mixin.py:188} WARNING - /home/airflow/.local/lib/python3.12/site-packages/mlflow/tracking/_tracking_service/utils.py:140 FutureWarning: Filesystem tracking backend (e.g., './mlruns') is deprecated. Please switch to a database backend (e.g., 'sqlite:///mlflow.db'). For feedback, see: https://github.com/mlflow/mlflow/issues/18534
[2025-11-19T16:43:43.540+0000] {processor.py:840} INFO - DAG(s) 'predictive_pipeline_xgb' retrieved from /opt/airflow/dags/predictive_pipeline_dag.py
[2025-11-19T16:43:43.578+0000] {logging_mixin.py:188} INFO - [2025-11-19T16:43:43.577+0000] {dag.py:3096} INFO - Sync 1 DAGs
[2025-11-19T16:43:43.610+0000] {logging_mixin.py:188} INFO - [2025-11-19T16:43:43.609+0000] {dag.py:3954} INFO - Setting next_dagrun for predictive_pipeline_xgb to 2025-11-23 00:00:00+00:00, run_after=2025-11-30 00:00:00+00:00
[2025-11-19T16:43:43.760+0000] {processor.py:183} INFO - Processing /opt/airflow/dags/predictive_pipeline_dag.py took 6.605 seconds
[2025-11-19T16:44:14.295+0000] {processor.py:161} INFO - Started process (PID=1364) to work on /opt/airflow/dags/predictive_pipeline_dag.py
[2025-11-19T16:44:14.301+0000] {processor.py:830} INFO - Processing file /opt/airflow/dags/predictive_pipeline_dag.py for tasks to queue
[2025-11-19T16:44:14.307+0000] {logging_mixin.py:188} INFO - [2025-11-19T16:44:14.305+0000] {dagbag.py:545} INFO - Filling up the DagBag from /opt/airflow/dags/predictive_pipeline_dag.py
[2025-11-19T16:44:17.576+0000] {logging_mixin.py:188} WARNING - /home/airflow/.local/lib/python3.12/site-packages/mlflow/tracking/_tracking_service/utils.py:140 FutureWarning: Filesystem tracking backend (e.g., './mlruns') is deprecated. Please switch to a database backend (e.g., 'sqlite:///mlflow.db'). For feedback, see: https://github.com/mlflow/mlflow/issues/18534
[2025-11-19T16:44:18.737+0000] {processor.py:840} INFO - DAG(s) 'predictive_pipeline_xgb' retrieved from /opt/airflow/dags/predictive_pipeline_dag.py
[2025-11-19T16:44:18.773+0000] {logging_mixin.py:188} INFO - [2025-11-19T16:44:18.773+0000] {dag.py:3096} INFO - Sync 1 DAGs
[2025-11-19T16:44:18.811+0000] {logging_mixin.py:188} INFO - [2025-11-19T16:44:18.810+0000] {dag.py:3954} INFO - Setting next_dagrun for predictive_pipeline_xgb to 2025-11-23 00:00:00+00:00, run_after=2025-11-30 00:00:00+00:00
[2025-11-19T16:44:18.911+0000] {processor.py:183} INFO - Processing /opt/airflow/dags/predictive_pipeline_dag.py took 4.659 seconds
[2025-11-19T19:38:24.044+0000] {processor.py:161} INFO - Started process (PID=1374) to work on /opt/airflow/dags/predictive_pipeline_dag.py
[2025-11-19T19:38:24.047+0000] {processor.py:830} INFO - Processing file /opt/airflow/dags/predictive_pipeline_dag.py for tasks to queue
[2025-11-19T19:38:24.050+0000] {logging_mixin.py:188} INFO - [2025-11-19T19:38:24.049+0000] {dagbag.py:545} INFO - Filling up the DagBag from /opt/airflow/dags/predictive_pipeline_dag.py
[2025-11-19T19:38:37.711+0000] {logging_mixin.py:188} WARNING - /home/airflow/.local/lib/python3.12/site-packages/mlflow/tracking/_tracking_service/utils.py:140 FutureWarning: Filesystem tracking backend (e.g., './mlruns') is deprecated. Please switch to a database backend (e.g., 'sqlite:///mlflow.db'). For feedback, see: https://github.com/mlflow/mlflow/issues/18534
[2025-11-19T19:38:43.658+0000] {processor.py:840} INFO - DAG(s) 'predictive_pipeline_xgb' retrieved from /opt/airflow/dags/predictive_pipeline_dag.py
[2025-11-19T19:38:43.933+0000] {logging_mixin.py:188} INFO - [2025-11-19T19:38:43.932+0000] {dag.py:3096} INFO - Sync 1 DAGs
[2025-11-19T19:38:44.149+0000] {logging_mixin.py:188} INFO - [2025-11-19T19:38:44.148+0000] {dag.py:3954} INFO - Setting next_dagrun for predictive_pipeline_xgb to 2025-11-23 00:00:00+00:00, run_after=2025-11-30 00:00:00+00:00
[2025-11-19T19:38:44.594+0000] {processor.py:183} INFO - Processing /opt/airflow/dags/predictive_pipeline_dag.py took 21.064 seconds
[2025-11-19T19:39:15.300+0000] {processor.py:161} INFO - Started process (PID=1384) to work on /opt/airflow/dags/predictive_pipeline_dag.py
[2025-11-19T19:39:15.302+0000] {processor.py:830} INFO - Processing file /opt/airflow/dags/predictive_pipeline_dag.py for tasks to queue
[2025-11-19T19:39:15.304+0000] {logging_mixin.py:188} INFO - [2025-11-19T19:39:15.303+0000] {dagbag.py:545} INFO - Filling up the DagBag from /opt/airflow/dags/predictive_pipeline_dag.py
[2025-11-19T19:39:18.271+0000] {logging_mixin.py:188} WARNING - /home/airflow/.local/lib/python3.12/site-packages/mlflow/tracking/_tracking_service/utils.py:140 FutureWarning: Filesystem tracking backend (e.g., './mlruns') is deprecated. Please switch to a database backend (e.g., 'sqlite:///mlflow.db'). For feedback, see: https://github.com/mlflow/mlflow/issues/18534
[2025-11-19T19:39:19.505+0000] {processor.py:840} INFO - DAG(s) 'predictive_pipeline_xgb' retrieved from /opt/airflow/dags/predictive_pipeline_dag.py
[2025-11-19T19:39:19.543+0000] {logging_mixin.py:188} INFO - [2025-11-19T19:39:19.542+0000] {dag.py:3096} INFO - Sync 1 DAGs
[2025-11-19T19:39:19.571+0000] {logging_mixin.py:188} INFO - [2025-11-19T19:39:19.571+0000] {dag.py:3954} INFO - Setting next_dagrun for predictive_pipeline_xgb to 2025-11-23 00:00:00+00:00, run_after=2025-11-30 00:00:00+00:00
[2025-11-19T19:39:19.721+0000] {processor.py:183} INFO - Processing /opt/airflow/dags/predictive_pipeline_dag.py took 4.440 seconds
[2025-11-19T19:39:50.727+0000] {processor.py:161} INFO - Started process (PID=1394) to work on /opt/airflow/dags/predictive_pipeline_dag.py
[2025-11-19T19:39:50.731+0000] {processor.py:830} INFO - Processing file /opt/airflow/dags/predictive_pipeline_dag.py for tasks to queue
[2025-11-19T19:39:50.735+0000] {logging_mixin.py:188} INFO - [2025-11-19T19:39:50.734+0000] {dagbag.py:545} INFO - Filling up the DagBag from /opt/airflow/dags/predictive_pipeline_dag.py
[2025-11-19T19:39:53.686+0000] {logging_mixin.py:188} WARNING - /home/airflow/.local/lib/python3.12/site-packages/mlflow/tracking/_tracking_service/utils.py:140 FutureWarning: Filesystem tracking backend (e.g., './mlruns') is deprecated. Please switch to a database backend (e.g., 'sqlite:///mlflow.db'). For feedback, see: https://github.com/mlflow/mlflow/issues/18534
[2025-11-19T19:39:54.980+0000] {processor.py:840} INFO - DAG(s) 'predictive_pipeline_xgb' retrieved from /opt/airflow/dags/predictive_pipeline_dag.py
[2025-11-19T19:39:55.025+0000] {logging_mixin.py:188} INFO - [2025-11-19T19:39:55.024+0000] {dag.py:3096} INFO - Sync 1 DAGs
[2025-11-19T19:39:55.064+0000] {logging_mixin.py:188} INFO - [2025-11-19T19:39:55.064+0000] {dag.py:3954} INFO - Setting next_dagrun for predictive_pipeline_xgb to 2025-11-23 00:00:00+00:00, run_after=2025-11-30 00:00:00+00:00
[2025-11-19T19:39:55.206+0000] {processor.py:183} INFO - Processing /opt/airflow/dags/predictive_pipeline_dag.py took 4.517 seconds
[2025-11-19T19:40:26.486+0000] {processor.py:161} INFO - Started process (PID=1404) to work on /opt/airflow/dags/predictive_pipeline_dag.py
[2025-11-19T19:40:26.492+0000] {processor.py:830} INFO - Processing file /opt/airflow/dags/predictive_pipeline_dag.py for tasks to queue
[2025-11-19T19:40:26.501+0000] {logging_mixin.py:188} INFO - [2025-11-19T19:40:26.498+0000] {dagbag.py:545} INFO - Filling up the DagBag from /opt/airflow/dags/predictive_pipeline_dag.py
[2025-11-19T19:40:29.532+0000] {logging_mixin.py:188} WARNING - /home/airflow/.local/lib/python3.12/site-packages/mlflow/tracking/_tracking_service/utils.py:140 FutureWarning: Filesystem tracking backend (e.g., './mlruns') is deprecated. Please switch to a database backend (e.g., 'sqlite:///mlflow.db'). For feedback, see: https://github.com/mlflow/mlflow/issues/18534
[2025-11-19T19:40:30.607+0000] {processor.py:840} INFO - DAG(s) 'predictive_pipeline_xgb' retrieved from /opt/airflow/dags/predictive_pipeline_dag.py
[2025-11-19T19:40:30.648+0000] {logging_mixin.py:188} INFO - [2025-11-19T19:40:30.648+0000] {dag.py:3096} INFO - Sync 1 DAGs
[2025-11-19T19:40:30.682+0000] {logging_mixin.py:188} INFO - [2025-11-19T19:40:30.682+0000] {dag.py:3954} INFO - Setting next_dagrun for predictive_pipeline_xgb to 2025-11-23 00:00:00+00:00, run_after=2025-11-30 00:00:00+00:00
[2025-11-19T19:40:30.807+0000] {processor.py:183} INFO - Processing /opt/airflow/dags/predictive_pipeline_dag.py took 4.371 seconds
[2025-11-19T19:41:01.155+0000] {processor.py:161} INFO - Started process (PID=1414) to work on /opt/airflow/dags/predictive_pipeline_dag.py
[2025-11-19T19:41:01.157+0000] {processor.py:830} INFO - Processing file /opt/airflow/dags/predictive_pipeline_dag.py for tasks to queue
[2025-11-19T19:41:01.160+0000] {logging_mixin.py:188} INFO - [2025-11-19T19:41:01.159+0000] {dagbag.py:545} INFO - Filling up the DagBag from /opt/airflow/dags/predictive_pipeline_dag.py
[2025-11-19T19:41:03.832+0000] {logging_mixin.py:188} WARNING - /home/airflow/.local/lib/python3.12/site-packages/mlflow/tracking/_tracking_service/utils.py:140 FutureWarning: Filesystem tracking backend (e.g., './mlruns') is deprecated. Please switch to a database backend (e.g., 'sqlite:///mlflow.db'). For feedback, see: https://github.com/mlflow/mlflow/issues/18534
[2025-11-19T19:41:05.152+0000] {processor.py:840} INFO - DAG(s) 'predictive_pipeline_xgb' retrieved from /opt/airflow/dags/predictive_pipeline_dag.py
[2025-11-19T19:41:05.191+0000] {logging_mixin.py:188} INFO - [2025-11-19T19:41:05.190+0000] {dag.py:3096} INFO - Sync 1 DAGs
[2025-11-19T19:41:05.220+0000] {logging_mixin.py:188} INFO - [2025-11-19T19:41:05.219+0000] {dag.py:3954} INFO - Setting next_dagrun for predictive_pipeline_xgb to 2025-11-23 00:00:00+00:00, run_after=2025-11-30 00:00:00+00:00
[2025-11-19T19:41:05.326+0000] {processor.py:183} INFO - Processing /opt/airflow/dags/predictive_pipeline_dag.py took 4.187 seconds
[2025-11-19T19:41:35.786+0000] {processor.py:161} INFO - Started process (PID=1424) to work on /opt/airflow/dags/predictive_pipeline_dag.py
[2025-11-19T19:41:35.788+0000] {processor.py:830} INFO - Processing file /opt/airflow/dags/predictive_pipeline_dag.py for tasks to queue
[2025-11-19T19:41:35.792+0000] {logging_mixin.py:188} INFO - [2025-11-19T19:41:35.791+0000] {dagbag.py:545} INFO - Filling up the DagBag from /opt/airflow/dags/predictive_pipeline_dag.py
[2025-11-19T19:41:39.587+0000] {logging_mixin.py:188} WARNING - /home/airflow/.local/lib/python3.12/site-packages/mlflow/tracking/_tracking_service/utils.py:140 FutureWarning: Filesystem tracking backend (e.g., './mlruns') is deprecated. Please switch to a database backend (e.g., 'sqlite:///mlflow.db'). For feedback, see: https://github.com/mlflow/mlflow/issues/18534
[2025-11-19T19:41:41.063+0000] {processor.py:840} INFO - DAG(s) 'predictive_pipeline_xgb' retrieved from /opt/airflow/dags/predictive_pipeline_dag.py
[2025-11-19T19:41:41.103+0000] {logging_mixin.py:188} INFO - [2025-11-19T19:41:41.103+0000] {dag.py:3096} INFO - Sync 1 DAGs
[2025-11-19T19:41:41.138+0000] {logging_mixin.py:188} INFO - [2025-11-19T19:41:41.138+0000] {dag.py:3954} INFO - Setting next_dagrun for predictive_pipeline_xgb to 2025-11-23 00:00:00+00:00, run_after=2025-11-30 00:00:00+00:00
[2025-11-19T19:41:41.241+0000] {processor.py:183} INFO - Processing /opt/airflow/dags/predictive_pipeline_dag.py took 5.469 seconds
[2025-11-19T19:41:53.460+0000] {processor.py:161} INFO - Started process (PID=1434) to work on /opt/airflow/dags/predictive_pipeline_dag.py
[2025-11-19T19:41:53.461+0000] {processor.py:830} INFO - Processing file /opt/airflow/dags/predictive_pipeline_dag.py for tasks to queue
[2025-11-19T19:41:53.463+0000] {logging_mixin.py:188} INFO - [2025-11-19T19:41:53.462+0000] {dagbag.py:545} INFO - Filling up the DagBag from /opt/airflow/dags/predictive_pipeline_dag.py
[2025-11-19T19:41:56.162+0000] {logging_mixin.py:188} WARNING - /home/airflow/.local/lib/python3.12/site-packages/mlflow/tracking/_tracking_service/utils.py:140 FutureWarning: Filesystem tracking backend (e.g., './mlruns') is deprecated. Please switch to a database backend (e.g., 'sqlite:///mlflow.db'). For feedback, see: https://github.com/mlflow/mlflow/issues/18534
[2025-11-19T19:41:57.078+0000] {processor.py:840} INFO - DAG(s) 'predictive_pipeline_xgb' retrieved from /opt/airflow/dags/predictive_pipeline_dag.py
[2025-11-19T19:41:57.105+0000] {logging_mixin.py:188} INFO - [2025-11-19T19:41:57.104+0000] {dag.py:3096} INFO - Sync 1 DAGs
[2025-11-19T19:41:57.126+0000] {logging_mixin.py:188} INFO - [2025-11-19T19:41:57.126+0000] {dag.py:3954} INFO - Setting next_dagrun for predictive_pipeline_xgb to 2025-11-23 00:00:00+00:00, run_after=2025-11-30 00:00:00+00:00
[2025-11-19T19:41:57.218+0000] {processor.py:183} INFO - Processing /opt/airflow/dags/predictive_pipeline_dag.py took 3.769 seconds
[2025-11-19T19:42:27.823+0000] {processor.py:161} INFO - Started process (PID=1444) to work on /opt/airflow/dags/predictive_pipeline_dag.py
[2025-11-19T19:42:27.824+0000] {processor.py:830} INFO - Processing file /opt/airflow/dags/predictive_pipeline_dag.py for tasks to queue
[2025-11-19T19:42:27.826+0000] {logging_mixin.py:188} INFO - [2025-11-19T19:42:27.825+0000] {dagbag.py:545} INFO - Filling up the DagBag from /opt/airflow/dags/predictive_pipeline_dag.py
[2025-11-19T19:42:30.207+0000] {logging_mixin.py:188} WARNING - /home/airflow/.local/lib/python3.12/site-packages/mlflow/tracking/_tracking_service/utils.py:140 FutureWarning: Filesystem tracking backend (e.g., './mlruns') is deprecated. Please switch to a database backend (e.g., 'sqlite:///mlflow.db'). For feedback, see: https://github.com/mlflow/mlflow/issues/18534
[2025-11-19T19:42:31.250+0000] {processor.py:840} INFO - DAG(s) 'predictive_pipeline_xgb' retrieved from /opt/airflow/dags/predictive_pipeline_dag.py
[2025-11-19T19:42:31.284+0000] {logging_mixin.py:188} INFO - [2025-11-19T19:42:31.284+0000] {dag.py:3096} INFO - Sync 1 DAGs
[2025-11-19T19:42:31.319+0000] {logging_mixin.py:188} INFO - [2025-11-19T19:42:31.318+0000] {dag.py:3954} INFO - Setting next_dagrun for predictive_pipeline_xgb to 2025-11-23 00:00:00+00:00, run_after=2025-11-30 00:00:00+00:00
[2025-11-19T19:42:31.430+0000] {processor.py:183} INFO - Processing /opt/airflow/dags/predictive_pipeline_dag.py took 3.618 seconds
[2025-11-19T19:43:02.321+0000] {processor.py:161} INFO - Started process (PID=1454) to work on /opt/airflow/dags/predictive_pipeline_dag.py
[2025-11-19T19:43:02.323+0000] {processor.py:830} INFO - Processing file /opt/airflow/dags/predictive_pipeline_dag.py for tasks to queue
[2025-11-19T19:43:02.325+0000] {logging_mixin.py:188} INFO - [2025-11-19T19:43:02.325+0000] {dagbag.py:545} INFO - Filling up the DagBag from /opt/airflow/dags/predictive_pipeline_dag.py
[2025-11-19T19:43:04.770+0000] {logging_mixin.py:188} WARNING - /home/airflow/.local/lib/python3.12/site-packages/mlflow/tracking/_tracking_service/utils.py:140 FutureWarning: Filesystem tracking backend (e.g., './mlruns') is deprecated. Please switch to a database backend (e.g., 'sqlite:///mlflow.db'). For feedback, see: https://github.com/mlflow/mlflow/issues/18534
[2025-11-19T19:43:05.787+0000] {processor.py:840} INFO - DAG(s) 'predictive_pipeline_xgb' retrieved from /opt/airflow/dags/predictive_pipeline_dag.py
[2025-11-19T19:43:05.823+0000] {logging_mixin.py:188} INFO - [2025-11-19T19:43:05.822+0000] {dag.py:3096} INFO - Sync 1 DAGs
[2025-11-19T19:43:05.852+0000] {logging_mixin.py:188} INFO - [2025-11-19T19:43:05.852+0000] {dag.py:3954} INFO - Setting next_dagrun for predictive_pipeline_xgb to 2025-11-23 00:00:00+00:00, run_after=2025-11-30 00:00:00+00:00
[2025-11-19T19:43:05.943+0000] {processor.py:183} INFO - Processing /opt/airflow/dags/predictive_pipeline_dag.py took 3.639 seconds
[2025-11-19T19:43:36.275+0000] {processor.py:161} INFO - Started process (PID=1464) to work on /opt/airflow/dags/predictive_pipeline_dag.py
[2025-11-19T19:43:36.277+0000] {processor.py:830} INFO - Processing file /opt/airflow/dags/predictive_pipeline_dag.py for tasks to queue
[2025-11-19T19:43:36.278+0000] {logging_mixin.py:188} INFO - [2025-11-19T19:43:36.278+0000] {dagbag.py:545} INFO - Filling up the DagBag from /opt/airflow/dags/predictive_pipeline_dag.py
[2025-11-19T19:43:38.944+0000] {logging_mixin.py:188} WARNING - /home/airflow/.local/lib/python3.12/site-packages/mlflow/tracking/_tracking_service/utils.py:140 FutureWarning: Filesystem tracking backend (e.g., './mlruns') is deprecated. Please switch to a database backend (e.g., 'sqlite:///mlflow.db'). For feedback, see: https://github.com/mlflow/mlflow/issues/18534
[2025-11-19T19:43:40.032+0000] {processor.py:840} INFO - DAG(s) 'predictive_pipeline_xgb' retrieved from /opt/airflow/dags/predictive_pipeline_dag.py
[2025-11-19T19:43:40.066+0000] {logging_mixin.py:188} INFO - [2025-11-19T19:43:40.066+0000] {dag.py:3096} INFO - Sync 1 DAGs
[2025-11-19T19:43:40.094+0000] {logging_mixin.py:188} INFO - [2025-11-19T19:43:40.094+0000] {dag.py:3954} INFO - Setting next_dagrun for predictive_pipeline_xgb to 2025-11-23 00:00:00+00:00, run_after=2025-11-30 00:00:00+00:00
[2025-11-19T19:43:40.185+0000] {processor.py:183} INFO - Processing /opt/airflow/dags/predictive_pipeline_dag.py took 3.925 seconds
[2025-11-19T19:44:10.420+0000] {processor.py:161} INFO - Started process (PID=1474) to work on /opt/airflow/dags/predictive_pipeline_dag.py
[2025-11-19T19:44:10.422+0000] {processor.py:830} INFO - Processing file /opt/airflow/dags/predictive_pipeline_dag.py for tasks to queue
[2025-11-19T19:44:10.423+0000] {logging_mixin.py:188} INFO - [2025-11-19T19:44:10.423+0000] {dagbag.py:545} INFO - Filling up the DagBag from /opt/airflow/dags/predictive_pipeline_dag.py
[2025-11-19T19:44:13.109+0000] {logging_mixin.py:188} WARNING - /home/airflow/.local/lib/python3.12/site-packages/mlflow/tracking/_tracking_service/utils.py:140 FutureWarning: Filesystem tracking backend (e.g., './mlruns') is deprecated. Please switch to a database backend (e.g., 'sqlite:///mlflow.db'). For feedback, see: https://github.com/mlflow/mlflow/issues/18534
[2025-11-19T19:44:14.160+0000] {processor.py:840} INFO - DAG(s) 'predictive_pipeline_xgb' retrieved from /opt/airflow/dags/predictive_pipeline_dag.py
[2025-11-19T19:44:14.196+0000] {logging_mixin.py:188} INFO - [2025-11-19T19:44:14.196+0000] {dag.py:3096} INFO - Sync 1 DAGs
[2025-11-19T19:44:14.225+0000] {logging_mixin.py:188} INFO - [2025-11-19T19:44:14.224+0000] {dag.py:3954} INFO - Setting next_dagrun for predictive_pipeline_xgb to 2025-11-23 00:00:00+00:00, run_after=2025-11-30 00:00:00+00:00
[2025-11-19T19:44:14.322+0000] {processor.py:183} INFO - Processing /opt/airflow/dags/predictive_pipeline_dag.py took 3.915 seconds
[2025-11-19T19:44:44.819+0000] {processor.py:161} INFO - Started process (PID=1484) to work on /opt/airflow/dags/predictive_pipeline_dag.py
[2025-11-19T19:44:44.820+0000] {processor.py:830} INFO - Processing file /opt/airflow/dags/predictive_pipeline_dag.py for tasks to queue
[2025-11-19T19:44:44.822+0000] {logging_mixin.py:188} INFO - [2025-11-19T19:44:44.821+0000] {dagbag.py:545} INFO - Filling up the DagBag from /opt/airflow/dags/predictive_pipeline_dag.py
[2025-11-19T19:44:47.867+0000] {logging_mixin.py:188} WARNING - /home/airflow/.local/lib/python3.12/site-packages/mlflow/tracking/_tracking_service/utils.py:140 FutureWarning: Filesystem tracking backend (e.g., './mlruns') is deprecated. Please switch to a database backend (e.g., 'sqlite:///mlflow.db'). For feedback, see: https://github.com/mlflow/mlflow/issues/18534
[2025-11-19T19:44:49.324+0000] {processor.py:840} INFO - DAG(s) 'predictive_pipeline_xgb' retrieved from /opt/airflow/dags/predictive_pipeline_dag.py
[2025-11-19T19:44:49.380+0000] {logging_mixin.py:188} INFO - [2025-11-19T19:44:49.379+0000] {dag.py:3096} INFO - Sync 1 DAGs
[2025-11-19T19:44:49.414+0000] {logging_mixin.py:188} INFO - [2025-11-19T19:44:49.413+0000] {dag.py:3954} INFO - Setting next_dagrun for predictive_pipeline_xgb to 2025-11-23 00:00:00+00:00, run_after=2025-11-30 00:00:00+00:00
[2025-11-19T19:44:49.520+0000] {processor.py:183} INFO - Processing /opt/airflow/dags/predictive_pipeline_dag.py took 4.713 seconds
[2025-11-19T19:45:19.792+0000] {processor.py:161} INFO - Started process (PID=1494) to work on /opt/airflow/dags/predictive_pipeline_dag.py
[2025-11-19T19:45:19.793+0000] {processor.py:830} INFO - Processing file /opt/airflow/dags/predictive_pipeline_dag.py for tasks to queue
[2025-11-19T19:45:19.795+0000] {logging_mixin.py:188} INFO - [2025-11-19T19:45:19.794+0000] {dagbag.py:545} INFO - Filling up the DagBag from /opt/airflow/dags/predictive_pipeline_dag.py
[2025-11-19T19:45:22.505+0000] {logging_mixin.py:188} WARNING - /home/airflow/.local/lib/python3.12/site-packages/mlflow/tracking/_tracking_service/utils.py:140 FutureWarning: Filesystem tracking backend (e.g., './mlruns') is deprecated. Please switch to a database backend (e.g., 'sqlite:///mlflow.db'). For feedback, see: https://github.com/mlflow/mlflow/issues/18534
[2025-11-19T19:45:23.526+0000] {processor.py:840} INFO - DAG(s) 'predictive_pipeline_xgb' retrieved from /opt/airflow/dags/predictive_pipeline_dag.py
[2025-11-19T19:45:23.565+0000] {logging_mixin.py:188} INFO - [2025-11-19T19:45:23.564+0000] {dag.py:3096} INFO - Sync 1 DAGs
[2025-11-19T19:45:23.593+0000] {logging_mixin.py:188} INFO - [2025-11-19T19:45:23.592+0000] {dag.py:3954} INFO - Setting next_dagrun for predictive_pipeline_xgb to 2025-11-23 00:00:00+00:00, run_after=2025-11-30 00:00:00+00:00
[2025-11-19T19:45:23.691+0000] {processor.py:183} INFO - Processing /opt/airflow/dags/predictive_pipeline_dag.py took 3.912 seconds
[2025-11-19T19:45:54.404+0000] {processor.py:161} INFO - Started process (PID=1504) to work on /opt/airflow/dags/predictive_pipeline_dag.py
[2025-11-19T19:45:54.405+0000] {processor.py:830} INFO - Processing file /opt/airflow/dags/predictive_pipeline_dag.py for tasks to queue
[2025-11-19T19:45:54.407+0000] {logging_mixin.py:188} INFO - [2025-11-19T19:45:54.406+0000] {dagbag.py:545} INFO - Filling up the DagBag from /opt/airflow/dags/predictive_pipeline_dag.py
[2025-11-19T19:45:58.013+0000] {logging_mixin.py:188} WARNING - /home/airflow/.local/lib/python3.12/site-packages/mlflow/tracking/_tracking_service/utils.py:140 FutureWarning: Filesystem tracking backend (e.g., './mlruns') is deprecated. Please switch to a database backend (e.g., 'sqlite:///mlflow.db'). For feedback, see: https://github.com/mlflow/mlflow/issues/18534
[2025-11-19T19:45:59.268+0000] {processor.py:840} INFO - DAG(s) 'predictive_pipeline_xgb' retrieved from /opt/airflow/dags/predictive_pipeline_dag.py
[2025-11-19T19:45:59.309+0000] {logging_mixin.py:188} INFO - [2025-11-19T19:45:59.309+0000] {dag.py:3096} INFO - Sync 1 DAGs
[2025-11-19T19:45:59.342+0000] {logging_mixin.py:188} INFO - [2025-11-19T19:45:59.341+0000] {dag.py:3954} INFO - Setting next_dagrun for predictive_pipeline_xgb to 2025-11-23 00:00:00+00:00, run_after=2025-11-30 00:00:00+00:00
[2025-11-19T19:45:59.444+0000] {processor.py:183} INFO - Processing /opt/airflow/dags/predictive_pipeline_dag.py took 5.055 seconds
[2025-11-19T19:46:29.935+0000] {processor.py:161} INFO - Started process (PID=1514) to work on /opt/airflow/dags/predictive_pipeline_dag.py
[2025-11-19T19:46:29.939+0000] {processor.py:830} INFO - Processing file /opt/airflow/dags/predictive_pipeline_dag.py for tasks to queue
[2025-11-19T19:46:29.943+0000] {logging_mixin.py:188} INFO - [2025-11-19T19:46:29.942+0000] {dagbag.py:545} INFO - Filling up the DagBag from /opt/airflow/dags/predictive_pipeline_dag.py
[2025-11-19T19:46:32.856+0000] {logging_mixin.py:188} WARNING - /home/airflow/.local/lib/python3.12/site-packages/mlflow/tracking/_tracking_service/utils.py:140 FutureWarning: Filesystem tracking backend (e.g., './mlruns') is deprecated. Please switch to a database backend (e.g., 'sqlite:///mlflow.db'). For feedback, see: https://github.com/mlflow/mlflow/issues/18534
[2025-11-19T19:46:34.030+0000] {processor.py:840} INFO - DAG(s) 'predictive_pipeline_xgb' retrieved from /opt/airflow/dags/predictive_pipeline_dag.py
[2025-11-19T19:46:34.072+0000] {logging_mixin.py:188} INFO - [2025-11-19T19:46:34.072+0000] {dag.py:3096} INFO - Sync 1 DAGs
[2025-11-19T19:46:34.108+0000] {logging_mixin.py:188} INFO - [2025-11-19T19:46:34.107+0000] {dag.py:3954} INFO - Setting next_dagrun for predictive_pipeline_xgb to 2025-11-23 00:00:00+00:00, run_after=2025-11-30 00:00:00+00:00
[2025-11-19T19:46:34.227+0000] {processor.py:183} INFO - Processing /opt/airflow/dags/predictive_pipeline_dag.py took 4.318 seconds
[2025-11-19T19:47:04.411+0000] {processor.py:161} INFO - Started process (PID=1524) to work on /opt/airflow/dags/predictive_pipeline_dag.py
[2025-11-19T19:47:04.413+0000] {processor.py:830} INFO - Processing file /opt/airflow/dags/predictive_pipeline_dag.py for tasks to queue
[2025-11-19T19:47:04.415+0000] {logging_mixin.py:188} INFO - [2025-11-19T19:47:04.414+0000] {dagbag.py:545} INFO - Filling up the DagBag from /opt/airflow/dags/predictive_pipeline_dag.py
[2025-11-19T19:47:07.624+0000] {logging_mixin.py:188} WARNING - /home/airflow/.local/lib/python3.12/site-packages/mlflow/tracking/_tracking_service/utils.py:140 FutureWarning: Filesystem tracking backend (e.g., './mlruns') is deprecated. Please switch to a database backend (e.g., 'sqlite:///mlflow.db'). For feedback, see: https://github.com/mlflow/mlflow/issues/18534
[2025-11-19T19:47:08.810+0000] {processor.py:840} INFO - DAG(s) 'predictive_pipeline_xgb' retrieved from /opt/airflow/dags/predictive_pipeline_dag.py
[2025-11-19T19:47:08.847+0000] {logging_mixin.py:188} INFO - [2025-11-19T19:47:08.846+0000] {dag.py:3096} INFO - Sync 1 DAGs
[2025-11-19T19:47:08.872+0000] {logging_mixin.py:188} INFO - [2025-11-19T19:47:08.872+0000] {dag.py:3954} INFO - Setting next_dagrun for predictive_pipeline_xgb to 2025-11-23 00:00:00+00:00, run_after=2025-11-30 00:00:00+00:00
[2025-11-19T19:47:08.952+0000] {processor.py:183} INFO - Processing /opt/airflow/dags/predictive_pipeline_dag.py took 4.554 seconds
[2025-11-19T19:47:39.452+0000] {processor.py:161} INFO - Started process (PID=1534) to work on /opt/airflow/dags/predictive_pipeline_dag.py
[2025-11-19T19:47:39.454+0000] {processor.py:830} INFO - Processing file /opt/airflow/dags/predictive_pipeline_dag.py for tasks to queue
[2025-11-19T19:47:39.455+0000] {logging_mixin.py:188} INFO - [2025-11-19T19:47:39.455+0000] {dagbag.py:545} INFO - Filling up the DagBag from /opt/airflow/dags/predictive_pipeline_dag.py
[2025-11-19T19:47:42.152+0000] {logging_mixin.py:188} WARNING - /home/airflow/.local/lib/python3.12/site-packages/mlflow/tracking/_tracking_service/utils.py:140 FutureWarning: Filesystem tracking backend (e.g., './mlruns') is deprecated. Please switch to a database backend (e.g., 'sqlite:///mlflow.db'). For feedback, see: https://github.com/mlflow/mlflow/issues/18534
[2025-11-19T19:47:43.424+0000] {processor.py:840} INFO - DAG(s) 'predictive_pipeline_xgb' retrieved from /opt/airflow/dags/predictive_pipeline_dag.py
[2025-11-19T19:47:43.464+0000] {logging_mixin.py:188} INFO - [2025-11-19T19:47:43.463+0000] {dag.py:3096} INFO - Sync 1 DAGs
[2025-11-19T19:47:43.498+0000] {logging_mixin.py:188} INFO - [2025-11-19T19:47:43.497+0000] {dag.py:3954} INFO - Setting next_dagrun for predictive_pipeline_xgb to 2025-11-23 00:00:00+00:00, run_after=2025-11-30 00:00:00+00:00
[2025-11-19T19:47:43.725+0000] {processor.py:183} INFO - Processing /opt/airflow/dags/predictive_pipeline_dag.py took 4.269 seconds
[2025-11-19T19:48:14.747+0000] {processor.py:161} INFO - Started process (PID=1544) to work on /opt/airflow/dags/predictive_pipeline_dag.py
[2025-11-19T19:48:14.751+0000] {processor.py:830} INFO - Processing file /opt/airflow/dags/predictive_pipeline_dag.py for tasks to queue
[2025-11-19T19:48:14.754+0000] {logging_mixin.py:188} INFO - [2025-11-19T19:48:14.753+0000] {dagbag.py:545} INFO - Filling up the DagBag from /opt/airflow/dags/predictive_pipeline_dag.py
[2025-11-19T19:48:17.857+0000] {logging_mixin.py:188} WARNING - /home/airflow/.local/lib/python3.12/site-packages/mlflow/tracking/_tracking_service/utils.py:140 FutureWarning: Filesystem tracking backend (e.g., './mlruns') is deprecated. Please switch to a database backend (e.g., 'sqlite:///mlflow.db'). For feedback, see: https://github.com/mlflow/mlflow/issues/18534
[2025-11-19T19:48:18.963+0000] {processor.py:840} INFO - DAG(s) 'predictive_pipeline_xgb' retrieved from /opt/airflow/dags/predictive_pipeline_dag.py
[2025-11-19T19:48:19.003+0000] {logging_mixin.py:188} INFO - [2025-11-19T19:48:19.002+0000] {dag.py:3096} INFO - Sync 1 DAGs
[2025-11-19T19:48:19.040+0000] {logging_mixin.py:188} INFO - [2025-11-19T19:48:19.039+0000] {dag.py:3954} INFO - Setting next_dagrun for predictive_pipeline_xgb to 2025-11-23 00:00:00+00:00, run_after=2025-11-30 00:00:00+00:00
[2025-11-19T19:48:19.153+0000] {processor.py:183} INFO - Processing /opt/airflow/dags/predictive_pipeline_dag.py took 4.428 seconds
[2025-11-19T19:48:49.913+0000] {processor.py:161} INFO - Started process (PID=1554) to work on /opt/airflow/dags/predictive_pipeline_dag.py
[2025-11-19T19:48:49.915+0000] {processor.py:830} INFO - Processing file /opt/airflow/dags/predictive_pipeline_dag.py for tasks to queue
[2025-11-19T19:48:49.916+0000] {logging_mixin.py:188} INFO - [2025-11-19T19:48:49.916+0000] {dagbag.py:545} INFO - Filling up the DagBag from /opt/airflow/dags/predictive_pipeline_dag.py
[2025-11-19T19:48:51.420+0000] {logging_mixin.py:188} INFO - [2025-11-19T19:48:51.414+0000] {dagbag.py:355} ERROR - Failed to import: /opt/airflow/dags/predictive_pipeline_dag.py
Traceback (most recent call last):
  File "/home/airflow/.local/lib/python3.12/site-packages/airflow/models/dagbag.py", line 351, in parse
    loader.exec_module(new_module)
  File "<frozen importlib._bootstrap_external>", line 995, in exec_module
  File "<frozen importlib._bootstrap>", line 488, in _call_with_frames_removed
  File "/opt/airflow/dags/predictive_pipeline_dag.py", line 8, in <module>
    from scripts.model_training import train_model
  File "/opt/airflow/scripts/model_training.py", line 60
    else:
         ^
IndentationError: expected an indented block after 'else' statement on line 60
[2025-11-19T19:48:51.422+0000] {processor.py:842} WARNING - No viable dags retrieved from /opt/airflow/dags/predictive_pipeline_dag.py
[2025-11-19T19:48:51.479+0000] {processor.py:183} INFO - Processing /opt/airflow/dags/predictive_pipeline_dag.py took 1.576 seconds
[2025-11-19T19:49:21.957+0000] {processor.py:161} INFO - Started process (PID=1563) to work on /opt/airflow/dags/predictive_pipeline_dag.py
[2025-11-19T19:49:21.959+0000] {processor.py:830} INFO - Processing file /opt/airflow/dags/predictive_pipeline_dag.py for tasks to queue
[2025-11-19T19:49:21.961+0000] {logging_mixin.py:188} INFO - [2025-11-19T19:49:21.960+0000] {dagbag.py:545} INFO - Filling up the DagBag from /opt/airflow/dags/predictive_pipeline_dag.py
[2025-11-19T19:49:23.519+0000] {logging_mixin.py:188} INFO - [2025-11-19T19:49:23.502+0000] {dagbag.py:355} ERROR - Failed to import: /opt/airflow/dags/predictive_pipeline_dag.py
Traceback (most recent call last):
  File "/home/airflow/.local/lib/python3.12/site-packages/airflow/models/dagbag.py", line 351, in parse
    loader.exec_module(new_module)
  File "<frozen importlib._bootstrap_external>", line 995, in exec_module
  File "<frozen importlib._bootstrap>", line 488, in _call_with_frames_removed
  File "/opt/airflow/dags/predictive_pipeline_dag.py", line 8, in <module>
    from scripts.model_training import train_model
  File "/opt/airflow/scripts/model_training.py", line 60
    else:
         ^
IndentationError: expected an indented block after 'else' statement on line 60
[2025-11-19T19:49:23.536+0000] {processor.py:842} WARNING - No viable dags retrieved from /opt/airflow/dags/predictive_pipeline_dag.py
[2025-11-19T19:49:23.614+0000] {processor.py:183} INFO - Processing /opt/airflow/dags/predictive_pipeline_dag.py took 1.677 seconds
[2025-11-19T19:49:54.347+0000] {processor.py:161} INFO - Started process (PID=1572) to work on /opt/airflow/dags/predictive_pipeline_dag.py
[2025-11-19T19:49:54.350+0000] {processor.py:830} INFO - Processing file /opt/airflow/dags/predictive_pipeline_dag.py for tasks to queue
[2025-11-19T19:49:54.354+0000] {logging_mixin.py:188} INFO - [2025-11-19T19:49:54.352+0000] {dagbag.py:545} INFO - Filling up the DagBag from /opt/airflow/dags/predictive_pipeline_dag.py
[2025-11-19T19:49:55.837+0000] {logging_mixin.py:188} INFO - [2025-11-19T19:49:55.833+0000] {dagbag.py:355} ERROR - Failed to import: /opt/airflow/dags/predictive_pipeline_dag.py
Traceback (most recent call last):
  File "/home/airflow/.local/lib/python3.12/site-packages/airflow/models/dagbag.py", line 351, in parse
    loader.exec_module(new_module)
  File "<frozen importlib._bootstrap_external>", line 995, in exec_module
  File "<frozen importlib._bootstrap>", line 488, in _call_with_frames_removed
  File "/opt/airflow/dags/predictive_pipeline_dag.py", line 8, in <module>
    from scripts.model_training import train_model
  File "/opt/airflow/scripts/model_training.py", line 73
    else:
         ^
IndentationError: expected an indented block after 'else' statement on line 73
[2025-11-19T19:49:55.839+0000] {processor.py:842} WARNING - No viable dags retrieved from /opt/airflow/dags/predictive_pipeline_dag.py
[2025-11-19T19:49:55.882+0000] {processor.py:183} INFO - Processing /opt/airflow/dags/predictive_pipeline_dag.py took 1.564 seconds
[2025-11-19T19:50:26.410+0000] {processor.py:161} INFO - Started process (PID=1581) to work on /opt/airflow/dags/predictive_pipeline_dag.py
[2025-11-19T19:50:26.412+0000] {processor.py:830} INFO - Processing file /opt/airflow/dags/predictive_pipeline_dag.py for tasks to queue
[2025-11-19T19:50:26.414+0000] {logging_mixin.py:188} INFO - [2025-11-19T19:50:26.413+0000] {dagbag.py:545} INFO - Filling up the DagBag from /opt/airflow/dags/predictive_pipeline_dag.py
[2025-11-19T19:50:27.994+0000] {logging_mixin.py:188} INFO - [2025-11-19T19:50:27.990+0000] {dagbag.py:355} ERROR - Failed to import: /opt/airflow/dags/predictive_pipeline_dag.py
Traceback (most recent call last):
  File "/home/airflow/.local/lib/python3.12/site-packages/airflow/models/dagbag.py", line 351, in parse
    loader.exec_module(new_module)
  File "<frozen importlib._bootstrap_external>", line 995, in exec_module
  File "<frozen importlib._bootstrap>", line 488, in _call_with_frames_removed
  File "/opt/airflow/dags/predictive_pipeline_dag.py", line 8, in <module>
    from scripts.model_training import train_model
  File "/opt/airflow/scripts/model_training.py", line 73
    else:
         ^
IndentationError: expected an indented block after 'else' statement on line 73
[2025-11-19T19:50:27.996+0000] {processor.py:842} WARNING - No viable dags retrieved from /opt/airflow/dags/predictive_pipeline_dag.py
[2025-11-19T19:50:28.035+0000] {processor.py:183} INFO - Processing /opt/airflow/dags/predictive_pipeline_dag.py took 1.638 seconds
[2025-11-19T19:50:58.715+0000] {processor.py:161} INFO - Started process (PID=1590) to work on /opt/airflow/dags/predictive_pipeline_dag.py
[2025-11-19T19:50:58.717+0000] {processor.py:830} INFO - Processing file /opt/airflow/dags/predictive_pipeline_dag.py for tasks to queue
[2025-11-19T19:50:58.720+0000] {logging_mixin.py:188} INFO - [2025-11-19T19:50:58.719+0000] {dagbag.py:545} INFO - Filling up the DagBag from /opt/airflow/dags/predictive_pipeline_dag.py
[2025-11-19T19:51:00.830+0000] {logging_mixin.py:188} INFO - [2025-11-19T19:51:00.821+0000] {dagbag.py:355} ERROR - Failed to import: /opt/airflow/dags/predictive_pipeline_dag.py
Traceback (most recent call last):
  File "/home/airflow/.local/lib/python3.12/site-packages/airflow/models/dagbag.py", line 351, in parse
    loader.exec_module(new_module)
  File "<frozen importlib._bootstrap_external>", line 995, in exec_module
  File "<frozen importlib._bootstrap>", line 488, in _call_with_frames_removed
  File "/opt/airflow/dags/predictive_pipeline_dag.py", line 8, in <module>
    from scripts.model_training import train_model
  File "/opt/airflow/scripts/model_training.py", line 73
    else:
         ^
IndentationError: expected an indented block after 'else' statement on line 73
[2025-11-19T19:51:00.833+0000] {processor.py:842} WARNING - No viable dags retrieved from /opt/airflow/dags/predictive_pipeline_dag.py
[2025-11-19T19:51:00.894+0000] {processor.py:183} INFO - Processing /opt/airflow/dags/predictive_pipeline_dag.py took 2.202 seconds
[2025-11-19T19:51:31.159+0000] {processor.py:161} INFO - Started process (PID=1599) to work on /opt/airflow/dags/predictive_pipeline_dag.py
[2025-11-19T19:51:31.161+0000] {processor.py:830} INFO - Processing file /opt/airflow/dags/predictive_pipeline_dag.py for tasks to queue
[2025-11-19T19:51:31.162+0000] {logging_mixin.py:188} INFO - [2025-11-19T19:51:31.162+0000] {dagbag.py:545} INFO - Filling up the DagBag from /opt/airflow/dags/predictive_pipeline_dag.py
[2025-11-19T19:51:32.889+0000] {logging_mixin.py:188} INFO - [2025-11-19T19:51:32.884+0000] {dagbag.py:355} ERROR - Failed to import: /opt/airflow/dags/predictive_pipeline_dag.py
Traceback (most recent call last):
  File "/home/airflow/.local/lib/python3.12/site-packages/airflow/models/dagbag.py", line 351, in parse
    loader.exec_module(new_module)
  File "<frozen importlib._bootstrap_external>", line 995, in exec_module
  File "<frozen importlib._bootstrap>", line 488, in _call_with_frames_removed
  File "/opt/airflow/dags/predictive_pipeline_dag.py", line 8, in <module>
    from scripts.model_training import train_model
  File "/opt/airflow/scripts/model_training.py", line 73
    else:
         ^
IndentationError: expected an indented block after 'else' statement on line 73
[2025-11-19T19:51:32.891+0000] {processor.py:842} WARNING - No viable dags retrieved from /opt/airflow/dags/predictive_pipeline_dag.py
[2025-11-19T19:51:32.940+0000] {processor.py:183} INFO - Processing /opt/airflow/dags/predictive_pipeline_dag.py took 1.793 seconds
[2025-11-19T19:52:03.799+0000] {processor.py:161} INFO - Started process (PID=1608) to work on /opt/airflow/dags/predictive_pipeline_dag.py
[2025-11-19T19:52:03.800+0000] {processor.py:830} INFO - Processing file /opt/airflow/dags/predictive_pipeline_dag.py for tasks to queue
[2025-11-19T19:52:03.802+0000] {logging_mixin.py:188} INFO - [2025-11-19T19:52:03.801+0000] {dagbag.py:545} INFO - Filling up the DagBag from /opt/airflow/dags/predictive_pipeline_dag.py
[2025-11-19T19:52:05.158+0000] {logging_mixin.py:188} INFO - [2025-11-19T19:52:05.150+0000] {dagbag.py:355} ERROR - Failed to import: /opt/airflow/dags/predictive_pipeline_dag.py
Traceback (most recent call last):
  File "/home/airflow/.local/lib/python3.12/site-packages/airflow/models/dagbag.py", line 351, in parse
    loader.exec_module(new_module)
  File "<frozen importlib._bootstrap_external>", line 995, in exec_module
  File "<frozen importlib._bootstrap>", line 488, in _call_with_frames_removed
  File "/opt/airflow/dags/predictive_pipeline_dag.py", line 8, in <module>
    from scripts.model_training import train_model
  File "/opt/airflow/scripts/model_training.py", line 72
    else:
         ^
IndentationError: expected an indented block after 'else' statement on line 72
[2025-11-19T19:52:05.161+0000] {processor.py:842} WARNING - No viable dags retrieved from /opt/airflow/dags/predictive_pipeline_dag.py
[2025-11-19T19:52:05.213+0000] {processor.py:183} INFO - Processing /opt/airflow/dags/predictive_pipeline_dag.py took 1.426 seconds
[2025-11-19T19:52:35.486+0000] {processor.py:161} INFO - Started process (PID=1617) to work on /opt/airflow/dags/predictive_pipeline_dag.py
[2025-11-19T19:52:35.491+0000] {processor.py:830} INFO - Processing file /opt/airflow/dags/predictive_pipeline_dag.py for tasks to queue
[2025-11-19T19:52:35.494+0000] {logging_mixin.py:188} INFO - [2025-11-19T19:52:35.493+0000] {dagbag.py:545} INFO - Filling up the DagBag from /opt/airflow/dags/predictive_pipeline_dag.py
[2025-11-19T19:52:37.417+0000] {logging_mixin.py:188} INFO - [2025-11-19T19:52:37.398+0000] {dagbag.py:355} ERROR - Failed to import: /opt/airflow/dags/predictive_pipeline_dag.py
Traceback (most recent call last):
  File "/home/airflow/.local/lib/python3.12/site-packages/airflow/models/dagbag.py", line 351, in parse
    loader.exec_module(new_module)
  File "<frozen importlib._bootstrap_external>", line 995, in exec_module
  File "<frozen importlib._bootstrap>", line 488, in _call_with_frames_removed
  File "/opt/airflow/dags/predictive_pipeline_dag.py", line 8, in <module>
    from scripts.model_training import train_model
  File "/opt/airflow/scripts/model_training.py", line 72
    else:
         ^
IndentationError: expected an indented block after 'else' statement on line 72
[2025-11-19T19:52:37.425+0000] {processor.py:842} WARNING - No viable dags retrieved from /opt/airflow/dags/predictive_pipeline_dag.py
[2025-11-19T19:52:37.532+0000] {processor.py:183} INFO - Processing /opt/airflow/dags/predictive_pipeline_dag.py took 2.068 seconds
[2025-11-19T19:53:08.234+0000] {processor.py:161} INFO - Started process (PID=1626) to work on /opt/airflow/dags/predictive_pipeline_dag.py
[2025-11-19T19:53:08.237+0000] {processor.py:830} INFO - Processing file /opt/airflow/dags/predictive_pipeline_dag.py for tasks to queue
[2025-11-19T19:53:08.241+0000] {logging_mixin.py:188} INFO - [2025-11-19T19:53:08.239+0000] {dagbag.py:545} INFO - Filling up the DagBag from /opt/airflow/dags/predictive_pipeline_dag.py
[2025-11-19T19:53:09.777+0000] {logging_mixin.py:188} INFO - [2025-11-19T19:53:09.772+0000] {dagbag.py:355} ERROR - Failed to import: /opt/airflow/dags/predictive_pipeline_dag.py
Traceback (most recent call last):
  File "/home/airflow/.local/lib/python3.12/site-packages/airflow/models/dagbag.py", line 351, in parse
    loader.exec_module(new_module)
  File "<frozen importlib._bootstrap_external>", line 995, in exec_module
  File "<frozen importlib._bootstrap>", line 488, in _call_with_frames_removed
  File "/opt/airflow/dags/predictive_pipeline_dag.py", line 8, in <module>
    from scripts.model_training import train_model
  File "/opt/airflow/scripts/model_training.py", line 72
    else:
         ^
IndentationError: expected an indented block after 'else' statement on line 72
[2025-11-19T19:53:09.779+0000] {processor.py:842} WARNING - No viable dags retrieved from /opt/airflow/dags/predictive_pipeline_dag.py
[2025-11-19T19:53:09.828+0000] {processor.py:183} INFO - Processing /opt/airflow/dags/predictive_pipeline_dag.py took 1.622 seconds
[2025-11-19T19:53:40.382+0000] {processor.py:161} INFO - Started process (PID=1635) to work on /opt/airflow/dags/predictive_pipeline_dag.py
[2025-11-19T19:53:40.384+0000] {processor.py:830} INFO - Processing file /opt/airflow/dags/predictive_pipeline_dag.py for tasks to queue
[2025-11-19T19:53:40.386+0000] {logging_mixin.py:188} INFO - [2025-11-19T19:53:40.386+0000] {dagbag.py:545} INFO - Filling up the DagBag from /opt/airflow/dags/predictive_pipeline_dag.py
[2025-11-19T19:53:42.100+0000] {logging_mixin.py:188} INFO - [2025-11-19T19:53:42.090+0000] {dagbag.py:355} ERROR - Failed to import: /opt/airflow/dags/predictive_pipeline_dag.py
Traceback (most recent call last):
  File "/home/airflow/.local/lib/python3.12/site-packages/airflow/models/dagbag.py", line 351, in parse
    loader.exec_module(new_module)
  File "<frozen importlib._bootstrap_external>", line 995, in exec_module
  File "<frozen importlib._bootstrap>", line 488, in _call_with_frames_removed
  File "/opt/airflow/dags/predictive_pipeline_dag.py", line 8, in <module>
    from scripts.model_training import train_model
  File "/opt/airflow/scripts/model_training.py", line 72
    else:
         ^
IndentationError: expected an indented block after 'else' statement on line 72
[2025-11-19T19:53:42.103+0000] {processor.py:842} WARNING - No viable dags retrieved from /opt/airflow/dags/predictive_pipeline_dag.py
[2025-11-19T19:53:42.156+0000] {processor.py:183} INFO - Processing /opt/airflow/dags/predictive_pipeline_dag.py took 1.787 seconds
[2025-11-19T19:54:12.793+0000] {processor.py:161} INFO - Started process (PID=1644) to work on /opt/airflow/dags/predictive_pipeline_dag.py
[2025-11-19T19:54:12.796+0000] {processor.py:830} INFO - Processing file /opt/airflow/dags/predictive_pipeline_dag.py for tasks to queue
[2025-11-19T19:54:12.799+0000] {logging_mixin.py:188} INFO - [2025-11-19T19:54:12.798+0000] {dagbag.py:545} INFO - Filling up the DagBag from /opt/airflow/dags/predictive_pipeline_dag.py
[2025-11-19T19:54:14.353+0000] {logging_mixin.py:188} INFO - [2025-11-19T19:54:14.349+0000] {dagbag.py:355} ERROR - Failed to import: /opt/airflow/dags/predictive_pipeline_dag.py
Traceback (most recent call last):
  File "/home/airflow/.local/lib/python3.12/site-packages/airflow/models/dagbag.py", line 351, in parse
    loader.exec_module(new_module)
  File "<frozen importlib._bootstrap_external>", line 995, in exec_module
  File "<frozen importlib._bootstrap>", line 488, in _call_with_frames_removed
  File "/opt/airflow/dags/predictive_pipeline_dag.py", line 8, in <module>
    from scripts.model_training import train_model
  File "/opt/airflow/scripts/model_training.py", line 72
    else:
         ^
IndentationError: expected an indented block after 'else' statement on line 72
[2025-11-19T19:54:14.356+0000] {processor.py:842} WARNING - No viable dags retrieved from /opt/airflow/dags/predictive_pipeline_dag.py
[2025-11-19T19:54:14.402+0000] {processor.py:183} INFO - Processing /opt/airflow/dags/predictive_pipeline_dag.py took 1.625 seconds
[2025-11-19T19:54:45.058+0000] {processor.py:161} INFO - Started process (PID=1653) to work on /opt/airflow/dags/predictive_pipeline_dag.py
[2025-11-19T19:54:45.060+0000] {processor.py:830} INFO - Processing file /opt/airflow/dags/predictive_pipeline_dag.py for tasks to queue
[2025-11-19T19:54:45.061+0000] {logging_mixin.py:188} INFO - [2025-11-19T19:54:45.060+0000] {dagbag.py:545} INFO - Filling up the DagBag from /opt/airflow/dags/predictive_pipeline_dag.py
[2025-11-19T19:54:46.531+0000] {logging_mixin.py:188} INFO - [2025-11-19T19:54:46.526+0000] {dagbag.py:355} ERROR - Failed to import: /opt/airflow/dags/predictive_pipeline_dag.py
Traceback (most recent call last):
  File "/home/airflow/.local/lib/python3.12/site-packages/airflow/models/dagbag.py", line 351, in parse
    loader.exec_module(new_module)
  File "<frozen importlib._bootstrap_external>", line 995, in exec_module
  File "<frozen importlib._bootstrap>", line 488, in _call_with_frames_removed
  File "/opt/airflow/dags/predictive_pipeline_dag.py", line 8, in <module>
    from scripts.model_training import train_model
  File "/opt/airflow/scripts/model_training.py", line 72
    else:
         ^
IndentationError: expected an indented block after 'else' statement on line 72
[2025-11-19T19:54:46.533+0000] {processor.py:842} WARNING - No viable dags retrieved from /opt/airflow/dags/predictive_pipeline_dag.py
[2025-11-19T19:54:46.585+0000] {processor.py:183} INFO - Processing /opt/airflow/dags/predictive_pipeline_dag.py took 1.542 seconds
[2025-11-19T19:55:17.221+0000] {processor.py:161} INFO - Started process (PID=1662) to work on /opt/airflow/dags/predictive_pipeline_dag.py
[2025-11-19T19:55:17.223+0000] {processor.py:830} INFO - Processing file /opt/airflow/dags/predictive_pipeline_dag.py for tasks to queue
[2025-11-19T19:55:17.225+0000] {logging_mixin.py:188} INFO - [2025-11-19T19:55:17.224+0000] {dagbag.py:545} INFO - Filling up the DagBag from /opt/airflow/dags/predictive_pipeline_dag.py
[2025-11-19T19:55:18.584+0000] {logging_mixin.py:188} INFO - [2025-11-19T19:55:18.577+0000] {dagbag.py:355} ERROR - Failed to import: /opt/airflow/dags/predictive_pipeline_dag.py
Traceback (most recent call last):
  File "/home/airflow/.local/lib/python3.12/site-packages/airflow/models/dagbag.py", line 351, in parse
    loader.exec_module(new_module)
  File "<frozen importlib._bootstrap_external>", line 995, in exec_module
  File "<frozen importlib._bootstrap>", line 488, in _call_with_frames_removed
  File "/opt/airflow/dags/predictive_pipeline_dag.py", line 8, in <module>
    from scripts.model_training import train_model
  File "/opt/airflow/scripts/model_training.py", line 72
    else:
         ^
IndentationError: expected an indented block after 'else' statement on line 72
[2025-11-19T19:55:18.586+0000] {processor.py:842} WARNING - No viable dags retrieved from /opt/airflow/dags/predictive_pipeline_dag.py
[2025-11-19T19:55:18.635+0000] {processor.py:183} INFO - Processing /opt/airflow/dags/predictive_pipeline_dag.py took 1.433 seconds
[2025-11-19T19:55:49.041+0000] {processor.py:161} INFO - Started process (PID=1671) to work on /opt/airflow/dags/predictive_pipeline_dag.py
[2025-11-19T19:55:49.042+0000] {processor.py:830} INFO - Processing file /opt/airflow/dags/predictive_pipeline_dag.py for tasks to queue
[2025-11-19T19:55:49.044+0000] {logging_mixin.py:188} INFO - [2025-11-19T19:55:49.043+0000] {dagbag.py:545} INFO - Filling up the DagBag from /opt/airflow/dags/predictive_pipeline_dag.py
[2025-11-19T19:55:50.692+0000] {logging_mixin.py:188} INFO - [2025-11-19T19:55:50.687+0000] {dagbag.py:355} ERROR - Failed to import: /opt/airflow/dags/predictive_pipeline_dag.py
Traceback (most recent call last):
  File "/home/airflow/.local/lib/python3.12/site-packages/airflow/models/dagbag.py", line 351, in parse
    loader.exec_module(new_module)
  File "<frozen importlib._bootstrap_external>", line 995, in exec_module
  File "<frozen importlib._bootstrap>", line 488, in _call_with_frames_removed
  File "/opt/airflow/dags/predictive_pipeline_dag.py", line 8, in <module>
    from scripts.model_training import train_model
  File "/opt/airflow/scripts/model_training.py", line 72
    else:
         ^
IndentationError: expected an indented block after 'else' statement on line 72
[2025-11-19T19:55:50.694+0000] {processor.py:842} WARNING - No viable dags retrieved from /opt/airflow/dags/predictive_pipeline_dag.py
[2025-11-19T19:55:50.737+0000] {processor.py:183} INFO - Processing /opt/airflow/dags/predictive_pipeline_dag.py took 1.708 seconds
[2025-11-19T19:56:21.510+0000] {processor.py:161} INFO - Started process (PID=1680) to work on /opt/airflow/dags/predictive_pipeline_dag.py
[2025-11-19T19:56:21.512+0000] {processor.py:830} INFO - Processing file /opt/airflow/dags/predictive_pipeline_dag.py for tasks to queue
[2025-11-19T19:56:21.514+0000] {logging_mixin.py:188} INFO - [2025-11-19T19:56:21.514+0000] {dagbag.py:545} INFO - Filling up the DagBag from /opt/airflow/dags/predictive_pipeline_dag.py
[2025-11-19T19:56:23.067+0000] {logging_mixin.py:188} INFO - [2025-11-19T19:56:23.062+0000] {dagbag.py:355} ERROR - Failed to import: /opt/airflow/dags/predictive_pipeline_dag.py
Traceback (most recent call last):
  File "/home/airflow/.local/lib/python3.12/site-packages/airflow/models/dagbag.py", line 351, in parse
    loader.exec_module(new_module)
  File "<frozen importlib._bootstrap_external>", line 995, in exec_module
  File "<frozen importlib._bootstrap>", line 488, in _call_with_frames_removed
  File "/opt/airflow/dags/predictive_pipeline_dag.py", line 8, in <module>
    from scripts.model_training import train_model
  File "/opt/airflow/scripts/model_training.py", line 72
    else:
         ^
IndentationError: expected an indented block after 'else' statement on line 72
[2025-11-19T19:56:23.069+0000] {processor.py:842} WARNING - No viable dags retrieved from /opt/airflow/dags/predictive_pipeline_dag.py
[2025-11-19T19:56:23.118+0000] {processor.py:183} INFO - Processing /opt/airflow/dags/predictive_pipeline_dag.py took 1.622 seconds
[2025-11-19T19:56:53.553+0000] {processor.py:161} INFO - Started process (PID=1689) to work on /opt/airflow/dags/predictive_pipeline_dag.py
[2025-11-19T19:56:53.555+0000] {processor.py:830} INFO - Processing file /opt/airflow/dags/predictive_pipeline_dag.py for tasks to queue
[2025-11-19T19:56:53.556+0000] {logging_mixin.py:188} INFO - [2025-11-19T19:56:53.555+0000] {dagbag.py:545} INFO - Filling up the DagBag from /opt/airflow/dags/predictive_pipeline_dag.py
[2025-11-19T19:56:55.196+0000] {logging_mixin.py:188} INFO - [2025-11-19T19:56:55.186+0000] {dagbag.py:355} ERROR - Failed to import: /opt/airflow/dags/predictive_pipeline_dag.py
Traceback (most recent call last):
  File "/home/airflow/.local/lib/python3.12/site-packages/airflow/models/dagbag.py", line 351, in parse
    loader.exec_module(new_module)
  File "<frozen importlib._bootstrap_external>", line 995, in exec_module
  File "<frozen importlib._bootstrap>", line 488, in _call_with_frames_removed
  File "/opt/airflow/dags/predictive_pipeline_dag.py", line 8, in <module>
    from scripts.model_training import train_model
  File "/opt/airflow/scripts/model_training.py", line 72
    else:
         ^
IndentationError: expected an indented block after 'else' statement on line 72
[2025-11-19T19:56:55.200+0000] {processor.py:842} WARNING - No viable dags retrieved from /opt/airflow/dags/predictive_pipeline_dag.py
[2025-11-19T19:56:55.256+0000] {processor.py:183} INFO - Processing /opt/airflow/dags/predictive_pipeline_dag.py took 1.712 seconds
[2025-11-19T19:57:26.278+0000] {processor.py:161} INFO - Started process (PID=1698) to work on /opt/airflow/dags/predictive_pipeline_dag.py
[2025-11-19T19:57:26.281+0000] {processor.py:830} INFO - Processing file /opt/airflow/dags/predictive_pipeline_dag.py for tasks to queue
[2025-11-19T19:57:26.283+0000] {logging_mixin.py:188} INFO - [2025-11-19T19:57:26.282+0000] {dagbag.py:545} INFO - Filling up the DagBag from /opt/airflow/dags/predictive_pipeline_dag.py
[2025-11-19T19:57:27.847+0000] {logging_mixin.py:188} INFO - [2025-11-19T19:57:27.839+0000] {dagbag.py:355} ERROR - Failed to import: /opt/airflow/dags/predictive_pipeline_dag.py
Traceback (most recent call last):
  File "/home/airflow/.local/lib/python3.12/site-packages/airflow/models/dagbag.py", line 351, in parse
    loader.exec_module(new_module)
  File "<frozen importlib._bootstrap_external>", line 995, in exec_module
  File "<frozen importlib._bootstrap>", line 488, in _call_with_frames_removed
  File "/opt/airflow/dags/predictive_pipeline_dag.py", line 8, in <module>
    from scripts.model_training import train_model
  File "/opt/airflow/scripts/model_training.py", line 72
    else:
         ^
IndentationError: expected an indented block after 'else' statement on line 72
[2025-11-19T19:57:27.851+0000] {processor.py:842} WARNING - No viable dags retrieved from /opt/airflow/dags/predictive_pipeline_dag.py
[2025-11-19T19:57:27.902+0000] {processor.py:183} INFO - Processing /opt/airflow/dags/predictive_pipeline_dag.py took 1.645 seconds
[2025-11-19T19:57:58.391+0000] {processor.py:161} INFO - Started process (PID=1707) to work on /opt/airflow/dags/predictive_pipeline_dag.py
[2025-11-19T19:57:58.395+0000] {processor.py:830} INFO - Processing file /opt/airflow/dags/predictive_pipeline_dag.py for tasks to queue
[2025-11-19T19:57:58.398+0000] {logging_mixin.py:188} INFO - [2025-11-19T19:57:58.397+0000] {dagbag.py:545} INFO - Filling up the DagBag from /opt/airflow/dags/predictive_pipeline_dag.py
[2025-11-19T19:57:59.972+0000] {logging_mixin.py:188} INFO - [2025-11-19T19:57:59.962+0000] {dagbag.py:355} ERROR - Failed to import: /opt/airflow/dags/predictive_pipeline_dag.py
Traceback (most recent call last):
  File "/home/airflow/.local/lib/python3.12/site-packages/airflow/models/dagbag.py", line 351, in parse
    loader.exec_module(new_module)
  File "<frozen importlib._bootstrap_external>", line 995, in exec_module
  File "<frozen importlib._bootstrap>", line 488, in _call_with_frames_removed
  File "/opt/airflow/dags/predictive_pipeline_dag.py", line 8, in <module>
    from scripts.model_training import train_model
  File "/opt/airflow/scripts/model_training.py", line 72
    else:
         ^
IndentationError: expected an indented block after 'else' statement on line 72
[2025-11-19T19:57:59.975+0000] {processor.py:842} WARNING - No viable dags retrieved from /opt/airflow/dags/predictive_pipeline_dag.py
[2025-11-19T19:58:00.052+0000] {processor.py:183} INFO - Processing /opt/airflow/dags/predictive_pipeline_dag.py took 1.688 seconds
[2025-11-19T19:58:30.939+0000] {processor.py:161} INFO - Started process (PID=1716) to work on /opt/airflow/dags/predictive_pipeline_dag.py
[2025-11-19T19:58:30.941+0000] {processor.py:830} INFO - Processing file /opt/airflow/dags/predictive_pipeline_dag.py for tasks to queue
[2025-11-19T19:58:30.942+0000] {logging_mixin.py:188} INFO - [2025-11-19T19:58:30.942+0000] {dagbag.py:545} INFO - Filling up the DagBag from /opt/airflow/dags/predictive_pipeline_dag.py
[2025-11-19T19:58:32.285+0000] {logging_mixin.py:188} INFO - [2025-11-19T19:58:32.280+0000] {dagbag.py:355} ERROR - Failed to import: /opt/airflow/dags/predictive_pipeline_dag.py
Traceback (most recent call last):
  File "/home/airflow/.local/lib/python3.12/site-packages/airflow/models/dagbag.py", line 351, in parse
    loader.exec_module(new_module)
  File "<frozen importlib._bootstrap_external>", line 995, in exec_module
  File "<frozen importlib._bootstrap>", line 488, in _call_with_frames_removed
  File "/opt/airflow/dags/predictive_pipeline_dag.py", line 8, in <module>
    from scripts.model_training import train_model
  File "/opt/airflow/scripts/model_training.py", line 72
    else:
         ^
IndentationError: expected an indented block after 'else' statement on line 72
[2025-11-19T19:58:32.287+0000] {processor.py:842} WARNING - No viable dags retrieved from /opt/airflow/dags/predictive_pipeline_dag.py
[2025-11-19T19:58:32.334+0000] {processor.py:183} INFO - Processing /opt/airflow/dags/predictive_pipeline_dag.py took 1.406 seconds
[2025-11-19T19:59:02.733+0000] {processor.py:161} INFO - Started process (PID=1725) to work on /opt/airflow/dags/predictive_pipeline_dag.py
[2025-11-19T19:59:02.734+0000] {processor.py:830} INFO - Processing file /opt/airflow/dags/predictive_pipeline_dag.py for tasks to queue
[2025-11-19T19:59:02.736+0000] {logging_mixin.py:188} INFO - [2025-11-19T19:59:02.735+0000] {dagbag.py:545} INFO - Filling up the DagBag from /opt/airflow/dags/predictive_pipeline_dag.py
[2025-11-19T19:59:04.526+0000] {logging_mixin.py:188} INFO - [2025-11-19T19:59:04.512+0000] {dagbag.py:355} ERROR - Failed to import: /opt/airflow/dags/predictive_pipeline_dag.py
Traceback (most recent call last):
  File "/home/airflow/.local/lib/python3.12/site-packages/airflow/models/dagbag.py", line 351, in parse
    loader.exec_module(new_module)
  File "<frozen importlib._bootstrap_external>", line 995, in exec_module
  File "<frozen importlib._bootstrap>", line 488, in _call_with_frames_removed
  File "/opt/airflow/dags/predictive_pipeline_dag.py", line 8, in <module>
    from scripts.model_training import train_model
  File "/opt/airflow/scripts/model_training.py", line 72
    else:
         ^
IndentationError: expected an indented block after 'else' statement on line 72
[2025-11-19T19:59:04.530+0000] {processor.py:842} WARNING - No viable dags retrieved from /opt/airflow/dags/predictive_pipeline_dag.py
[2025-11-19T19:59:04.605+0000] {processor.py:183} INFO - Processing /opt/airflow/dags/predictive_pipeline_dag.py took 1.894 seconds
[2025-11-19T19:59:35.218+0000] {processor.py:161} INFO - Started process (PID=1734) to work on /opt/airflow/dags/predictive_pipeline_dag.py
[2025-11-19T19:59:35.220+0000] {processor.py:830} INFO - Processing file /opt/airflow/dags/predictive_pipeline_dag.py for tasks to queue
[2025-11-19T19:59:35.222+0000] {logging_mixin.py:188} INFO - [2025-11-19T19:59:35.221+0000] {dagbag.py:545} INFO - Filling up the DagBag from /opt/airflow/dags/predictive_pipeline_dag.py
[2025-11-19T19:59:36.947+0000] {logging_mixin.py:188} INFO - [2025-11-19T19:59:36.936+0000] {dagbag.py:355} ERROR - Failed to import: /opt/airflow/dags/predictive_pipeline_dag.py
Traceback (most recent call last):
  File "/home/airflow/.local/lib/python3.12/site-packages/airflow/models/dagbag.py", line 351, in parse
    loader.exec_module(new_module)
  File "<frozen importlib._bootstrap_external>", line 995, in exec_module
  File "<frozen importlib._bootstrap>", line 488, in _call_with_frames_removed
  File "/opt/airflow/dags/predictive_pipeline_dag.py", line 8, in <module>
    from scripts.model_training import train_model
  File "/opt/airflow/scripts/model_training.py", line 72
    else:
         ^
IndentationError: expected an indented block after 'else' statement on line 72
[2025-11-19T19:59:36.950+0000] {processor.py:842} WARNING - No viable dags retrieved from /opt/airflow/dags/predictive_pipeline_dag.py
[2025-11-19T19:59:37.016+0000] {processor.py:183} INFO - Processing /opt/airflow/dags/predictive_pipeline_dag.py took 1.815 seconds
[2025-11-19T20:00:07.474+0000] {processor.py:161} INFO - Started process (PID=1743) to work on /opt/airflow/dags/predictive_pipeline_dag.py
[2025-11-19T20:00:07.475+0000] {processor.py:830} INFO - Processing file /opt/airflow/dags/predictive_pipeline_dag.py for tasks to queue
[2025-11-19T20:00:07.477+0000] {logging_mixin.py:188} INFO - [2025-11-19T20:00:07.477+0000] {dagbag.py:545} INFO - Filling up the DagBag from /opt/airflow/dags/predictive_pipeline_dag.py
[2025-11-19T20:00:09.504+0000] {logging_mixin.py:188} INFO - [2025-11-19T20:00:09.493+0000] {dagbag.py:355} ERROR - Failed to import: /opt/airflow/dags/predictive_pipeline_dag.py
Traceback (most recent call last):
  File "/home/airflow/.local/lib/python3.12/site-packages/airflow/models/dagbag.py", line 351, in parse
    loader.exec_module(new_module)
  File "<frozen importlib._bootstrap_external>", line 995, in exec_module
  File "<frozen importlib._bootstrap>", line 488, in _call_with_frames_removed
  File "/opt/airflow/dags/predictive_pipeline_dag.py", line 8, in <module>
    from scripts.model_training import train_model
  File "/opt/airflow/scripts/model_training.py", line 72
    else:
         ^
IndentationError: expected an indented block after 'else' statement on line 72
[2025-11-19T20:00:09.509+0000] {processor.py:842} WARNING - No viable dags retrieved from /opt/airflow/dags/predictive_pipeline_dag.py
[2025-11-19T20:00:09.588+0000] {processor.py:183} INFO - Processing /opt/airflow/dags/predictive_pipeline_dag.py took 2.126 seconds
[2025-11-19T20:00:40.080+0000] {processor.py:161} INFO - Started process (PID=1752) to work on /opt/airflow/dags/predictive_pipeline_dag.py
[2025-11-19T20:00:40.082+0000] {processor.py:830} INFO - Processing file /opt/airflow/dags/predictive_pipeline_dag.py for tasks to queue
[2025-11-19T20:00:40.084+0000] {logging_mixin.py:188} INFO - [2025-11-19T20:00:40.083+0000] {dagbag.py:545} INFO - Filling up the DagBag from /opt/airflow/dags/predictive_pipeline_dag.py
[2025-11-19T20:00:41.608+0000] {logging_mixin.py:188} INFO - [2025-11-19T20:00:41.603+0000] {dagbag.py:355} ERROR - Failed to import: /opt/airflow/dags/predictive_pipeline_dag.py
Traceback (most recent call last):
  File "/home/airflow/.local/lib/python3.12/site-packages/airflow/models/dagbag.py", line 351, in parse
    loader.exec_module(new_module)
  File "<frozen importlib._bootstrap_external>", line 995, in exec_module
  File "<frozen importlib._bootstrap>", line 488, in _call_with_frames_removed
  File "/opt/airflow/dags/predictive_pipeline_dag.py", line 8, in <module>
    from scripts.model_training import train_model
  File "/opt/airflow/scripts/model_training.py", line 72
    else:
         ^
IndentationError: expected an indented block after 'else' statement on line 72
[2025-11-19T20:00:41.610+0000] {processor.py:842} WARNING - No viable dags retrieved from /opt/airflow/dags/predictive_pipeline_dag.py
[2025-11-19T20:00:41.661+0000] {processor.py:183} INFO - Processing /opt/airflow/dags/predictive_pipeline_dag.py took 1.569 seconds
[2025-11-19T20:01:12.304+0000] {processor.py:161} INFO - Started process (PID=1761) to work on /opt/airflow/dags/predictive_pipeline_dag.py
[2025-11-19T20:01:12.310+0000] {processor.py:830} INFO - Processing file /opt/airflow/dags/predictive_pipeline_dag.py for tasks to queue
[2025-11-19T20:01:12.315+0000] {logging_mixin.py:188} INFO - [2025-11-19T20:01:12.313+0000] {dagbag.py:545} INFO - Filling up the DagBag from /opt/airflow/dags/predictive_pipeline_dag.py
[2025-11-19T20:01:13.894+0000] {logging_mixin.py:188} INFO - [2025-11-19T20:01:13.887+0000] {dagbag.py:355} ERROR - Failed to import: /opt/airflow/dags/predictive_pipeline_dag.py
Traceback (most recent call last):
  File "/home/airflow/.local/lib/python3.12/site-packages/airflow/models/dagbag.py", line 351, in parse
    loader.exec_module(new_module)
  File "<frozen importlib._bootstrap_external>", line 995, in exec_module
  File "<frozen importlib._bootstrap>", line 488, in _call_with_frames_removed
  File "/opt/airflow/dags/predictive_pipeline_dag.py", line 8, in <module>
    from scripts.model_training import train_model
  File "/opt/airflow/scripts/model_training.py", line 72
    else:
         ^
IndentationError: expected an indented block after 'else' statement on line 72
[2025-11-19T20:01:13.897+0000] {processor.py:842} WARNING - No viable dags retrieved from /opt/airflow/dags/predictive_pipeline_dag.py
[2025-11-19T20:01:13.946+0000] {processor.py:183} INFO - Processing /opt/airflow/dags/predictive_pipeline_dag.py took 1.687 seconds
[2025-11-19T20:01:44.607+0000] {processor.py:161} INFO - Started process (PID=1770) to work on /opt/airflow/dags/predictive_pipeline_dag.py
[2025-11-19T20:01:44.610+0000] {processor.py:830} INFO - Processing file /opt/airflow/dags/predictive_pipeline_dag.py for tasks to queue
[2025-11-19T20:01:44.613+0000] {logging_mixin.py:188} INFO - [2025-11-19T20:01:44.612+0000] {dagbag.py:545} INFO - Filling up the DagBag from /opt/airflow/dags/predictive_pipeline_dag.py
[2025-11-19T20:01:46.182+0000] {logging_mixin.py:188} INFO - [2025-11-19T20:01:46.175+0000] {dagbag.py:355} ERROR - Failed to import: /opt/airflow/dags/predictive_pipeline_dag.py
Traceback (most recent call last):
  File "/home/airflow/.local/lib/python3.12/site-packages/airflow/models/dagbag.py", line 351, in parse
    loader.exec_module(new_module)
  File "<frozen importlib._bootstrap_external>", line 995, in exec_module
  File "<frozen importlib._bootstrap>", line 488, in _call_with_frames_removed
  File "/opt/airflow/dags/predictive_pipeline_dag.py", line 8, in <module>
    from scripts.model_training import train_model
  File "/opt/airflow/scripts/model_training.py", line 72
    else:
         ^
IndentationError: expected an indented block after 'else' statement on line 72
[2025-11-19T20:01:46.185+0000] {processor.py:842} WARNING - No viable dags retrieved from /opt/airflow/dags/predictive_pipeline_dag.py
[2025-11-19T20:01:46.223+0000] {processor.py:183} INFO - Processing /opt/airflow/dags/predictive_pipeline_dag.py took 1.649 seconds
[2025-11-19T20:02:16.583+0000] {processor.py:161} INFO - Started process (PID=1779) to work on /opt/airflow/dags/predictive_pipeline_dag.py
[2025-11-19T20:02:16.585+0000] {processor.py:830} INFO - Processing file /opt/airflow/dags/predictive_pipeline_dag.py for tasks to queue
[2025-11-19T20:02:16.587+0000] {logging_mixin.py:188} INFO - [2025-11-19T20:02:16.586+0000] {dagbag.py:545} INFO - Filling up the DagBag from /opt/airflow/dags/predictive_pipeline_dag.py
[2025-11-19T20:02:18.222+0000] {logging_mixin.py:188} INFO - [2025-11-19T20:02:18.214+0000] {dagbag.py:355} ERROR - Failed to import: /opt/airflow/dags/predictive_pipeline_dag.py
Traceback (most recent call last):
  File "/home/airflow/.local/lib/python3.12/site-packages/airflow/models/dagbag.py", line 351, in parse
    loader.exec_module(new_module)
  File "<frozen importlib._bootstrap_external>", line 995, in exec_module
  File "<frozen importlib._bootstrap>", line 488, in _call_with_frames_removed
  File "/opt/airflow/dags/predictive_pipeline_dag.py", line 8, in <module>
    from scripts.model_training import train_model
  File "/opt/airflow/scripts/model_training.py", line 72
    else:
         ^
IndentationError: expected an indented block after 'else' statement on line 72
[2025-11-19T20:02:18.224+0000] {processor.py:842} WARNING - No viable dags retrieved from /opt/airflow/dags/predictive_pipeline_dag.py
[2025-11-19T20:02:18.268+0000] {processor.py:183} INFO - Processing /opt/airflow/dags/predictive_pipeline_dag.py took 1.698 seconds
[2025-11-19T20:02:48.869+0000] {processor.py:161} INFO - Started process (PID=1788) to work on /opt/airflow/dags/predictive_pipeline_dag.py
[2025-11-19T20:02:48.873+0000] {processor.py:830} INFO - Processing file /opt/airflow/dags/predictive_pipeline_dag.py for tasks to queue
[2025-11-19T20:02:48.877+0000] {logging_mixin.py:188} INFO - [2025-11-19T20:02:48.875+0000] {dagbag.py:545} INFO - Filling up the DagBag from /opt/airflow/dags/predictive_pipeline_dag.py
[2025-11-19T20:02:50.650+0000] {logging_mixin.py:188} INFO - [2025-11-19T20:02:50.642+0000] {dagbag.py:355} ERROR - Failed to import: /opt/airflow/dags/predictive_pipeline_dag.py
Traceback (most recent call last):
  File "/home/airflow/.local/lib/python3.12/site-packages/airflow/models/dagbag.py", line 351, in parse
    loader.exec_module(new_module)
  File "<frozen importlib._bootstrap_external>", line 995, in exec_module
  File "<frozen importlib._bootstrap>", line 488, in _call_with_frames_removed
  File "/opt/airflow/dags/predictive_pipeline_dag.py", line 8, in <module>
    from scripts.model_training import train_model
  File "/opt/airflow/scripts/model_training.py", line 72
    else:
         ^
IndentationError: expected an indented block after 'else' statement on line 72
[2025-11-19T20:02:50.653+0000] {processor.py:842} WARNING - No viable dags retrieved from /opt/airflow/dags/predictive_pipeline_dag.py
[2025-11-19T20:02:50.691+0000] {processor.py:183} INFO - Processing /opt/airflow/dags/predictive_pipeline_dag.py took 1.853 seconds
[2025-11-19T20:03:21.365+0000] {processor.py:161} INFO - Started process (PID=1797) to work on /opt/airflow/dags/predictive_pipeline_dag.py
[2025-11-19T20:03:21.369+0000] {processor.py:830} INFO - Processing file /opt/airflow/dags/predictive_pipeline_dag.py for tasks to queue
[2025-11-19T20:03:21.373+0000] {logging_mixin.py:188} INFO - [2025-11-19T20:03:21.372+0000] {dagbag.py:545} INFO - Filling up the DagBag from /opt/airflow/dags/predictive_pipeline_dag.py
[2025-11-19T20:03:22.969+0000] {logging_mixin.py:188} INFO - [2025-11-19T20:03:22.964+0000] {dagbag.py:355} ERROR - Failed to import: /opt/airflow/dags/predictive_pipeline_dag.py
Traceback (most recent call last):
  File "/home/airflow/.local/lib/python3.12/site-packages/airflow/models/dagbag.py", line 351, in parse
    loader.exec_module(new_module)
  File "<frozen importlib._bootstrap_external>", line 995, in exec_module
  File "<frozen importlib._bootstrap>", line 488, in _call_with_frames_removed
  File "/opt/airflow/dags/predictive_pipeline_dag.py", line 8, in <module>
    from scripts.model_training import train_model
  File "/opt/airflow/scripts/model_training.py", line 72
    else:
         ^
IndentationError: expected an indented block after 'else' statement on line 72
[2025-11-19T20:03:22.970+0000] {processor.py:842} WARNING - No viable dags retrieved from /opt/airflow/dags/predictive_pipeline_dag.py
[2025-11-19T20:03:23.019+0000] {processor.py:183} INFO - Processing /opt/airflow/dags/predictive_pipeline_dag.py took 1.688 seconds
[2025-11-19T20:03:53.532+0000] {processor.py:161} INFO - Started process (PID=1806) to work on /opt/airflow/dags/predictive_pipeline_dag.py
[2025-11-19T20:03:53.535+0000] {processor.py:830} INFO - Processing file /opt/airflow/dags/predictive_pipeline_dag.py for tasks to queue
[2025-11-19T20:03:53.537+0000] {logging_mixin.py:188} INFO - [2025-11-19T20:03:53.536+0000] {dagbag.py:545} INFO - Filling up the DagBag from /opt/airflow/dags/predictive_pipeline_dag.py
[2025-11-19T20:03:56.170+0000] {logging_mixin.py:188} INFO - [2025-11-19T20:03:56.161+0000] {dagbag.py:355} ERROR - Failed to import: /opt/airflow/dags/predictive_pipeline_dag.py
Traceback (most recent call last):
  File "/home/airflow/.local/lib/python3.12/site-packages/airflow/models/dagbag.py", line 351, in parse
    loader.exec_module(new_module)
  File "<frozen importlib._bootstrap_external>", line 995, in exec_module
  File "<frozen importlib._bootstrap>", line 488, in _call_with_frames_removed
  File "/opt/airflow/dags/predictive_pipeline_dag.py", line 8, in <module>
    from scripts.model_training import train_model
  File "/opt/airflow/scripts/model_training.py", line 72
    else:
         ^
IndentationError: expected an indented block after 'else' statement on line 72
[2025-11-19T20:03:56.174+0000] {processor.py:842} WARNING - No viable dags retrieved from /opt/airflow/dags/predictive_pipeline_dag.py
[2025-11-19T20:03:56.244+0000] {processor.py:183} INFO - Processing /opt/airflow/dags/predictive_pipeline_dag.py took 2.729 seconds
[2025-11-19T20:04:26.967+0000] {processor.py:161} INFO - Started process (PID=1815) to work on /opt/airflow/dags/predictive_pipeline_dag.py
[2025-11-19T20:04:26.969+0000] {processor.py:830} INFO - Processing file /opt/airflow/dags/predictive_pipeline_dag.py for tasks to queue
[2025-11-19T20:04:26.970+0000] {logging_mixin.py:188} INFO - [2025-11-19T20:04:26.970+0000] {dagbag.py:545} INFO - Filling up the DagBag from /opt/airflow/dags/predictive_pipeline_dag.py
[2025-11-19T20:04:28.898+0000] {logging_mixin.py:188} INFO - [2025-11-19T20:04:28.887+0000] {dagbag.py:355} ERROR - Failed to import: /opt/airflow/dags/predictive_pipeline_dag.py
Traceback (most recent call last):
  File "/home/airflow/.local/lib/python3.12/site-packages/airflow/models/dagbag.py", line 351, in parse
    loader.exec_module(new_module)
  File "<frozen importlib._bootstrap_external>", line 995, in exec_module
  File "<frozen importlib._bootstrap>", line 488, in _call_with_frames_removed
  File "/opt/airflow/dags/predictive_pipeline_dag.py", line 8, in <module>
    from scripts.model_training import train_model
  File "/opt/airflow/scripts/model_training.py", line 72
    else:
         ^
IndentationError: expected an indented block after 'else' statement on line 72
[2025-11-19T20:04:28.904+0000] {processor.py:842} WARNING - No viable dags retrieved from /opt/airflow/dags/predictive_pipeline_dag.py
[2025-11-19T20:04:28.981+0000] {processor.py:183} INFO - Processing /opt/airflow/dags/predictive_pipeline_dag.py took 2.026 seconds
[2025-11-19T20:04:59.134+0000] {processor.py:161} INFO - Started process (PID=1824) to work on /opt/airflow/dags/predictive_pipeline_dag.py
[2025-11-19T20:04:59.135+0000] {processor.py:830} INFO - Processing file /opt/airflow/dags/predictive_pipeline_dag.py for tasks to queue
[2025-11-19T20:04:59.137+0000] {logging_mixin.py:188} INFO - [2025-11-19T20:04:59.136+0000] {dagbag.py:545} INFO - Filling up the DagBag from /opt/airflow/dags/predictive_pipeline_dag.py
[2025-11-19T20:05:01.568+0000] {logging_mixin.py:188} WARNING - /home/airflow/.local/lib/python3.12/site-packages/mlflow/tracking/_tracking_service/utils.py:140 FutureWarning: Filesystem tracking backend (e.g., './mlruns') is deprecated. Please switch to a database backend (e.g., 'sqlite:///mlflow.db'). For feedback, see: https://github.com/mlflow/mlflow/issues/18534
[2025-11-19T20:05:02.472+0000] {processor.py:840} INFO - DAG(s) 'predictive_pipeline_xgb' retrieved from /opt/airflow/dags/predictive_pipeline_dag.py
[2025-11-19T20:05:02.622+0000] {logging_mixin.py:188} INFO - [2025-11-19T20:05:02.621+0000] {dag.py:3096} INFO - Sync 1 DAGs
[2025-11-19T20:05:02.646+0000] {logging_mixin.py:188} INFO - [2025-11-19T20:05:02.645+0000] {dag.py:3954} INFO - Setting next_dagrun for predictive_pipeline_xgb to 2025-11-23 00:00:00+00:00, run_after=2025-11-30 00:00:00+00:00
[2025-11-19T20:05:02.755+0000] {processor.py:183} INFO - Processing /opt/airflow/dags/predictive_pipeline_dag.py took 3.631 seconds
[2025-11-19T20:05:33.188+0000] {processor.py:161} INFO - Started process (PID=1834) to work on /opt/airflow/dags/predictive_pipeline_dag.py
[2025-11-19T20:05:33.190+0000] {processor.py:830} INFO - Processing file /opt/airflow/dags/predictive_pipeline_dag.py for tasks to queue
[2025-11-19T20:05:33.191+0000] {logging_mixin.py:188} INFO - [2025-11-19T20:05:33.191+0000] {dagbag.py:545} INFO - Filling up the DagBag from /opt/airflow/dags/predictive_pipeline_dag.py
[2025-11-19T20:05:35.638+0000] {logging_mixin.py:188} WARNING - /home/airflow/.local/lib/python3.12/site-packages/mlflow/tracking/_tracking_service/utils.py:140 FutureWarning: Filesystem tracking backend (e.g., './mlruns') is deprecated. Please switch to a database backend (e.g., 'sqlite:///mlflow.db'). For feedback, see: https://github.com/mlflow/mlflow/issues/18534
[2025-11-19T20:05:36.798+0000] {processor.py:840} INFO - DAG(s) 'predictive_pipeline_xgb' retrieved from /opt/airflow/dags/predictive_pipeline_dag.py
[2025-11-19T20:05:36.832+0000] {logging_mixin.py:188} INFO - [2025-11-19T20:05:36.832+0000] {dag.py:3096} INFO - Sync 1 DAGs
[2025-11-19T20:05:36.861+0000] {logging_mixin.py:188} INFO - [2025-11-19T20:05:36.861+0000] {dag.py:3954} INFO - Setting next_dagrun for predictive_pipeline_xgb to 2025-11-23 00:00:00+00:00, run_after=2025-11-30 00:00:00+00:00
[2025-11-19T20:05:36.954+0000] {processor.py:183} INFO - Processing /opt/airflow/dags/predictive_pipeline_dag.py took 3.775 seconds
[2025-11-19T20:06:07.691+0000] {processor.py:161} INFO - Started process (PID=1844) to work on /opt/airflow/dags/predictive_pipeline_dag.py
[2025-11-19T20:06:07.692+0000] {processor.py:830} INFO - Processing file /opt/airflow/dags/predictive_pipeline_dag.py for tasks to queue
[2025-11-19T20:06:07.694+0000] {logging_mixin.py:188} INFO - [2025-11-19T20:06:07.693+0000] {dagbag.py:545} INFO - Filling up the DagBag from /opt/airflow/dags/predictive_pipeline_dag.py
[2025-11-19T20:06:10.886+0000] {logging_mixin.py:188} WARNING - /home/airflow/.local/lib/python3.12/site-packages/mlflow/tracking/_tracking_service/utils.py:140 FutureWarning: Filesystem tracking backend (e.g., './mlruns') is deprecated. Please switch to a database backend (e.g., 'sqlite:///mlflow.db'). For feedback, see: https://github.com/mlflow/mlflow/issues/18534
[2025-11-19T20:06:12.239+0000] {processor.py:840} INFO - DAG(s) 'predictive_pipeline_xgb' retrieved from /opt/airflow/dags/predictive_pipeline_dag.py
[2025-11-19T20:06:12.280+0000] {logging_mixin.py:188} INFO - [2025-11-19T20:06:12.279+0000] {dag.py:3096} INFO - Sync 1 DAGs
[2025-11-19T20:06:12.316+0000] {logging_mixin.py:188} INFO - [2025-11-19T20:06:12.316+0000] {dag.py:3954} INFO - Setting next_dagrun for predictive_pipeline_xgb to 2025-11-23 00:00:00+00:00, run_after=2025-11-30 00:00:00+00:00
[2025-11-19T20:06:12.397+0000] {processor.py:183} INFO - Processing /opt/airflow/dags/predictive_pipeline_dag.py took 4.689 seconds
[2025-11-19T20:06:43.036+0000] {processor.py:161} INFO - Started process (PID=1854) to work on /opt/airflow/dags/predictive_pipeline_dag.py
[2025-11-19T20:06:43.038+0000] {processor.py:830} INFO - Processing file /opt/airflow/dags/predictive_pipeline_dag.py for tasks to queue
[2025-11-19T20:06:43.039+0000] {logging_mixin.py:188} INFO - [2025-11-19T20:06:43.038+0000] {dagbag.py:545} INFO - Filling up the DagBag from /opt/airflow/dags/predictive_pipeline_dag.py
[2025-11-19T20:06:45.768+0000] {logging_mixin.py:188} WARNING - /home/airflow/.local/lib/python3.12/site-packages/mlflow/tracking/_tracking_service/utils.py:140 FutureWarning: Filesystem tracking backend (e.g., './mlruns') is deprecated. Please switch to a database backend (e.g., 'sqlite:///mlflow.db'). For feedback, see: https://github.com/mlflow/mlflow/issues/18534
[2025-11-19T20:06:46.947+0000] {processor.py:840} INFO - DAG(s) 'predictive_pipeline_xgb' retrieved from /opt/airflow/dags/predictive_pipeline_dag.py
[2025-11-19T20:06:46.992+0000] {logging_mixin.py:188} INFO - [2025-11-19T20:06:46.991+0000] {dag.py:3096} INFO - Sync 1 DAGs
[2025-11-19T20:06:47.027+0000] {logging_mixin.py:188} INFO - [2025-11-19T20:06:47.027+0000] {dag.py:3954} INFO - Setting next_dagrun for predictive_pipeline_xgb to 2025-11-23 00:00:00+00:00, run_after=2025-11-30 00:00:00+00:00
[2025-11-19T20:06:47.150+0000] {processor.py:183} INFO - Processing /opt/airflow/dags/predictive_pipeline_dag.py took 4.124 seconds
[2025-11-19T20:07:17.873+0000] {processor.py:161} INFO - Started process (PID=1864) to work on /opt/airflow/dags/predictive_pipeline_dag.py
[2025-11-19T20:07:17.877+0000] {processor.py:830} INFO - Processing file /opt/airflow/dags/predictive_pipeline_dag.py for tasks to queue
[2025-11-19T20:07:17.880+0000] {logging_mixin.py:188} INFO - [2025-11-19T20:07:17.879+0000] {dagbag.py:545} INFO - Filling up the DagBag from /opt/airflow/dags/predictive_pipeline_dag.py
[2025-11-19T20:07:20.712+0000] {logging_mixin.py:188} WARNING - /home/airflow/.local/lib/python3.12/site-packages/mlflow/tracking/_tracking_service/utils.py:140 FutureWarning: Filesystem tracking backend (e.g., './mlruns') is deprecated. Please switch to a database backend (e.g., 'sqlite:///mlflow.db'). For feedback, see: https://github.com/mlflow/mlflow/issues/18534
[2025-11-19T20:07:21.676+0000] {processor.py:840} INFO - DAG(s) 'predictive_pipeline_xgb' retrieved from /opt/airflow/dags/predictive_pipeline_dag.py
[2025-11-19T20:07:21.710+0000] {logging_mixin.py:188} INFO - [2025-11-19T20:07:21.709+0000] {dag.py:3096} INFO - Sync 1 DAGs
[2025-11-19T20:07:21.736+0000] {logging_mixin.py:188} INFO - [2025-11-19T20:07:21.735+0000] {dag.py:3954} INFO - Setting next_dagrun for predictive_pipeline_xgb to 2025-11-23 00:00:00+00:00, run_after=2025-11-30 00:00:00+00:00
[2025-11-19T20:07:21.831+0000] {processor.py:183} INFO - Processing /opt/airflow/dags/predictive_pipeline_dag.py took 3.987 seconds
[2025-11-19T20:07:52.137+0000] {processor.py:161} INFO - Started process (PID=1875) to work on /opt/airflow/dags/predictive_pipeline_dag.py
[2025-11-19T20:07:52.139+0000] {processor.py:830} INFO - Processing file /opt/airflow/dags/predictive_pipeline_dag.py for tasks to queue
[2025-11-19T20:07:52.140+0000] {logging_mixin.py:188} INFO - [2025-11-19T20:07:52.140+0000] {dagbag.py:545} INFO - Filling up the DagBag from /opt/airflow/dags/predictive_pipeline_dag.py
[2025-11-19T20:07:54.932+0000] {logging_mixin.py:188} WARNING - /home/airflow/.local/lib/python3.12/site-packages/mlflow/tracking/_tracking_service/utils.py:140 FutureWarning: Filesystem tracking backend (e.g., './mlruns') is deprecated. Please switch to a database backend (e.g., 'sqlite:///mlflow.db'). For feedback, see: https://github.com/mlflow/mlflow/issues/18534
[2025-11-19T20:07:55.943+0000] {processor.py:840} INFO - DAG(s) 'predictive_pipeline_xgb' retrieved from /opt/airflow/dags/predictive_pipeline_dag.py
[2025-11-19T20:07:55.990+0000] {logging_mixin.py:188} INFO - [2025-11-19T20:07:55.989+0000] {dag.py:3096} INFO - Sync 1 DAGs
[2025-11-19T20:07:56.022+0000] {logging_mixin.py:188} INFO - [2025-11-19T20:07:56.022+0000] {dag.py:3954} INFO - Setting next_dagrun for predictive_pipeline_xgb to 2025-11-23 00:00:00+00:00, run_after=2025-11-30 00:00:00+00:00
[2025-11-19T20:07:56.123+0000] {processor.py:183} INFO - Processing /opt/airflow/dags/predictive_pipeline_dag.py took 3.995 seconds
[2025-11-19T20:08:26.533+0000] {processor.py:161} INFO - Started process (PID=1885) to work on /opt/airflow/dags/predictive_pipeline_dag.py
[2025-11-19T20:08:26.535+0000] {processor.py:830} INFO - Processing file /opt/airflow/dags/predictive_pipeline_dag.py for tasks to queue
[2025-11-19T20:08:26.537+0000] {logging_mixin.py:188} INFO - [2025-11-19T20:08:26.536+0000] {dagbag.py:545} INFO - Filling up the DagBag from /opt/airflow/dags/predictive_pipeline_dag.py
[2025-11-19T20:08:28.816+0000] {logging_mixin.py:188} WARNING - /home/airflow/.local/lib/python3.12/site-packages/mlflow/tracking/_tracking_service/utils.py:140 FutureWarning: Filesystem tracking backend (e.g., './mlruns') is deprecated. Please switch to a database backend (e.g., 'sqlite:///mlflow.db'). For feedback, see: https://github.com/mlflow/mlflow/issues/18534
[2025-11-19T20:08:29.703+0000] {processor.py:840} INFO - DAG(s) 'predictive_pipeline_xgb' retrieved from /opt/airflow/dags/predictive_pipeline_dag.py
[2025-11-19T20:08:29.737+0000] {logging_mixin.py:188} INFO - [2025-11-19T20:08:29.736+0000] {dag.py:3096} INFO - Sync 1 DAGs
[2025-11-19T20:08:29.763+0000] {logging_mixin.py:188} INFO - [2025-11-19T20:08:29.763+0000] {dag.py:3954} INFO - Setting next_dagrun for predictive_pipeline_xgb to 2025-11-23 00:00:00+00:00, run_after=2025-11-30 00:00:00+00:00
[2025-11-19T20:08:29.849+0000] {processor.py:183} INFO - Processing /opt/airflow/dags/predictive_pipeline_dag.py took 3.328 seconds
[2025-11-19T20:09:00.568+0000] {processor.py:161} INFO - Started process (PID=1895) to work on /opt/airflow/dags/predictive_pipeline_dag.py
[2025-11-19T20:09:00.571+0000] {processor.py:830} INFO - Processing file /opt/airflow/dags/predictive_pipeline_dag.py for tasks to queue
[2025-11-19T20:09:00.576+0000] {logging_mixin.py:188} INFO - [2025-11-19T20:09:00.574+0000] {dagbag.py:545} INFO - Filling up the DagBag from /opt/airflow/dags/predictive_pipeline_dag.py
[2025-11-19T20:09:03.217+0000] {logging_mixin.py:188} WARNING - /home/airflow/.local/lib/python3.12/site-packages/mlflow/tracking/_tracking_service/utils.py:140 FutureWarning: Filesystem tracking backend (e.g., './mlruns') is deprecated. Please switch to a database backend (e.g., 'sqlite:///mlflow.db'). For feedback, see: https://github.com/mlflow/mlflow/issues/18534
[2025-11-19T20:09:04.220+0000] {processor.py:840} INFO - DAG(s) 'predictive_pipeline_xgb' retrieved from /opt/airflow/dags/predictive_pipeline_dag.py
[2025-11-19T20:09:04.255+0000] {logging_mixin.py:188} INFO - [2025-11-19T20:09:04.254+0000] {dag.py:3096} INFO - Sync 1 DAGs
[2025-11-19T20:09:04.281+0000] {logging_mixin.py:188} INFO - [2025-11-19T20:09:04.281+0000] {dag.py:3954} INFO - Setting next_dagrun for predictive_pipeline_xgb to 2025-11-23 00:00:00+00:00, run_after=2025-11-30 00:00:00+00:00
[2025-11-19T20:09:04.386+0000] {processor.py:183} INFO - Processing /opt/airflow/dags/predictive_pipeline_dag.py took 3.847 seconds
[2025-11-19T20:09:35.008+0000] {processor.py:161} INFO - Started process (PID=1905) to work on /opt/airflow/dags/predictive_pipeline_dag.py
[2025-11-19T20:09:35.010+0000] {processor.py:830} INFO - Processing file /opt/airflow/dags/predictive_pipeline_dag.py for tasks to queue
[2025-11-19T20:09:35.012+0000] {logging_mixin.py:188} INFO - [2025-11-19T20:09:35.011+0000] {dagbag.py:545} INFO - Filling up the DagBag from /opt/airflow/dags/predictive_pipeline_dag.py
[2025-11-19T20:09:37.432+0000] {logging_mixin.py:188} WARNING - /home/airflow/.local/lib/python3.12/site-packages/mlflow/tracking/_tracking_service/utils.py:140 FutureWarning: Filesystem tracking backend (e.g., './mlruns') is deprecated. Please switch to a database backend (e.g., 'sqlite:///mlflow.db'). For feedback, see: https://github.com/mlflow/mlflow/issues/18534
[2025-11-19T20:09:38.664+0000] {processor.py:840} INFO - DAG(s) 'predictive_pipeline_xgb' retrieved from /opt/airflow/dags/predictive_pipeline_dag.py
[2025-11-19T20:09:38.721+0000] {logging_mixin.py:188} INFO - [2025-11-19T20:09:38.720+0000] {dag.py:3096} INFO - Sync 1 DAGs
[2025-11-19T20:09:38.765+0000] {logging_mixin.py:188} INFO - [2025-11-19T20:09:38.765+0000] {dag.py:3954} INFO - Setting next_dagrun for predictive_pipeline_xgb to 2025-11-23 00:00:00+00:00, run_after=2025-11-30 00:00:00+00:00
[2025-11-19T20:09:38.864+0000] {processor.py:183} INFO - Processing /opt/airflow/dags/predictive_pipeline_dag.py took 3.872 seconds
[2025-11-19T20:10:09.552+0000] {processor.py:161} INFO - Started process (PID=1915) to work on /opt/airflow/dags/predictive_pipeline_dag.py
[2025-11-19T20:10:09.557+0000] {processor.py:830} INFO - Processing file /opt/airflow/dags/predictive_pipeline_dag.py for tasks to queue
[2025-11-19T20:10:09.560+0000] {logging_mixin.py:188} INFO - [2025-11-19T20:10:09.559+0000] {dagbag.py:545} INFO - Filling up the DagBag from /opt/airflow/dags/predictive_pipeline_dag.py
[2025-11-19T20:10:12.839+0000] {logging_mixin.py:188} WARNING - /home/airflow/.local/lib/python3.12/site-packages/mlflow/tracking/_tracking_service/utils.py:140 FutureWarning: Filesystem tracking backend (e.g., './mlruns') is deprecated. Please switch to a database backend (e.g., 'sqlite:///mlflow.db'). For feedback, see: https://github.com/mlflow/mlflow/issues/18534
[2025-11-19T20:10:13.993+0000] {processor.py:840} INFO - DAG(s) 'predictive_pipeline_xgb' retrieved from /opt/airflow/dags/predictive_pipeline_dag.py
[2025-11-19T20:10:14.030+0000] {logging_mixin.py:188} INFO - [2025-11-19T20:10:14.030+0000] {dag.py:3096} INFO - Sync 1 DAGs
[2025-11-19T20:10:14.063+0000] {logging_mixin.py:188} INFO - [2025-11-19T20:10:14.063+0000] {dag.py:3954} INFO - Setting next_dagrun for predictive_pipeline_xgb to 2025-11-23 00:00:00+00:00, run_after=2025-11-30 00:00:00+00:00
[2025-11-19T20:10:14.166+0000] {processor.py:183} INFO - Processing /opt/airflow/dags/predictive_pipeline_dag.py took 4.618 seconds
[2025-11-19T20:10:45.093+0000] {processor.py:161} INFO - Started process (PID=1925) to work on /opt/airflow/dags/predictive_pipeline_dag.py
[2025-11-19T20:10:45.098+0000] {processor.py:830} INFO - Processing file /opt/airflow/dags/predictive_pipeline_dag.py for tasks to queue
[2025-11-19T20:10:45.103+0000] {logging_mixin.py:188} INFO - [2025-11-19T20:10:45.101+0000] {dagbag.py:545} INFO - Filling up the DagBag from /opt/airflow/dags/predictive_pipeline_dag.py
[2025-11-19T20:10:47.937+0000] {logging_mixin.py:188} WARNING - /home/airflow/.local/lib/python3.12/site-packages/mlflow/tracking/_tracking_service/utils.py:140 FutureWarning: Filesystem tracking backend (e.g., './mlruns') is deprecated. Please switch to a database backend (e.g., 'sqlite:///mlflow.db'). For feedback, see: https://github.com/mlflow/mlflow/issues/18534
[2025-11-19T20:10:48.835+0000] {processor.py:840} INFO - DAG(s) 'predictive_pipeline_xgb' retrieved from /opt/airflow/dags/predictive_pipeline_dag.py
[2025-11-19T20:10:48.872+0000] {logging_mixin.py:188} INFO - [2025-11-19T20:10:48.871+0000] {dag.py:3096} INFO - Sync 1 DAGs
[2025-11-19T20:10:48.897+0000] {logging_mixin.py:188} INFO - [2025-11-19T20:10:48.897+0000] {dag.py:3954} INFO - Setting next_dagrun for predictive_pipeline_xgb to 2025-11-23 00:00:00+00:00, run_after=2025-11-30 00:00:00+00:00
[2025-11-19T20:10:48.986+0000] {processor.py:183} INFO - Processing /opt/airflow/dags/predictive_pipeline_dag.py took 3.933 seconds
[2025-11-19T20:11:19.330+0000] {processor.py:161} INFO - Started process (PID=1935) to work on /opt/airflow/dags/predictive_pipeline_dag.py
[2025-11-19T20:11:19.332+0000] {processor.py:830} INFO - Processing file /opt/airflow/dags/predictive_pipeline_dag.py for tasks to queue
[2025-11-19T20:11:19.334+0000] {logging_mixin.py:188} INFO - [2025-11-19T20:11:19.334+0000] {dagbag.py:545} INFO - Filling up the DagBag from /opt/airflow/dags/predictive_pipeline_dag.py
[2025-11-19T20:11:22.473+0000] {logging_mixin.py:188} WARNING - /home/airflow/.local/lib/python3.12/site-packages/mlflow/tracking/_tracking_service/utils.py:140 FutureWarning: Filesystem tracking backend (e.g., './mlruns') is deprecated. Please switch to a database backend (e.g., 'sqlite:///mlflow.db'). For feedback, see: https://github.com/mlflow/mlflow/issues/18534
[2025-11-19T20:11:23.793+0000] {processor.py:840} INFO - DAG(s) 'predictive_pipeline_xgb' retrieved from /opt/airflow/dags/predictive_pipeline_dag.py
[2025-11-19T20:11:23.830+0000] {logging_mixin.py:188} INFO - [2025-11-19T20:11:23.830+0000] {dag.py:3096} INFO - Sync 1 DAGs
[2025-11-19T20:11:23.863+0000] {logging_mixin.py:188} INFO - [2025-11-19T20:11:23.863+0000] {dag.py:3954} INFO - Setting next_dagrun for predictive_pipeline_xgb to 2025-11-23 00:00:00+00:00, run_after=2025-11-30 00:00:00+00:00
[2025-11-19T20:11:23.975+0000] {processor.py:183} INFO - Processing /opt/airflow/dags/predictive_pipeline_dag.py took 4.662 seconds
[2025-11-19T20:11:54.772+0000] {processor.py:161} INFO - Started process (PID=1945) to work on /opt/airflow/dags/predictive_pipeline_dag.py
[2025-11-19T20:11:54.773+0000] {processor.py:830} INFO - Processing file /opt/airflow/dags/predictive_pipeline_dag.py for tasks to queue
[2025-11-19T20:11:54.775+0000] {logging_mixin.py:188} INFO - [2025-11-19T20:11:54.774+0000] {dagbag.py:545} INFO - Filling up the DagBag from /opt/airflow/dags/predictive_pipeline_dag.py
[2025-11-19T20:11:58.052+0000] {logging_mixin.py:188} WARNING - /home/airflow/.local/lib/python3.12/site-packages/mlflow/tracking/_tracking_service/utils.py:140 FutureWarning: Filesystem tracking backend (e.g., './mlruns') is deprecated. Please switch to a database backend (e.g., 'sqlite:///mlflow.db'). For feedback, see: https://github.com/mlflow/mlflow/issues/18534
[2025-11-19T20:11:59.278+0000] {processor.py:840} INFO - DAG(s) 'predictive_pipeline_xgb' retrieved from /opt/airflow/dags/predictive_pipeline_dag.py
[2025-11-19T20:11:59.315+0000] {logging_mixin.py:188} INFO - [2025-11-19T20:11:59.314+0000] {dag.py:3096} INFO - Sync 1 DAGs
[2025-11-19T20:11:59.346+0000] {logging_mixin.py:188} INFO - [2025-11-19T20:11:59.345+0000] {dag.py:3954} INFO - Setting next_dagrun for predictive_pipeline_xgb to 2025-11-23 00:00:00+00:00, run_after=2025-11-30 00:00:00+00:00
[2025-11-19T20:11:59.459+0000] {processor.py:183} INFO - Processing /opt/airflow/dags/predictive_pipeline_dag.py took 4.700 seconds
[2025-11-19T20:12:30.270+0000] {processor.py:161} INFO - Started process (PID=1955) to work on /opt/airflow/dags/predictive_pipeline_dag.py
[2025-11-19T20:12:30.272+0000] {processor.py:830} INFO - Processing file /opt/airflow/dags/predictive_pipeline_dag.py for tasks to queue
[2025-11-19T20:12:30.274+0000] {logging_mixin.py:188} INFO - [2025-11-19T20:12:30.273+0000] {dagbag.py:545} INFO - Filling up the DagBag from /opt/airflow/dags/predictive_pipeline_dag.py
[2025-11-19T20:12:32.776+0000] {logging_mixin.py:188} WARNING - /home/airflow/.local/lib/python3.12/site-packages/mlflow/tracking/_tracking_service/utils.py:140 FutureWarning: Filesystem tracking backend (e.g., './mlruns') is deprecated. Please switch to a database backend (e.g., 'sqlite:///mlflow.db'). For feedback, see: https://github.com/mlflow/mlflow/issues/18534
[2025-11-19T20:12:33.680+0000] {processor.py:840} INFO - DAG(s) 'predictive_pipeline_xgb' retrieved from /opt/airflow/dags/predictive_pipeline_dag.py
[2025-11-19T20:12:33.712+0000] {logging_mixin.py:188} INFO - [2025-11-19T20:12:33.712+0000] {dag.py:3096} INFO - Sync 1 DAGs
[2025-11-19T20:12:33.739+0000] {logging_mixin.py:188} INFO - [2025-11-19T20:12:33.738+0000] {dag.py:3954} INFO - Setting next_dagrun for predictive_pipeline_xgb to 2025-11-23 00:00:00+00:00, run_after=2025-11-30 00:00:00+00:00
[2025-11-19T20:12:33.832+0000] {processor.py:183} INFO - Processing /opt/airflow/dags/predictive_pipeline_dag.py took 3.575 seconds
[2025-11-19T20:13:04.371+0000] {processor.py:161} INFO - Started process (PID=1965) to work on /opt/airflow/dags/predictive_pipeline_dag.py
[2025-11-19T20:13:04.372+0000] {processor.py:830} INFO - Processing file /opt/airflow/dags/predictive_pipeline_dag.py for tasks to queue
[2025-11-19T20:13:04.373+0000] {logging_mixin.py:188} INFO - [2025-11-19T20:13:04.373+0000] {dagbag.py:545} INFO - Filling up the DagBag from /opt/airflow/dags/predictive_pipeline_dag.py
[2025-11-19T20:13:07.088+0000] {logging_mixin.py:188} WARNING - /home/airflow/.local/lib/python3.12/site-packages/mlflow/tracking/_tracking_service/utils.py:140 FutureWarning: Filesystem tracking backend (e.g., './mlruns') is deprecated. Please switch to a database backend (e.g., 'sqlite:///mlflow.db'). For feedback, see: https://github.com/mlflow/mlflow/issues/18534
[2025-11-19T20:13:08.235+0000] {processor.py:840} INFO - DAG(s) 'predictive_pipeline_xgb' retrieved from /opt/airflow/dags/predictive_pipeline_dag.py
[2025-11-19T20:13:08.267+0000] {logging_mixin.py:188} INFO - [2025-11-19T20:13:08.266+0000] {dag.py:3096} INFO - Sync 1 DAGs
[2025-11-19T20:13:08.293+0000] {logging_mixin.py:188} INFO - [2025-11-19T20:13:08.293+0000] {dag.py:3954} INFO - Setting next_dagrun for predictive_pipeline_xgb to 2025-11-23 00:00:00+00:00, run_after=2025-11-30 00:00:00+00:00
[2025-11-19T20:13:08.387+0000] {processor.py:183} INFO - Processing /opt/airflow/dags/predictive_pipeline_dag.py took 4.027 seconds
[2025-11-19T20:13:38.902+0000] {processor.py:161} INFO - Started process (PID=1975) to work on /opt/airflow/dags/predictive_pipeline_dag.py
[2025-11-19T20:13:38.903+0000] {processor.py:830} INFO - Processing file /opt/airflow/dags/predictive_pipeline_dag.py for tasks to queue
[2025-11-19T20:13:38.905+0000] {logging_mixin.py:188} INFO - [2025-11-19T20:13:38.904+0000] {dagbag.py:545} INFO - Filling up the DagBag from /opt/airflow/dags/predictive_pipeline_dag.py
[2025-11-19T20:13:41.832+0000] {logging_mixin.py:188} WARNING - /home/airflow/.local/lib/python3.12/site-packages/mlflow/tracking/_tracking_service/utils.py:140 FutureWarning: Filesystem tracking backend (e.g., './mlruns') is deprecated. Please switch to a database backend (e.g., 'sqlite:///mlflow.db'). For feedback, see: https://github.com/mlflow/mlflow/issues/18534
[2025-11-19T20:13:43.029+0000] {processor.py:840} INFO - DAG(s) 'predictive_pipeline_xgb' retrieved from /opt/airflow/dags/predictive_pipeline_dag.py
[2025-11-19T20:13:43.064+0000] {logging_mixin.py:188} INFO - [2025-11-19T20:13:43.064+0000] {dag.py:3096} INFO - Sync 1 DAGs
[2025-11-19T20:13:43.096+0000] {logging_mixin.py:188} INFO - [2025-11-19T20:13:43.096+0000] {dag.py:3954} INFO - Setting next_dagrun for predictive_pipeline_xgb to 2025-11-23 00:00:00+00:00, run_after=2025-11-30 00:00:00+00:00
[2025-11-19T20:13:43.208+0000] {processor.py:183} INFO - Processing /opt/airflow/dags/predictive_pipeline_dag.py took 4.296 seconds
[2025-11-19T20:14:13.705+0000] {processor.py:161} INFO - Started process (PID=1985) to work on /opt/airflow/dags/predictive_pipeline_dag.py
[2025-11-19T20:14:13.708+0000] {processor.py:830} INFO - Processing file /opt/airflow/dags/predictive_pipeline_dag.py for tasks to queue
[2025-11-19T20:14:13.711+0000] {logging_mixin.py:188} INFO - [2025-11-19T20:14:13.710+0000] {dagbag.py:545} INFO - Filling up the DagBag from /opt/airflow/dags/predictive_pipeline_dag.py
[2025-11-19T20:14:16.353+0000] {logging_mixin.py:188} WARNING - /home/airflow/.local/lib/python3.12/site-packages/mlflow/tracking/_tracking_service/utils.py:140 FutureWarning: Filesystem tracking backend (e.g., './mlruns') is deprecated. Please switch to a database backend (e.g., 'sqlite:///mlflow.db'). For feedback, see: https://github.com/mlflow/mlflow/issues/18534
[2025-11-19T20:14:17.472+0000] {processor.py:840} INFO - DAG(s) 'predictive_pipeline_xgb' retrieved from /opt/airflow/dags/predictive_pipeline_dag.py
[2025-11-19T20:14:17.509+0000] {logging_mixin.py:188} INFO - [2025-11-19T20:14:17.508+0000] {dag.py:3096} INFO - Sync 1 DAGs
[2025-11-19T20:14:17.538+0000] {logging_mixin.py:188} INFO - [2025-11-19T20:14:17.538+0000] {dag.py:3954} INFO - Setting next_dagrun for predictive_pipeline_xgb to 2025-11-23 00:00:00+00:00, run_after=2025-11-30 00:00:00+00:00
[2025-11-19T20:14:17.666+0000] {processor.py:183} INFO - Processing /opt/airflow/dags/predictive_pipeline_dag.py took 3.978 seconds
[2025-11-19T20:22:15.363+0000] {processor.py:161} INFO - Started process (PID=45) to work on /opt/airflow/dags/predictive_pipeline_dag.py
[2025-11-19T20:22:15.365+0000] {processor.py:830} INFO - Processing file /opt/airflow/dags/predictive_pipeline_dag.py for tasks to queue
[2025-11-19T20:22:15.371+0000] {logging_mixin.py:188} INFO - [2025-11-19T20:22:15.370+0000] {dagbag.py:545} INFO - Filling up the DagBag from /opt/airflow/dags/predictive_pipeline_dag.py
[2025-11-19T20:22:18.818+0000] {logging_mixin.py:188} WARNING - /home/airflow/.local/lib/python3.12/site-packages/mlflow/tracking/_tracking_service/utils.py:140 FutureWarning: Filesystem tracking backend (e.g., './mlruns') is deprecated. Please switch to a database backend (e.g., 'sqlite:///mlflow.db'). For feedback, see: https://github.com/mlflow/mlflow/issues/18534
[2025-11-19T20:22:20.148+0000] {processor.py:840} INFO - DAG(s) 'predictive_pipeline_xgb' retrieved from /opt/airflow/dags/predictive_pipeline_dag.py
[2025-11-19T20:22:20.169+0000] {logging_mixin.py:188} INFO - [2025-11-19T20:22:20.168+0000] {dag.py:3096} INFO - Sync 1 DAGs
[2025-11-19T20:22:20.213+0000] {logging_mixin.py:188} INFO - [2025-11-19T20:22:20.213+0000] {dag.py:3954} INFO - Setting next_dagrun for predictive_pipeline_xgb to 2025-11-23 00:00:00+00:00, run_after=2025-11-30 00:00:00+00:00
[2025-11-19T20:22:20.327+0000] {processor.py:183} INFO - Processing /opt/airflow/dags/predictive_pipeline_dag.py took 4.946 seconds
[2025-11-19T20:22:51.123+0000] {processor.py:161} INFO - Started process (PID=75) to work on /opt/airflow/dags/predictive_pipeline_dag.py
[2025-11-19T20:22:51.126+0000] {processor.py:830} INFO - Processing file /opt/airflow/dags/predictive_pipeline_dag.py for tasks to queue
[2025-11-19T20:22:51.137+0000] {logging_mixin.py:188} INFO - [2025-11-19T20:22:51.135+0000] {dagbag.py:545} INFO - Filling up the DagBag from /opt/airflow/dags/predictive_pipeline_dag.py
[2025-11-19T20:22:55.218+0000] {logging_mixin.py:188} WARNING - /home/airflow/.local/lib/python3.12/site-packages/mlflow/tracking/_tracking_service/utils.py:140 FutureWarning: Filesystem tracking backend (e.g., './mlruns') is deprecated. Please switch to a database backend (e.g., 'sqlite:///mlflow.db'). For feedback, see: https://github.com/mlflow/mlflow/issues/18534
[2025-11-19T20:22:57.653+0000] {processor.py:840} INFO - DAG(s) 'predictive_pipeline_xgb' retrieved from /opt/airflow/dags/predictive_pipeline_dag.py
[2025-11-19T20:22:58.018+0000] {logging_mixin.py:188} INFO - [2025-11-19T20:22:58.017+0000] {dag.py:3096} INFO - Sync 1 DAGs
[2025-11-19T20:22:58.129+0000] {logging_mixin.py:188} INFO - [2025-11-19T20:22:58.129+0000] {dag.py:3954} INFO - Setting next_dagrun for predictive_pipeline_xgb to 2025-11-23 00:00:00+00:00, run_after=2025-11-30 00:00:00+00:00
[2025-11-19T20:22:58.355+0000] {processor.py:183} INFO - Processing /opt/airflow/dags/predictive_pipeline_dag.py took 7.267 seconds
[2025-11-19T20:23:29.161+0000] {processor.py:161} INFO - Started process (PID=101) to work on /opt/airflow/dags/predictive_pipeline_dag.py
[2025-11-19T20:23:29.164+0000] {processor.py:830} INFO - Processing file /opt/airflow/dags/predictive_pipeline_dag.py for tasks to queue
[2025-11-19T20:23:29.170+0000] {logging_mixin.py:188} INFO - [2025-11-19T20:23:29.169+0000] {dagbag.py:545} INFO - Filling up the DagBag from /opt/airflow/dags/predictive_pipeline_dag.py
[2025-11-19T20:23:33.421+0000] {logging_mixin.py:188} WARNING - /home/airflow/.local/lib/python3.12/site-packages/mlflow/tracking/_tracking_service/utils.py:140 FutureWarning: Filesystem tracking backend (e.g., './mlruns') is deprecated. Please switch to a database backend (e.g., 'sqlite:///mlflow.db'). For feedback, see: https://github.com/mlflow/mlflow/issues/18534
[2025-11-19T20:23:34.991+0000] {processor.py:840} INFO - DAG(s) 'predictive_pipeline_xgb' retrieved from /opt/airflow/dags/predictive_pipeline_dag.py
[2025-11-19T20:23:35.135+0000] {logging_mixin.py:188} INFO - [2025-11-19T20:23:35.133+0000] {dag.py:3096} INFO - Sync 1 DAGs
[2025-11-19T20:23:35.216+0000] {logging_mixin.py:188} INFO - [2025-11-19T20:23:35.215+0000] {dag.py:3954} INFO - Setting next_dagrun for predictive_pipeline_xgb to 2025-11-23 00:00:00+00:00, run_after=2025-11-30 00:00:00+00:00
[2025-11-19T20:23:35.402+0000] {processor.py:183} INFO - Processing /opt/airflow/dags/predictive_pipeline_dag.py took 6.259 seconds
[2025-11-19T20:25:47.276+0000] {processor.py:161} INFO - Started process (PID=146) to work on /opt/airflow/dags/predictive_pipeline_dag.py
[2025-11-19T20:25:47.278+0000] {processor.py:830} INFO - Processing file /opt/airflow/dags/predictive_pipeline_dag.py for tasks to queue
[2025-11-19T20:25:47.279+0000] {logging_mixin.py:188} INFO - [2025-11-19T20:25:47.279+0000] {dagbag.py:545} INFO - Filling up the DagBag from /opt/airflow/dags/predictive_pipeline_dag.py
[2025-11-19T20:25:50.641+0000] {logging_mixin.py:188} WARNING - /home/airflow/.local/lib/python3.12/site-packages/mlflow/tracking/_tracking_service/utils.py:140 FutureWarning: Filesystem tracking backend (e.g., './mlruns') is deprecated. Please switch to a database backend (e.g., 'sqlite:///mlflow.db'). For feedback, see: https://github.com/mlflow/mlflow/issues/18534
[2025-11-19T20:25:52.008+0000] {processor.py:840} INFO - DAG(s) 'predictive_pipeline_xgb' retrieved from /opt/airflow/dags/predictive_pipeline_dag.py
[2025-11-19T20:25:52.054+0000] {logging_mixin.py:188} INFO - [2025-11-19T20:25:52.053+0000] {dag.py:3096} INFO - Sync 1 DAGs
[2025-11-19T20:25:52.247+0000] {processor.py:183} INFO - Processing /opt/airflow/dags/predictive_pipeline_dag.py took 4.950 seconds
[2025-11-19T20:52:44.544+0000] {processor.py:161} INFO - Started process (PID=340) to work on /opt/airflow/dags/predictive_pipeline_dag.py
[2025-11-19T20:52:44.545+0000] {processor.py:830} INFO - Processing file /opt/airflow/dags/predictive_pipeline_dag.py for tasks to queue
[2025-11-19T20:52:44.546+0000] {logging_mixin.py:188} INFO - [2025-11-19T20:52:44.545+0000] {dagbag.py:545} INFO - Filling up the DagBag from /opt/airflow/dags/predictive_pipeline_dag.py
[2025-11-19T20:52:46.748+0000] {logging_mixin.py:188} WARNING - /home/airflow/.local/lib/python3.12/site-packages/mlflow/tracking/_tracking_service/utils.py:140 FutureWarning: Filesystem tracking backend (e.g., './mlruns') is deprecated. Please switch to a database backend (e.g., 'sqlite:///mlflow.db'). For feedback, see: https://github.com/mlflow/mlflow/issues/18534
[2025-11-19T20:52:47.746+0000] {processor.py:840} INFO - DAG(s) 'predictive_pipeline_xgb' retrieved from /opt/airflow/dags/predictive_pipeline_dag.py
[2025-11-19T20:52:47.771+0000] {logging_mixin.py:188} INFO - [2025-11-19T20:52:47.770+0000] {dag.py:3096} INFO - Sync 1 DAGs
[2025-11-19T20:52:47.847+0000] {processor.py:183} INFO - Processing /opt/airflow/dags/predictive_pipeline_dag.py took 3.309 seconds
[2025-11-19T20:53:18.869+0000] {processor.py:161} INFO - Started process (PID=384) to work on /opt/airflow/dags/predictive_pipeline_dag.py
[2025-11-19T20:53:18.870+0000] {processor.py:830} INFO - Processing file /opt/airflow/dags/predictive_pipeline_dag.py for tasks to queue
[2025-11-19T20:53:18.871+0000] {logging_mixin.py:188} INFO - [2025-11-19T20:53:18.871+0000] {dagbag.py:545} INFO - Filling up the DagBag from /opt/airflow/dags/predictive_pipeline_dag.py
[2025-11-19T20:53:20.979+0000] {logging_mixin.py:188} WARNING - /home/airflow/.local/lib/python3.12/site-packages/mlflow/tracking/_tracking_service/utils.py:140 FutureWarning: Filesystem tracking backend (e.g., './mlruns') is deprecated. Please switch to a database backend (e.g., 'sqlite:///mlflow.db'). For feedback, see: https://github.com/mlflow/mlflow/issues/18534
[2025-11-19T20:53:21.869+0000] {processor.py:840} INFO - DAG(s) 'predictive_pipeline_xgb' retrieved from /opt/airflow/dags/predictive_pipeline_dag.py
[2025-11-19T20:53:21.897+0000] {logging_mixin.py:188} INFO - [2025-11-19T20:53:21.897+0000] {dag.py:3096} INFO - Sync 1 DAGs
[2025-11-19T20:53:21.980+0000] {processor.py:183} INFO - Processing /opt/airflow/dags/predictive_pipeline_dag.py took 3.118 seconds
[2025-11-19T20:53:52.263+0000] {processor.py:161} INFO - Started process (PID=394) to work on /opt/airflow/dags/predictive_pipeline_dag.py
[2025-11-19T20:53:52.265+0000] {processor.py:830} INFO - Processing file /opt/airflow/dags/predictive_pipeline_dag.py for tasks to queue
[2025-11-19T20:53:52.266+0000] {logging_mixin.py:188} INFO - [2025-11-19T20:53:52.265+0000] {dagbag.py:545} INFO - Filling up the DagBag from /opt/airflow/dags/predictive_pipeline_dag.py
[2025-11-19T20:53:54.489+0000] {logging_mixin.py:188} WARNING - /home/airflow/.local/lib/python3.12/site-packages/mlflow/tracking/_tracking_service/utils.py:140 FutureWarning: Filesystem tracking backend (e.g., './mlruns') is deprecated. Please switch to a database backend (e.g., 'sqlite:///mlflow.db'). For feedback, see: https://github.com/mlflow/mlflow/issues/18534
[2025-11-19T20:53:55.334+0000] {processor.py:840} INFO - DAG(s) 'predictive_pipeline_xgb' retrieved from /opt/airflow/dags/predictive_pipeline_dag.py
[2025-11-19T20:53:55.360+0000] {logging_mixin.py:188} INFO - [2025-11-19T20:53:55.360+0000] {dag.py:3096} INFO - Sync 1 DAGs
[2025-11-19T20:53:55.436+0000] {processor.py:183} INFO - Processing /opt/airflow/dags/predictive_pipeline_dag.py took 3.181 seconds
[2025-11-19T20:54:25.631+0000] {processor.py:161} INFO - Started process (PID=404) to work on /opt/airflow/dags/predictive_pipeline_dag.py
[2025-11-19T20:54:25.632+0000] {processor.py:830} INFO - Processing file /opt/airflow/dags/predictive_pipeline_dag.py for tasks to queue
[2025-11-19T20:54:25.634+0000] {logging_mixin.py:188} INFO - [2025-11-19T20:54:25.633+0000] {dagbag.py:545} INFO - Filling up the DagBag from /opt/airflow/dags/predictive_pipeline_dag.py
[2025-11-19T20:54:27.692+0000] {logging_mixin.py:188} WARNING - /home/airflow/.local/lib/python3.12/site-packages/mlflow/tracking/_tracking_service/utils.py:140 FutureWarning: Filesystem tracking backend (e.g., './mlruns') is deprecated. Please switch to a database backend (e.g., 'sqlite:///mlflow.db'). For feedback, see: https://github.com/mlflow/mlflow/issues/18534
[2025-11-19T20:54:28.548+0000] {processor.py:840} INFO - DAG(s) 'predictive_pipeline_xgb' retrieved from /opt/airflow/dags/predictive_pipeline_dag.py
[2025-11-19T20:54:28.577+0000] {logging_mixin.py:188} INFO - [2025-11-19T20:54:28.576+0000] {dag.py:3096} INFO - Sync 1 DAGs
[2025-11-19T20:54:28.654+0000] {processor.py:183} INFO - Processing /opt/airflow/dags/predictive_pipeline_dag.py took 3.033 seconds
[2025-11-19T20:54:58.978+0000] {processor.py:161} INFO - Started process (PID=414) to work on /opt/airflow/dags/predictive_pipeline_dag.py
[2025-11-19T20:54:58.979+0000] {processor.py:830} INFO - Processing file /opt/airflow/dags/predictive_pipeline_dag.py for tasks to queue
[2025-11-19T20:54:58.980+0000] {logging_mixin.py:188} INFO - [2025-11-19T20:54:58.980+0000] {dagbag.py:545} INFO - Filling up the DagBag from /opt/airflow/dags/predictive_pipeline_dag.py
[2025-11-19T20:55:00.871+0000] {logging_mixin.py:188} WARNING - /home/airflow/.local/lib/python3.12/site-packages/mlflow/tracking/_tracking_service/utils.py:140 FutureWarning: Filesystem tracking backend (e.g., './mlruns') is deprecated. Please switch to a database backend (e.g., 'sqlite:///mlflow.db'). For feedback, see: https://github.com/mlflow/mlflow/issues/18534
[2025-11-19T20:55:01.697+0000] {processor.py:840} INFO - DAG(s) 'predictive_pipeline_xgb' retrieved from /opt/airflow/dags/predictive_pipeline_dag.py
[2025-11-19T20:55:01.721+0000] {logging_mixin.py:188} INFO - [2025-11-19T20:55:01.721+0000] {dag.py:3096} INFO - Sync 1 DAGs
[2025-11-19T20:55:01.792+0000] {processor.py:183} INFO - Processing /opt/airflow/dags/predictive_pipeline_dag.py took 2.824 seconds
[2025-11-19T20:55:32.035+0000] {processor.py:161} INFO - Started process (PID=424) to work on /opt/airflow/dags/predictive_pipeline_dag.py
[2025-11-19T20:55:32.036+0000] {processor.py:830} INFO - Processing file /opt/airflow/dags/predictive_pipeline_dag.py for tasks to queue
[2025-11-19T20:55:32.037+0000] {logging_mixin.py:188} INFO - [2025-11-19T20:55:32.037+0000] {dagbag.py:545} INFO - Filling up the DagBag from /opt/airflow/dags/predictive_pipeline_dag.py
[2025-11-19T20:55:34.024+0000] {logging_mixin.py:188} WARNING - /home/airflow/.local/lib/python3.12/site-packages/mlflow/tracking/_tracking_service/utils.py:140 FutureWarning: Filesystem tracking backend (e.g., './mlruns') is deprecated. Please switch to a database backend (e.g., 'sqlite:///mlflow.db'). For feedback, see: https://github.com/mlflow/mlflow/issues/18534
[2025-11-19T20:55:34.857+0000] {processor.py:840} INFO - DAG(s) 'predictive_pipeline_xgb' retrieved from /opt/airflow/dags/predictive_pipeline_dag.py
[2025-11-19T20:55:34.888+0000] {logging_mixin.py:188} INFO - [2025-11-19T20:55:34.887+0000] {dag.py:3096} INFO - Sync 1 DAGs
[2025-11-19T20:55:34.964+0000] {processor.py:183} INFO - Processing /opt/airflow/dags/predictive_pipeline_dag.py took 2.977 seconds
[2025-11-19T20:56:05.064+0000] {processor.py:161} INFO - Started process (PID=434) to work on /opt/airflow/dags/predictive_pipeline_dag.py
[2025-11-19T20:56:05.065+0000] {processor.py:830} INFO - Processing file /opt/airflow/dags/predictive_pipeline_dag.py for tasks to queue
[2025-11-19T20:56:05.067+0000] {logging_mixin.py:188} INFO - [2025-11-19T20:56:05.066+0000] {dagbag.py:545} INFO - Filling up the DagBag from /opt/airflow/dags/predictive_pipeline_dag.py
[2025-11-19T20:56:07.093+0000] {logging_mixin.py:188} WARNING - /home/airflow/.local/lib/python3.12/site-packages/mlflow/tracking/_tracking_service/utils.py:140 FutureWarning: Filesystem tracking backend (e.g., './mlruns') is deprecated. Please switch to a database backend (e.g., 'sqlite:///mlflow.db'). For feedback, see: https://github.com/mlflow/mlflow/issues/18534
[2025-11-19T20:56:07.941+0000] {processor.py:840} INFO - DAG(s) 'predictive_pipeline_xgb' retrieved from /opt/airflow/dags/predictive_pipeline_dag.py
[2025-11-19T20:56:07.965+0000] {logging_mixin.py:188} INFO - [2025-11-19T20:56:07.964+0000] {dag.py:3096} INFO - Sync 1 DAGs
[2025-11-19T20:56:08.031+0000] {processor.py:183} INFO - Processing /opt/airflow/dags/predictive_pipeline_dag.py took 2.976 seconds
[2025-11-19T20:56:38.246+0000] {processor.py:161} INFO - Started process (PID=444) to work on /opt/airflow/dags/predictive_pipeline_dag.py
[2025-11-19T20:56:38.248+0000] {processor.py:830} INFO - Processing file /opt/airflow/dags/predictive_pipeline_dag.py for tasks to queue
[2025-11-19T20:56:38.249+0000] {logging_mixin.py:188} INFO - [2025-11-19T20:56:38.248+0000] {dagbag.py:545} INFO - Filling up the DagBag from /opt/airflow/dags/predictive_pipeline_dag.py
[2025-11-19T20:56:40.209+0000] {logging_mixin.py:188} WARNING - /home/airflow/.local/lib/python3.12/site-packages/mlflow/tracking/_tracking_service/utils.py:140 FutureWarning: Filesystem tracking backend (e.g., './mlruns') is deprecated. Please switch to a database backend (e.g., 'sqlite:///mlflow.db'). For feedback, see: https://github.com/mlflow/mlflow/issues/18534
[2025-11-19T20:56:41.081+0000] {processor.py:840} INFO - DAG(s) 'predictive_pipeline_xgb' retrieved from /opt/airflow/dags/predictive_pipeline_dag.py
[2025-11-19T20:56:41.105+0000] {logging_mixin.py:188} INFO - [2025-11-19T20:56:41.104+0000] {dag.py:3096} INFO - Sync 1 DAGs
[2025-11-19T20:56:41.180+0000] {processor.py:183} INFO - Processing /opt/airflow/dags/predictive_pipeline_dag.py took 2.942 seconds
[2025-11-19T20:57:11.479+0000] {processor.py:161} INFO - Started process (PID=454) to work on /opt/airflow/dags/predictive_pipeline_dag.py
[2025-11-19T20:57:11.480+0000] {processor.py:830} INFO - Processing file /opt/airflow/dags/predictive_pipeline_dag.py for tasks to queue
[2025-11-19T20:57:11.481+0000] {logging_mixin.py:188} INFO - [2025-11-19T20:57:11.481+0000] {dagbag.py:545} INFO - Filling up the DagBag from /opt/airflow/dags/predictive_pipeline_dag.py
[2025-11-19T20:57:13.628+0000] {logging_mixin.py:188} WARNING - /home/airflow/.local/lib/python3.12/site-packages/mlflow/tracking/_tracking_service/utils.py:140 FutureWarning: Filesystem tracking backend (e.g., './mlruns') is deprecated. Please switch to a database backend (e.g., 'sqlite:///mlflow.db'). For feedback, see: https://github.com/mlflow/mlflow/issues/18534
[2025-11-19T20:57:14.482+0000] {processor.py:840} INFO - DAG(s) 'predictive_pipeline_xgb' retrieved from /opt/airflow/dags/predictive_pipeline_dag.py
[2025-11-19T20:57:14.508+0000] {logging_mixin.py:188} INFO - [2025-11-19T20:57:14.508+0000] {dag.py:3096} INFO - Sync 1 DAGs
[2025-11-19T20:57:14.585+0000] {processor.py:183} INFO - Processing /opt/airflow/dags/predictive_pipeline_dag.py took 3.113 seconds
[2025-11-19T20:57:44.915+0000] {processor.py:161} INFO - Started process (PID=464) to work on /opt/airflow/dags/predictive_pipeline_dag.py
[2025-11-19T20:57:44.916+0000] {processor.py:830} INFO - Processing file /opt/airflow/dags/predictive_pipeline_dag.py for tasks to queue
[2025-11-19T20:57:44.917+0000] {logging_mixin.py:188} INFO - [2025-11-19T20:57:44.916+0000] {dagbag.py:545} INFO - Filling up the DagBag from /opt/airflow/dags/predictive_pipeline_dag.py
[2025-11-19T20:57:47.080+0000] {logging_mixin.py:188} WARNING - /home/airflow/.local/lib/python3.12/site-packages/mlflow/tracking/_tracking_service/utils.py:140 FutureWarning: Filesystem tracking backend (e.g., './mlruns') is deprecated. Please switch to a database backend (e.g., 'sqlite:///mlflow.db'). For feedback, see: https://github.com/mlflow/mlflow/issues/18534
[2025-11-19T20:57:48.028+0000] {processor.py:840} INFO - DAG(s) 'predictive_pipeline_xgb' retrieved from /opt/airflow/dags/predictive_pipeline_dag.py
[2025-11-19T20:57:48.068+0000] {logging_mixin.py:188} INFO - [2025-11-19T20:57:48.066+0000] {dag.py:3096} INFO - Sync 1 DAGs
[2025-11-19T20:57:48.188+0000] {processor.py:183} INFO - Processing /opt/airflow/dags/predictive_pipeline_dag.py took 3.281 seconds
[2025-11-19T20:58:38.220+0000] {processor.py:161} INFO - Started process (PID=508) to work on /opt/airflow/dags/predictive_pipeline_dag.py
[2025-11-19T20:58:38.221+0000] {processor.py:830} INFO - Processing file /opt/airflow/dags/predictive_pipeline_dag.py for tasks to queue
[2025-11-19T20:58:38.223+0000] {logging_mixin.py:188} INFO - [2025-11-19T20:58:38.222+0000] {dagbag.py:545} INFO - Filling up the DagBag from /opt/airflow/dags/predictive_pipeline_dag.py
[2025-11-19T20:58:40.447+0000] {logging_mixin.py:188} WARNING - /home/airflow/.local/lib/python3.12/site-packages/mlflow/tracking/_tracking_service/utils.py:140 FutureWarning: Filesystem tracking backend (e.g., './mlruns') is deprecated. Please switch to a database backend (e.g., 'sqlite:///mlflow.db'). For feedback, see: https://github.com/mlflow/mlflow/issues/18534
[2025-11-19T20:58:41.580+0000] {processor.py:840} INFO - DAG(s) 'predictive_pipeline_xgb' retrieved from /opt/airflow/dags/predictive_pipeline_dag.py
[2025-11-19T20:58:41.609+0000] {logging_mixin.py:188} INFO - [2025-11-19T20:58:41.609+0000] {dag.py:3096} INFO - Sync 1 DAGs
[2025-11-19T20:58:41.698+0000] {processor.py:183} INFO - Processing /opt/airflow/dags/predictive_pipeline_dag.py took 3.487 seconds
[2025-11-19T20:59:12.339+0000] {processor.py:161} INFO - Started process (PID=518) to work on /opt/airflow/dags/predictive_pipeline_dag.py
[2025-11-19T20:59:12.340+0000] {processor.py:830} INFO - Processing file /opt/airflow/dags/predictive_pipeline_dag.py for tasks to queue
[2025-11-19T20:59:12.342+0000] {logging_mixin.py:188} INFO - [2025-11-19T20:59:12.341+0000] {dagbag.py:545} INFO - Filling up the DagBag from /opt/airflow/dags/predictive_pipeline_dag.py
[2025-11-19T20:59:14.294+0000] {logging_mixin.py:188} WARNING - /home/airflow/.local/lib/python3.12/site-packages/mlflow/tracking/_tracking_service/utils.py:140 FutureWarning: Filesystem tracking backend (e.g., './mlruns') is deprecated. Please switch to a database backend (e.g., 'sqlite:///mlflow.db'). For feedback, see: https://github.com/mlflow/mlflow/issues/18534
[2025-11-19T20:59:15.086+0000] {processor.py:840} INFO - DAG(s) 'predictive_pipeline_xgb' retrieved from /opt/airflow/dags/predictive_pipeline_dag.py
[2025-11-19T20:59:15.112+0000] {logging_mixin.py:188} INFO - [2025-11-19T20:59:15.111+0000] {dag.py:3096} INFO - Sync 1 DAGs
[2025-11-19T20:59:15.186+0000] {processor.py:183} INFO - Processing /opt/airflow/dags/predictive_pipeline_dag.py took 2.853 seconds
[2025-11-19T20:59:45.751+0000] {processor.py:161} INFO - Started process (PID=528) to work on /opt/airflow/dags/predictive_pipeline_dag.py
[2025-11-19T20:59:45.752+0000] {processor.py:830} INFO - Processing file /opt/airflow/dags/predictive_pipeline_dag.py for tasks to queue
[2025-11-19T20:59:45.753+0000] {logging_mixin.py:188} INFO - [2025-11-19T20:59:45.753+0000] {dagbag.py:545} INFO - Filling up the DagBag from /opt/airflow/dags/predictive_pipeline_dag.py
[2025-11-19T20:59:47.865+0000] {logging_mixin.py:188} WARNING - /home/airflow/.local/lib/python3.12/site-packages/mlflow/tracking/_tracking_service/utils.py:140 FutureWarning: Filesystem tracking backend (e.g., './mlruns') is deprecated. Please switch to a database backend (e.g., 'sqlite:///mlflow.db'). For feedback, see: https://github.com/mlflow/mlflow/issues/18534
[2025-11-19T20:59:48.788+0000] {processor.py:840} INFO - DAG(s) 'predictive_pipeline_xgb' retrieved from /opt/airflow/dags/predictive_pipeline_dag.py
[2025-11-19T20:59:48.815+0000] {logging_mixin.py:188} INFO - [2025-11-19T20:59:48.814+0000] {dag.py:3096} INFO - Sync 1 DAGs
[2025-11-19T20:59:48.893+0000] {processor.py:183} INFO - Processing /opt/airflow/dags/predictive_pipeline_dag.py took 3.149 seconds
[2025-11-19T21:00:19.124+0000] {processor.py:161} INFO - Started process (PID=538) to work on /opt/airflow/dags/predictive_pipeline_dag.py
[2025-11-19T21:00:19.125+0000] {processor.py:830} INFO - Processing file /opt/airflow/dags/predictive_pipeline_dag.py for tasks to queue
[2025-11-19T21:00:19.126+0000] {logging_mixin.py:188} INFO - [2025-11-19T21:00:19.125+0000] {dagbag.py:545} INFO - Filling up the DagBag from /opt/airflow/dags/predictive_pipeline_dag.py
[2025-11-19T21:00:21.253+0000] {logging_mixin.py:188} WARNING - /home/airflow/.local/lib/python3.12/site-packages/mlflow/tracking/_tracking_service/utils.py:140 FutureWarning: Filesystem tracking backend (e.g., './mlruns') is deprecated. Please switch to a database backend (e.g., 'sqlite:///mlflow.db'). For feedback, see: https://github.com/mlflow/mlflow/issues/18534
[2025-11-19T21:00:22.071+0000] {processor.py:840} INFO - DAG(s) 'predictive_pipeline_xgb' retrieved from /opt/airflow/dags/predictive_pipeline_dag.py
[2025-11-19T21:00:22.097+0000] {logging_mixin.py:188} INFO - [2025-11-19T21:00:22.097+0000] {dag.py:3096} INFO - Sync 1 DAGs
[2025-11-19T21:00:22.168+0000] {processor.py:183} INFO - Processing /opt/airflow/dags/predictive_pipeline_dag.py took 3.052 seconds
[2025-11-19T21:00:52.386+0000] {processor.py:161} INFO - Started process (PID=548) to work on /opt/airflow/dags/predictive_pipeline_dag.py
[2025-11-19T21:00:52.387+0000] {processor.py:830} INFO - Processing file /opt/airflow/dags/predictive_pipeline_dag.py for tasks to queue
[2025-11-19T21:00:52.388+0000] {logging_mixin.py:188} INFO - [2025-11-19T21:00:52.387+0000] {dagbag.py:545} INFO - Filling up the DagBag from /opt/airflow/dags/predictive_pipeline_dag.py
[2025-11-19T21:00:54.335+0000] {logging_mixin.py:188} WARNING - /home/airflow/.local/lib/python3.12/site-packages/mlflow/tracking/_tracking_service/utils.py:140 FutureWarning: Filesystem tracking backend (e.g., './mlruns') is deprecated. Please switch to a database backend (e.g., 'sqlite:///mlflow.db'). For feedback, see: https://github.com/mlflow/mlflow/issues/18534
[2025-11-19T21:00:55.187+0000] {processor.py:840} INFO - DAG(s) 'predictive_pipeline_xgb' retrieved from /opt/airflow/dags/predictive_pipeline_dag.py
[2025-11-19T21:00:55.216+0000] {logging_mixin.py:188} INFO - [2025-11-19T21:00:55.215+0000] {dag.py:3096} INFO - Sync 1 DAGs
[2025-11-19T21:00:55.302+0000] {processor.py:183} INFO - Processing /opt/airflow/dags/predictive_pipeline_dag.py took 2.923 seconds
[2025-11-19T21:01:25.659+0000] {processor.py:161} INFO - Started process (PID=558) to work on /opt/airflow/dags/predictive_pipeline_dag.py
[2025-11-19T21:01:25.661+0000] {processor.py:830} INFO - Processing file /opt/airflow/dags/predictive_pipeline_dag.py for tasks to queue
[2025-11-19T21:01:25.662+0000] {logging_mixin.py:188} INFO - [2025-11-19T21:01:25.662+0000] {dagbag.py:545} INFO - Filling up the DagBag from /opt/airflow/dags/predictive_pipeline_dag.py
[2025-11-19T21:01:27.980+0000] {logging_mixin.py:188} WARNING - /home/airflow/.local/lib/python3.12/site-packages/mlflow/tracking/_tracking_service/utils.py:140 FutureWarning: Filesystem tracking backend (e.g., './mlruns') is deprecated. Please switch to a database backend (e.g., 'sqlite:///mlflow.db'). For feedback, see: https://github.com/mlflow/mlflow/issues/18534
[2025-11-19T21:01:28.980+0000] {processor.py:840} INFO - DAG(s) 'predictive_pipeline_xgb' retrieved from /opt/airflow/dags/predictive_pipeline_dag.py
[2025-11-19T21:01:29.009+0000] {logging_mixin.py:188} INFO - [2025-11-19T21:01:29.008+0000] {dag.py:3096} INFO - Sync 1 DAGs
[2025-11-19T21:01:29.107+0000] {processor.py:183} INFO - Processing /opt/airflow/dags/predictive_pipeline_dag.py took 3.459 seconds
[2025-11-19T21:01:59.372+0000] {processor.py:161} INFO - Started process (PID=568) to work on /opt/airflow/dags/predictive_pipeline_dag.py
[2025-11-19T21:01:59.373+0000] {processor.py:830} INFO - Processing file /opt/airflow/dags/predictive_pipeline_dag.py for tasks to queue
[2025-11-19T21:01:59.374+0000] {logging_mixin.py:188} INFO - [2025-11-19T21:01:59.374+0000] {dagbag.py:545} INFO - Filling up the DagBag from /opt/airflow/dags/predictive_pipeline_dag.py
[2025-11-19T21:02:01.473+0000] {logging_mixin.py:188} WARNING - /home/airflow/.local/lib/python3.12/site-packages/mlflow/tracking/_tracking_service/utils.py:140 FutureWarning: Filesystem tracking backend (e.g., './mlruns') is deprecated. Please switch to a database backend (e.g., 'sqlite:///mlflow.db'). For feedback, see: https://github.com/mlflow/mlflow/issues/18534
[2025-11-19T21:02:02.393+0000] {processor.py:840} INFO - DAG(s) 'predictive_pipeline_xgb' retrieved from /opt/airflow/dags/predictive_pipeline_dag.py
[2025-11-19T21:02:02.424+0000] {logging_mixin.py:188} INFO - [2025-11-19T21:02:02.422+0000] {dag.py:3096} INFO - Sync 1 DAGs
[2025-11-19T21:02:02.511+0000] {processor.py:183} INFO - Processing /opt/airflow/dags/predictive_pipeline_dag.py took 3.214 seconds
[2025-11-19T21:02:32.762+0000] {processor.py:161} INFO - Started process (PID=578) to work on /opt/airflow/dags/predictive_pipeline_dag.py
[2025-11-19T21:02:32.762+0000] {processor.py:830} INFO - Processing file /opt/airflow/dags/predictive_pipeline_dag.py for tasks to queue
[2025-11-19T21:02:32.763+0000] {logging_mixin.py:188} INFO - [2025-11-19T21:02:32.763+0000] {dagbag.py:545} INFO - Filling up the DagBag from /opt/airflow/dags/predictive_pipeline_dag.py
[2025-11-19T21:02:34.750+0000] {logging_mixin.py:188} WARNING - /home/airflow/.local/lib/python3.12/site-packages/mlflow/tracking/_tracking_service/utils.py:140 FutureWarning: Filesystem tracking backend (e.g., './mlruns') is deprecated. Please switch to a database backend (e.g., 'sqlite:///mlflow.db'). For feedback, see: https://github.com/mlflow/mlflow/issues/18534
[2025-11-19T21:02:35.526+0000] {processor.py:840} INFO - DAG(s) 'predictive_pipeline_xgb' retrieved from /opt/airflow/dags/predictive_pipeline_dag.py
[2025-11-19T21:02:35.549+0000] {logging_mixin.py:188} INFO - [2025-11-19T21:02:35.549+0000] {dag.py:3096} INFO - Sync 1 DAGs
[2025-11-19T21:02:35.616+0000] {processor.py:183} INFO - Processing /opt/airflow/dags/predictive_pipeline_dag.py took 2.860 seconds
[2025-11-19T21:03:05.729+0000] {processor.py:161} INFO - Started process (PID=588) to work on /opt/airflow/dags/predictive_pipeline_dag.py
[2025-11-19T21:03:05.731+0000] {processor.py:830} INFO - Processing file /opt/airflow/dags/predictive_pipeline_dag.py for tasks to queue
[2025-11-19T21:03:05.741+0000] {logging_mixin.py:188} INFO - [2025-11-19T21:03:05.732+0000] {dagbag.py:545} INFO - Filling up the DagBag from /opt/airflow/dags/predictive_pipeline_dag.py
[2025-11-19T21:03:07.728+0000] {logging_mixin.py:188} WARNING - /home/airflow/.local/lib/python3.12/site-packages/mlflow/tracking/_tracking_service/utils.py:140 FutureWarning: Filesystem tracking backend (e.g., './mlruns') is deprecated. Please switch to a database backend (e.g., 'sqlite:///mlflow.db'). For feedback, see: https://github.com/mlflow/mlflow/issues/18534
[2025-11-19T21:03:08.512+0000] {processor.py:840} INFO - DAG(s) 'predictive_pipeline_xgb' retrieved from /opt/airflow/dags/predictive_pipeline_dag.py
[2025-11-19T21:03:08.536+0000] {logging_mixin.py:188} INFO - [2025-11-19T21:03:08.535+0000] {dag.py:3096} INFO - Sync 1 DAGs
[2025-11-19T21:03:08.610+0000] {processor.py:183} INFO - Processing /opt/airflow/dags/predictive_pipeline_dag.py took 2.888 seconds
[2025-11-19T21:04:02.113+0000] {processor.py:161} INFO - Started process (PID=632) to work on /opt/airflow/dags/predictive_pipeline_dag.py
[2025-11-19T21:04:02.115+0000] {processor.py:830} INFO - Processing file /opt/airflow/dags/predictive_pipeline_dag.py for tasks to queue
[2025-11-19T21:04:02.118+0000] {logging_mixin.py:188} INFO - [2025-11-19T21:04:02.117+0000] {dagbag.py:545} INFO - Filling up the DagBag from /opt/airflow/dags/predictive_pipeline_dag.py
[2025-11-19T21:04:04.642+0000] {logging_mixin.py:188} WARNING - /home/airflow/.local/lib/python3.12/site-packages/mlflow/tracking/_tracking_service/utils.py:140 FutureWarning: Filesystem tracking backend (e.g., './mlruns') is deprecated. Please switch to a database backend (e.g., 'sqlite:///mlflow.db'). For feedback, see: https://github.com/mlflow/mlflow/issues/18534
[2025-11-19T21:04:05.448+0000] {processor.py:840} INFO - DAG(s) 'predictive_pipeline_xgb' retrieved from /opt/airflow/dags/predictive_pipeline_dag.py
[2025-11-19T21:04:05.471+0000] {logging_mixin.py:188} INFO - [2025-11-19T21:04:05.470+0000] {dag.py:3096} INFO - Sync 1 DAGs
[2025-11-19T21:04:05.540+0000] {processor.py:183} INFO - Processing /opt/airflow/dags/predictive_pipeline_dag.py took 3.436 seconds
[2025-11-19T21:04:35.921+0000] {processor.py:161} INFO - Started process (PID=642) to work on /opt/airflow/dags/predictive_pipeline_dag.py
[2025-11-19T21:04:35.922+0000] {processor.py:830} INFO - Processing file /opt/airflow/dags/predictive_pipeline_dag.py for tasks to queue
[2025-11-19T21:04:35.923+0000] {logging_mixin.py:188} INFO - [2025-11-19T21:04:35.923+0000] {dagbag.py:545} INFO - Filling up the DagBag from /opt/airflow/dags/predictive_pipeline_dag.py
[2025-11-19T21:04:37.857+0000] {logging_mixin.py:188} WARNING - /home/airflow/.local/lib/python3.12/site-packages/mlflow/tracking/_tracking_service/utils.py:140 FutureWarning: Filesystem tracking backend (e.g., './mlruns') is deprecated. Please switch to a database backend (e.g., 'sqlite:///mlflow.db'). For feedback, see: https://github.com/mlflow/mlflow/issues/18534
[2025-11-19T21:04:38.705+0000] {processor.py:840} INFO - DAG(s) 'predictive_pipeline_xgb' retrieved from /opt/airflow/dags/predictive_pipeline_dag.py
[2025-11-19T21:04:38.730+0000] {logging_mixin.py:188} INFO - [2025-11-19T21:04:38.730+0000] {dag.py:3096} INFO - Sync 1 DAGs
[2025-11-19T21:04:38.748+0000] {logging_mixin.py:188} INFO - [2025-11-19T21:04:38.748+0000] {dag.py:3954} INFO - Setting next_dagrun for predictive_pipeline_xgb to 2025-11-23 00:00:00+00:00, run_after=2025-11-30 00:00:00+00:00
[2025-11-19T21:04:38.794+0000] {processor.py:183} INFO - Processing /opt/airflow/dags/predictive_pipeline_dag.py took 2.880 seconds
[2025-11-19T21:05:09.462+0000] {processor.py:161} INFO - Started process (PID=652) to work on /opt/airflow/dags/predictive_pipeline_dag.py
[2025-11-19T21:05:09.463+0000] {processor.py:830} INFO - Processing file /opt/airflow/dags/predictive_pipeline_dag.py for tasks to queue
[2025-11-19T21:05:09.464+0000] {logging_mixin.py:188} INFO - [2025-11-19T21:05:09.463+0000] {dagbag.py:545} INFO - Filling up the DagBag from /opt/airflow/dags/predictive_pipeline_dag.py
[2025-11-19T21:05:11.885+0000] {logging_mixin.py:188} WARNING - /home/airflow/.local/lib/python3.12/site-packages/mlflow/tracking/_tracking_service/utils.py:140 FutureWarning: Filesystem tracking backend (e.g., './mlruns') is deprecated. Please switch to a database backend (e.g., 'sqlite:///mlflow.db'). For feedback, see: https://github.com/mlflow/mlflow/issues/18534
[2025-11-19T21:05:13.075+0000] {processor.py:840} INFO - DAG(s) 'predictive_pipeline_xgb' retrieved from /opt/airflow/dags/predictive_pipeline_dag.py
[2025-11-19T21:05:13.103+0000] {logging_mixin.py:188} INFO - [2025-11-19T21:05:13.102+0000] {dag.py:3096} INFO - Sync 1 DAGs
[2025-11-19T21:05:13.127+0000] {logging_mixin.py:188} INFO - [2025-11-19T21:05:13.126+0000] {dag.py:3954} INFO - Setting next_dagrun for predictive_pipeline_xgb to 2025-11-23 00:00:00+00:00, run_after=2025-11-30 00:00:00+00:00
[2025-11-19T21:05:13.189+0000] {processor.py:183} INFO - Processing /opt/airflow/dags/predictive_pipeline_dag.py took 3.733 seconds
[2025-11-19T21:05:43.578+0000] {processor.py:161} INFO - Started process (PID=662) to work on /opt/airflow/dags/predictive_pipeline_dag.py
[2025-11-19T21:05:43.579+0000] {processor.py:830} INFO - Processing file /opt/airflow/dags/predictive_pipeline_dag.py for tasks to queue
[2025-11-19T21:05:43.580+0000] {logging_mixin.py:188} INFO - [2025-11-19T21:05:43.580+0000] {dagbag.py:545} INFO - Filling up the DagBag from /opt/airflow/dags/predictive_pipeline_dag.py
[2025-11-19T21:05:45.534+0000] {logging_mixin.py:188} WARNING - /home/airflow/.local/lib/python3.12/site-packages/mlflow/tracking/_tracking_service/utils.py:140 FutureWarning: Filesystem tracking backend (e.g., './mlruns') is deprecated. Please switch to a database backend (e.g., 'sqlite:///mlflow.db'). For feedback, see: https://github.com/mlflow/mlflow/issues/18534
[2025-11-19T21:05:46.379+0000] {processor.py:840} INFO - DAG(s) 'predictive_pipeline_xgb' retrieved from /opt/airflow/dags/predictive_pipeline_dag.py
[2025-11-19T21:05:46.404+0000] {logging_mixin.py:188} INFO - [2025-11-19T21:05:46.403+0000] {dag.py:3096} INFO - Sync 1 DAGs
[2025-11-19T21:05:46.428+0000] {logging_mixin.py:188} INFO - [2025-11-19T21:05:46.427+0000] {dag.py:3954} INFO - Setting next_dagrun for predictive_pipeline_xgb to 2025-11-23 00:00:00+00:00, run_after=2025-11-30 00:00:00+00:00
[2025-11-19T21:05:46.486+0000] {processor.py:183} INFO - Processing /opt/airflow/dags/predictive_pipeline_dag.py took 2.915 seconds
[2025-11-19T21:06:16.889+0000] {processor.py:161} INFO - Started process (PID=672) to work on /opt/airflow/dags/predictive_pipeline_dag.py
[2025-11-19T21:06:16.890+0000] {processor.py:830} INFO - Processing file /opt/airflow/dags/predictive_pipeline_dag.py for tasks to queue
[2025-11-19T21:06:16.891+0000] {logging_mixin.py:188} INFO - [2025-11-19T21:06:16.891+0000] {dagbag.py:545} INFO - Filling up the DagBag from /opt/airflow/dags/predictive_pipeline_dag.py
[2025-11-19T21:06:19.135+0000] {logging_mixin.py:188} WARNING - /home/airflow/.local/lib/python3.12/site-packages/mlflow/tracking/_tracking_service/utils.py:140 FutureWarning: Filesystem tracking backend (e.g., './mlruns') is deprecated. Please switch to a database backend (e.g., 'sqlite:///mlflow.db'). For feedback, see: https://github.com/mlflow/mlflow/issues/18534
[2025-11-19T21:06:20.110+0000] {processor.py:840} INFO - DAG(s) 'predictive_pipeline_xgb' retrieved from /opt/airflow/dags/predictive_pipeline_dag.py
[2025-11-19T21:06:20.137+0000] {logging_mixin.py:188} INFO - [2025-11-19T21:06:20.136+0000] {dag.py:3096} INFO - Sync 1 DAGs
[2025-11-19T21:06:20.160+0000] {logging_mixin.py:188} INFO - [2025-11-19T21:06:20.159+0000] {dag.py:3954} INFO - Setting next_dagrun for predictive_pipeline_xgb to 2025-11-23 00:00:00+00:00, run_after=2025-11-30 00:00:00+00:00
[2025-11-19T21:06:20.212+0000] {processor.py:183} INFO - Processing /opt/airflow/dags/predictive_pipeline_dag.py took 3.331 seconds
[2025-11-19T21:06:50.451+0000] {processor.py:161} INFO - Started process (PID=682) to work on /opt/airflow/dags/predictive_pipeline_dag.py
[2025-11-19T21:06:50.452+0000] {processor.py:830} INFO - Processing file /opt/airflow/dags/predictive_pipeline_dag.py for tasks to queue
[2025-11-19T21:06:50.453+0000] {logging_mixin.py:188} INFO - [2025-11-19T21:06:50.453+0000] {dagbag.py:545} INFO - Filling up the DagBag from /opt/airflow/dags/predictive_pipeline_dag.py
[2025-11-19T21:06:52.359+0000] {logging_mixin.py:188} WARNING - /home/airflow/.local/lib/python3.12/site-packages/mlflow/tracking/_tracking_service/utils.py:140 FutureWarning: Filesystem tracking backend (e.g., './mlruns') is deprecated. Please switch to a database backend (e.g., 'sqlite:///mlflow.db'). For feedback, see: https://github.com/mlflow/mlflow/issues/18534
[2025-11-19T21:06:53.146+0000] {processor.py:840} INFO - DAG(s) 'predictive_pipeline_xgb' retrieved from /opt/airflow/dags/predictive_pipeline_dag.py
[2025-11-19T21:06:53.170+0000] {logging_mixin.py:188} INFO - [2025-11-19T21:06:53.170+0000] {dag.py:3096} INFO - Sync 1 DAGs
[2025-11-19T21:06:53.190+0000] {logging_mixin.py:188} INFO - [2025-11-19T21:06:53.190+0000] {dag.py:3954} INFO - Setting next_dagrun for predictive_pipeline_xgb to 2025-11-23 00:00:00+00:00, run_after=2025-11-30 00:00:00+00:00
[2025-11-19T21:06:53.240+0000] {processor.py:183} INFO - Processing /opt/airflow/dags/predictive_pipeline_dag.py took 2.797 seconds
[2025-11-19T21:07:23.509+0000] {processor.py:161} INFO - Started process (PID=692) to work on /opt/airflow/dags/predictive_pipeline_dag.py
[2025-11-19T21:07:23.510+0000] {processor.py:830} INFO - Processing file /opt/airflow/dags/predictive_pipeline_dag.py for tasks to queue
[2025-11-19T21:07:23.511+0000] {logging_mixin.py:188} INFO - [2025-11-19T21:07:23.511+0000] {dagbag.py:545} INFO - Filling up the DagBag from /opt/airflow/dags/predictive_pipeline_dag.py
[2025-11-19T21:07:25.405+0000] {logging_mixin.py:188} WARNING - /home/airflow/.local/lib/python3.12/site-packages/mlflow/tracking/_tracking_service/utils.py:140 FutureWarning: Filesystem tracking backend (e.g., './mlruns') is deprecated. Please switch to a database backend (e.g., 'sqlite:///mlflow.db'). For feedback, see: https://github.com/mlflow/mlflow/issues/18534
[2025-11-19T21:07:26.250+0000] {processor.py:840} INFO - DAG(s) 'predictive_pipeline_xgb' retrieved from /opt/airflow/dags/predictive_pipeline_dag.py
[2025-11-19T21:07:26.274+0000] {logging_mixin.py:188} INFO - [2025-11-19T21:07:26.273+0000] {dag.py:3096} INFO - Sync 1 DAGs
[2025-11-19T21:07:26.293+0000] {logging_mixin.py:188} INFO - [2025-11-19T21:07:26.293+0000] {dag.py:3954} INFO - Setting next_dagrun for predictive_pipeline_xgb to 2025-11-23 00:00:00+00:00, run_after=2025-11-30 00:00:00+00:00
[2025-11-19T21:07:26.364+0000] {processor.py:183} INFO - Processing /opt/airflow/dags/predictive_pipeline_dag.py took 2.863 seconds
[2025-11-19T21:07:56.580+0000] {processor.py:161} INFO - Started process (PID=702) to work on /opt/airflow/dags/predictive_pipeline_dag.py
[2025-11-19T21:07:56.581+0000] {processor.py:830} INFO - Processing file /opt/airflow/dags/predictive_pipeline_dag.py for tasks to queue
[2025-11-19T21:07:56.582+0000] {logging_mixin.py:188} INFO - [2025-11-19T21:07:56.582+0000] {dagbag.py:545} INFO - Filling up the DagBag from /opt/airflow/dags/predictive_pipeline_dag.py
[2025-11-19T21:07:58.531+0000] {logging_mixin.py:188} WARNING - /home/airflow/.local/lib/python3.12/site-packages/mlflow/tracking/_tracking_service/utils.py:140 FutureWarning: Filesystem tracking backend (e.g., './mlruns') is deprecated. Please switch to a database backend (e.g., 'sqlite:///mlflow.db'). For feedback, see: https://github.com/mlflow/mlflow/issues/18534
[2025-11-19T21:07:59.398+0000] {processor.py:840} INFO - DAG(s) 'predictive_pipeline_xgb' retrieved from /opt/airflow/dags/predictive_pipeline_dag.py
[2025-11-19T21:07:59.421+0000] {logging_mixin.py:188} INFO - [2025-11-19T21:07:59.420+0000] {dag.py:3096} INFO - Sync 1 DAGs
[2025-11-19T21:07:59.443+0000] {logging_mixin.py:188} INFO - [2025-11-19T21:07:59.443+0000] {dag.py:3954} INFO - Setting next_dagrun for predictive_pipeline_xgb to 2025-11-23 00:00:00+00:00, run_after=2025-11-30 00:00:00+00:00
[2025-11-19T21:07:59.491+0000] {processor.py:183} INFO - Processing /opt/airflow/dags/predictive_pipeline_dag.py took 2.918 seconds
[2025-11-19T21:08:29.754+0000] {processor.py:161} INFO - Started process (PID=712) to work on /opt/airflow/dags/predictive_pipeline_dag.py
[2025-11-19T21:08:29.755+0000] {processor.py:830} INFO - Processing file /opt/airflow/dags/predictive_pipeline_dag.py for tasks to queue
[2025-11-19T21:08:29.756+0000] {logging_mixin.py:188} INFO - [2025-11-19T21:08:29.756+0000] {dagbag.py:545} INFO - Filling up the DagBag from /opt/airflow/dags/predictive_pipeline_dag.py
[2025-11-19T21:08:31.758+0000] {logging_mixin.py:188} WARNING - /home/airflow/.local/lib/python3.12/site-packages/mlflow/tracking/_tracking_service/utils.py:140 FutureWarning: Filesystem tracking backend (e.g., './mlruns') is deprecated. Please switch to a database backend (e.g., 'sqlite:///mlflow.db'). For feedback, see: https://github.com/mlflow/mlflow/issues/18534
[2025-11-19T21:08:32.613+0000] {processor.py:840} INFO - DAG(s) 'predictive_pipeline_xgb' retrieved from /opt/airflow/dags/predictive_pipeline_dag.py
[2025-11-19T21:08:32.637+0000] {logging_mixin.py:188} INFO - [2025-11-19T21:08:32.636+0000] {dag.py:3096} INFO - Sync 1 DAGs
[2025-11-19T21:08:32.659+0000] {logging_mixin.py:188} INFO - [2025-11-19T21:08:32.658+0000] {dag.py:3954} INFO - Setting next_dagrun for predictive_pipeline_xgb to 2025-11-23 00:00:00+00:00, run_after=2025-11-30 00:00:00+00:00
[2025-11-19T21:08:32.708+0000] {processor.py:183} INFO - Processing /opt/airflow/dags/predictive_pipeline_dag.py took 3.022 seconds
[2025-11-19T21:09:02.888+0000] {processor.py:161} INFO - Started process (PID=722) to work on /opt/airflow/dags/predictive_pipeline_dag.py
[2025-11-19T21:09:02.889+0000] {processor.py:830} INFO - Processing file /opt/airflow/dags/predictive_pipeline_dag.py for tasks to queue
[2025-11-19T21:09:02.890+0000] {logging_mixin.py:188} INFO - [2025-11-19T21:09:02.889+0000] {dagbag.py:545} INFO - Filling up the DagBag from /opt/airflow/dags/predictive_pipeline_dag.py
[2025-11-19T21:09:04.884+0000] {logging_mixin.py:188} WARNING - /home/airflow/.local/lib/python3.12/site-packages/mlflow/tracking/_tracking_service/utils.py:140 FutureWarning: Filesystem tracking backend (e.g., './mlruns') is deprecated. Please switch to a database backend (e.g., 'sqlite:///mlflow.db'). For feedback, see: https://github.com/mlflow/mlflow/issues/18534
[2025-11-19T21:09:05.685+0000] {processor.py:840} INFO - DAG(s) 'predictive_pipeline_xgb' retrieved from /opt/airflow/dags/predictive_pipeline_dag.py
[2025-11-19T21:09:05.715+0000] {logging_mixin.py:188} INFO - [2025-11-19T21:09:05.715+0000] {dag.py:3096} INFO - Sync 1 DAGs
[2025-11-19T21:09:05.742+0000] {logging_mixin.py:188} INFO - [2025-11-19T21:09:05.742+0000] {dag.py:3954} INFO - Setting next_dagrun for predictive_pipeline_xgb to 2025-11-23 00:00:00+00:00, run_after=2025-11-30 00:00:00+00:00
[2025-11-19T21:09:05.803+0000] {processor.py:183} INFO - Processing /opt/airflow/dags/predictive_pipeline_dag.py took 2.922 seconds
[2025-11-19T21:09:36.057+0000] {processor.py:161} INFO - Started process (PID=732) to work on /opt/airflow/dags/predictive_pipeline_dag.py
[2025-11-19T21:09:36.058+0000] {processor.py:830} INFO - Processing file /opt/airflow/dags/predictive_pipeline_dag.py for tasks to queue
[2025-11-19T21:09:36.060+0000] {logging_mixin.py:188} INFO - [2025-11-19T21:09:36.059+0000] {dagbag.py:545} INFO - Filling up the DagBag from /opt/airflow/dags/predictive_pipeline_dag.py
[2025-11-19T21:09:37.984+0000] {logging_mixin.py:188} WARNING - /home/airflow/.local/lib/python3.12/site-packages/mlflow/tracking/_tracking_service/utils.py:140 FutureWarning: Filesystem tracking backend (e.g., './mlruns') is deprecated. Please switch to a database backend (e.g., 'sqlite:///mlflow.db'). For feedback, see: https://github.com/mlflow/mlflow/issues/18534
[2025-11-19T21:09:38.783+0000] {processor.py:840} INFO - DAG(s) 'predictive_pipeline_xgb' retrieved from /opt/airflow/dags/predictive_pipeline_dag.py
[2025-11-19T21:09:38.807+0000] {logging_mixin.py:188} INFO - [2025-11-19T21:09:38.807+0000] {dag.py:3096} INFO - Sync 1 DAGs
[2025-11-19T21:09:38.826+0000] {logging_mixin.py:188} INFO - [2025-11-19T21:09:38.826+0000] {dag.py:3954} INFO - Setting next_dagrun for predictive_pipeline_xgb to 2025-11-23 00:00:00+00:00, run_after=2025-11-30 00:00:00+00:00
[2025-11-19T21:09:38.879+0000] {processor.py:183} INFO - Processing /opt/airflow/dags/predictive_pipeline_dag.py took 2.830 seconds
[2025-11-19T21:10:09.109+0000] {processor.py:161} INFO - Started process (PID=742) to work on /opt/airflow/dags/predictive_pipeline_dag.py
[2025-11-19T21:10:09.110+0000] {processor.py:830} INFO - Processing file /opt/airflow/dags/predictive_pipeline_dag.py for tasks to queue
[2025-11-19T21:10:09.111+0000] {logging_mixin.py:188} INFO - [2025-11-19T21:10:09.110+0000] {dagbag.py:545} INFO - Filling up the DagBag from /opt/airflow/dags/predictive_pipeline_dag.py
[2025-11-19T21:10:11.342+0000] {logging_mixin.py:188} WARNING - /home/airflow/.local/lib/python3.12/site-packages/mlflow/tracking/_tracking_service/utils.py:140 FutureWarning: Filesystem tracking backend (e.g., './mlruns') is deprecated. Please switch to a database backend (e.g., 'sqlite:///mlflow.db'). For feedback, see: https://github.com/mlflow/mlflow/issues/18534
[2025-11-19T21:10:12.302+0000] {processor.py:840} INFO - DAG(s) 'predictive_pipeline_xgb' retrieved from /opt/airflow/dags/predictive_pipeline_dag.py
[2025-11-19T21:10:12.326+0000] {logging_mixin.py:188} INFO - [2025-11-19T21:10:12.325+0000] {dag.py:3096} INFO - Sync 1 DAGs
[2025-11-19T21:10:12.345+0000] {logging_mixin.py:188} INFO - [2025-11-19T21:10:12.344+0000] {dag.py:3954} INFO - Setting next_dagrun for predictive_pipeline_xgb to 2025-11-23 00:00:00+00:00, run_after=2025-11-30 00:00:00+00:00
[2025-11-19T21:10:12.394+0000] {processor.py:183} INFO - Processing /opt/airflow/dags/predictive_pipeline_dag.py took 3.292 seconds
[2025-11-19T21:10:42.587+0000] {processor.py:161} INFO - Started process (PID=752) to work on /opt/airflow/dags/predictive_pipeline_dag.py
[2025-11-19T21:10:42.588+0000] {processor.py:830} INFO - Processing file /opt/airflow/dags/predictive_pipeline_dag.py for tasks to queue
[2025-11-19T21:10:42.589+0000] {logging_mixin.py:188} INFO - [2025-11-19T21:10:42.588+0000] {dagbag.py:545} INFO - Filling up the DagBag from /opt/airflow/dags/predictive_pipeline_dag.py
[2025-11-19T21:10:44.640+0000] {logging_mixin.py:188} WARNING - /home/airflow/.local/lib/python3.12/site-packages/mlflow/tracking/_tracking_service/utils.py:140 FutureWarning: Filesystem tracking backend (e.g., './mlruns') is deprecated. Please switch to a database backend (e.g., 'sqlite:///mlflow.db'). For feedback, see: https://github.com/mlflow/mlflow/issues/18534
[2025-11-19T21:10:45.838+0000] {processor.py:840} INFO - DAG(s) 'predictive_pipeline_xgb' retrieved from /opt/airflow/dags/predictive_pipeline_dag.py
[2025-11-19T21:10:45.872+0000] {logging_mixin.py:188} INFO - [2025-11-19T21:10:45.871+0000] {dag.py:3096} INFO - Sync 1 DAGs
[2025-11-19T21:10:45.895+0000] {logging_mixin.py:188} INFO - [2025-11-19T21:10:45.895+0000] {dag.py:3954} INFO - Setting next_dagrun for predictive_pipeline_xgb to 2025-11-23 00:00:00+00:00, run_after=2025-11-30 00:00:00+00:00
[2025-11-19T21:10:45.950+0000] {processor.py:183} INFO - Processing /opt/airflow/dags/predictive_pipeline_dag.py took 3.370 seconds
[2025-11-19T21:11:16.177+0000] {processor.py:161} INFO - Started process (PID=762) to work on /opt/airflow/dags/predictive_pipeline_dag.py
[2025-11-19T21:11:16.178+0000] {processor.py:830} INFO - Processing file /opt/airflow/dags/predictive_pipeline_dag.py for tasks to queue
[2025-11-19T21:11:16.179+0000] {logging_mixin.py:188} INFO - [2025-11-19T21:11:16.179+0000] {dagbag.py:545} INFO - Filling up the DagBag from /opt/airflow/dags/predictive_pipeline_dag.py
[2025-11-19T21:11:18.253+0000] {logging_mixin.py:188} WARNING - /home/airflow/.local/lib/python3.12/site-packages/mlflow/tracking/_tracking_service/utils.py:140 FutureWarning: Filesystem tracking backend (e.g., './mlruns') is deprecated. Please switch to a database backend (e.g., 'sqlite:///mlflow.db'). For feedback, see: https://github.com/mlflow/mlflow/issues/18534
[2025-11-19T21:11:19.173+0000] {processor.py:840} INFO - DAG(s) 'predictive_pipeline_xgb' retrieved from /opt/airflow/dags/predictive_pipeline_dag.py
[2025-11-19T21:11:19.202+0000] {logging_mixin.py:188} INFO - [2025-11-19T21:11:19.201+0000] {dag.py:3096} INFO - Sync 1 DAGs
[2025-11-19T21:11:19.225+0000] {logging_mixin.py:188} INFO - [2025-11-19T21:11:19.225+0000] {dag.py:3954} INFO - Setting next_dagrun for predictive_pipeline_xgb to 2025-11-23 00:00:00+00:00, run_after=2025-11-30 00:00:00+00:00
[2025-11-19T21:11:19.293+0000] {processor.py:183} INFO - Processing /opt/airflow/dags/predictive_pipeline_dag.py took 3.122 seconds
[2025-11-19T21:11:49.571+0000] {processor.py:161} INFO - Started process (PID=772) to work on /opt/airflow/dags/predictive_pipeline_dag.py
[2025-11-19T21:11:49.572+0000] {processor.py:830} INFO - Processing file /opt/airflow/dags/predictive_pipeline_dag.py for tasks to queue
[2025-11-19T21:11:49.574+0000] {logging_mixin.py:188} INFO - [2025-11-19T21:11:49.573+0000] {dagbag.py:545} INFO - Filling up the DagBag from /opt/airflow/dags/predictive_pipeline_dag.py
[2025-11-19T21:11:51.657+0000] {logging_mixin.py:188} WARNING - /home/airflow/.local/lib/python3.12/site-packages/mlflow/tracking/_tracking_service/utils.py:140 FutureWarning: Filesystem tracking backend (e.g., './mlruns') is deprecated. Please switch to a database backend (e.g., 'sqlite:///mlflow.db'). For feedback, see: https://github.com/mlflow/mlflow/issues/18534
[2025-11-19T21:11:52.604+0000] {processor.py:840} INFO - DAG(s) 'predictive_pipeline_xgb' retrieved from /opt/airflow/dags/predictive_pipeline_dag.py
[2025-11-19T21:11:52.637+0000] {logging_mixin.py:188} INFO - [2025-11-19T21:11:52.636+0000] {dag.py:3096} INFO - Sync 1 DAGs
[2025-11-19T21:11:52.672+0000] {logging_mixin.py:188} INFO - [2025-11-19T21:11:52.671+0000] {dag.py:3954} INFO - Setting next_dagrun for predictive_pipeline_xgb to 2025-11-23 00:00:00+00:00, run_after=2025-11-30 00:00:00+00:00
[2025-11-19T21:11:52.758+0000] {processor.py:183} INFO - Processing /opt/airflow/dags/predictive_pipeline_dag.py took 3.195 seconds
[2025-11-19T21:12:22.998+0000] {processor.py:161} INFO - Started process (PID=782) to work on /opt/airflow/dags/predictive_pipeline_dag.py
[2025-11-19T21:12:22.999+0000] {processor.py:830} INFO - Processing file /opt/airflow/dags/predictive_pipeline_dag.py for tasks to queue
[2025-11-19T21:12:23.000+0000] {logging_mixin.py:188} INFO - [2025-11-19T21:12:23.000+0000] {dagbag.py:545} INFO - Filling up the DagBag from /opt/airflow/dags/predictive_pipeline_dag.py
[2025-11-19T21:12:25.157+0000] {logging_mixin.py:188} WARNING - /home/airflow/.local/lib/python3.12/site-packages/mlflow/tracking/_tracking_service/utils.py:140 FutureWarning: Filesystem tracking backend (e.g., './mlruns') is deprecated. Please switch to a database backend (e.g., 'sqlite:///mlflow.db'). For feedback, see: https://github.com/mlflow/mlflow/issues/18534
[2025-11-19T21:12:26.176+0000] {processor.py:840} INFO - DAG(s) 'predictive_pipeline_xgb' retrieved from /opt/airflow/dags/predictive_pipeline_dag.py
[2025-11-19T21:12:26.200+0000] {logging_mixin.py:188} INFO - [2025-11-19T21:12:26.200+0000] {dag.py:3096} INFO - Sync 1 DAGs
[2025-11-19T21:12:26.224+0000] {logging_mixin.py:188} INFO - [2025-11-19T21:12:26.223+0000] {dag.py:3954} INFO - Setting next_dagrun for predictive_pipeline_xgb to 2025-11-23 00:00:00+00:00, run_after=2025-11-30 00:00:00+00:00
[2025-11-19T21:12:26.275+0000] {processor.py:183} INFO - Processing /opt/airflow/dags/predictive_pipeline_dag.py took 3.285 seconds
[2025-11-19T21:12:56.451+0000] {processor.py:161} INFO - Started process (PID=792) to work on /opt/airflow/dags/predictive_pipeline_dag.py
[2025-11-19T21:12:56.452+0000] {processor.py:830} INFO - Processing file /opt/airflow/dags/predictive_pipeline_dag.py for tasks to queue
[2025-11-19T21:12:56.452+0000] {logging_mixin.py:188} INFO - [2025-11-19T21:12:56.452+0000] {dagbag.py:545} INFO - Filling up the DagBag from /opt/airflow/dags/predictive_pipeline_dag.py
[2025-11-19T21:12:58.308+0000] {logging_mixin.py:188} WARNING - /home/airflow/.local/lib/python3.12/site-packages/mlflow/tracking/_tracking_service/utils.py:140 FutureWarning: Filesystem tracking backend (e.g., './mlruns') is deprecated. Please switch to a database backend (e.g., 'sqlite:///mlflow.db'). For feedback, see: https://github.com/mlflow/mlflow/issues/18534
[2025-11-19T21:12:59.167+0000] {processor.py:840} INFO - DAG(s) 'predictive_pipeline_xgb' retrieved from /opt/airflow/dags/predictive_pipeline_dag.py
[2025-11-19T21:12:59.190+0000] {logging_mixin.py:188} INFO - [2025-11-19T21:12:59.189+0000] {dag.py:3096} INFO - Sync 1 DAGs
[2025-11-19T21:12:59.210+0000] {logging_mixin.py:188} INFO - [2025-11-19T21:12:59.210+0000] {dag.py:3954} INFO - Setting next_dagrun for predictive_pipeline_xgb to 2025-11-23 00:00:00+00:00, run_after=2025-11-30 00:00:00+00:00
[2025-11-19T21:12:59.264+0000] {processor.py:183} INFO - Processing /opt/airflow/dags/predictive_pipeline_dag.py took 2.821 seconds
[2025-11-19T21:13:29.517+0000] {processor.py:161} INFO - Started process (PID=802) to work on /opt/airflow/dags/predictive_pipeline_dag.py
[2025-11-19T21:13:29.519+0000] {processor.py:830} INFO - Processing file /opt/airflow/dags/predictive_pipeline_dag.py for tasks to queue
[2025-11-19T21:13:29.520+0000] {logging_mixin.py:188} INFO - [2025-11-19T21:13:29.520+0000] {dagbag.py:545} INFO - Filling up the DagBag from /opt/airflow/dags/predictive_pipeline_dag.py
[2025-11-19T21:13:31.456+0000] {logging_mixin.py:188} WARNING - /home/airflow/.local/lib/python3.12/site-packages/mlflow/tracking/_tracking_service/utils.py:140 FutureWarning: Filesystem tracking backend (e.g., './mlruns') is deprecated. Please switch to a database backend (e.g., 'sqlite:///mlflow.db'). For feedback, see: https://github.com/mlflow/mlflow/issues/18534
[2025-11-19T21:13:32.235+0000] {processor.py:840} INFO - DAG(s) 'predictive_pipeline_xgb' retrieved from /opt/airflow/dags/predictive_pipeline_dag.py
[2025-11-19T21:13:32.258+0000] {logging_mixin.py:188} INFO - [2025-11-19T21:13:32.258+0000] {dag.py:3096} INFO - Sync 1 DAGs
[2025-11-19T21:13:32.278+0000] {logging_mixin.py:188} INFO - [2025-11-19T21:13:32.277+0000] {dag.py:3954} INFO - Setting next_dagrun for predictive_pipeline_xgb to 2025-11-23 00:00:00+00:00, run_after=2025-11-30 00:00:00+00:00
[2025-11-19T21:13:32.329+0000] {processor.py:183} INFO - Processing /opt/airflow/dags/predictive_pipeline_dag.py took 2.884 seconds
[2025-11-19T21:14:02.486+0000] {processor.py:161} INFO - Started process (PID=812) to work on /opt/airflow/dags/predictive_pipeline_dag.py
[2025-11-19T21:14:02.487+0000] {processor.py:830} INFO - Processing file /opt/airflow/dags/predictive_pipeline_dag.py for tasks to queue
[2025-11-19T21:14:02.488+0000] {logging_mixin.py:188} INFO - [2025-11-19T21:14:02.488+0000] {dagbag.py:545} INFO - Filling up the DagBag from /opt/airflow/dags/predictive_pipeline_dag.py
[2025-11-19T21:14:04.406+0000] {logging_mixin.py:188} WARNING - /home/airflow/.local/lib/python3.12/site-packages/mlflow/tracking/_tracking_service/utils.py:140 FutureWarning: Filesystem tracking backend (e.g., './mlruns') is deprecated. Please switch to a database backend (e.g., 'sqlite:///mlflow.db'). For feedback, see: https://github.com/mlflow/mlflow/issues/18534
[2025-11-19T21:14:05.223+0000] {processor.py:840} INFO - DAG(s) 'predictive_pipeline_xgb' retrieved from /opt/airflow/dags/predictive_pipeline_dag.py
[2025-11-19T21:14:05.249+0000] {logging_mixin.py:188} INFO - [2025-11-19T21:14:05.247+0000] {dag.py:3096} INFO - Sync 1 DAGs
[2025-11-19T21:14:05.286+0000] {logging_mixin.py:188} INFO - [2025-11-19T21:14:05.285+0000] {dag.py:3954} INFO - Setting next_dagrun for predictive_pipeline_xgb to 2025-11-23 00:00:00+00:00, run_after=2025-11-30 00:00:00+00:00
[2025-11-19T21:14:05.395+0000] {processor.py:183} INFO - Processing /opt/airflow/dags/predictive_pipeline_dag.py took 2.916 seconds
[2025-11-19T21:14:35.630+0000] {processor.py:161} INFO - Started process (PID=822) to work on /opt/airflow/dags/predictive_pipeline_dag.py
[2025-11-19T21:14:35.631+0000] {processor.py:830} INFO - Processing file /opt/airflow/dags/predictive_pipeline_dag.py for tasks to queue
[2025-11-19T21:14:35.632+0000] {logging_mixin.py:188} INFO - [2025-11-19T21:14:35.631+0000] {dagbag.py:545} INFO - Filling up the DagBag from /opt/airflow/dags/predictive_pipeline_dag.py
[2025-11-19T21:14:37.652+0000] {logging_mixin.py:188} WARNING - /home/airflow/.local/lib/python3.12/site-packages/mlflow/tracking/_tracking_service/utils.py:140 FutureWarning: Filesystem tracking backend (e.g., './mlruns') is deprecated. Please switch to a database backend (e.g., 'sqlite:///mlflow.db'). For feedback, see: https://github.com/mlflow/mlflow/issues/18534
[2025-11-19T21:14:38.473+0000] {processor.py:840} INFO - DAG(s) 'predictive_pipeline_xgb' retrieved from /opt/airflow/dags/predictive_pipeline_dag.py
[2025-11-19T21:14:38.497+0000] {logging_mixin.py:188} INFO - [2025-11-19T21:14:38.497+0000] {dag.py:3096} INFO - Sync 1 DAGs
[2025-11-19T21:14:38.518+0000] {logging_mixin.py:188} INFO - [2025-11-19T21:14:38.517+0000] {dag.py:3954} INFO - Setting next_dagrun for predictive_pipeline_xgb to 2025-11-23 00:00:00+00:00, run_after=2025-11-30 00:00:00+00:00
[2025-11-19T21:14:38.569+0000] {processor.py:183} INFO - Processing /opt/airflow/dags/predictive_pipeline_dag.py took 2.946 seconds
[2025-11-19T21:15:08.792+0000] {processor.py:161} INFO - Started process (PID=832) to work on /opt/airflow/dags/predictive_pipeline_dag.py
[2025-11-19T21:15:08.793+0000] {processor.py:830} INFO - Processing file /opt/airflow/dags/predictive_pipeline_dag.py for tasks to queue
[2025-11-19T21:15:08.794+0000] {logging_mixin.py:188} INFO - [2025-11-19T21:15:08.794+0000] {dagbag.py:545} INFO - Filling up the DagBag from /opt/airflow/dags/predictive_pipeline_dag.py
[2025-11-19T21:15:10.992+0000] {logging_mixin.py:188} WARNING - /home/airflow/.local/lib/python3.12/site-packages/mlflow/tracking/_tracking_service/utils.py:140 FutureWarning: Filesystem tracking backend (e.g., './mlruns') is deprecated. Please switch to a database backend (e.g., 'sqlite:///mlflow.db'). For feedback, see: https://github.com/mlflow/mlflow/issues/18534
[2025-11-19T21:15:11.952+0000] {processor.py:840} INFO - DAG(s) 'predictive_pipeline_xgb' retrieved from /opt/airflow/dags/predictive_pipeline_dag.py
[2025-11-19T21:15:11.979+0000] {logging_mixin.py:188} INFO - [2025-11-19T21:15:11.978+0000] {dag.py:3096} INFO - Sync 1 DAGs
[2025-11-19T21:15:11.999+0000] {logging_mixin.py:188} INFO - [2025-11-19T21:15:11.999+0000] {dag.py:3954} INFO - Setting next_dagrun for predictive_pipeline_xgb to 2025-11-23 00:00:00+00:00, run_after=2025-11-30 00:00:00+00:00
[2025-11-19T21:15:12.049+0000] {processor.py:183} INFO - Processing /opt/airflow/dags/predictive_pipeline_dag.py took 3.264 seconds
[2025-11-19T21:15:42.228+0000] {processor.py:161} INFO - Started process (PID=842) to work on /opt/airflow/dags/predictive_pipeline_dag.py
[2025-11-19T21:15:42.229+0000] {processor.py:830} INFO - Processing file /opt/airflow/dags/predictive_pipeline_dag.py for tasks to queue
[2025-11-19T21:15:42.230+0000] {logging_mixin.py:188} INFO - [2025-11-19T21:15:42.230+0000] {dagbag.py:545} INFO - Filling up the DagBag from /opt/airflow/dags/predictive_pipeline_dag.py
[2025-11-19T21:15:44.253+0000] {logging_mixin.py:188} WARNING - /home/airflow/.local/lib/python3.12/site-packages/mlflow/tracking/_tracking_service/utils.py:140 FutureWarning: Filesystem tracking backend (e.g., './mlruns') is deprecated. Please switch to a database backend (e.g., 'sqlite:///mlflow.db'). For feedback, see: https://github.com/mlflow/mlflow/issues/18534
[2025-11-19T21:15:45.052+0000] {processor.py:840} INFO - DAG(s) 'predictive_pipeline_xgb' retrieved from /opt/airflow/dags/predictive_pipeline_dag.py
[2025-11-19T21:15:45.079+0000] {logging_mixin.py:188} INFO - [2025-11-19T21:15:45.078+0000] {dag.py:3096} INFO - Sync 1 DAGs
[2025-11-19T21:15:45.100+0000] {logging_mixin.py:188} INFO - [2025-11-19T21:15:45.100+0000] {dag.py:3954} INFO - Setting next_dagrun for predictive_pipeline_xgb to 2025-11-23 00:00:00+00:00, run_after=2025-11-30 00:00:00+00:00
[2025-11-19T21:15:45.164+0000] {processor.py:183} INFO - Processing /opt/airflow/dags/predictive_pipeline_dag.py took 2.943 seconds
[2025-11-19T21:16:15.448+0000] {processor.py:161} INFO - Started process (PID=852) to work on /opt/airflow/dags/predictive_pipeline_dag.py
[2025-11-19T21:16:15.450+0000] {processor.py:830} INFO - Processing file /opt/airflow/dags/predictive_pipeline_dag.py for tasks to queue
[2025-11-19T21:16:15.451+0000] {logging_mixin.py:188} INFO - [2025-11-19T21:16:15.450+0000] {dagbag.py:545} INFO - Filling up the DagBag from /opt/airflow/dags/predictive_pipeline_dag.py
[2025-11-19T21:16:17.690+0000] {logging_mixin.py:188} WARNING - /home/airflow/.local/lib/python3.12/site-packages/mlflow/tracking/_tracking_service/utils.py:140 FutureWarning: Filesystem tracking backend (e.g., './mlruns') is deprecated. Please switch to a database backend (e.g., 'sqlite:///mlflow.db'). For feedback, see: https://github.com/mlflow/mlflow/issues/18534
[2025-11-19T21:16:18.541+0000] {processor.py:840} INFO - DAG(s) 'predictive_pipeline_xgb' retrieved from /opt/airflow/dags/predictive_pipeline_dag.py
[2025-11-19T21:16:18.566+0000] {logging_mixin.py:188} INFO - [2025-11-19T21:16:18.565+0000] {dag.py:3096} INFO - Sync 1 DAGs
[2025-11-19T21:16:18.585+0000] {logging_mixin.py:188} INFO - [2025-11-19T21:16:18.585+0000] {dag.py:3954} INFO - Setting next_dagrun for predictive_pipeline_xgb to 2025-11-23 00:00:00+00:00, run_after=2025-11-30 00:00:00+00:00
[2025-11-19T21:16:18.641+0000] {processor.py:183} INFO - Processing /opt/airflow/dags/predictive_pipeline_dag.py took 3.203 seconds
[2025-11-19T21:16:48.785+0000] {processor.py:161} INFO - Started process (PID=862) to work on /opt/airflow/dags/predictive_pipeline_dag.py
[2025-11-19T21:16:48.786+0000] {processor.py:830} INFO - Processing file /opt/airflow/dags/predictive_pipeline_dag.py for tasks to queue
[2025-11-19T21:16:48.787+0000] {logging_mixin.py:188} INFO - [2025-11-19T21:16:48.787+0000] {dagbag.py:545} INFO - Filling up the DagBag from /opt/airflow/dags/predictive_pipeline_dag.py
[2025-11-19T21:16:50.916+0000] {logging_mixin.py:188} WARNING - /home/airflow/.local/lib/python3.12/site-packages/mlflow/tracking/_tracking_service/utils.py:140 FutureWarning: Filesystem tracking backend (e.g., './mlruns') is deprecated. Please switch to a database backend (e.g., 'sqlite:///mlflow.db'). For feedback, see: https://github.com/mlflow/mlflow/issues/18534
[2025-11-19T21:16:51.903+0000] {processor.py:840} INFO - DAG(s) 'predictive_pipeline_xgb' retrieved from /opt/airflow/dags/predictive_pipeline_dag.py
[2025-11-19T21:16:51.927+0000] {logging_mixin.py:188} INFO - [2025-11-19T21:16:51.927+0000] {dag.py:3096} INFO - Sync 1 DAGs
[2025-11-19T21:16:51.949+0000] {logging_mixin.py:188} INFO - [2025-11-19T21:16:51.948+0000] {dag.py:3954} INFO - Setting next_dagrun for predictive_pipeline_xgb to 2025-11-23 00:00:00+00:00, run_after=2025-11-30 00:00:00+00:00
[2025-11-19T21:16:52.002+0000] {processor.py:183} INFO - Processing /opt/airflow/dags/predictive_pipeline_dag.py took 3.225 seconds
[2025-11-19T21:17:22.244+0000] {processor.py:161} INFO - Started process (PID=872) to work on /opt/airflow/dags/predictive_pipeline_dag.py
[2025-11-19T21:17:22.246+0000] {processor.py:830} INFO - Processing file /opt/airflow/dags/predictive_pipeline_dag.py for tasks to queue
[2025-11-19T21:17:22.247+0000] {logging_mixin.py:188} INFO - [2025-11-19T21:17:22.246+0000] {dagbag.py:545} INFO - Filling up the DagBag from /opt/airflow/dags/predictive_pipeline_dag.py
[2025-11-19T21:17:24.466+0000] {logging_mixin.py:188} WARNING - /home/airflow/.local/lib/python3.12/site-packages/mlflow/tracking/_tracking_service/utils.py:140 FutureWarning: Filesystem tracking backend (e.g., './mlruns') is deprecated. Please switch to a database backend (e.g., 'sqlite:///mlflow.db'). For feedback, see: https://github.com/mlflow/mlflow/issues/18534
[2025-11-19T21:17:25.347+0000] {processor.py:840} INFO - DAG(s) 'predictive_pipeline_xgb' retrieved from /opt/airflow/dags/predictive_pipeline_dag.py
[2025-11-19T21:17:25.371+0000] {logging_mixin.py:188} INFO - [2025-11-19T21:17:25.370+0000] {dag.py:3096} INFO - Sync 1 DAGs
[2025-11-19T21:17:25.391+0000] {logging_mixin.py:188} INFO - [2025-11-19T21:17:25.390+0000] {dag.py:3954} INFO - Setting next_dagrun for predictive_pipeline_xgb to 2025-11-23 00:00:00+00:00, run_after=2025-11-30 00:00:00+00:00
[2025-11-19T21:17:25.449+0000] {processor.py:183} INFO - Processing /opt/airflow/dags/predictive_pipeline_dag.py took 3.211 seconds
[2025-11-19T21:17:55.700+0000] {processor.py:161} INFO - Started process (PID=882) to work on /opt/airflow/dags/predictive_pipeline_dag.py
[2025-11-19T21:17:55.701+0000] {processor.py:830} INFO - Processing file /opt/airflow/dags/predictive_pipeline_dag.py for tasks to queue
[2025-11-19T21:17:55.703+0000] {logging_mixin.py:188} INFO - [2025-11-19T21:17:55.702+0000] {dagbag.py:545} INFO - Filling up the DagBag from /opt/airflow/dags/predictive_pipeline_dag.py
[2025-11-19T21:17:57.903+0000] {logging_mixin.py:188} WARNING - /home/airflow/.local/lib/python3.12/site-packages/mlflow/tracking/_tracking_service/utils.py:140 FutureWarning: Filesystem tracking backend (e.g., './mlruns') is deprecated. Please switch to a database backend (e.g., 'sqlite:///mlflow.db'). For feedback, see: https://github.com/mlflow/mlflow/issues/18534
[2025-11-19T21:17:58.913+0000] {processor.py:840} INFO - DAG(s) 'predictive_pipeline_xgb' retrieved from /opt/airflow/dags/predictive_pipeline_dag.py
[2025-11-19T21:17:58.945+0000] {logging_mixin.py:188} INFO - [2025-11-19T21:17:58.944+0000] {dag.py:3096} INFO - Sync 1 DAGs
[2025-11-19T21:17:58.965+0000] {logging_mixin.py:188} INFO - [2025-11-19T21:17:58.965+0000] {dag.py:3954} INFO - Setting next_dagrun for predictive_pipeline_xgb to 2025-11-23 00:00:00+00:00, run_after=2025-11-30 00:00:00+00:00
[2025-11-19T21:17:59.026+0000] {processor.py:183} INFO - Processing /opt/airflow/dags/predictive_pipeline_dag.py took 3.334 seconds
[2025-11-19T21:18:29.315+0000] {processor.py:161} INFO - Started process (PID=892) to work on /opt/airflow/dags/predictive_pipeline_dag.py
[2025-11-19T21:18:29.317+0000] {processor.py:830} INFO - Processing file /opt/airflow/dags/predictive_pipeline_dag.py for tasks to queue
[2025-11-19T21:18:29.319+0000] {logging_mixin.py:188} INFO - [2025-11-19T21:18:29.318+0000] {dagbag.py:545} INFO - Filling up the DagBag from /opt/airflow/dags/predictive_pipeline_dag.py
[2025-11-19T21:18:31.487+0000] {logging_mixin.py:188} WARNING - /home/airflow/.local/lib/python3.12/site-packages/mlflow/tracking/_tracking_service/utils.py:140 FutureWarning: Filesystem tracking backend (e.g., './mlruns') is deprecated. Please switch to a database backend (e.g., 'sqlite:///mlflow.db'). For feedback, see: https://github.com/mlflow/mlflow/issues/18534
[2025-11-19T21:18:32.358+0000] {processor.py:840} INFO - DAG(s) 'predictive_pipeline_xgb' retrieved from /opt/airflow/dags/predictive_pipeline_dag.py
[2025-11-19T21:18:32.383+0000] {logging_mixin.py:188} INFO - [2025-11-19T21:18:32.382+0000] {dag.py:3096} INFO - Sync 1 DAGs
[2025-11-19T21:18:32.403+0000] {logging_mixin.py:188} INFO - [2025-11-19T21:18:32.403+0000] {dag.py:3954} INFO - Setting next_dagrun for predictive_pipeline_xgb to 2025-11-23 00:00:00+00:00, run_after=2025-11-30 00:00:00+00:00
[2025-11-19T21:18:32.466+0000] {processor.py:183} INFO - Processing /opt/airflow/dags/predictive_pipeline_dag.py took 3.225 seconds
[2025-11-19T21:19:02.737+0000] {processor.py:161} INFO - Started process (PID=902) to work on /opt/airflow/dags/predictive_pipeline_dag.py
[2025-11-19T21:19:02.738+0000] {processor.py:830} INFO - Processing file /opt/airflow/dags/predictive_pipeline_dag.py for tasks to queue
[2025-11-19T21:19:02.740+0000] {logging_mixin.py:188} INFO - [2025-11-19T21:19:02.739+0000] {dagbag.py:545} INFO - Filling up the DagBag from /opt/airflow/dags/predictive_pipeline_dag.py
[2025-11-19T21:19:05.183+0000] {logging_mixin.py:188} WARNING - /home/airflow/.local/lib/python3.12/site-packages/mlflow/tracking/_tracking_service/utils.py:140 FutureWarning: Filesystem tracking backend (e.g., './mlruns') is deprecated. Please switch to a database backend (e.g., 'sqlite:///mlflow.db'). For feedback, see: https://github.com/mlflow/mlflow/issues/18534
[2025-11-19T21:19:06.020+0000] {processor.py:840} INFO - DAG(s) 'predictive_pipeline_xgb' retrieved from /opt/airflow/dags/predictive_pipeline_dag.py
[2025-11-19T21:19:06.047+0000] {logging_mixin.py:188} INFO - [2025-11-19T21:19:06.047+0000] {dag.py:3096} INFO - Sync 1 DAGs
[2025-11-19T21:19:06.070+0000] {logging_mixin.py:188} INFO - [2025-11-19T21:19:06.070+0000] {dag.py:3954} INFO - Setting next_dagrun for predictive_pipeline_xgb to 2025-11-23 00:00:00+00:00, run_after=2025-11-30 00:00:00+00:00
[2025-11-19T21:19:06.124+0000] {processor.py:183} INFO - Processing /opt/airflow/dags/predictive_pipeline_dag.py took 3.397 seconds
[2025-11-19T21:19:36.306+0000] {processor.py:161} INFO - Started process (PID=912) to work on /opt/airflow/dags/predictive_pipeline_dag.py
[2025-11-19T21:19:36.307+0000] {processor.py:830} INFO - Processing file /opt/airflow/dags/predictive_pipeline_dag.py for tasks to queue
[2025-11-19T21:19:36.308+0000] {logging_mixin.py:188} INFO - [2025-11-19T21:19:36.308+0000] {dagbag.py:545} INFO - Filling up the DagBag from /opt/airflow/dags/predictive_pipeline_dag.py
[2025-11-19T21:19:38.590+0000] {logging_mixin.py:188} WARNING - /home/airflow/.local/lib/python3.12/site-packages/mlflow/tracking/_tracking_service/utils.py:140 FutureWarning: Filesystem tracking backend (e.g., './mlruns') is deprecated. Please switch to a database backend (e.g., 'sqlite:///mlflow.db'). For feedback, see: https://github.com/mlflow/mlflow/issues/18534
[2025-11-19T21:19:39.529+0000] {processor.py:840} INFO - DAG(s) 'predictive_pipeline_xgb' retrieved from /opt/airflow/dags/predictive_pipeline_dag.py
[2025-11-19T21:19:39.557+0000] {logging_mixin.py:188} INFO - [2025-11-19T21:19:39.556+0000] {dag.py:3096} INFO - Sync 1 DAGs
[2025-11-19T21:19:39.586+0000] {logging_mixin.py:188} INFO - [2025-11-19T21:19:39.585+0000] {dag.py:3954} INFO - Setting next_dagrun for predictive_pipeline_xgb to 2025-11-23 00:00:00+00:00, run_after=2025-11-30 00:00:00+00:00
[2025-11-19T21:19:39.674+0000] {processor.py:183} INFO - Processing /opt/airflow/dags/predictive_pipeline_dag.py took 3.375 seconds
[2025-11-19T21:20:09.910+0000] {processor.py:161} INFO - Started process (PID=922) to work on /opt/airflow/dags/predictive_pipeline_dag.py
[2025-11-19T21:20:09.911+0000] {processor.py:830} INFO - Processing file /opt/airflow/dags/predictive_pipeline_dag.py for tasks to queue
[2025-11-19T21:20:09.912+0000] {logging_mixin.py:188} INFO - [2025-11-19T21:20:09.912+0000] {dagbag.py:545} INFO - Filling up the DagBag from /opt/airflow/dags/predictive_pipeline_dag.py
[2025-11-19T21:20:11.822+0000] {logging_mixin.py:188} WARNING - /home/airflow/.local/lib/python3.12/site-packages/mlflow/tracking/_tracking_service/utils.py:140 FutureWarning: Filesystem tracking backend (e.g., './mlruns') is deprecated. Please switch to a database backend (e.g., 'sqlite:///mlflow.db'). For feedback, see: https://github.com/mlflow/mlflow/issues/18534
[2025-11-19T21:20:12.598+0000] {processor.py:840} INFO - DAG(s) 'predictive_pipeline_xgb' retrieved from /opt/airflow/dags/predictive_pipeline_dag.py
[2025-11-19T21:20:12.622+0000] {logging_mixin.py:188} INFO - [2025-11-19T21:20:12.622+0000] {dag.py:3096} INFO - Sync 1 DAGs
[2025-11-19T21:20:12.644+0000] {logging_mixin.py:188} INFO - [2025-11-19T21:20:12.644+0000] {dag.py:3954} INFO - Setting next_dagrun for predictive_pipeline_xgb to 2025-11-23 00:00:00+00:00, run_after=2025-11-30 00:00:00+00:00
[2025-11-19T21:20:12.694+0000] {processor.py:183} INFO - Processing /opt/airflow/dags/predictive_pipeline_dag.py took 2.792 seconds
[2025-11-19T21:20:42.865+0000] {processor.py:161} INFO - Started process (PID=932) to work on /opt/airflow/dags/predictive_pipeline_dag.py
[2025-11-19T21:20:42.867+0000] {processor.py:830} INFO - Processing file /opt/airflow/dags/predictive_pipeline_dag.py for tasks to queue
[2025-11-19T21:20:42.868+0000] {logging_mixin.py:188} INFO - [2025-11-19T21:20:42.867+0000] {dagbag.py:545} INFO - Filling up the DagBag from /opt/airflow/dags/predictive_pipeline_dag.py
[2025-11-19T21:20:44.796+0000] {logging_mixin.py:188} WARNING - /home/airflow/.local/lib/python3.12/site-packages/mlflow/tracking/_tracking_service/utils.py:140 FutureWarning: Filesystem tracking backend (e.g., './mlruns') is deprecated. Please switch to a database backend (e.g., 'sqlite:///mlflow.db'). For feedback, see: https://github.com/mlflow/mlflow/issues/18534
[2025-11-19T21:20:45.632+0000] {processor.py:840} INFO - DAG(s) 'predictive_pipeline_xgb' retrieved from /opt/airflow/dags/predictive_pipeline_dag.py
[2025-11-19T21:20:45.655+0000] {logging_mixin.py:188} INFO - [2025-11-19T21:20:45.655+0000] {dag.py:3096} INFO - Sync 1 DAGs
[2025-11-19T21:20:45.675+0000] {logging_mixin.py:188} INFO - [2025-11-19T21:20:45.675+0000] {dag.py:3954} INFO - Setting next_dagrun for predictive_pipeline_xgb to 2025-11-23 00:00:00+00:00, run_after=2025-11-30 00:00:00+00:00
[2025-11-19T21:20:45.727+0000] {processor.py:183} INFO - Processing /opt/airflow/dags/predictive_pipeline_dag.py took 2.869 seconds
[2025-11-19T21:21:15.944+0000] {processor.py:161} INFO - Started process (PID=942) to work on /opt/airflow/dags/predictive_pipeline_dag.py
[2025-11-19T21:21:15.945+0000] {processor.py:830} INFO - Processing file /opt/airflow/dags/predictive_pipeline_dag.py for tasks to queue
[2025-11-19T21:21:15.946+0000] {logging_mixin.py:188} INFO - [2025-11-19T21:21:15.946+0000] {dagbag.py:545} INFO - Filling up the DagBag from /opt/airflow/dags/predictive_pipeline_dag.py
[2025-11-19T21:21:18.196+0000] {logging_mixin.py:188} WARNING - /home/airflow/.local/lib/python3.12/site-packages/mlflow/tracking/_tracking_service/utils.py:140 FutureWarning: Filesystem tracking backend (e.g., './mlruns') is deprecated. Please switch to a database backend (e.g., 'sqlite:///mlflow.db'). For feedback, see: https://github.com/mlflow/mlflow/issues/18534
[2025-11-19T21:21:19.033+0000] {processor.py:840} INFO - DAG(s) 'predictive_pipeline_xgb' retrieved from /opt/airflow/dags/predictive_pipeline_dag.py
[2025-11-19T21:21:19.057+0000] {logging_mixin.py:188} INFO - [2025-11-19T21:21:19.057+0000] {dag.py:3096} INFO - Sync 1 DAGs
[2025-11-19T21:21:19.081+0000] {logging_mixin.py:188} INFO - [2025-11-19T21:21:19.080+0000] {dag.py:3954} INFO - Setting next_dagrun for predictive_pipeline_xgb to 2025-11-23 00:00:00+00:00, run_after=2025-11-30 00:00:00+00:00
[2025-11-19T21:21:19.140+0000] {processor.py:183} INFO - Processing /opt/airflow/dags/predictive_pipeline_dag.py took 3.205 seconds
[2025-11-19T21:21:49.350+0000] {processor.py:161} INFO - Started process (PID=952) to work on /opt/airflow/dags/predictive_pipeline_dag.py
[2025-11-19T21:21:49.352+0000] {processor.py:830} INFO - Processing file /opt/airflow/dags/predictive_pipeline_dag.py for tasks to queue
[2025-11-19T21:21:49.352+0000] {logging_mixin.py:188} INFO - [2025-11-19T21:21:49.352+0000] {dagbag.py:545} INFO - Filling up the DagBag from /opt/airflow/dags/predictive_pipeline_dag.py
[2025-11-19T21:21:51.491+0000] {logging_mixin.py:188} WARNING - /home/airflow/.local/lib/python3.12/site-packages/mlflow/tracking/_tracking_service/utils.py:140 FutureWarning: Filesystem tracking backend (e.g., './mlruns') is deprecated. Please switch to a database backend (e.g., 'sqlite:///mlflow.db'). For feedback, see: https://github.com/mlflow/mlflow/issues/18534
[2025-11-19T21:21:53.246+0000] {processor.py:840} INFO - DAG(s) 'predictive_pipeline_xgb' retrieved from /opt/airflow/dags/predictive_pipeline_dag.py
[2025-11-19T21:21:53.274+0000] {logging_mixin.py:188} INFO - [2025-11-19T21:21:53.273+0000] {dag.py:3096} INFO - Sync 1 DAGs
[2025-11-19T21:21:53.297+0000] {logging_mixin.py:188} INFO - [2025-11-19T21:21:53.297+0000] {dag.py:3954} INFO - Setting next_dagrun for predictive_pipeline_xgb to 2025-11-23 00:00:00+00:00, run_after=2025-11-30 00:00:00+00:00
[2025-11-19T21:21:53.360+0000] {processor.py:183} INFO - Processing /opt/airflow/dags/predictive_pipeline_dag.py took 4.017 seconds
[2025-11-19T21:22:23.638+0000] {processor.py:161} INFO - Started process (PID=962) to work on /opt/airflow/dags/predictive_pipeline_dag.py
[2025-11-19T21:22:23.639+0000] {processor.py:830} INFO - Processing file /opt/airflow/dags/predictive_pipeline_dag.py for tasks to queue
[2025-11-19T21:22:23.640+0000] {logging_mixin.py:188} INFO - [2025-11-19T21:22:23.640+0000] {dagbag.py:545} INFO - Filling up the DagBag from /opt/airflow/dags/predictive_pipeline_dag.py
[2025-11-19T21:22:25.611+0000] {logging_mixin.py:188} WARNING - /home/airflow/.local/lib/python3.12/site-packages/mlflow/tracking/_tracking_service/utils.py:140 FutureWarning: Filesystem tracking backend (e.g., './mlruns') is deprecated. Please switch to a database backend (e.g., 'sqlite:///mlflow.db'). For feedback, see: https://github.com/mlflow/mlflow/issues/18534
[2025-11-19T21:22:26.454+0000] {processor.py:840} INFO - DAG(s) 'predictive_pipeline_xgb' retrieved from /opt/airflow/dags/predictive_pipeline_dag.py
[2025-11-19T21:22:26.477+0000] {logging_mixin.py:188} INFO - [2025-11-19T21:22:26.477+0000] {dag.py:3096} INFO - Sync 1 DAGs
[2025-11-19T21:22:26.497+0000] {logging_mixin.py:188} INFO - [2025-11-19T21:22:26.497+0000] {dag.py:3954} INFO - Setting next_dagrun for predictive_pipeline_xgb to 2025-11-23 00:00:00+00:00, run_after=2025-11-30 00:00:00+00:00
[2025-11-19T21:22:26.545+0000] {processor.py:183} INFO - Processing /opt/airflow/dags/predictive_pipeline_dag.py took 2.914 seconds
[2025-11-19T21:22:56.802+0000] {processor.py:161} INFO - Started process (PID=972) to work on /opt/airflow/dags/predictive_pipeline_dag.py
[2025-11-19T21:22:56.803+0000] {processor.py:830} INFO - Processing file /opt/airflow/dags/predictive_pipeline_dag.py for tasks to queue
[2025-11-19T21:22:56.804+0000] {logging_mixin.py:188} INFO - [2025-11-19T21:22:56.803+0000] {dagbag.py:545} INFO - Filling up the DagBag from /opt/airflow/dags/predictive_pipeline_dag.py
[2025-11-19T21:22:58.665+0000] {logging_mixin.py:188} WARNING - /home/airflow/.local/lib/python3.12/site-packages/mlflow/tracking/_tracking_service/utils.py:140 FutureWarning: Filesystem tracking backend (e.g., './mlruns') is deprecated. Please switch to a database backend (e.g., 'sqlite:///mlflow.db'). For feedback, see: https://github.com/mlflow/mlflow/issues/18534
[2025-11-19T21:22:59.437+0000] {processor.py:840} INFO - DAG(s) 'predictive_pipeline_xgb' retrieved from /opt/airflow/dags/predictive_pipeline_dag.py
[2025-11-19T21:22:59.461+0000] {logging_mixin.py:188} INFO - [2025-11-19T21:22:59.461+0000] {dag.py:3096} INFO - Sync 1 DAGs
[2025-11-19T21:22:59.483+0000] {logging_mixin.py:188} INFO - [2025-11-19T21:22:59.482+0000] {dag.py:3954} INFO - Setting next_dagrun for predictive_pipeline_xgb to 2025-11-23 00:00:00+00:00, run_after=2025-11-30 00:00:00+00:00
[2025-11-19T21:22:59.535+0000] {processor.py:183} INFO - Processing /opt/airflow/dags/predictive_pipeline_dag.py took 2.807 seconds
[2025-11-19T21:23:29.784+0000] {processor.py:161} INFO - Started process (PID=982) to work on /opt/airflow/dags/predictive_pipeline_dag.py
[2025-11-19T21:23:29.785+0000] {processor.py:830} INFO - Processing file /opt/airflow/dags/predictive_pipeline_dag.py for tasks to queue
[2025-11-19T21:23:29.786+0000] {logging_mixin.py:188} INFO - [2025-11-19T21:23:29.786+0000] {dagbag.py:545} INFO - Filling up the DagBag from /opt/airflow/dags/predictive_pipeline_dag.py
[2025-11-19T21:23:31.739+0000] {logging_mixin.py:188} WARNING - /home/airflow/.local/lib/python3.12/site-packages/mlflow/tracking/_tracking_service/utils.py:140 FutureWarning: Filesystem tracking backend (e.g., './mlruns') is deprecated. Please switch to a database backend (e.g., 'sqlite:///mlflow.db'). For feedback, see: https://github.com/mlflow/mlflow/issues/18534
[2025-11-19T21:23:32.706+0000] {processor.py:840} INFO - DAG(s) 'predictive_pipeline_xgb' retrieved from /opt/airflow/dags/predictive_pipeline_dag.py
[2025-11-19T21:23:32.737+0000] {logging_mixin.py:188} INFO - [2025-11-19T21:23:32.737+0000] {dag.py:3096} INFO - Sync 1 DAGs
[2025-11-19T21:23:32.764+0000] {logging_mixin.py:188} INFO - [2025-11-19T21:23:32.763+0000] {dag.py:3954} INFO - Setting next_dagrun for predictive_pipeline_xgb to 2025-11-23 00:00:00+00:00, run_after=2025-11-30 00:00:00+00:00
[2025-11-19T21:23:32.829+0000] {processor.py:183} INFO - Processing /opt/airflow/dags/predictive_pipeline_dag.py took 3.052 seconds
[2025-11-19T21:23:57.355+0000] {processor.py:161} INFO - Started process (PID=43) to work on /opt/airflow/dags/predictive_pipeline_dag.py
[2025-11-19T21:23:57.357+0000] {processor.py:830} INFO - Processing file /opt/airflow/dags/predictive_pipeline_dag.py for tasks to queue
[2025-11-19T21:23:57.360+0000] {logging_mixin.py:188} INFO - [2025-11-19T21:23:57.359+0000] {dagbag.py:545} INFO - Filling up the DagBag from /opt/airflow/dags/predictive_pipeline_dag.py
[2025-11-19T21:23:59.622+0000] {logging_mixin.py:188} WARNING - /home/airflow/.local/lib/python3.12/site-packages/mlflow/tracking/_tracking_service/utils.py:140 FutureWarning: Filesystem tracking backend (e.g., './mlruns') is deprecated. Please switch to a database backend (e.g., 'sqlite:///mlflow.db'). For feedback, see: https://github.com/mlflow/mlflow/issues/18534
[2025-11-19T21:24:00.821+0000] {processor.py:840} INFO - DAG(s) 'predictive_pipeline_xgb' retrieved from /opt/airflow/dags/predictive_pipeline_dag.py
[2025-11-19T21:24:00.832+0000] {logging_mixin.py:188} INFO - [2025-11-19T21:24:00.831+0000] {dag.py:3096} INFO - Sync 1 DAGs
[2025-11-19T21:24:00.861+0000] {logging_mixin.py:188} INFO - [2025-11-19T21:24:00.861+0000] {dag.py:3954} INFO - Setting next_dagrun for predictive_pipeline_xgb to 2025-11-23 00:00:00+00:00, run_after=2025-11-30 00:00:00+00:00
[2025-11-19T21:24:00.917+0000] {processor.py:183} INFO - Processing /opt/airflow/dags/predictive_pipeline_dag.py took 3.645 seconds
[2025-11-19T21:24:15.973+0000] {processor.py:161} INFO - Started process (PID=43) to work on /opt/airflow/dags/predictive_pipeline_dag.py
[2025-11-19T21:24:15.974+0000] {processor.py:830} INFO - Processing file /opt/airflow/dags/predictive_pipeline_dag.py for tasks to queue
[2025-11-19T21:24:15.976+0000] {logging_mixin.py:188} INFO - [2025-11-19T21:24:15.975+0000] {dagbag.py:545} INFO - Filling up the DagBag from /opt/airflow/dags/predictive_pipeline_dag.py
[2025-11-19T21:24:18.207+0000] {logging_mixin.py:188} WARNING - /home/airflow/.local/lib/python3.12/site-packages/mlflow/tracking/_tracking_service/utils.py:140 FutureWarning: Filesystem tracking backend (e.g., './mlruns') is deprecated. Please switch to a database backend (e.g., 'sqlite:///mlflow.db'). For feedback, see: https://github.com/mlflow/mlflow/issues/18534
[2025-11-19T21:24:19.061+0000] {processor.py:840} INFO - DAG(s) 'predictive_pipeline_xgb' retrieved from /opt/airflow/dags/predictive_pipeline_dag.py
[2025-11-19T21:24:19.077+0000] {logging_mixin.py:188} INFO - [2025-11-19T21:24:19.076+0000] {dag.py:3096} INFO - Sync 1 DAGs
[2025-11-19T21:24:19.102+0000] {logging_mixin.py:188} INFO - [2025-11-19T21:24:19.102+0000] {dag.py:3954} INFO - Setting next_dagrun for predictive_pipeline_xgb to 2025-11-23 00:00:00+00:00, run_after=2025-11-30 00:00:00+00:00
[2025-11-19T21:24:19.185+0000] {processor.py:183} INFO - Processing /opt/airflow/dags/predictive_pipeline_dag.py took 3.219 seconds
[2025-11-19T21:24:49.986+0000] {processor.py:161} INFO - Started process (PID=72) to work on /opt/airflow/dags/predictive_pipeline_dag.py
[2025-11-19T21:24:49.987+0000] {processor.py:830} INFO - Processing file /opt/airflow/dags/predictive_pipeline_dag.py for tasks to queue
[2025-11-19T21:24:49.988+0000] {logging_mixin.py:188} INFO - [2025-11-19T21:24:49.988+0000] {dagbag.py:545} INFO - Filling up the DagBag from /opt/airflow/dags/predictive_pipeline_dag.py
[2025-11-19T21:24:51.918+0000] {logging_mixin.py:188} WARNING - /home/airflow/.local/lib/python3.12/site-packages/mlflow/tracking/_tracking_service/utils.py:140 FutureWarning: Filesystem tracking backend (e.g., './mlruns') is deprecated. Please switch to a database backend (e.g., 'sqlite:///mlflow.db'). For feedback, see: https://github.com/mlflow/mlflow/issues/18534
[2025-11-19T21:24:52.652+0000] {processor.py:840} INFO - DAG(s) 'predictive_pipeline_xgb' retrieved from /opt/airflow/dags/predictive_pipeline_dag.py
[2025-11-19T21:24:52.745+0000] {logging_mixin.py:188} INFO - [2025-11-19T21:24:52.745+0000] {dag.py:3096} INFO - Sync 1 DAGs
[2025-11-19T21:24:52.765+0000] {logging_mixin.py:188} INFO - [2025-11-19T21:24:52.765+0000] {dag.py:3954} INFO - Setting next_dagrun for predictive_pipeline_xgb to 2025-11-23 00:00:00+00:00, run_after=2025-11-30 00:00:00+00:00
[2025-11-19T21:24:52.814+0000] {processor.py:183} INFO - Processing /opt/airflow/dags/predictive_pipeline_dag.py took 2.835 seconds
[2025-11-19T21:25:23.143+0000] {processor.py:161} INFO - Started process (PID=82) to work on /opt/airflow/dags/predictive_pipeline_dag.py
[2025-11-19T21:25:23.145+0000] {processor.py:830} INFO - Processing file /opt/airflow/dags/predictive_pipeline_dag.py for tasks to queue
[2025-11-19T21:25:23.148+0000] {logging_mixin.py:188} INFO - [2025-11-19T21:25:23.147+0000] {dagbag.py:545} INFO - Filling up the DagBag from /opt/airflow/dags/predictive_pipeline_dag.py
[2025-11-19T21:25:25.117+0000] {logging_mixin.py:188} WARNING - /home/airflow/.local/lib/python3.12/site-packages/mlflow/tracking/_tracking_service/utils.py:140 FutureWarning: Filesystem tracking backend (e.g., './mlruns') is deprecated. Please switch to a database backend (e.g., 'sqlite:///mlflow.db'). For feedback, see: https://github.com/mlflow/mlflow/issues/18534
[2025-11-19T21:25:25.908+0000] {processor.py:840} INFO - DAG(s) 'predictive_pipeline_xgb' retrieved from /opt/airflow/dags/predictive_pipeline_dag.py
[2025-11-19T21:25:25.931+0000] {logging_mixin.py:188} INFO - [2025-11-19T21:25:25.931+0000] {dag.py:3096} INFO - Sync 1 DAGs
[2025-11-19T21:25:25.962+0000] {logging_mixin.py:188} INFO - [2025-11-19T21:25:25.962+0000] {dag.py:3954} INFO - Setting next_dagrun for predictive_pipeline_xgb to 2025-11-23 00:00:00+00:00, run_after=2025-11-30 00:00:00+00:00
[2025-11-19T21:25:26.020+0000] {processor.py:183} INFO - Processing /opt/airflow/dags/predictive_pipeline_dag.py took 2.886 seconds
[2025-11-19T21:25:56.271+0000] {processor.py:161} INFO - Started process (PID=92) to work on /opt/airflow/dags/predictive_pipeline_dag.py
[2025-11-19T21:25:56.272+0000] {processor.py:830} INFO - Processing file /opt/airflow/dags/predictive_pipeline_dag.py for tasks to queue
[2025-11-19T21:25:56.274+0000] {logging_mixin.py:188} INFO - [2025-11-19T21:25:56.273+0000] {dagbag.py:545} INFO - Filling up the DagBag from /opt/airflow/dags/predictive_pipeline_dag.py
[2025-11-19T21:25:58.146+0000] {logging_mixin.py:188} WARNING - /home/airflow/.local/lib/python3.12/site-packages/mlflow/tracking/_tracking_service/utils.py:140 FutureWarning: Filesystem tracking backend (e.g., './mlruns') is deprecated. Please switch to a database backend (e.g., 'sqlite:///mlflow.db'). For feedback, see: https://github.com/mlflow/mlflow/issues/18534
[2025-11-19T21:25:58.981+0000] {processor.py:840} INFO - DAG(s) 'predictive_pipeline_xgb' retrieved from /opt/airflow/dags/predictive_pipeline_dag.py
[2025-11-19T21:25:59.013+0000] {logging_mixin.py:188} INFO - [2025-11-19T21:25:59.012+0000] {dag.py:3096} INFO - Sync 1 DAGs
[2025-11-19T21:25:59.041+0000] {logging_mixin.py:188} INFO - [2025-11-19T21:25:59.041+0000] {dag.py:3954} INFO - Setting next_dagrun for predictive_pipeline_xgb to 2025-11-23 00:00:00+00:00, run_after=2025-11-30 00:00:00+00:00
[2025-11-19T21:25:59.106+0000] {processor.py:183} INFO - Processing /opt/airflow/dags/predictive_pipeline_dag.py took 2.913 seconds
[2025-11-19T21:26:29.378+0000] {processor.py:161} INFO - Started process (PID=102) to work on /opt/airflow/dags/predictive_pipeline_dag.py
[2025-11-19T21:26:29.379+0000] {processor.py:830} INFO - Processing file /opt/airflow/dags/predictive_pipeline_dag.py for tasks to queue
[2025-11-19T21:26:29.381+0000] {logging_mixin.py:188} INFO - [2025-11-19T21:26:29.381+0000] {dagbag.py:545} INFO - Filling up the DagBag from /opt/airflow/dags/predictive_pipeline_dag.py
[2025-11-19T21:26:31.089+0000] {logging_mixin.py:188} WARNING - /home/airflow/.local/lib/python3.12/site-packages/mlflow/tracking/_tracking_service/utils.py:140 FutureWarning: Filesystem tracking backend (e.g., './mlruns') is deprecated. Please switch to a database backend (e.g., 'sqlite:///mlflow.db'). For feedback, see: https://github.com/mlflow/mlflow/issues/18534
[2025-11-19T21:26:31.802+0000] {processor.py:840} INFO - DAG(s) 'predictive_pipeline_xgb' retrieved from /opt/airflow/dags/predictive_pipeline_dag.py
[2025-11-19T21:26:31.827+0000] {logging_mixin.py:188} INFO - [2025-11-19T21:26:31.826+0000] {dag.py:3096} INFO - Sync 1 DAGs
[2025-11-19T21:26:31.848+0000] {logging_mixin.py:188} INFO - [2025-11-19T21:26:31.848+0000] {dag.py:3954} INFO - Setting next_dagrun for predictive_pipeline_xgb to 2025-11-23 00:00:00+00:00, run_after=2025-11-30 00:00:00+00:00
[2025-11-19T21:26:31.896+0000] {processor.py:183} INFO - Processing /opt/airflow/dags/predictive_pipeline_dag.py took 2.526 seconds
[2025-11-19T21:27:02.117+0000] {processor.py:161} INFO - Started process (PID=112) to work on /opt/airflow/dags/predictive_pipeline_dag.py
[2025-11-19T21:27:02.118+0000] {processor.py:830} INFO - Processing file /opt/airflow/dags/predictive_pipeline_dag.py for tasks to queue
[2025-11-19T21:27:02.120+0000] {logging_mixin.py:188} INFO - [2025-11-19T21:27:02.120+0000] {dagbag.py:545} INFO - Filling up the DagBag from /opt/airflow/dags/predictive_pipeline_dag.py
[2025-11-19T21:27:03.937+0000] {logging_mixin.py:188} WARNING - /home/airflow/.local/lib/python3.12/site-packages/mlflow/tracking/_tracking_service/utils.py:140 FutureWarning: Filesystem tracking backend (e.g., './mlruns') is deprecated. Please switch to a database backend (e.g., 'sqlite:///mlflow.db'). For feedback, see: https://github.com/mlflow/mlflow/issues/18534
[2025-11-19T21:27:04.636+0000] {processor.py:840} INFO - DAG(s) 'predictive_pipeline_xgb' retrieved from /opt/airflow/dags/predictive_pipeline_dag.py
[2025-11-19T21:27:04.764+0000] {logging_mixin.py:188} INFO - [2025-11-19T21:27:04.661+0000] {dag.py:3096} INFO - Sync 1 DAGs
[2025-11-19T21:27:04.786+0000] {logging_mixin.py:188} INFO - [2025-11-19T21:27:04.786+0000] {dag.py:3954} INFO - Setting next_dagrun for predictive_pipeline_xgb to 2025-11-23 00:00:00+00:00, run_after=2025-11-30 00:00:00+00:00
[2025-11-19T21:27:04.833+0000] {processor.py:183} INFO - Processing /opt/airflow/dags/predictive_pipeline_dag.py took 2.722 seconds
[2025-11-19T21:27:35.041+0000] {processor.py:161} INFO - Started process (PID=122) to work on /opt/airflow/dags/predictive_pipeline_dag.py
[2025-11-19T21:27:35.043+0000] {processor.py:830} INFO - Processing file /opt/airflow/dags/predictive_pipeline_dag.py for tasks to queue
[2025-11-19T21:27:35.044+0000] {logging_mixin.py:188} INFO - [2025-11-19T21:27:35.044+0000] {dagbag.py:545} INFO - Filling up the DagBag from /opt/airflow/dags/predictive_pipeline_dag.py
[2025-11-19T21:27:36.965+0000] {logging_mixin.py:188} WARNING - /home/airflow/.local/lib/python3.12/site-packages/mlflow/tracking/_tracking_service/utils.py:140 FutureWarning: Filesystem tracking backend (e.g., './mlruns') is deprecated. Please switch to a database backend (e.g., 'sqlite:///mlflow.db'). For feedback, see: https://github.com/mlflow/mlflow/issues/18534
[2025-11-19T21:27:37.894+0000] {processor.py:840} INFO - DAG(s) 'predictive_pipeline_xgb' retrieved from /opt/airflow/dags/predictive_pipeline_dag.py
[2025-11-19T21:27:37.921+0000] {logging_mixin.py:188} INFO - [2025-11-19T21:27:37.921+0000] {dag.py:3096} INFO - Sync 1 DAGs
[2025-11-19T21:27:37.946+0000] {logging_mixin.py:188} INFO - [2025-11-19T21:27:37.945+0000] {dag.py:3954} INFO - Setting next_dagrun for predictive_pipeline_xgb to 2025-11-23 00:00:00+00:00, run_after=2025-11-30 00:00:00+00:00
[2025-11-19T21:27:37.997+0000] {processor.py:183} INFO - Processing /opt/airflow/dags/predictive_pipeline_dag.py took 2.963 seconds
[2025-11-19T21:28:08.176+0000] {processor.py:161} INFO - Started process (PID=132) to work on /opt/airflow/dags/predictive_pipeline_dag.py
[2025-11-19T21:28:08.177+0000] {processor.py:830} INFO - Processing file /opt/airflow/dags/predictive_pipeline_dag.py for tasks to queue
[2025-11-19T21:28:08.179+0000] {logging_mixin.py:188} INFO - [2025-11-19T21:28:08.178+0000] {dagbag.py:545} INFO - Filling up the DagBag from /opt/airflow/dags/predictive_pipeline_dag.py
[2025-11-19T21:28:10.012+0000] {logging_mixin.py:188} WARNING - /home/airflow/.local/lib/python3.12/site-packages/mlflow/tracking/_tracking_service/utils.py:140 FutureWarning: Filesystem tracking backend (e.g., './mlruns') is deprecated. Please switch to a database backend (e.g., 'sqlite:///mlflow.db'). For feedback, see: https://github.com/mlflow/mlflow/issues/18534
[2025-11-19T21:28:10.872+0000] {processor.py:840} INFO - DAG(s) 'predictive_pipeline_xgb' retrieved from /opt/airflow/dags/predictive_pipeline_dag.py
[2025-11-19T21:28:10.898+0000] {logging_mixin.py:188} INFO - [2025-11-19T21:28:10.898+0000] {dag.py:3096} INFO - Sync 1 DAGs
[2025-11-19T21:28:10.920+0000] {logging_mixin.py:188} INFO - [2025-11-19T21:28:10.919+0000] {dag.py:3954} INFO - Setting next_dagrun for predictive_pipeline_xgb to 2025-11-23 00:00:00+00:00, run_after=2025-11-30 00:00:00+00:00
[2025-11-19T21:28:10.974+0000] {processor.py:183} INFO - Processing /opt/airflow/dags/predictive_pipeline_dag.py took 2.804 seconds
[2025-11-19T21:28:35.864+0000] {processor.py:161} INFO - Started process (PID=43) to work on /opt/airflow/dags/predictive_pipeline_dag.py
[2025-11-19T21:28:35.866+0000] {processor.py:830} INFO - Processing file /opt/airflow/dags/predictive_pipeline_dag.py for tasks to queue
[2025-11-19T21:28:35.868+0000] {logging_mixin.py:188} INFO - [2025-11-19T21:28:35.867+0000] {dagbag.py:545} INFO - Filling up the DagBag from /opt/airflow/dags/predictive_pipeline_dag.py
[2025-11-19T21:28:37.783+0000] {logging_mixin.py:188} WARNING - /home/airflow/.local/lib/python3.12/site-packages/mlflow/tracking/_tracking_service/utils.py:140 FutureWarning: Filesystem tracking backend (e.g., './mlruns') is deprecated. Please switch to a database backend (e.g., 'sqlite:///mlflow.db'). For feedback, see: https://github.com/mlflow/mlflow/issues/18534
[2025-11-19T21:28:38.638+0000] {processor.py:840} INFO - DAG(s) 'predictive_pipeline_xgb' retrieved from /opt/airflow/dags/predictive_pipeline_dag.py
[2025-11-19T21:28:38.653+0000] {logging_mixin.py:188} INFO - [2025-11-19T21:28:38.653+0000] {dag.py:3096} INFO - Sync 1 DAGs
[2025-11-19T21:28:38.683+0000] {logging_mixin.py:188} INFO - [2025-11-19T21:28:38.683+0000] {dag.py:3954} INFO - Setting next_dagrun for predictive_pipeline_xgb to 2025-11-23 00:00:00+00:00, run_after=2025-11-30 00:00:00+00:00
[2025-11-19T21:28:38.763+0000] {processor.py:183} INFO - Processing /opt/airflow/dags/predictive_pipeline_dag.py took 2.907 seconds
[2025-11-19T21:29:09.394+0000] {processor.py:161} INFO - Started process (PID=72) to work on /opt/airflow/dags/predictive_pipeline_dag.py
[2025-11-19T21:29:09.395+0000] {processor.py:830} INFO - Processing file /opt/airflow/dags/predictive_pipeline_dag.py for tasks to queue
[2025-11-19T21:29:09.397+0000] {logging_mixin.py:188} INFO - [2025-11-19T21:29:09.397+0000] {dagbag.py:545} INFO - Filling up the DagBag from /opt/airflow/dags/predictive_pipeline_dag.py
[2025-11-19T21:29:11.183+0000] {logging_mixin.py:188} WARNING - /home/airflow/.local/lib/python3.12/site-packages/mlflow/tracking/_tracking_service/utils.py:140 FutureWarning: Filesystem tracking backend (e.g., './mlruns') is deprecated. Please switch to a database backend (e.g., 'sqlite:///mlflow.db'). For feedback, see: https://github.com/mlflow/mlflow/issues/18534
[2025-11-19T21:29:11.915+0000] {processor.py:840} INFO - DAG(s) 'predictive_pipeline_xgb' retrieved from /opt/airflow/dags/predictive_pipeline_dag.py
[2025-11-19T21:29:12.021+0000] {logging_mixin.py:188} INFO - [2025-11-19T21:29:12.020+0000] {dag.py:3096} INFO - Sync 1 DAGs
[2025-11-19T21:29:12.040+0000] {logging_mixin.py:188} INFO - [2025-11-19T21:29:12.040+0000] {dag.py:3954} INFO - Setting next_dagrun for predictive_pipeline_xgb to 2025-11-23 00:00:00+00:00, run_after=2025-11-30 00:00:00+00:00
[2025-11-19T21:29:12.094+0000] {processor.py:183} INFO - Processing /opt/airflow/dags/predictive_pipeline_dag.py took 2.706 seconds
[2025-11-19T21:29:42.755+0000] {processor.py:161} INFO - Started process (PID=82) to work on /opt/airflow/dags/predictive_pipeline_dag.py
[2025-11-19T21:29:42.756+0000] {processor.py:830} INFO - Processing file /opt/airflow/dags/predictive_pipeline_dag.py for tasks to queue
[2025-11-19T21:29:42.758+0000] {logging_mixin.py:188} INFO - [2025-11-19T21:29:42.758+0000] {dagbag.py:545} INFO - Filling up the DagBag from /opt/airflow/dags/predictive_pipeline_dag.py
[2025-11-19T21:29:44.671+0000] {logging_mixin.py:188} WARNING - /home/airflow/.local/lib/python3.12/site-packages/mlflow/tracking/_tracking_service/utils.py:140 FutureWarning: Filesystem tracking backend (e.g., './mlruns') is deprecated. Please switch to a database backend (e.g., 'sqlite:///mlflow.db'). For feedback, see: https://github.com/mlflow/mlflow/issues/18534
[2025-11-19T21:29:45.483+0000] {processor.py:840} INFO - DAG(s) 'predictive_pipeline_xgb' retrieved from /opt/airflow/dags/predictive_pipeline_dag.py
[2025-11-19T21:29:45.518+0000] {logging_mixin.py:188} INFO - [2025-11-19T21:29:45.517+0000] {dag.py:3096} INFO - Sync 1 DAGs
[2025-11-19T21:29:45.543+0000] {logging_mixin.py:188} INFO - [2025-11-19T21:29:45.543+0000] {dag.py:3954} INFO - Setting next_dagrun for predictive_pipeline_xgb to 2025-11-23 00:00:00+00:00, run_after=2025-11-30 00:00:00+00:00
[2025-11-19T21:29:45.592+0000] {processor.py:183} INFO - Processing /opt/airflow/dags/predictive_pipeline_dag.py took 2.843 seconds
[2025-11-19T21:30:15.965+0000] {processor.py:161} INFO - Started process (PID=92) to work on /opt/airflow/dags/predictive_pipeline_dag.py
[2025-11-19T21:30:15.966+0000] {processor.py:830} INFO - Processing file /opt/airflow/dags/predictive_pipeline_dag.py for tasks to queue
[2025-11-19T21:30:15.968+0000] {logging_mixin.py:188} INFO - [2025-11-19T21:30:15.968+0000] {dagbag.py:545} INFO - Filling up the DagBag from /opt/airflow/dags/predictive_pipeline_dag.py
[2025-11-19T21:30:17.727+0000] {logging_mixin.py:188} WARNING - /home/airflow/.local/lib/python3.12/site-packages/mlflow/tracking/_tracking_service/utils.py:140 FutureWarning: Filesystem tracking backend (e.g., './mlruns') is deprecated. Please switch to a database backend (e.g., 'sqlite:///mlflow.db'). For feedback, see: https://github.com/mlflow/mlflow/issues/18534
[2025-11-19T21:30:18.495+0000] {processor.py:840} INFO - DAG(s) 'predictive_pipeline_xgb' retrieved from /opt/airflow/dags/predictive_pipeline_dag.py
[2025-11-19T21:30:18.520+0000] {logging_mixin.py:188} INFO - [2025-11-19T21:30:18.519+0000] {dag.py:3096} INFO - Sync 1 DAGs
[2025-11-19T21:30:18.542+0000] {logging_mixin.py:188} INFO - [2025-11-19T21:30:18.542+0000] {dag.py:3954} INFO - Setting next_dagrun for predictive_pipeline_xgb to 2025-11-23 00:00:00+00:00, run_after=2025-11-30 00:00:00+00:00
[2025-11-19T21:30:18.591+0000] {processor.py:183} INFO - Processing /opt/airflow/dags/predictive_pipeline_dag.py took 2.633 seconds
[2025-11-19T21:30:48.869+0000] {processor.py:161} INFO - Started process (PID=102) to work on /opt/airflow/dags/predictive_pipeline_dag.py
[2025-11-19T21:30:48.872+0000] {processor.py:830} INFO - Processing file /opt/airflow/dags/predictive_pipeline_dag.py for tasks to queue
[2025-11-19T21:30:48.875+0000] {logging_mixin.py:188} INFO - [2025-11-19T21:30:48.874+0000] {dagbag.py:545} INFO - Filling up the DagBag from /opt/airflow/dags/predictive_pipeline_dag.py
[2025-11-19T21:30:50.787+0000] {logging_mixin.py:188} WARNING - /home/airflow/.local/lib/python3.12/site-packages/mlflow/tracking/_tracking_service/utils.py:140 FutureWarning: Filesystem tracking backend (e.g., './mlruns') is deprecated. Please switch to a database backend (e.g., 'sqlite:///mlflow.db'). For feedback, see: https://github.com/mlflow/mlflow/issues/18534
[2025-11-19T21:30:51.597+0000] {processor.py:840} INFO - DAG(s) 'predictive_pipeline_xgb' retrieved from /opt/airflow/dags/predictive_pipeline_dag.py
[2025-11-19T21:30:51.625+0000] {logging_mixin.py:188} INFO - [2025-11-19T21:30:51.623+0000] {dag.py:3096} INFO - Sync 1 DAGs
[2025-11-19T21:30:51.649+0000] {logging_mixin.py:188} INFO - [2025-11-19T21:30:51.649+0000] {dag.py:3954} INFO - Setting next_dagrun for predictive_pipeline_xgb to 2025-11-23 00:00:00+00:00, run_after=2025-11-30 00:00:00+00:00
[2025-11-19T21:30:51.702+0000] {processor.py:183} INFO - Processing /opt/airflow/dags/predictive_pipeline_dag.py took 2.845 seconds
[2025-11-19T21:31:21.916+0000] {processor.py:161} INFO - Started process (PID=112) to work on /opt/airflow/dags/predictive_pipeline_dag.py
[2025-11-19T21:31:21.917+0000] {processor.py:830} INFO - Processing file /opt/airflow/dags/predictive_pipeline_dag.py for tasks to queue
[2025-11-19T21:31:21.919+0000] {logging_mixin.py:188} INFO - [2025-11-19T21:31:21.919+0000] {dagbag.py:545} INFO - Filling up the DagBag from /opt/airflow/dags/predictive_pipeline_dag.py
[2025-11-19T21:31:24.096+0000] {logging_mixin.py:188} WARNING - /home/airflow/.local/lib/python3.12/site-packages/mlflow/tracking/_tracking_service/utils.py:140 FutureWarning: Filesystem tracking backend (e.g., './mlruns') is deprecated. Please switch to a database backend (e.g., 'sqlite:///mlflow.db'). For feedback, see: https://github.com/mlflow/mlflow/issues/18534
[2025-11-19T21:31:24.875+0000] {processor.py:840} INFO - DAG(s) 'predictive_pipeline_xgb' retrieved from /opt/airflow/dags/predictive_pipeline_dag.py
[2025-11-19T21:31:25.019+0000] {logging_mixin.py:188} INFO - [2025-11-19T21:31:24.901+0000] {dag.py:3096} INFO - Sync 1 DAGs
[2025-11-19T21:31:25.042+0000] {logging_mixin.py:188} INFO - [2025-11-19T21:31:25.042+0000] {dag.py:3954} INFO - Setting next_dagrun for predictive_pipeline_xgb to 2025-11-23 00:00:00+00:00, run_after=2025-11-30 00:00:00+00:00
[2025-11-19T21:31:25.094+0000] {processor.py:183} INFO - Processing /opt/airflow/dags/predictive_pipeline_dag.py took 3.185 seconds
[2025-11-19T21:31:55.274+0000] {processor.py:161} INFO - Started process (PID=122) to work on /opt/airflow/dags/predictive_pipeline_dag.py
[2025-11-19T21:31:55.275+0000] {processor.py:830} INFO - Processing file /opt/airflow/dags/predictive_pipeline_dag.py for tasks to queue
[2025-11-19T21:31:55.276+0000] {logging_mixin.py:188} INFO - [2025-11-19T21:31:55.276+0000] {dagbag.py:545} INFO - Filling up the DagBag from /opt/airflow/dags/predictive_pipeline_dag.py
[2025-11-19T21:31:57.409+0000] {logging_mixin.py:188} WARNING - /home/airflow/.local/lib/python3.12/site-packages/mlflow/tracking/_tracking_service/utils.py:140 FutureWarning: Filesystem tracking backend (e.g., './mlruns') is deprecated. Please switch to a database backend (e.g., 'sqlite:///mlflow.db'). For feedback, see: https://github.com/mlflow/mlflow/issues/18534
[2025-11-19T21:31:58.178+0000] {processor.py:840} INFO - DAG(s) 'predictive_pipeline_xgb' retrieved from /opt/airflow/dags/predictive_pipeline_dag.py
[2025-11-19T21:31:58.204+0000] {logging_mixin.py:188} INFO - [2025-11-19T21:31:58.203+0000] {dag.py:3096} INFO - Sync 1 DAGs
[2025-11-19T21:31:58.228+0000] {logging_mixin.py:188} INFO - [2025-11-19T21:31:58.227+0000] {dag.py:3954} INFO - Setting next_dagrun for predictive_pipeline_xgb to 2025-11-23 00:00:00+00:00, run_after=2025-11-30 00:00:00+00:00
[2025-11-19T21:31:58.285+0000] {processor.py:183} INFO - Processing /opt/airflow/dags/predictive_pipeline_dag.py took 3.088 seconds
[2025-11-19T21:32:28.479+0000] {processor.py:161} INFO - Started process (PID=132) to work on /opt/airflow/dags/predictive_pipeline_dag.py
[2025-11-19T21:32:28.480+0000] {processor.py:830} INFO - Processing file /opt/airflow/dags/predictive_pipeline_dag.py for tasks to queue
[2025-11-19T21:32:28.482+0000] {logging_mixin.py:188} INFO - [2025-11-19T21:32:28.481+0000] {dagbag.py:545} INFO - Filling up the DagBag from /opt/airflow/dags/predictive_pipeline_dag.py
[2025-11-19T21:32:30.114+0000] {logging_mixin.py:188} WARNING - /home/airflow/.local/lib/python3.12/site-packages/mlflow/tracking/_tracking_service/utils.py:140 FutureWarning: Filesystem tracking backend (e.g., './mlruns') is deprecated. Please switch to a database backend (e.g., 'sqlite:///mlflow.db'). For feedback, see: https://github.com/mlflow/mlflow/issues/18534
[2025-11-19T21:32:30.862+0000] {processor.py:840} INFO - DAG(s) 'predictive_pipeline_xgb' retrieved from /opt/airflow/dags/predictive_pipeline_dag.py
[2025-11-19T21:32:30.885+0000] {logging_mixin.py:188} INFO - [2025-11-19T21:32:30.885+0000] {dag.py:3096} INFO - Sync 1 DAGs
[2025-11-19T21:32:30.907+0000] {logging_mixin.py:188} INFO - [2025-11-19T21:32:30.906+0000] {dag.py:3954} INFO - Setting next_dagrun for predictive_pipeline_xgb to 2025-11-23 00:00:00+00:00, run_after=2025-11-30 00:00:00+00:00
[2025-11-19T21:32:30.953+0000] {processor.py:183} INFO - Processing /opt/airflow/dags/predictive_pipeline_dag.py took 2.480 seconds
[2025-11-19T21:48:30.247+0000] {processor.py:161} INFO - Started process (PID=43) to work on /opt/airflow/dags/predictive_pipeline_dag.py
[2025-11-19T21:48:30.248+0000] {processor.py:830} INFO - Processing file /opt/airflow/dags/predictive_pipeline_dag.py for tasks to queue
[2025-11-19T21:48:30.251+0000] {logging_mixin.py:188} INFO - [2025-11-19T21:48:30.250+0000] {dagbag.py:545} INFO - Filling up the DagBag from /opt/airflow/dags/predictive_pipeline_dag.py
[2025-11-19T21:48:32.178+0000] {logging_mixin.py:188} WARNING - /home/airflow/.local/lib/python3.12/site-packages/mlflow/tracking/_tracking_service/utils.py:140 FutureWarning: Filesystem tracking backend (e.g., './mlruns') is deprecated. Please switch to a database backend (e.g., 'sqlite:///mlflow.db'). For feedback, see: https://github.com/mlflow/mlflow/issues/18534
[2025-11-19T21:48:33.010+0000] {processor.py:840} INFO - DAG(s) 'predictive_pipeline_xgb' retrieved from /opt/airflow/dags/predictive_pipeline_dag.py
[2025-11-19T21:48:33.024+0000] {logging_mixin.py:188} INFO - [2025-11-19T21:48:33.024+0000] {dag.py:3096} INFO - Sync 1 DAGs
[2025-11-19T21:48:33.046+0000] {logging_mixin.py:188} INFO - [2025-11-19T21:48:33.046+0000] {dag.py:3954} INFO - Setting next_dagrun for predictive_pipeline_xgb to 2025-11-23 00:00:00+00:00, run_after=2025-11-30 00:00:00+00:00
[2025-11-19T21:48:33.125+0000] {processor.py:183} INFO - Processing /opt/airflow/dags/predictive_pipeline_dag.py took 2.887 seconds
[2025-11-19T21:49:03.915+0000] {processor.py:161} INFO - Started process (PID=89) to work on /opt/airflow/dags/predictive_pipeline_dag.py
[2025-11-19T21:49:03.916+0000] {processor.py:830} INFO - Processing file /opt/airflow/dags/predictive_pipeline_dag.py for tasks to queue
[2025-11-19T21:49:03.918+0000] {logging_mixin.py:188} INFO - [2025-11-19T21:49:03.918+0000] {dagbag.py:545} INFO - Filling up the DagBag from /opt/airflow/dags/predictive_pipeline_dag.py
[2025-11-19T21:49:05.758+0000] {logging_mixin.py:188} WARNING - /home/airflow/.local/lib/python3.12/site-packages/mlflow/tracking/_tracking_service/utils.py:140 FutureWarning: Filesystem tracking backend (e.g., './mlruns') is deprecated. Please switch to a database backend (e.g., 'sqlite:///mlflow.db'). For feedback, see: https://github.com/mlflow/mlflow/issues/18534
[2025-11-19T21:49:06.525+0000] {processor.py:840} INFO - DAG(s) 'predictive_pipeline_xgb' retrieved from /opt/airflow/dags/predictive_pipeline_dag.py
[2025-11-19T21:49:06.631+0000] {logging_mixin.py:188} INFO - [2025-11-19T21:49:06.631+0000] {dag.py:3096} INFO - Sync 1 DAGs
[2025-11-19T21:49:06.651+0000] {logging_mixin.py:188} INFO - [2025-11-19T21:49:06.651+0000] {dag.py:3954} INFO - Setting next_dagrun for predictive_pipeline_xgb to 2025-11-23 00:00:00+00:00, run_after=2025-11-30 00:00:00+00:00
[2025-11-19T21:49:06.707+0000] {processor.py:183} INFO - Processing /opt/airflow/dags/predictive_pipeline_dag.py took 2.800 seconds
[2025-11-19T21:49:36.971+0000] {processor.py:161} INFO - Started process (PID=99) to work on /opt/airflow/dags/predictive_pipeline_dag.py
[2025-11-19T21:49:36.972+0000] {processor.py:830} INFO - Processing file /opt/airflow/dags/predictive_pipeline_dag.py for tasks to queue
[2025-11-19T21:49:36.974+0000] {logging_mixin.py:188} INFO - [2025-11-19T21:49:36.973+0000] {dagbag.py:545} INFO - Filling up the DagBag from /opt/airflow/dags/predictive_pipeline_dag.py
[2025-11-19T21:49:38.740+0000] {logging_mixin.py:188} WARNING - /home/airflow/.local/lib/python3.12/site-packages/mlflow/tracking/_tracking_service/utils.py:140 FutureWarning: Filesystem tracking backend (e.g., './mlruns') is deprecated. Please switch to a database backend (e.g., 'sqlite:///mlflow.db'). For feedback, see: https://github.com/mlflow/mlflow/issues/18534
[2025-11-19T21:49:39.546+0000] {processor.py:840} INFO - DAG(s) 'predictive_pipeline_xgb' retrieved from /opt/airflow/dags/predictive_pipeline_dag.py
[2025-11-19T21:49:39.569+0000] {logging_mixin.py:188} INFO - [2025-11-19T21:49:39.567+0000] {dag.py:3096} INFO - Sync 1 DAGs
[2025-11-19T21:49:39.591+0000] {logging_mixin.py:188} INFO - [2025-11-19T21:49:39.591+0000] {dag.py:3954} INFO - Setting next_dagrun for predictive_pipeline_xgb to 2025-11-23 00:00:00+00:00, run_after=2025-11-30 00:00:00+00:00
[2025-11-19T21:49:39.640+0000] {processor.py:183} INFO - Processing /opt/airflow/dags/predictive_pipeline_dag.py took 2.611 seconds
[2025-11-19T21:50:10.080+0000] {processor.py:161} INFO - Started process (PID=109) to work on /opt/airflow/dags/predictive_pipeline_dag.py
[2025-11-19T21:50:10.082+0000] {processor.py:830} INFO - Processing file /opt/airflow/dags/predictive_pipeline_dag.py for tasks to queue
[2025-11-19T21:50:10.085+0000] {logging_mixin.py:188} INFO - [2025-11-19T21:50:10.084+0000] {dagbag.py:545} INFO - Filling up the DagBag from /opt/airflow/dags/predictive_pipeline_dag.py
[2025-11-19T21:50:12.267+0000] {logging_mixin.py:188} WARNING - /home/airflow/.local/lib/python3.12/site-packages/mlflow/tracking/_tracking_service/utils.py:140 FutureWarning: Filesystem tracking backend (e.g., './mlruns') is deprecated. Please switch to a database backend (e.g., 'sqlite:///mlflow.db'). For feedback, see: https://github.com/mlflow/mlflow/issues/18534
[2025-11-19T21:50:13.090+0000] {processor.py:840} INFO - DAG(s) 'predictive_pipeline_xgb' retrieved from /opt/airflow/dags/predictive_pipeline_dag.py
[2025-11-19T21:50:13.115+0000] {logging_mixin.py:188} INFO - [2025-11-19T21:50:13.114+0000] {dag.py:3096} INFO - Sync 1 DAGs
[2025-11-19T21:50:13.138+0000] {logging_mixin.py:188} INFO - [2025-11-19T21:50:13.138+0000] {dag.py:3954} INFO - Setting next_dagrun for predictive_pipeline_xgb to 2025-11-23 00:00:00+00:00, run_after=2025-11-30 00:00:00+00:00
[2025-11-19T21:50:13.190+0000] {processor.py:183} INFO - Processing /opt/airflow/dags/predictive_pipeline_dag.py took 3.121 seconds
[2025-11-19T21:50:43.652+0000] {processor.py:161} INFO - Started process (PID=119) to work on /opt/airflow/dags/predictive_pipeline_dag.py
[2025-11-19T21:50:43.653+0000] {processor.py:830} INFO - Processing file /opt/airflow/dags/predictive_pipeline_dag.py for tasks to queue
[2025-11-19T21:50:43.656+0000] {logging_mixin.py:188} INFO - [2025-11-19T21:50:43.656+0000] {dagbag.py:545} INFO - Filling up the DagBag from /opt/airflow/dags/predictive_pipeline_dag.py
[2025-11-19T21:50:45.689+0000] {logging_mixin.py:188} WARNING - /home/airflow/.local/lib/python3.12/site-packages/mlflow/tracking/_tracking_service/utils.py:140 FutureWarning: Filesystem tracking backend (e.g., './mlruns') is deprecated. Please switch to a database backend (e.g., 'sqlite:///mlflow.db'). For feedback, see: https://github.com/mlflow/mlflow/issues/18534
[2025-11-19T21:50:46.526+0000] {processor.py:840} INFO - DAG(s) 'predictive_pipeline_xgb' retrieved from /opt/airflow/dags/predictive_pipeline_dag.py
[2025-11-19T21:50:46.560+0000] {logging_mixin.py:188} INFO - [2025-11-19T21:50:46.558+0000] {dag.py:3096} INFO - Sync 1 DAGs
[2025-11-19T21:50:46.589+0000] {logging_mixin.py:188} INFO - [2025-11-19T21:50:46.589+0000] {dag.py:3954} INFO - Setting next_dagrun for predictive_pipeline_xgb to 2025-11-23 00:00:00+00:00, run_after=2025-11-30 00:00:00+00:00
[2025-11-19T21:50:46.703+0000] {processor.py:183} INFO - Processing /opt/airflow/dags/predictive_pipeline_dag.py took 3.065 seconds
[2025-11-19T21:51:17.049+0000] {processor.py:161} INFO - Started process (PID=129) to work on /opt/airflow/dags/predictive_pipeline_dag.py
[2025-11-19T21:51:17.050+0000] {processor.py:830} INFO - Processing file /opt/airflow/dags/predictive_pipeline_dag.py for tasks to queue
[2025-11-19T21:51:17.053+0000] {logging_mixin.py:188} INFO - [2025-11-19T21:51:17.052+0000] {dagbag.py:545} INFO - Filling up the DagBag from /opt/airflow/dags/predictive_pipeline_dag.py
[2025-11-19T21:51:18.947+0000] {logging_mixin.py:188} WARNING - /home/airflow/.local/lib/python3.12/site-packages/mlflow/tracking/_tracking_service/utils.py:140 FutureWarning: Filesystem tracking backend (e.g., './mlruns') is deprecated. Please switch to a database backend (e.g., 'sqlite:///mlflow.db'). For feedback, see: https://github.com/mlflow/mlflow/issues/18534
[2025-11-19T21:51:19.608+0000] {processor.py:840} INFO - DAG(s) 'predictive_pipeline_xgb' retrieved from /opt/airflow/dags/predictive_pipeline_dag.py
[2025-11-19T21:51:19.732+0000] {logging_mixin.py:188} INFO - [2025-11-19T21:51:19.731+0000] {dag.py:3096} INFO - Sync 1 DAGs
[2025-11-19T21:51:19.753+0000] {logging_mixin.py:188} INFO - [2025-11-19T21:51:19.753+0000] {dag.py:3954} INFO - Setting next_dagrun for predictive_pipeline_xgb to 2025-11-23 00:00:00+00:00, run_after=2025-11-30 00:00:00+00:00
[2025-11-19T21:51:19.807+0000] {processor.py:183} INFO - Processing /opt/airflow/dags/predictive_pipeline_dag.py took 2.765 seconds
[2025-11-19T21:51:50.135+0000] {processor.py:161} INFO - Started process (PID=139) to work on /opt/airflow/dags/predictive_pipeline_dag.py
[2025-11-19T21:51:50.137+0000] {processor.py:830} INFO - Processing file /opt/airflow/dags/predictive_pipeline_dag.py for tasks to queue
[2025-11-19T21:51:50.143+0000] {logging_mixin.py:188} INFO - [2025-11-19T21:51:50.142+0000] {dagbag.py:545} INFO - Filling up the DagBag from /opt/airflow/dags/predictive_pipeline_dag.py
[2025-11-19T21:51:52.367+0000] {logging_mixin.py:188} WARNING - /home/airflow/.local/lib/python3.12/site-packages/mlflow/tracking/_tracking_service/utils.py:140 FutureWarning: Filesystem tracking backend (e.g., './mlruns') is deprecated. Please switch to a database backend (e.g., 'sqlite:///mlflow.db'). For feedback, see: https://github.com/mlflow/mlflow/issues/18534
[2025-11-19T21:51:53.221+0000] {processor.py:840} INFO - DAG(s) 'predictive_pipeline_xgb' retrieved from /opt/airflow/dags/predictive_pipeline_dag.py
[2025-11-19T21:51:53.247+0000] {logging_mixin.py:188} INFO - [2025-11-19T21:51:53.247+0000] {dag.py:3096} INFO - Sync 1 DAGs
[2025-11-19T21:51:53.325+0000] {processor.py:183} INFO - Processing /opt/airflow/dags/predictive_pipeline_dag.py took 3.204 seconds
[2025-11-19T21:53:30.325+0000] {processor.py:161} INFO - Started process (PID=185) to work on /opt/airflow/dags/predictive_pipeline_dag.py
[2025-11-19T21:53:30.326+0000] {processor.py:830} INFO - Processing file /opt/airflow/dags/predictive_pipeline_dag.py for tasks to queue
[2025-11-19T21:53:30.327+0000] {logging_mixin.py:188} INFO - [2025-11-19T21:53:30.326+0000] {dagbag.py:545} INFO - Filling up the DagBag from /opt/airflow/dags/predictive_pipeline_dag.py
[2025-11-19T21:53:32.402+0000] {logging_mixin.py:188} WARNING - /home/airflow/.local/lib/python3.12/site-packages/mlflow/tracking/_tracking_service/utils.py:140 FutureWarning: Filesystem tracking backend (e.g., './mlruns') is deprecated. Please switch to a database backend (e.g., 'sqlite:///mlflow.db'). For feedback, see: https://github.com/mlflow/mlflow/issues/18534
[2025-11-19T21:53:33.248+0000] {processor.py:840} INFO - DAG(s) 'predictive_pipeline_xgb' retrieved from /opt/airflow/dags/predictive_pipeline_dag.py
[2025-11-19T21:53:33.277+0000] {logging_mixin.py:188} INFO - [2025-11-19T21:53:33.276+0000] {dag.py:3096} INFO - Sync 1 DAGs
[2025-11-19T21:53:33.382+0000] {processor.py:183} INFO - Processing /opt/airflow/dags/predictive_pipeline_dag.py took 3.063 seconds
[2025-11-19T21:54:03.706+0000] {processor.py:161} INFO - Started process (PID=222) to work on /opt/airflow/dags/predictive_pipeline_dag.py
[2025-11-19T21:54:03.707+0000] {processor.py:830} INFO - Processing file /opt/airflow/dags/predictive_pipeline_dag.py for tasks to queue
[2025-11-19T21:54:03.708+0000] {logging_mixin.py:188} INFO - [2025-11-19T21:54:03.708+0000] {dagbag.py:545} INFO - Filling up the DagBag from /opt/airflow/dags/predictive_pipeline_dag.py
[2025-11-19T21:54:05.723+0000] {logging_mixin.py:188} WARNING - /home/airflow/.local/lib/python3.12/site-packages/mlflow/tracking/_tracking_service/utils.py:140 FutureWarning: Filesystem tracking backend (e.g., './mlruns') is deprecated. Please switch to a database backend (e.g., 'sqlite:///mlflow.db'). For feedback, see: https://github.com/mlflow/mlflow/issues/18534
[2025-11-19T21:54:06.533+0000] {processor.py:840} INFO - DAG(s) 'predictive_pipeline_xgb' retrieved from /opt/airflow/dags/predictive_pipeline_dag.py
[2025-11-19T21:54:06.556+0000] {logging_mixin.py:188} INFO - [2025-11-19T21:54:06.556+0000] {dag.py:3096} INFO - Sync 1 DAGs
[2025-11-19T21:54:06.621+0000] {processor.py:183} INFO - Processing /opt/airflow/dags/predictive_pipeline_dag.py took 2.922 seconds
[2025-11-19T21:54:36.998+0000] {processor.py:161} INFO - Started process (PID=232) to work on /opt/airflow/dags/predictive_pipeline_dag.py
[2025-11-19T21:54:36.999+0000] {processor.py:830} INFO - Processing file /opt/airflow/dags/predictive_pipeline_dag.py for tasks to queue
[2025-11-19T21:54:37.000+0000] {logging_mixin.py:188} INFO - [2025-11-19T21:54:37.000+0000] {dagbag.py:545} INFO - Filling up the DagBag from /opt/airflow/dags/predictive_pipeline_dag.py
[2025-11-19T21:54:39.074+0000] {logging_mixin.py:188} WARNING - /home/airflow/.local/lib/python3.12/site-packages/mlflow/tracking/_tracking_service/utils.py:140 FutureWarning: Filesystem tracking backend (e.g., './mlruns') is deprecated. Please switch to a database backend (e.g., 'sqlite:///mlflow.db'). For feedback, see: https://github.com/mlflow/mlflow/issues/18534
[2025-11-19T21:54:39.983+0000] {processor.py:840} INFO - DAG(s) 'predictive_pipeline_xgb' retrieved from /opt/airflow/dags/predictive_pipeline_dag.py
[2025-11-19T21:54:40.008+0000] {logging_mixin.py:188} INFO - [2025-11-19T21:54:40.007+0000] {dag.py:3096} INFO - Sync 1 DAGs
[2025-11-19T21:54:40.082+0000] {processor.py:183} INFO - Processing /opt/airflow/dags/predictive_pipeline_dag.py took 3.021 seconds
[2025-11-19T21:55:10.437+0000] {processor.py:161} INFO - Started process (PID=242) to work on /opt/airflow/dags/predictive_pipeline_dag.py
[2025-11-19T21:55:10.438+0000] {processor.py:830} INFO - Processing file /opt/airflow/dags/predictive_pipeline_dag.py for tasks to queue
[2025-11-19T21:55:10.439+0000] {logging_mixin.py:188} INFO - [2025-11-19T21:55:10.439+0000] {dagbag.py:545} INFO - Filling up the DagBag from /opt/airflow/dags/predictive_pipeline_dag.py
[2025-11-19T21:55:12.679+0000] {logging_mixin.py:188} WARNING - /home/airflow/.local/lib/python3.12/site-packages/mlflow/tracking/_tracking_service/utils.py:140 FutureWarning: Filesystem tracking backend (e.g., './mlruns') is deprecated. Please switch to a database backend (e.g., 'sqlite:///mlflow.db'). For feedback, see: https://github.com/mlflow/mlflow/issues/18534
[2025-11-19T21:55:13.994+0000] {processor.py:840} INFO - DAG(s) 'predictive_pipeline_xgb' retrieved from /opt/airflow/dags/predictive_pipeline_dag.py
[2025-11-19T21:55:14.044+0000] {logging_mixin.py:188} INFO - [2025-11-19T21:55:14.044+0000] {dag.py:3096} INFO - Sync 1 DAGs
[2025-11-19T21:55:14.254+0000] {processor.py:183} INFO - Processing /opt/airflow/dags/predictive_pipeline_dag.py took 3.824 seconds
[2025-11-19T21:55:44.704+0000] {processor.py:161} INFO - Started process (PID=252) to work on /opt/airflow/dags/predictive_pipeline_dag.py
[2025-11-19T21:55:44.705+0000] {processor.py:830} INFO - Processing file /opt/airflow/dags/predictive_pipeline_dag.py for tasks to queue
[2025-11-19T21:55:44.706+0000] {logging_mixin.py:188} INFO - [2025-11-19T21:55:44.706+0000] {dagbag.py:545} INFO - Filling up the DagBag from /opt/airflow/dags/predictive_pipeline_dag.py
[2025-11-19T21:55:46.835+0000] {logging_mixin.py:188} WARNING - /home/airflow/.local/lib/python3.12/site-packages/mlflow/tracking/_tracking_service/utils.py:140 FutureWarning: Filesystem tracking backend (e.g., './mlruns') is deprecated. Please switch to a database backend (e.g., 'sqlite:///mlflow.db'). For feedback, see: https://github.com/mlflow/mlflow/issues/18534
[2025-11-19T21:55:47.762+0000] {processor.py:840} INFO - DAG(s) 'predictive_pipeline_xgb' retrieved from /opt/airflow/dags/predictive_pipeline_dag.py
[2025-11-19T21:55:47.790+0000] {logging_mixin.py:188} INFO - [2025-11-19T21:55:47.790+0000] {dag.py:3096} INFO - Sync 1 DAGs
[2025-11-19T21:55:47.875+0000] {processor.py:183} INFO - Processing /opt/airflow/dags/predictive_pipeline_dag.py took 3.178 seconds
[2025-11-19T21:56:18.236+0000] {processor.py:161} INFO - Started process (PID=262) to work on /opt/airflow/dags/predictive_pipeline_dag.py
[2025-11-19T21:56:18.237+0000] {processor.py:830} INFO - Processing file /opt/airflow/dags/predictive_pipeline_dag.py for tasks to queue
[2025-11-19T21:56:18.238+0000] {logging_mixin.py:188} INFO - [2025-11-19T21:56:18.238+0000] {dagbag.py:545} INFO - Filling up the DagBag from /opt/airflow/dags/predictive_pipeline_dag.py
[2025-11-19T21:56:20.263+0000] {logging_mixin.py:188} WARNING - /home/airflow/.local/lib/python3.12/site-packages/mlflow/tracking/_tracking_service/utils.py:140 FutureWarning: Filesystem tracking backend (e.g., './mlruns') is deprecated. Please switch to a database backend (e.g., 'sqlite:///mlflow.db'). For feedback, see: https://github.com/mlflow/mlflow/issues/18534
[2025-11-19T21:56:21.102+0000] {processor.py:840} INFO - DAG(s) 'predictive_pipeline_xgb' retrieved from /opt/airflow/dags/predictive_pipeline_dag.py
[2025-11-19T21:56:21.127+0000] {logging_mixin.py:188} INFO - [2025-11-19T21:56:21.126+0000] {dag.py:3096} INFO - Sync 1 DAGs
[2025-11-19T21:56:21.192+0000] {processor.py:183} INFO - Processing /opt/airflow/dags/predictive_pipeline_dag.py took 2.963 seconds
[2025-11-19T21:56:51.507+0000] {processor.py:161} INFO - Started process (PID=272) to work on /opt/airflow/dags/predictive_pipeline_dag.py
[2025-11-19T21:56:51.508+0000] {processor.py:830} INFO - Processing file /opt/airflow/dags/predictive_pipeline_dag.py for tasks to queue
[2025-11-19T21:56:51.509+0000] {logging_mixin.py:188} INFO - [2025-11-19T21:56:51.509+0000] {dagbag.py:545} INFO - Filling up the DagBag from /opt/airflow/dags/predictive_pipeline_dag.py
[2025-11-19T21:56:53.406+0000] {logging_mixin.py:188} WARNING - /home/airflow/.local/lib/python3.12/site-packages/mlflow/tracking/_tracking_service/utils.py:140 FutureWarning: Filesystem tracking backend (e.g., './mlruns') is deprecated. Please switch to a database backend (e.g., 'sqlite:///mlflow.db'). For feedback, see: https://github.com/mlflow/mlflow/issues/18534
[2025-11-19T21:56:54.267+0000] {processor.py:840} INFO - DAG(s) 'predictive_pipeline_xgb' retrieved from /opt/airflow/dags/predictive_pipeline_dag.py
[2025-11-19T21:56:54.289+0000] {logging_mixin.py:188} INFO - [2025-11-19T21:56:54.289+0000] {dag.py:3096} INFO - Sync 1 DAGs
[2025-11-19T21:56:54.355+0000] {processor.py:183} INFO - Processing /opt/airflow/dags/predictive_pipeline_dag.py took 2.854 seconds
[2025-11-19T21:57:24.712+0000] {processor.py:161} INFO - Started process (PID=282) to work on /opt/airflow/dags/predictive_pipeline_dag.py
[2025-11-19T21:57:24.713+0000] {processor.py:830} INFO - Processing file /opt/airflow/dags/predictive_pipeline_dag.py for tasks to queue
[2025-11-19T21:57:24.714+0000] {logging_mixin.py:188} INFO - [2025-11-19T21:57:24.713+0000] {dagbag.py:545} INFO - Filling up the DagBag from /opt/airflow/dags/predictive_pipeline_dag.py
[2025-11-19T21:57:26.780+0000] {logging_mixin.py:188} WARNING - /home/airflow/.local/lib/python3.12/site-packages/mlflow/tracking/_tracking_service/utils.py:140 FutureWarning: Filesystem tracking backend (e.g., './mlruns') is deprecated. Please switch to a database backend (e.g., 'sqlite:///mlflow.db'). For feedback, see: https://github.com/mlflow/mlflow/issues/18534
[2025-11-19T21:57:27.723+0000] {processor.py:840} INFO - DAG(s) 'predictive_pipeline_xgb' retrieved from /opt/airflow/dags/predictive_pipeline_dag.py
[2025-11-19T21:57:27.752+0000] {logging_mixin.py:188} INFO - [2025-11-19T21:57:27.751+0000] {dag.py:3096} INFO - Sync 1 DAGs
[2025-11-19T21:57:27.838+0000] {processor.py:183} INFO - Processing /opt/airflow/dags/predictive_pipeline_dag.py took 3.133 seconds
[2025-11-19T21:57:58.051+0000] {processor.py:161} INFO - Started process (PID=292) to work on /opt/airflow/dags/predictive_pipeline_dag.py
[2025-11-19T21:57:58.052+0000] {processor.py:830} INFO - Processing file /opt/airflow/dags/predictive_pipeline_dag.py for tasks to queue
[2025-11-19T21:57:58.053+0000] {logging_mixin.py:188} INFO - [2025-11-19T21:57:58.052+0000] {dagbag.py:545} INFO - Filling up the DagBag from /opt/airflow/dags/predictive_pipeline_dag.py
[2025-11-19T21:57:59.870+0000] {logging_mixin.py:188} WARNING - /home/airflow/.local/lib/python3.12/site-packages/mlflow/tracking/_tracking_service/utils.py:140 FutureWarning: Filesystem tracking backend (e.g., './mlruns') is deprecated. Please switch to a database backend (e.g., 'sqlite:///mlflow.db'). For feedback, see: https://github.com/mlflow/mlflow/issues/18534
[2025-11-19T21:58:00.629+0000] {processor.py:840} INFO - DAG(s) 'predictive_pipeline_xgb' retrieved from /opt/airflow/dags/predictive_pipeline_dag.py
[2025-11-19T21:58:00.653+0000] {logging_mixin.py:188} INFO - [2025-11-19T21:58:00.653+0000] {dag.py:3096} INFO - Sync 1 DAGs
[2025-11-19T21:58:00.717+0000] {processor.py:183} INFO - Processing /opt/airflow/dags/predictive_pipeline_dag.py took 2.673 seconds
[2025-11-19T21:58:30.921+0000] {processor.py:161} INFO - Started process (PID=302) to work on /opt/airflow/dags/predictive_pipeline_dag.py
[2025-11-19T21:58:30.922+0000] {processor.py:830} INFO - Processing file /opt/airflow/dags/predictive_pipeline_dag.py for tasks to queue
[2025-11-19T21:58:30.923+0000] {logging_mixin.py:188} INFO - [2025-11-19T21:58:30.922+0000] {dagbag.py:545} INFO - Filling up the DagBag from /opt/airflow/dags/predictive_pipeline_dag.py
[2025-11-19T21:58:32.773+0000] {logging_mixin.py:188} WARNING - /home/airflow/.local/lib/python3.12/site-packages/mlflow/tracking/_tracking_service/utils.py:140 FutureWarning: Filesystem tracking backend (e.g., './mlruns') is deprecated. Please switch to a database backend (e.g., 'sqlite:///mlflow.db'). For feedback, see: https://github.com/mlflow/mlflow/issues/18534
[2025-11-19T21:58:33.544+0000] {processor.py:840} INFO - DAG(s) 'predictive_pipeline_xgb' retrieved from /opt/airflow/dags/predictive_pipeline_dag.py
[2025-11-19T21:58:33.566+0000] {logging_mixin.py:188} INFO - [2025-11-19T21:58:33.565+0000] {dag.py:3096} INFO - Sync 1 DAGs
[2025-11-19T21:58:33.630+0000] {processor.py:183} INFO - Processing /opt/airflow/dags/predictive_pipeline_dag.py took 2.716 seconds
[2025-11-19T21:59:12.129+0000] {processor.py:161} INFO - Started process (PID=339) to work on /opt/airflow/dags/predictive_pipeline_dag.py
[2025-11-19T21:59:12.131+0000] {processor.py:830} INFO - Processing file /opt/airflow/dags/predictive_pipeline_dag.py for tasks to queue
[2025-11-19T21:59:12.132+0000] {logging_mixin.py:188} INFO - [2025-11-19T21:59:12.131+0000] {dagbag.py:545} INFO - Filling up the DagBag from /opt/airflow/dags/predictive_pipeline_dag.py
[2025-11-19T21:59:14.021+0000] {logging_mixin.py:188} WARNING - /home/airflow/.local/lib/python3.12/site-packages/mlflow/tracking/_tracking_service/utils.py:140 FutureWarning: Filesystem tracking backend (e.g., './mlruns') is deprecated. Please switch to a database backend (e.g., 'sqlite:///mlflow.db'). For feedback, see: https://github.com/mlflow/mlflow/issues/18534
[2025-11-19T21:59:14.840+0000] {processor.py:840} INFO - DAG(s) 'predictive_pipeline_xgb' retrieved from /opt/airflow/dags/predictive_pipeline_dag.py
[2025-11-19T21:59:14.863+0000] {logging_mixin.py:188} INFO - [2025-11-19T21:59:14.863+0000] {dag.py:3096} INFO - Sync 1 DAGs
[2025-11-19T21:59:14.929+0000] {processor.py:183} INFO - Processing /opt/airflow/dags/predictive_pipeline_dag.py took 2.806 seconds
[2025-11-19T21:59:46.158+0000] {processor.py:161} INFO - Started process (PID=349) to work on /opt/airflow/dags/predictive_pipeline_dag.py
[2025-11-19T21:59:46.159+0000] {processor.py:830} INFO - Processing file /opt/airflow/dags/predictive_pipeline_dag.py for tasks to queue
[2025-11-19T21:59:46.160+0000] {logging_mixin.py:188} INFO - [2025-11-19T21:59:46.159+0000] {dagbag.py:545} INFO - Filling up the DagBag from /opt/airflow/dags/predictive_pipeline_dag.py
[2025-11-19T21:59:48.105+0000] {logging_mixin.py:188} WARNING - /home/airflow/.local/lib/python3.12/site-packages/mlflow/tracking/_tracking_service/utils.py:140 FutureWarning: Filesystem tracking backend (e.g., './mlruns') is deprecated. Please switch to a database backend (e.g., 'sqlite:///mlflow.db'). For feedback, see: https://github.com/mlflow/mlflow/issues/18534
[2025-11-19T21:59:48.844+0000] {processor.py:840} INFO - DAG(s) 'predictive_pipeline_xgb' retrieved from /opt/airflow/dags/predictive_pipeline_dag.py
[2025-11-19T21:59:48.868+0000] {logging_mixin.py:188} INFO - [2025-11-19T21:59:48.867+0000] {dag.py:3096} INFO - Sync 1 DAGs
[2025-11-19T21:59:48.930+0000] {processor.py:183} INFO - Processing /opt/airflow/dags/predictive_pipeline_dag.py took 2.778 seconds
[2025-11-19T22:00:19.054+0000] {processor.py:161} INFO - Started process (PID=359) to work on /opt/airflow/dags/predictive_pipeline_dag.py
[2025-11-19T22:00:19.054+0000] {processor.py:830} INFO - Processing file /opt/airflow/dags/predictive_pipeline_dag.py for tasks to queue
[2025-11-19T22:00:19.055+0000] {logging_mixin.py:188} INFO - [2025-11-19T22:00:19.055+0000] {dagbag.py:545} INFO - Filling up the DagBag from /opt/airflow/dags/predictive_pipeline_dag.py
[2025-11-19T22:00:20.851+0000] {logging_mixin.py:188} WARNING - /home/airflow/.local/lib/python3.12/site-packages/mlflow/tracking/_tracking_service/utils.py:140 FutureWarning: Filesystem tracking backend (e.g., './mlruns') is deprecated. Please switch to a database backend (e.g., 'sqlite:///mlflow.db'). For feedback, see: https://github.com/mlflow/mlflow/issues/18534
[2025-11-19T22:00:21.586+0000] {processor.py:840} INFO - DAG(s) 'predictive_pipeline_xgb' retrieved from /opt/airflow/dags/predictive_pipeline_dag.py
[2025-11-19T22:00:21.609+0000] {logging_mixin.py:188} INFO - [2025-11-19T22:00:21.609+0000] {dag.py:3096} INFO - Sync 1 DAGs
[2025-11-19T22:00:21.670+0000] {processor.py:183} INFO - Processing /opt/airflow/dags/predictive_pipeline_dag.py took 2.622 seconds
[2025-11-19T22:00:51.911+0000] {processor.py:161} INFO - Started process (PID=369) to work on /opt/airflow/dags/predictive_pipeline_dag.py
[2025-11-19T22:00:51.912+0000] {processor.py:830} INFO - Processing file /opt/airflow/dags/predictive_pipeline_dag.py for tasks to queue
[2025-11-19T22:00:51.913+0000] {logging_mixin.py:188} INFO - [2025-11-19T22:00:51.913+0000] {dagbag.py:545} INFO - Filling up the DagBag from /opt/airflow/dags/predictive_pipeline_dag.py
[2025-11-19T22:00:53.716+0000] {logging_mixin.py:188} WARNING - /home/airflow/.local/lib/python3.12/site-packages/mlflow/tracking/_tracking_service/utils.py:140 FutureWarning: Filesystem tracking backend (e.g., './mlruns') is deprecated. Please switch to a database backend (e.g., 'sqlite:///mlflow.db'). For feedback, see: https://github.com/mlflow/mlflow/issues/18534
[2025-11-19T22:00:54.476+0000] {processor.py:840} INFO - DAG(s) 'predictive_pipeline_xgb' retrieved from /opt/airflow/dags/predictive_pipeline_dag.py
[2025-11-19T22:00:54.499+0000] {logging_mixin.py:188} INFO - [2025-11-19T22:00:54.499+0000] {dag.py:3096} INFO - Sync 1 DAGs
[2025-11-19T22:00:54.563+0000] {processor.py:183} INFO - Processing /opt/airflow/dags/predictive_pipeline_dag.py took 2.659 seconds
[2025-11-19T22:01:24.970+0000] {processor.py:161} INFO - Started process (PID=379) to work on /opt/airflow/dags/predictive_pipeline_dag.py
[2025-11-19T22:01:24.971+0000] {processor.py:830} INFO - Processing file /opt/airflow/dags/predictive_pipeline_dag.py for tasks to queue
[2025-11-19T22:01:24.972+0000] {logging_mixin.py:188} INFO - [2025-11-19T22:01:24.972+0000] {dagbag.py:545} INFO - Filling up the DagBag from /opt/airflow/dags/predictive_pipeline_dag.py
[2025-11-19T22:01:26.979+0000] {logging_mixin.py:188} WARNING - /home/airflow/.local/lib/python3.12/site-packages/mlflow/tracking/_tracking_service/utils.py:140 FutureWarning: Filesystem tracking backend (e.g., './mlruns') is deprecated. Please switch to a database backend (e.g., 'sqlite:///mlflow.db'). For feedback, see: https://github.com/mlflow/mlflow/issues/18534
[2025-11-19T22:01:27.764+0000] {processor.py:840} INFO - DAG(s) 'predictive_pipeline_xgb' retrieved from /opt/airflow/dags/predictive_pipeline_dag.py
[2025-11-19T22:01:27.786+0000] {logging_mixin.py:188} INFO - [2025-11-19T22:01:27.786+0000] {dag.py:3096} INFO - Sync 1 DAGs
[2025-11-19T22:01:27.849+0000] {processor.py:183} INFO - Processing /opt/airflow/dags/predictive_pipeline_dag.py took 2.888 seconds
[2025-11-19T22:01:57.978+0000] {processor.py:161} INFO - Started process (PID=389) to work on /opt/airflow/dags/predictive_pipeline_dag.py
[2025-11-19T22:01:57.979+0000] {processor.py:830} INFO - Processing file /opt/airflow/dags/predictive_pipeline_dag.py for tasks to queue
[2025-11-19T22:01:57.981+0000] {logging_mixin.py:188} INFO - [2025-11-19T22:01:57.980+0000] {dagbag.py:545} INFO - Filling up the DagBag from /opt/airflow/dags/predictive_pipeline_dag.py
[2025-11-19T22:01:59.937+0000] {logging_mixin.py:188} WARNING - /home/airflow/.local/lib/python3.12/site-packages/mlflow/tracking/_tracking_service/utils.py:140 FutureWarning: Filesystem tracking backend (e.g., './mlruns') is deprecated. Please switch to a database backend (e.g., 'sqlite:///mlflow.db'). For feedback, see: https://github.com/mlflow/mlflow/issues/18534
[2025-11-19T22:02:00.817+0000] {processor.py:840} INFO - DAG(s) 'predictive_pipeline_xgb' retrieved from /opt/airflow/dags/predictive_pipeline_dag.py
[2025-11-19T22:02:00.840+0000] {logging_mixin.py:188} INFO - [2025-11-19T22:02:00.840+0000] {dag.py:3096} INFO - Sync 1 DAGs
[2025-11-19T22:02:00.908+0000] {processor.py:183} INFO - Processing /opt/airflow/dags/predictive_pipeline_dag.py took 2.941 seconds
[2025-11-19T22:02:31.121+0000] {processor.py:161} INFO - Started process (PID=399) to work on /opt/airflow/dags/predictive_pipeline_dag.py
[2025-11-19T22:02:31.122+0000] {processor.py:830} INFO - Processing file /opt/airflow/dags/predictive_pipeline_dag.py for tasks to queue
[2025-11-19T22:02:31.123+0000] {logging_mixin.py:188} INFO - [2025-11-19T22:02:31.123+0000] {dagbag.py:545} INFO - Filling up the DagBag from /opt/airflow/dags/predictive_pipeline_dag.py
[2025-11-19T22:02:33.128+0000] {logging_mixin.py:188} WARNING - /home/airflow/.local/lib/python3.12/site-packages/mlflow/tracking/_tracking_service/utils.py:140 FutureWarning: Filesystem tracking backend (e.g., './mlruns') is deprecated. Please switch to a database backend (e.g., 'sqlite:///mlflow.db'). For feedback, see: https://github.com/mlflow/mlflow/issues/18534
[2025-11-19T22:02:33.975+0000] {processor.py:840} INFO - DAG(s) 'predictive_pipeline_xgb' retrieved from /opt/airflow/dags/predictive_pipeline_dag.py
[2025-11-19T22:02:33.997+0000] {logging_mixin.py:188} INFO - [2025-11-19T22:02:33.997+0000] {dag.py:3096} INFO - Sync 1 DAGs
[2025-11-19T22:02:34.060+0000] {processor.py:183} INFO - Processing /opt/airflow/dags/predictive_pipeline_dag.py took 2.945 seconds
[2025-11-19T22:03:04.174+0000] {processor.py:161} INFO - Started process (PID=409) to work on /opt/airflow/dags/predictive_pipeline_dag.py
[2025-11-19T22:03:04.175+0000] {processor.py:830} INFO - Processing file /opt/airflow/dags/predictive_pipeline_dag.py for tasks to queue
[2025-11-19T22:03:04.176+0000] {logging_mixin.py:188} INFO - [2025-11-19T22:03:04.175+0000] {dagbag.py:545} INFO - Filling up the DagBag from /opt/airflow/dags/predictive_pipeline_dag.py
[2025-11-19T22:03:05.959+0000] {logging_mixin.py:188} WARNING - /home/airflow/.local/lib/python3.12/site-packages/mlflow/tracking/_tracking_service/utils.py:140 FutureWarning: Filesystem tracking backend (e.g., './mlruns') is deprecated. Please switch to a database backend (e.g., 'sqlite:///mlflow.db'). For feedback, see: https://github.com/mlflow/mlflow/issues/18534
[2025-11-19T22:03:06.699+0000] {processor.py:840} INFO - DAG(s) 'predictive_pipeline_xgb' retrieved from /opt/airflow/dags/predictive_pipeline_dag.py
[2025-11-19T22:03:06.722+0000] {logging_mixin.py:188} INFO - [2025-11-19T22:03:06.721+0000] {dag.py:3096} INFO - Sync 1 DAGs
[2025-11-19T22:03:06.784+0000] {processor.py:183} INFO - Processing /opt/airflow/dags/predictive_pipeline_dag.py took 2.616 seconds
[2025-11-19T22:03:37.206+0000] {processor.py:161} INFO - Started process (PID=419) to work on /opt/airflow/dags/predictive_pipeline_dag.py
[2025-11-19T22:03:37.206+0000] {processor.py:830} INFO - Processing file /opt/airflow/dags/predictive_pipeline_dag.py for tasks to queue
[2025-11-19T22:03:37.207+0000] {logging_mixin.py:188} INFO - [2025-11-19T22:03:37.207+0000] {dagbag.py:545} INFO - Filling up the DagBag from /opt/airflow/dags/predictive_pipeline_dag.py
[2025-11-19T22:03:39.034+0000] {logging_mixin.py:188} WARNING - /home/airflow/.local/lib/python3.12/site-packages/mlflow/tracking/_tracking_service/utils.py:140 FutureWarning: Filesystem tracking backend (e.g., './mlruns') is deprecated. Please switch to a database backend (e.g., 'sqlite:///mlflow.db'). For feedback, see: https://github.com/mlflow/mlflow/issues/18534
[2025-11-19T22:03:39.795+0000] {processor.py:840} INFO - DAG(s) 'predictive_pipeline_xgb' retrieved from /opt/airflow/dags/predictive_pipeline_dag.py
[2025-11-19T22:03:39.819+0000] {logging_mixin.py:188} INFO - [2025-11-19T22:03:39.818+0000] {dag.py:3096} INFO - Sync 1 DAGs
[2025-11-19T22:03:39.881+0000] {processor.py:183} INFO - Processing /opt/airflow/dags/predictive_pipeline_dag.py took 2.681 seconds
[2025-11-19T22:04:10.016+0000] {processor.py:161} INFO - Started process (PID=429) to work on /opt/airflow/dags/predictive_pipeline_dag.py
[2025-11-19T22:04:10.017+0000] {processor.py:830} INFO - Processing file /opt/airflow/dags/predictive_pipeline_dag.py for tasks to queue
[2025-11-19T22:04:10.018+0000] {logging_mixin.py:188} INFO - [2025-11-19T22:04:10.017+0000] {dagbag.py:545} INFO - Filling up the DagBag from /opt/airflow/dags/predictive_pipeline_dag.py
[2025-11-19T22:04:11.912+0000] {logging_mixin.py:188} WARNING - /home/airflow/.local/lib/python3.12/site-packages/mlflow/tracking/_tracking_service/utils.py:140 FutureWarning: Filesystem tracking backend (e.g., './mlruns') is deprecated. Please switch to a database backend (e.g., 'sqlite:///mlflow.db'). For feedback, see: https://github.com/mlflow/mlflow/issues/18534
[2025-11-19T22:04:12.676+0000] {processor.py:840} INFO - DAG(s) 'predictive_pipeline_xgb' retrieved from /opt/airflow/dags/predictive_pipeline_dag.py
[2025-11-19T22:04:12.700+0000] {logging_mixin.py:188} INFO - [2025-11-19T22:04:12.699+0000] {dag.py:3096} INFO - Sync 1 DAGs
[2025-11-19T22:04:12.765+0000] {processor.py:183} INFO - Processing /opt/airflow/dags/predictive_pipeline_dag.py took 2.677 seconds
[2025-11-19T22:04:43.649+0000] {processor.py:161} INFO - Started process (PID=466) to work on /opt/airflow/dags/predictive_pipeline_dag.py
[2025-11-19T22:04:43.650+0000] {processor.py:830} INFO - Processing file /opt/airflow/dags/predictive_pipeline_dag.py for tasks to queue
[2025-11-19T22:04:43.652+0000] {logging_mixin.py:188} INFO - [2025-11-19T22:04:43.651+0000] {dagbag.py:545} INFO - Filling up the DagBag from /opt/airflow/dags/predictive_pipeline_dag.py
[2025-11-19T22:04:45.860+0000] {logging_mixin.py:188} WARNING - /home/airflow/.local/lib/python3.12/site-packages/mlflow/tracking/_tracking_service/utils.py:140 FutureWarning: Filesystem tracking backend (e.g., './mlruns') is deprecated. Please switch to a database backend (e.g., 'sqlite:///mlflow.db'). For feedback, see: https://github.com/mlflow/mlflow/issues/18534
[2025-11-19T22:04:46.714+0000] {processor.py:840} INFO - DAG(s) 'predictive_pipeline_xgb' retrieved from /opt/airflow/dags/predictive_pipeline_dag.py
[2025-11-19T22:04:46.739+0000] {logging_mixin.py:188} INFO - [2025-11-19T22:04:46.739+0000] {dag.py:3096} INFO - Sync 1 DAGs
[2025-11-19T22:04:46.758+0000] {logging_mixin.py:188} INFO - [2025-11-19T22:04:46.758+0000] {dag.py:3954} INFO - Setting next_dagrun for predictive_pipeline_xgb to 2025-11-23 00:00:00+00:00, run_after=2025-11-30 00:00:00+00:00
[2025-11-19T22:04:46.829+0000] {processor.py:183} INFO - Processing /opt/airflow/dags/predictive_pipeline_dag.py took 3.187 seconds
[2025-11-19T22:05:16.970+0000] {processor.py:161} INFO - Started process (PID=476) to work on /opt/airflow/dags/predictive_pipeline_dag.py
[2025-11-19T22:05:16.971+0000] {processor.py:830} INFO - Processing file /opt/airflow/dags/predictive_pipeline_dag.py for tasks to queue
[2025-11-19T22:05:16.973+0000] {logging_mixin.py:188} INFO - [2025-11-19T22:05:16.972+0000] {dagbag.py:545} INFO - Filling up the DagBag from /opt/airflow/dags/predictive_pipeline_dag.py
[2025-11-19T22:05:18.916+0000] {logging_mixin.py:188} WARNING - /home/airflow/.local/lib/python3.12/site-packages/mlflow/tracking/_tracking_service/utils.py:140 FutureWarning: Filesystem tracking backend (e.g., './mlruns') is deprecated. Please switch to a database backend (e.g., 'sqlite:///mlflow.db'). For feedback, see: https://github.com/mlflow/mlflow/issues/18534
[2025-11-19T22:05:19.740+0000] {processor.py:840} INFO - DAG(s) 'predictive_pipeline_xgb' retrieved from /opt/airflow/dags/predictive_pipeline_dag.py
[2025-11-19T22:05:19.767+0000] {logging_mixin.py:188} INFO - [2025-11-19T22:05:19.767+0000] {dag.py:3096} INFO - Sync 1 DAGs
[2025-11-19T22:05:19.789+0000] {logging_mixin.py:188} INFO - [2025-11-19T22:05:19.789+0000] {dag.py:3954} INFO - Setting next_dagrun for predictive_pipeline_xgb to 2025-11-23 00:00:00+00:00, run_after=2025-11-30 00:00:00+00:00
[2025-11-19T22:05:19.850+0000] {processor.py:183} INFO - Processing /opt/airflow/dags/predictive_pipeline_dag.py took 2.889 seconds
[2025-11-19T22:05:49.985+0000] {processor.py:161} INFO - Started process (PID=486) to work on /opt/airflow/dags/predictive_pipeline_dag.py
[2025-11-19T22:05:49.986+0000] {processor.py:830} INFO - Processing file /opt/airflow/dags/predictive_pipeline_dag.py for tasks to queue
[2025-11-19T22:05:49.986+0000] {logging_mixin.py:188} INFO - [2025-11-19T22:05:49.986+0000] {dagbag.py:545} INFO - Filling up the DagBag from /opt/airflow/dags/predictive_pipeline_dag.py
[2025-11-19T22:05:51.948+0000] {logging_mixin.py:188} WARNING - /home/airflow/.local/lib/python3.12/site-packages/mlflow/tracking/_tracking_service/utils.py:140 FutureWarning: Filesystem tracking backend (e.g., './mlruns') is deprecated. Please switch to a database backend (e.g., 'sqlite:///mlflow.db'). For feedback, see: https://github.com/mlflow/mlflow/issues/18534
[2025-11-19T22:05:52.828+0000] {processor.py:840} INFO - DAG(s) 'predictive_pipeline_xgb' retrieved from /opt/airflow/dags/predictive_pipeline_dag.py
[2025-11-19T22:05:52.850+0000] {logging_mixin.py:188} INFO - [2025-11-19T22:05:52.850+0000] {dag.py:3096} INFO - Sync 1 DAGs
[2025-11-19T22:05:52.870+0000] {logging_mixin.py:188} INFO - [2025-11-19T22:05:52.870+0000] {dag.py:3954} INFO - Setting next_dagrun for predictive_pipeline_xgb to 2025-11-23 00:00:00+00:00, run_after=2025-11-30 00:00:00+00:00
[2025-11-19T22:05:52.921+0000] {processor.py:183} INFO - Processing /opt/airflow/dags/predictive_pipeline_dag.py took 2.943 seconds
[2025-11-19T22:06:23.291+0000] {processor.py:161} INFO - Started process (PID=496) to work on /opt/airflow/dags/predictive_pipeline_dag.py
[2025-11-19T22:06:23.292+0000] {processor.py:830} INFO - Processing file /opt/airflow/dags/predictive_pipeline_dag.py for tasks to queue
[2025-11-19T22:06:23.292+0000] {logging_mixin.py:188} INFO - [2025-11-19T22:06:23.292+0000] {dagbag.py:545} INFO - Filling up the DagBag from /opt/airflow/dags/predictive_pipeline_dag.py
[2025-11-19T22:06:25.082+0000] {logging_mixin.py:188} WARNING - /home/airflow/.local/lib/python3.12/site-packages/mlflow/tracking/_tracking_service/utils.py:140 FutureWarning: Filesystem tracking backend (e.g., './mlruns') is deprecated. Please switch to a database backend (e.g., 'sqlite:///mlflow.db'). For feedback, see: https://github.com/mlflow/mlflow/issues/18534
[2025-11-19T22:06:25.814+0000] {processor.py:840} INFO - DAG(s) 'predictive_pipeline_xgb' retrieved from /opt/airflow/dags/predictive_pipeline_dag.py
[2025-11-19T22:06:25.836+0000] {logging_mixin.py:188} INFO - [2025-11-19T22:06:25.836+0000] {dag.py:3096} INFO - Sync 1 DAGs
[2025-11-19T22:06:25.856+0000] {logging_mixin.py:188} INFO - [2025-11-19T22:06:25.856+0000] {dag.py:3954} INFO - Setting next_dagrun for predictive_pipeline_xgb to 2025-11-23 00:00:00+00:00, run_after=2025-11-30 00:00:00+00:00
[2025-11-19T22:06:25.902+0000] {processor.py:183} INFO - Processing /opt/airflow/dags/predictive_pipeline_dag.py took 2.618 seconds
[2025-11-19T22:06:56.290+0000] {processor.py:161} INFO - Started process (PID=506) to work on /opt/airflow/dags/predictive_pipeline_dag.py
[2025-11-19T22:06:56.291+0000] {processor.py:830} INFO - Processing file /opt/airflow/dags/predictive_pipeline_dag.py for tasks to queue
[2025-11-19T22:06:56.292+0000] {logging_mixin.py:188} INFO - [2025-11-19T22:06:56.292+0000] {dagbag.py:545} INFO - Filling up the DagBag from /opt/airflow/dags/predictive_pipeline_dag.py
[2025-11-19T22:06:58.591+0000] {logging_mixin.py:188} WARNING - /home/airflow/.local/lib/python3.12/site-packages/mlflow/tracking/_tracking_service/utils.py:140 FutureWarning: Filesystem tracking backend (e.g., './mlruns') is deprecated. Please switch to a database backend (e.g., 'sqlite:///mlflow.db'). For feedback, see: https://github.com/mlflow/mlflow/issues/18534
[2025-11-19T22:06:59.390+0000] {processor.py:840} INFO - DAG(s) 'predictive_pipeline_xgb' retrieved from /opt/airflow/dags/predictive_pipeline_dag.py
[2025-11-19T22:06:59.411+0000] {logging_mixin.py:188} INFO - [2025-11-19T22:06:59.411+0000] {dag.py:3096} INFO - Sync 1 DAGs
[2025-11-19T22:06:59.430+0000] {logging_mixin.py:188} INFO - [2025-11-19T22:06:59.430+0000] {dag.py:3954} INFO - Setting next_dagrun for predictive_pipeline_xgb to 2025-11-23 00:00:00+00:00, run_after=2025-11-30 00:00:00+00:00
[2025-11-19T22:06:59.477+0000] {processor.py:183} INFO - Processing /opt/airflow/dags/predictive_pipeline_dag.py took 3.192 seconds
[2025-11-19T22:08:52.918+0000] {processor.py:161} INFO - Started process (PID=551) to work on /opt/airflow/dags/predictive_pipeline_dag.py
[2025-11-19T22:08:52.919+0000] {processor.py:830} INFO - Processing file /opt/airflow/dags/predictive_pipeline_dag.py for tasks to queue
[2025-11-19T22:08:52.920+0000] {logging_mixin.py:188} INFO - [2025-11-19T22:08:52.919+0000] {dagbag.py:545} INFO - Filling up the DagBag from /opt/airflow/dags/predictive_pipeline_dag.py
[2025-11-19T22:08:55.023+0000] {logging_mixin.py:188} WARNING - /home/airflow/.local/lib/python3.12/site-packages/mlflow/tracking/_tracking_service/utils.py:140 FutureWarning: Filesystem tracking backend (e.g., './mlruns') is deprecated. Please switch to a database backend (e.g., 'sqlite:///mlflow.db'). For feedback, see: https://github.com/mlflow/mlflow/issues/18534
[2025-11-19T22:08:55.969+0000] {processor.py:840} INFO - DAG(s) 'predictive_pipeline_xgb' retrieved from /opt/airflow/dags/predictive_pipeline_dag.py
[2025-11-19T22:08:55.993+0000] {logging_mixin.py:188} INFO - [2025-11-19T22:08:55.993+0000] {dag.py:3096} INFO - Sync 1 DAGs
[2025-11-19T22:08:56.062+0000] {processor.py:183} INFO - Processing /opt/airflow/dags/predictive_pipeline_dag.py took 3.149 seconds
[2025-11-19T22:09:26.736+0000] {processor.py:161} INFO - Started process (PID=579) to work on /opt/airflow/dags/predictive_pipeline_dag.py
[2025-11-19T22:09:26.737+0000] {processor.py:830} INFO - Processing file /opt/airflow/dags/predictive_pipeline_dag.py for tasks to queue
[2025-11-19T22:09:26.738+0000] {logging_mixin.py:188} INFO - [2025-11-19T22:09:26.738+0000] {dagbag.py:545} INFO - Filling up the DagBag from /opt/airflow/dags/predictive_pipeline_dag.py
[2025-11-19T22:09:28.639+0000] {logging_mixin.py:188} WARNING - /home/airflow/.local/lib/python3.12/site-packages/mlflow/tracking/_tracking_service/utils.py:140 FutureWarning: Filesystem tracking backend (e.g., './mlruns') is deprecated. Please switch to a database backend (e.g., 'sqlite:///mlflow.db'). For feedback, see: https://github.com/mlflow/mlflow/issues/18534
[2025-11-19T22:09:29.459+0000] {processor.py:840} INFO - DAG(s) 'predictive_pipeline_xgb' retrieved from /opt/airflow/dags/predictive_pipeline_dag.py
[2025-11-19T22:09:29.484+0000] {logging_mixin.py:188} INFO - [2025-11-19T22:09:29.483+0000] {dag.py:3096} INFO - Sync 1 DAGs
[2025-11-19T22:09:29.550+0000] {processor.py:183} INFO - Processing /opt/airflow/dags/predictive_pipeline_dag.py took 2.820 seconds
[2025-11-19T22:09:59.895+0000] {processor.py:161} INFO - Started process (PID=589) to work on /opt/airflow/dags/predictive_pipeline_dag.py
[2025-11-19T22:09:59.897+0000] {processor.py:830} INFO - Processing file /opt/airflow/dags/predictive_pipeline_dag.py for tasks to queue
[2025-11-19T22:09:59.898+0000] {logging_mixin.py:188} INFO - [2025-11-19T22:09:59.898+0000] {dagbag.py:545} INFO - Filling up the DagBag from /opt/airflow/dags/predictive_pipeline_dag.py
[2025-11-19T22:10:01.915+0000] {logging_mixin.py:188} WARNING - /home/airflow/.local/lib/python3.12/site-packages/mlflow/tracking/_tracking_service/utils.py:140 FutureWarning: Filesystem tracking backend (e.g., './mlruns') is deprecated. Please switch to a database backend (e.g., 'sqlite:///mlflow.db'). For feedback, see: https://github.com/mlflow/mlflow/issues/18534
[2025-11-19T22:10:02.746+0000] {processor.py:840} INFO - DAG(s) 'predictive_pipeline_xgb' retrieved from /opt/airflow/dags/predictive_pipeline_dag.py
[2025-11-19T22:10:02.770+0000] {logging_mixin.py:188} INFO - [2025-11-19T22:10:02.770+0000] {dag.py:3096} INFO - Sync 1 DAGs
[2025-11-19T22:10:02.837+0000] {processor.py:183} INFO - Processing /opt/airflow/dags/predictive_pipeline_dag.py took 2.950 seconds
[2025-11-19T22:10:33.131+0000] {processor.py:161} INFO - Started process (PID=599) to work on /opt/airflow/dags/predictive_pipeline_dag.py
[2025-11-19T22:10:33.133+0000] {processor.py:830} INFO - Processing file /opt/airflow/dags/predictive_pipeline_dag.py for tasks to queue
[2025-11-19T22:10:33.134+0000] {logging_mixin.py:188} INFO - [2025-11-19T22:10:33.134+0000] {dagbag.py:545} INFO - Filling up the DagBag from /opt/airflow/dags/predictive_pipeline_dag.py
[2025-11-19T22:10:35.093+0000] {logging_mixin.py:188} WARNING - /home/airflow/.local/lib/python3.12/site-packages/mlflow/tracking/_tracking_service/utils.py:140 FutureWarning: Filesystem tracking backend (e.g., './mlruns') is deprecated. Please switch to a database backend (e.g., 'sqlite:///mlflow.db'). For feedback, see: https://github.com/mlflow/mlflow/issues/18534
[2025-11-19T22:10:36.001+0000] {processor.py:840} INFO - DAG(s) 'predictive_pipeline_xgb' retrieved from /opt/airflow/dags/predictive_pipeline_dag.py
[2025-11-19T22:10:36.032+0000] {logging_mixin.py:188} INFO - [2025-11-19T22:10:36.032+0000] {dag.py:3096} INFO - Sync 1 DAGs
[2025-11-19T22:10:36.140+0000] {processor.py:183} INFO - Processing /opt/airflow/dags/predictive_pipeline_dag.py took 3.016 seconds
[2025-11-19T22:11:06.443+0000] {processor.py:161} INFO - Started process (PID=609) to work on /opt/airflow/dags/predictive_pipeline_dag.py
[2025-11-19T22:11:06.444+0000] {processor.py:830} INFO - Processing file /opt/airflow/dags/predictive_pipeline_dag.py for tasks to queue
[2025-11-19T22:11:06.446+0000] {logging_mixin.py:188} INFO - [2025-11-19T22:11:06.445+0000] {dagbag.py:545} INFO - Filling up the DagBag from /opt/airflow/dags/predictive_pipeline_dag.py
[2025-11-19T22:11:08.633+0000] {logging_mixin.py:188} WARNING - /home/airflow/.local/lib/python3.12/site-packages/mlflow/tracking/_tracking_service/utils.py:140 FutureWarning: Filesystem tracking backend (e.g., './mlruns') is deprecated. Please switch to a database backend (e.g., 'sqlite:///mlflow.db'). For feedback, see: https://github.com/mlflow/mlflow/issues/18534
[2025-11-19T22:11:09.402+0000] {processor.py:840} INFO - DAG(s) 'predictive_pipeline_xgb' retrieved from /opt/airflow/dags/predictive_pipeline_dag.py
[2025-11-19T22:11:09.424+0000] {logging_mixin.py:188} INFO - [2025-11-19T22:11:09.424+0000] {dag.py:3096} INFO - Sync 1 DAGs
[2025-11-19T22:11:09.490+0000] {processor.py:183} INFO - Processing /opt/airflow/dags/predictive_pipeline_dag.py took 3.056 seconds
[2025-11-19T22:11:39.659+0000] {processor.py:161} INFO - Started process (PID=619) to work on /opt/airflow/dags/predictive_pipeline_dag.py
[2025-11-19T22:11:39.660+0000] {processor.py:830} INFO - Processing file /opt/airflow/dags/predictive_pipeline_dag.py for tasks to queue
[2025-11-19T22:11:39.661+0000] {logging_mixin.py:188} INFO - [2025-11-19T22:11:39.661+0000] {dagbag.py:545} INFO - Filling up the DagBag from /opt/airflow/dags/predictive_pipeline_dag.py
[2025-11-19T22:11:41.714+0000] {logging_mixin.py:188} WARNING - /home/airflow/.local/lib/python3.12/site-packages/mlflow/tracking/_tracking_service/utils.py:140 FutureWarning: Filesystem tracking backend (e.g., './mlruns') is deprecated. Please switch to a database backend (e.g., 'sqlite:///mlflow.db'). For feedback, see: https://github.com/mlflow/mlflow/issues/18534
[2025-11-19T22:11:42.583+0000] {processor.py:840} INFO - DAG(s) 'predictive_pipeline_xgb' retrieved from /opt/airflow/dags/predictive_pipeline_dag.py
[2025-11-19T22:11:42.609+0000] {logging_mixin.py:188} INFO - [2025-11-19T22:11:42.608+0000] {dag.py:3096} INFO - Sync 1 DAGs
[2025-11-19T22:11:42.776+0000] {processor.py:183} INFO - Processing /opt/airflow/dags/predictive_pipeline_dag.py took 3.029 seconds
[2025-11-19T22:13:26.437+0000] {processor.py:161} INFO - Started process (PID=45) to work on /opt/airflow/dags/predictive_pipeline_dag.py
[2025-11-19T22:13:26.438+0000] {processor.py:830} INFO - Processing file /opt/airflow/dags/predictive_pipeline_dag.py for tasks to queue
[2025-11-19T22:13:26.441+0000] {logging_mixin.py:188} INFO - [2025-11-19T22:13:26.440+0000] {dagbag.py:545} INFO - Filling up the DagBag from /opt/airflow/dags/predictive_pipeline_dag.py
[2025-11-19T22:13:28.371+0000] {logging_mixin.py:188} WARNING - /home/airflow/.local/lib/python3.12/site-packages/mlflow/tracking/_tracking_service/utils.py:140 FutureWarning: Filesystem tracking backend (e.g., './mlruns') is deprecated. Please switch to a database backend (e.g., 'sqlite:///mlflow.db'). For feedback, see: https://github.com/mlflow/mlflow/issues/18534
[2025-11-19T22:13:29.081+0000] {processor.py:840} INFO - DAG(s) 'predictive_pipeline_xgb' retrieved from /opt/airflow/dags/predictive_pipeline_dag.py
[2025-11-19T22:13:29.093+0000] {logging_mixin.py:188} INFO - [2025-11-19T22:13:29.092+0000] {dag.py:3096} INFO - Sync 1 DAGs
[2025-11-19T22:13:29.293+0000] {processor.py:183} INFO - Processing /opt/airflow/dags/predictive_pipeline_dag.py took 2.864 seconds
[2025-11-19T22:15:30.912+0000] {processor.py:161} INFO - Started process (PID=44) to work on /opt/airflow/dags/predictive_pipeline_dag.py
[2025-11-19T22:15:30.914+0000] {processor.py:830} INFO - Processing file /opt/airflow/dags/predictive_pipeline_dag.py for tasks to queue
[2025-11-19T22:15:30.918+0000] {logging_mixin.py:188} INFO - [2025-11-19T22:15:30.917+0000] {dagbag.py:545} INFO - Filling up the DagBag from /opt/airflow/dags/predictive_pipeline_dag.py
[2025-11-19T22:15:33.535+0000] {logging_mixin.py:188} WARNING - /home/airflow/.local/lib/python3.12/site-packages/mlflow/tracking/_tracking_service/utils.py:140 FutureWarning: Filesystem tracking backend (e.g., './mlruns') is deprecated. Please switch to a database backend (e.g., 'sqlite:///mlflow.db'). For feedback, see: https://github.com/mlflow/mlflow/issues/18534
[2025-11-19T22:15:34.471+0000] {processor.py:840} INFO - DAG(s) 'predictive_pipeline_xgb' retrieved from /opt/airflow/dags/predictive_pipeline_dag.py
[2025-11-19T22:15:34.485+0000] {logging_mixin.py:188} INFO - [2025-11-19T22:15:34.484+0000] {dag.py:3096} INFO - Sync 1 DAGs
[2025-11-19T22:15:34.579+0000] {processor.py:183} INFO - Processing /opt/airflow/dags/predictive_pipeline_dag.py took 3.676 seconds
[2025-11-19T22:18:59.704+0000] {processor.py:161} INFO - Started process (PID=118) to work on /opt/airflow/dags/predictive_pipeline_dag.py
[2025-11-19T22:18:59.704+0000] {processor.py:830} INFO - Processing file /opt/airflow/dags/predictive_pipeline_dag.py for tasks to queue
[2025-11-19T22:18:59.705+0000] {logging_mixin.py:188} INFO - [2025-11-19T22:18:59.705+0000] {dagbag.py:545} INFO - Filling up the DagBag from /opt/airflow/dags/predictive_pipeline_dag.py
[2025-11-19T22:19:01.833+0000] {logging_mixin.py:188} WARNING - /home/airflow/.local/lib/python3.12/site-packages/mlflow/tracking/_tracking_service/utils.py:140 FutureWarning: Filesystem tracking backend (e.g., './mlruns') is deprecated. Please switch to a database backend (e.g., 'sqlite:///mlflow.db'). For feedback, see: https://github.com/mlflow/mlflow/issues/18534
[2025-11-19T22:19:02.659+0000] {processor.py:840} INFO - DAG(s) 'predictive_pipeline_xgb' retrieved from /opt/airflow/dags/predictive_pipeline_dag.py
[2025-11-19T22:19:02.771+0000] {logging_mixin.py:188} INFO - [2025-11-19T22:19:02.771+0000] {dag.py:3096} INFO - Sync 1 DAGs
[2025-11-19T22:19:02.854+0000] {processor.py:183} INFO - Processing /opt/airflow/dags/predictive_pipeline_dag.py took 3.156 seconds
[2025-11-19T22:20:53.263+0000] {processor.py:161} INFO - Started process (PID=216) to work on /opt/airflow/dags/predictive_pipeline_dag.py
[2025-11-19T22:20:53.265+0000] {processor.py:830} INFO - Processing file /opt/airflow/dags/predictive_pipeline_dag.py for tasks to queue
[2025-11-19T22:20:53.266+0000] {logging_mixin.py:188} INFO - [2025-11-19T22:20:53.266+0000] {dagbag.py:545} INFO - Filling up the DagBag from /opt/airflow/dags/predictive_pipeline_dag.py
[2025-11-19T22:20:55.302+0000] {logging_mixin.py:188} WARNING - /home/airflow/.local/lib/python3.12/site-packages/mlflow/tracking/_tracking_service/utils.py:140 FutureWarning: Filesystem tracking backend (e.g., './mlruns') is deprecated. Please switch to a database backend (e.g., 'sqlite:///mlflow.db'). For feedback, see: https://github.com/mlflow/mlflow/issues/18534
[2025-11-19T22:20:56.121+0000] {processor.py:840} INFO - DAG(s) 'predictive_pipeline_xgb' retrieved from /opt/airflow/dags/predictive_pipeline_dag.py
[2025-11-19T22:20:56.142+0000] {logging_mixin.py:188} INFO - [2025-11-19T22:20:56.142+0000] {dag.py:3096} INFO - Sync 1 DAGs
[2025-11-19T22:20:56.205+0000] {processor.py:183} INFO - Processing /opt/airflow/dags/predictive_pipeline_dag.py took 2.952 seconds
[2025-11-19T22:24:02.019+0000] {processor.py:161} INFO - Started process (PID=254) to work on /opt/airflow/dags/predictive_pipeline_dag.py
[2025-11-19T22:24:02.021+0000] {processor.py:830} INFO - Processing file /opt/airflow/dags/predictive_pipeline_dag.py for tasks to queue
[2025-11-19T22:24:02.022+0000] {logging_mixin.py:188} INFO - [2025-11-19T22:24:02.021+0000] {dagbag.py:545} INFO - Filling up the DagBag from /opt/airflow/dags/predictive_pipeline_dag.py
[2025-11-19T22:24:04.128+0000] {logging_mixin.py:188} WARNING - /home/airflow/.local/lib/python3.12/site-packages/mlflow/tracking/_tracking_service/utils.py:140 FutureWarning: Filesystem tracking backend (e.g., './mlruns') is deprecated. Please switch to a database backend (e.g., 'sqlite:///mlflow.db'). For feedback, see: https://github.com/mlflow/mlflow/issues/18534
[2025-11-19T22:24:04.921+0000] {processor.py:840} INFO - DAG(s) 'predictive_pipeline_xgb' retrieved from /opt/airflow/dags/predictive_pipeline_dag.py
[2025-11-19T22:24:04.944+0000] {logging_mixin.py:188} INFO - [2025-11-19T22:24:04.943+0000] {dag.py:3096} INFO - Sync 1 DAGs
[2025-11-19T22:24:05.014+0000] {processor.py:183} INFO - Processing /opt/airflow/dags/predictive_pipeline_dag.py took 3.002 seconds
[2025-11-19T22:24:36.034+0000] {processor.py:161} INFO - Started process (PID=317) to work on /opt/airflow/dags/predictive_pipeline_dag.py
[2025-11-19T22:24:36.035+0000] {processor.py:830} INFO - Processing file /opt/airflow/dags/predictive_pipeline_dag.py for tasks to queue
[2025-11-19T22:24:36.036+0000] {logging_mixin.py:188} INFO - [2025-11-19T22:24:36.035+0000] {dagbag.py:545} INFO - Filling up the DagBag from /opt/airflow/dags/predictive_pipeline_dag.py
[2025-11-19T22:24:37.968+0000] {logging_mixin.py:188} WARNING - /home/airflow/.local/lib/python3.12/site-packages/mlflow/tracking/_tracking_service/utils.py:140 FutureWarning: Filesystem tracking backend (e.g., './mlruns') is deprecated. Please switch to a database backend (e.g., 'sqlite:///mlflow.db'). For feedback, see: https://github.com/mlflow/mlflow/issues/18534
[2025-11-19T22:24:38.792+0000] {processor.py:840} INFO - DAG(s) 'predictive_pipeline_xgb' retrieved from /opt/airflow/dags/predictive_pipeline_dag.py
[2025-11-19T22:24:38.816+0000] {logging_mixin.py:188} INFO - [2025-11-19T22:24:38.815+0000] {dag.py:3096} INFO - Sync 1 DAGs
[2025-11-19T22:24:38.839+0000] {logging_mixin.py:188} INFO - [2025-11-19T22:24:38.838+0000] {dag.py:3954} INFO - Setting next_dagrun for predictive_pipeline_xgb to 2025-11-23 00:00:00+00:00, run_after=2025-11-30 00:00:00+00:00
[2025-11-19T22:24:38.892+0000] {processor.py:183} INFO - Processing /opt/airflow/dags/predictive_pipeline_dag.py took 2.864 seconds
[2025-11-19T22:25:09.878+0000] {processor.py:161} INFO - Started process (PID=327) to work on /opt/airflow/dags/predictive_pipeline_dag.py
[2025-11-19T22:25:09.879+0000] {processor.py:830} INFO - Processing file /opt/airflow/dags/predictive_pipeline_dag.py for tasks to queue
[2025-11-19T22:25:09.880+0000] {logging_mixin.py:188} INFO - [2025-11-19T22:25:09.879+0000] {dagbag.py:545} INFO - Filling up the DagBag from /opt/airflow/dags/predictive_pipeline_dag.py
[2025-11-19T22:25:11.700+0000] {logging_mixin.py:188} WARNING - /home/airflow/.local/lib/python3.12/site-packages/mlflow/tracking/_tracking_service/utils.py:140 FutureWarning: Filesystem tracking backend (e.g., './mlruns') is deprecated. Please switch to a database backend (e.g., 'sqlite:///mlflow.db'). For feedback, see: https://github.com/mlflow/mlflow/issues/18534
[2025-11-19T22:25:12.525+0000] {processor.py:840} INFO - DAG(s) 'predictive_pipeline_xgb' retrieved from /opt/airflow/dags/predictive_pipeline_dag.py
[2025-11-19T22:25:12.548+0000] {logging_mixin.py:188} INFO - [2025-11-19T22:25:12.547+0000] {dag.py:3096} INFO - Sync 1 DAGs
[2025-11-19T22:25:12.567+0000] {logging_mixin.py:188} INFO - [2025-11-19T22:25:12.567+0000] {dag.py:3954} INFO - Setting next_dagrun for predictive_pipeline_xgb to 2025-11-23 00:00:00+00:00, run_after=2025-11-30 00:00:00+00:00
[2025-11-19T22:25:12.615+0000] {processor.py:183} INFO - Processing /opt/airflow/dags/predictive_pipeline_dag.py took 2.743 seconds
[2025-11-19T22:25:43.011+0000] {processor.py:161} INFO - Started process (PID=337) to work on /opt/airflow/dags/predictive_pipeline_dag.py
[2025-11-19T22:25:43.012+0000] {processor.py:830} INFO - Processing file /opt/airflow/dags/predictive_pipeline_dag.py for tasks to queue
[2025-11-19T22:25:43.013+0000] {logging_mixin.py:188} INFO - [2025-11-19T22:25:43.013+0000] {dagbag.py:545} INFO - Filling up the DagBag from /opt/airflow/dags/predictive_pipeline_dag.py
[2025-11-19T22:25:45.187+0000] {logging_mixin.py:188} WARNING - /home/airflow/.local/lib/python3.12/site-packages/mlflow/tracking/_tracking_service/utils.py:140 FutureWarning: Filesystem tracking backend (e.g., './mlruns') is deprecated. Please switch to a database backend (e.g., 'sqlite:///mlflow.db'). For feedback, see: https://github.com/mlflow/mlflow/issues/18534
[2025-11-19T22:25:46.291+0000] {processor.py:840} INFO - DAG(s) 'predictive_pipeline_xgb' retrieved from /opt/airflow/dags/predictive_pipeline_dag.py
[2025-11-19T22:25:46.318+0000] {logging_mixin.py:188} INFO - [2025-11-19T22:25:46.318+0000] {dag.py:3096} INFO - Sync 1 DAGs
[2025-11-19T22:25:46.338+0000] {logging_mixin.py:188} INFO - [2025-11-19T22:25:46.337+0000] {dag.py:3954} INFO - Setting next_dagrun for predictive_pipeline_xgb to 2025-11-23 00:00:00+00:00, run_after=2025-11-30 00:00:00+00:00
[2025-11-19T22:25:46.392+0000] {processor.py:183} INFO - Processing /opt/airflow/dags/predictive_pipeline_dag.py took 3.387 seconds
[2025-11-19T22:26:16.805+0000] {processor.py:161} INFO - Started process (PID=347) to work on /opt/airflow/dags/predictive_pipeline_dag.py
[2025-11-19T22:26:16.806+0000] {processor.py:830} INFO - Processing file /opt/airflow/dags/predictive_pipeline_dag.py for tasks to queue
[2025-11-19T22:26:16.807+0000] {logging_mixin.py:188} INFO - [2025-11-19T22:26:16.807+0000] {dagbag.py:545} INFO - Filling up the DagBag from /opt/airflow/dags/predictive_pipeline_dag.py
[2025-11-19T22:26:18.726+0000] {logging_mixin.py:188} WARNING - /home/airflow/.local/lib/python3.12/site-packages/mlflow/tracking/_tracking_service/utils.py:140 FutureWarning: Filesystem tracking backend (e.g., './mlruns') is deprecated. Please switch to a database backend (e.g., 'sqlite:///mlflow.db'). For feedback, see: https://github.com/mlflow/mlflow/issues/18534
[2025-11-19T22:26:19.473+0000] {processor.py:840} INFO - DAG(s) 'predictive_pipeline_xgb' retrieved from /opt/airflow/dags/predictive_pipeline_dag.py
[2025-11-19T22:26:19.495+0000] {logging_mixin.py:188} INFO - [2025-11-19T22:26:19.494+0000] {dag.py:3096} INFO - Sync 1 DAGs
[2025-11-19T22:26:19.514+0000] {logging_mixin.py:188} INFO - [2025-11-19T22:26:19.514+0000] {dag.py:3954} INFO - Setting next_dagrun for predictive_pipeline_xgb to 2025-11-23 00:00:00+00:00, run_after=2025-11-30 00:00:00+00:00
[2025-11-19T22:26:19.562+0000] {processor.py:183} INFO - Processing /opt/airflow/dags/predictive_pipeline_dag.py took 2.763 seconds
[2025-11-19T22:26:49.993+0000] {processor.py:161} INFO - Started process (PID=357) to work on /opt/airflow/dags/predictive_pipeline_dag.py
[2025-11-19T22:26:49.994+0000] {processor.py:830} INFO - Processing file /opt/airflow/dags/predictive_pipeline_dag.py for tasks to queue
[2025-11-19T22:26:49.994+0000] {logging_mixin.py:188} INFO - [2025-11-19T22:26:49.994+0000] {dagbag.py:545} INFO - Filling up the DagBag from /opt/airflow/dags/predictive_pipeline_dag.py
[2025-11-19T22:26:51.858+0000] {logging_mixin.py:188} WARNING - /home/airflow/.local/lib/python3.12/site-packages/mlflow/tracking/_tracking_service/utils.py:140 FutureWarning: Filesystem tracking backend (e.g., './mlruns') is deprecated. Please switch to a database backend (e.g., 'sqlite:///mlflow.db'). For feedback, see: https://github.com/mlflow/mlflow/issues/18534
[2025-11-19T22:26:52.657+0000] {processor.py:840} INFO - DAG(s) 'predictive_pipeline_xgb' retrieved from /opt/airflow/dags/predictive_pipeline_dag.py
[2025-11-19T22:26:52.681+0000] {logging_mixin.py:188} INFO - [2025-11-19T22:26:52.681+0000] {dag.py:3096} INFO - Sync 1 DAGs
[2025-11-19T22:26:52.702+0000] {logging_mixin.py:188} INFO - [2025-11-19T22:26:52.702+0000] {dag.py:3954} INFO - Setting next_dagrun for predictive_pipeline_xgb to 2025-11-23 00:00:00+00:00, run_after=2025-11-30 00:00:00+00:00
[2025-11-19T22:26:52.750+0000] {processor.py:183} INFO - Processing /opt/airflow/dags/predictive_pipeline_dag.py took 2.765 seconds
[2025-11-19T22:27:23.190+0000] {processor.py:161} INFO - Started process (PID=367) to work on /opt/airflow/dags/predictive_pipeline_dag.py
[2025-11-19T22:27:23.191+0000] {processor.py:830} INFO - Processing file /opt/airflow/dags/predictive_pipeline_dag.py for tasks to queue
[2025-11-19T22:27:23.193+0000] {logging_mixin.py:188} INFO - [2025-11-19T22:27:23.193+0000] {dagbag.py:545} INFO - Filling up the DagBag from /opt/airflow/dags/predictive_pipeline_dag.py
[2025-11-19T22:27:25.162+0000] {logging_mixin.py:188} WARNING - /home/airflow/.local/lib/python3.12/site-packages/mlflow/tracking/_tracking_service/utils.py:140 FutureWarning: Filesystem tracking backend (e.g., './mlruns') is deprecated. Please switch to a database backend (e.g., 'sqlite:///mlflow.db'). For feedback, see: https://github.com/mlflow/mlflow/issues/18534
[2025-11-19T22:27:26.047+0000] {processor.py:840} INFO - DAG(s) 'predictive_pipeline_xgb' retrieved from /opt/airflow/dags/predictive_pipeline_dag.py
[2025-11-19T22:27:26.070+0000] {logging_mixin.py:188} INFO - [2025-11-19T22:27:26.069+0000] {dag.py:3096} INFO - Sync 1 DAGs
[2025-11-19T22:27:26.088+0000] {logging_mixin.py:188} INFO - [2025-11-19T22:27:26.088+0000] {dag.py:3954} INFO - Setting next_dagrun for predictive_pipeline_xgb to 2025-11-23 00:00:00+00:00, run_after=2025-11-30 00:00:00+00:00
[2025-11-19T22:27:26.145+0000] {processor.py:183} INFO - Processing /opt/airflow/dags/predictive_pipeline_dag.py took 2.964 seconds
[2025-11-19T22:27:56.544+0000] {processor.py:161} INFO - Started process (PID=377) to work on /opt/airflow/dags/predictive_pipeline_dag.py
[2025-11-19T22:27:56.545+0000] {processor.py:830} INFO - Processing file /opt/airflow/dags/predictive_pipeline_dag.py for tasks to queue
[2025-11-19T22:27:56.546+0000] {logging_mixin.py:188} INFO - [2025-11-19T22:27:56.546+0000] {dagbag.py:545} INFO - Filling up the DagBag from /opt/airflow/dags/predictive_pipeline_dag.py
[2025-11-19T22:27:58.449+0000] {logging_mixin.py:188} WARNING - /home/airflow/.local/lib/python3.12/site-packages/mlflow/tracking/_tracking_service/utils.py:140 FutureWarning: Filesystem tracking backend (e.g., './mlruns') is deprecated. Please switch to a database backend (e.g., 'sqlite:///mlflow.db'). For feedback, see: https://github.com/mlflow/mlflow/issues/18534
[2025-11-19T22:27:59.236+0000] {processor.py:840} INFO - DAG(s) 'predictive_pipeline_xgb' retrieved from /opt/airflow/dags/predictive_pipeline_dag.py
[2025-11-19T22:27:59.260+0000] {logging_mixin.py:188} INFO - [2025-11-19T22:27:59.260+0000] {dag.py:3096} INFO - Sync 1 DAGs
[2025-11-19T22:27:59.279+0000] {logging_mixin.py:188} INFO - [2025-11-19T22:27:59.279+0000] {dag.py:3954} INFO - Setting next_dagrun for predictive_pipeline_xgb to 2025-11-23 00:00:00+00:00, run_after=2025-11-30 00:00:00+00:00
[2025-11-19T22:27:59.324+0000] {processor.py:183} INFO - Processing /opt/airflow/dags/predictive_pipeline_dag.py took 2.786 seconds
[2025-11-19T22:28:29.640+0000] {processor.py:161} INFO - Started process (PID=387) to work on /opt/airflow/dags/predictive_pipeline_dag.py
[2025-11-19T22:28:29.641+0000] {processor.py:830} INFO - Processing file /opt/airflow/dags/predictive_pipeline_dag.py for tasks to queue
[2025-11-19T22:28:29.642+0000] {logging_mixin.py:188} INFO - [2025-11-19T22:28:29.642+0000] {dagbag.py:545} INFO - Filling up the DagBag from /opt/airflow/dags/predictive_pipeline_dag.py
[2025-11-19T22:28:31.653+0000] {logging_mixin.py:188} WARNING - /home/airflow/.local/lib/python3.12/site-packages/mlflow/tracking/_tracking_service/utils.py:140 FutureWarning: Filesystem tracking backend (e.g., './mlruns') is deprecated. Please switch to a database backend (e.g., 'sqlite:///mlflow.db'). For feedback, see: https://github.com/mlflow/mlflow/issues/18534
[2025-11-19T22:28:32.433+0000] {processor.py:840} INFO - DAG(s) 'predictive_pipeline_xgb' retrieved from /opt/airflow/dags/predictive_pipeline_dag.py
[2025-11-19T22:28:32.457+0000] {logging_mixin.py:188} INFO - [2025-11-19T22:28:32.456+0000] {dag.py:3096} INFO - Sync 1 DAGs
[2025-11-19T22:28:32.475+0000] {logging_mixin.py:188} INFO - [2025-11-19T22:28:32.475+0000] {dag.py:3954} INFO - Setting next_dagrun for predictive_pipeline_xgb to 2025-11-23 00:00:00+00:00, run_after=2025-11-30 00:00:00+00:00
[2025-11-19T22:28:32.527+0000] {processor.py:183} INFO - Processing /opt/airflow/dags/predictive_pipeline_dag.py took 2.803 seconds
[2025-11-19T22:29:02.847+0000] {processor.py:161} INFO - Started process (PID=397) to work on /opt/airflow/dags/predictive_pipeline_dag.py
[2025-11-19T22:29:02.848+0000] {processor.py:830} INFO - Processing file /opt/airflow/dags/predictive_pipeline_dag.py for tasks to queue
[2025-11-19T22:29:02.849+0000] {logging_mixin.py:188} INFO - [2025-11-19T22:29:02.849+0000] {dagbag.py:545} INFO - Filling up the DagBag from /opt/airflow/dags/predictive_pipeline_dag.py
[2025-11-19T22:29:04.820+0000] {logging_mixin.py:188} WARNING - /home/airflow/.local/lib/python3.12/site-packages/mlflow/tracking/_tracking_service/utils.py:140 FutureWarning: Filesystem tracking backend (e.g., './mlruns') is deprecated. Please switch to a database backend (e.g., 'sqlite:///mlflow.db'). For feedback, see: https://github.com/mlflow/mlflow/issues/18534
[2025-11-19T22:29:05.658+0000] {processor.py:840} INFO - DAG(s) 'predictive_pipeline_xgb' retrieved from /opt/airflow/dags/predictive_pipeline_dag.py
[2025-11-19T22:29:05.682+0000] {logging_mixin.py:188} INFO - [2025-11-19T22:29:05.682+0000] {dag.py:3096} INFO - Sync 1 DAGs
[2025-11-19T22:29:05.701+0000] {logging_mixin.py:188} INFO - [2025-11-19T22:29:05.700+0000] {dag.py:3954} INFO - Setting next_dagrun for predictive_pipeline_xgb to 2025-11-23 00:00:00+00:00, run_after=2025-11-30 00:00:00+00:00
[2025-11-19T22:29:05.753+0000] {processor.py:183} INFO - Processing /opt/airflow/dags/predictive_pipeline_dag.py took 2.912 seconds
[2025-11-19T22:29:35.825+0000] {processor.py:161} INFO - Started process (PID=407) to work on /opt/airflow/dags/predictive_pipeline_dag.py
[2025-11-19T22:29:35.826+0000] {processor.py:830} INFO - Processing file /opt/airflow/dags/predictive_pipeline_dag.py for tasks to queue
[2025-11-19T22:29:35.827+0000] {logging_mixin.py:188} INFO - [2025-11-19T22:29:35.827+0000] {dagbag.py:545} INFO - Filling up the DagBag from /opt/airflow/dags/predictive_pipeline_dag.py
[2025-11-19T22:29:37.761+0000] {logging_mixin.py:188} WARNING - /home/airflow/.local/lib/python3.12/site-packages/mlflow/tracking/_tracking_service/utils.py:140 FutureWarning: Filesystem tracking backend (e.g., './mlruns') is deprecated. Please switch to a database backend (e.g., 'sqlite:///mlflow.db'). For feedback, see: https://github.com/mlflow/mlflow/issues/18534
[2025-11-19T22:29:38.545+0000] {processor.py:840} INFO - DAG(s) 'predictive_pipeline_xgb' retrieved from /opt/airflow/dags/predictive_pipeline_dag.py
[2025-11-19T22:29:38.567+0000] {logging_mixin.py:188} INFO - [2025-11-19T22:29:38.567+0000] {dag.py:3096} INFO - Sync 1 DAGs
[2025-11-19T22:29:38.588+0000] {logging_mixin.py:188} INFO - [2025-11-19T22:29:38.588+0000] {dag.py:3954} INFO - Setting next_dagrun for predictive_pipeline_xgb to 2025-11-23 00:00:00+00:00, run_after=2025-11-30 00:00:00+00:00
[2025-11-19T22:29:38.634+0000] {processor.py:183} INFO - Processing /opt/airflow/dags/predictive_pipeline_dag.py took 2.818 seconds
[2025-11-19T22:30:09.041+0000] {processor.py:161} INFO - Started process (PID=417) to work on /opt/airflow/dags/predictive_pipeline_dag.py
[2025-11-19T22:30:09.042+0000] {processor.py:830} INFO - Processing file /opt/airflow/dags/predictive_pipeline_dag.py for tasks to queue
[2025-11-19T22:30:09.044+0000] {logging_mixin.py:188} INFO - [2025-11-19T22:30:09.043+0000] {dagbag.py:545} INFO - Filling up the DagBag from /opt/airflow/dags/predictive_pipeline_dag.py
[2025-11-19T22:30:10.993+0000] {logging_mixin.py:188} WARNING - /home/airflow/.local/lib/python3.12/site-packages/mlflow/tracking/_tracking_service/utils.py:140 FutureWarning: Filesystem tracking backend (e.g., './mlruns') is deprecated. Please switch to a database backend (e.g., 'sqlite:///mlflow.db'). For feedback, see: https://github.com/mlflow/mlflow/issues/18534
[2025-11-19T22:30:11.779+0000] {processor.py:840} INFO - DAG(s) 'predictive_pipeline_xgb' retrieved from /opt/airflow/dags/predictive_pipeline_dag.py
[2025-11-19T22:30:11.802+0000] {logging_mixin.py:188} INFO - [2025-11-19T22:30:11.801+0000] {dag.py:3096} INFO - Sync 1 DAGs
[2025-11-19T22:30:11.822+0000] {logging_mixin.py:188} INFO - [2025-11-19T22:30:11.822+0000] {dag.py:3954} INFO - Setting next_dagrun for predictive_pipeline_xgb to 2025-11-23 00:00:00+00:00, run_after=2025-11-30 00:00:00+00:00
[2025-11-19T22:30:11.878+0000] {processor.py:183} INFO - Processing /opt/airflow/dags/predictive_pipeline_dag.py took 2.843 seconds
[2025-11-19T22:30:41.997+0000] {processor.py:161} INFO - Started process (PID=427) to work on /opt/airflow/dags/predictive_pipeline_dag.py
[2025-11-19T22:30:41.998+0000] {processor.py:830} INFO - Processing file /opt/airflow/dags/predictive_pipeline_dag.py for tasks to queue
[2025-11-19T22:30:41.999+0000] {logging_mixin.py:188} INFO - [2025-11-19T22:30:41.999+0000] {dagbag.py:545} INFO - Filling up the DagBag from /opt/airflow/dags/predictive_pipeline_dag.py
[2025-11-19T22:30:43.890+0000] {logging_mixin.py:188} WARNING - /home/airflow/.local/lib/python3.12/site-packages/mlflow/tracking/_tracking_service/utils.py:140 FutureWarning: Filesystem tracking backend (e.g., './mlruns') is deprecated. Please switch to a database backend (e.g., 'sqlite:///mlflow.db'). For feedback, see: https://github.com/mlflow/mlflow/issues/18534
[2025-11-19T22:30:44.651+0000] {processor.py:840} INFO - DAG(s) 'predictive_pipeline_xgb' retrieved from /opt/airflow/dags/predictive_pipeline_dag.py
[2025-11-19T22:30:44.674+0000] {logging_mixin.py:188} INFO - [2025-11-19T22:30:44.673+0000] {dag.py:3096} INFO - Sync 1 DAGs
[2025-11-19T22:30:44.694+0000] {logging_mixin.py:188} INFO - [2025-11-19T22:30:44.693+0000] {dag.py:3954} INFO - Setting next_dagrun for predictive_pipeline_xgb to 2025-11-23 00:00:00+00:00, run_after=2025-11-30 00:00:00+00:00
[2025-11-19T22:30:44.743+0000] {processor.py:183} INFO - Processing /opt/airflow/dags/predictive_pipeline_dag.py took 2.754 seconds
[2025-11-19T22:31:14.875+0000] {processor.py:161} INFO - Started process (PID=437) to work on /opt/airflow/dags/predictive_pipeline_dag.py
[2025-11-19T22:31:14.876+0000] {processor.py:830} INFO - Processing file /opt/airflow/dags/predictive_pipeline_dag.py for tasks to queue
[2025-11-19T22:31:14.877+0000] {logging_mixin.py:188} INFO - [2025-11-19T22:31:14.876+0000] {dagbag.py:545} INFO - Filling up the DagBag from /opt/airflow/dags/predictive_pipeline_dag.py
[2025-11-19T22:31:17.361+0000] {logging_mixin.py:188} WARNING - /home/airflow/.local/lib/python3.12/site-packages/mlflow/tracking/_tracking_service/utils.py:140 FutureWarning: Filesystem tracking backend (e.g., './mlruns') is deprecated. Please switch to a database backend (e.g., 'sqlite:///mlflow.db'). For feedback, see: https://github.com/mlflow/mlflow/issues/18534
[2025-11-19T22:31:18.421+0000] {processor.py:840} INFO - DAG(s) 'predictive_pipeline_xgb' retrieved from /opt/airflow/dags/predictive_pipeline_dag.py
[2025-11-19T22:31:18.445+0000] {logging_mixin.py:188} INFO - [2025-11-19T22:31:18.444+0000] {dag.py:3096} INFO - Sync 1 DAGs
[2025-11-19T22:31:18.466+0000] {logging_mixin.py:188} INFO - [2025-11-19T22:31:18.465+0000] {dag.py:3954} INFO - Setting next_dagrun for predictive_pipeline_xgb to 2025-11-23 00:00:00+00:00, run_after=2025-11-30 00:00:00+00:00
[2025-11-19T22:31:18.519+0000] {processor.py:183} INFO - Processing /opt/airflow/dags/predictive_pipeline_dag.py took 3.652 seconds
[2025-11-19T22:31:48.643+0000] {processor.py:161} INFO - Started process (PID=447) to work on /opt/airflow/dags/predictive_pipeline_dag.py
[2025-11-19T22:31:48.644+0000] {processor.py:830} INFO - Processing file /opt/airflow/dags/predictive_pipeline_dag.py for tasks to queue
[2025-11-19T22:31:48.645+0000] {logging_mixin.py:188} INFO - [2025-11-19T22:31:48.645+0000] {dagbag.py:545} INFO - Filling up the DagBag from /opt/airflow/dags/predictive_pipeline_dag.py
[2025-11-19T22:31:50.625+0000] {logging_mixin.py:188} WARNING - /home/airflow/.local/lib/python3.12/site-packages/mlflow/tracking/_tracking_service/utils.py:140 FutureWarning: Filesystem tracking backend (e.g., './mlruns') is deprecated. Please switch to a database backend (e.g., 'sqlite:///mlflow.db'). For feedback, see: https://github.com/mlflow/mlflow/issues/18534
[2025-11-19T22:31:51.454+0000] {processor.py:840} INFO - DAG(s) 'predictive_pipeline_xgb' retrieved from /opt/airflow/dags/predictive_pipeline_dag.py
[2025-11-19T22:31:51.477+0000] {logging_mixin.py:188} INFO - [2025-11-19T22:31:51.476+0000] {dag.py:3096} INFO - Sync 1 DAGs
[2025-11-19T22:31:51.495+0000] {logging_mixin.py:188} INFO - [2025-11-19T22:31:51.495+0000] {dag.py:3954} INFO - Setting next_dagrun for predictive_pipeline_xgb to 2025-11-23 00:00:00+00:00, run_after=2025-11-30 00:00:00+00:00
[2025-11-19T22:31:51.545+0000] {processor.py:183} INFO - Processing /opt/airflow/dags/predictive_pipeline_dag.py took 2.910 seconds
[2025-11-19T22:32:21.917+0000] {processor.py:161} INFO - Started process (PID=457) to work on /opt/airflow/dags/predictive_pipeline_dag.py
[2025-11-19T22:32:21.918+0000] {processor.py:830} INFO - Processing file /opt/airflow/dags/predictive_pipeline_dag.py for tasks to queue
[2025-11-19T22:32:21.920+0000] {logging_mixin.py:188} INFO - [2025-11-19T22:32:21.919+0000] {dagbag.py:545} INFO - Filling up the DagBag from /opt/airflow/dags/predictive_pipeline_dag.py
[2025-11-19T22:32:24.361+0000] {logging_mixin.py:188} WARNING - /home/airflow/.local/lib/python3.12/site-packages/mlflow/tracking/_tracking_service/utils.py:140 FutureWarning: Filesystem tracking backend (e.g., './mlruns') is deprecated. Please switch to a database backend (e.g., 'sqlite:///mlflow.db'). For feedback, see: https://github.com/mlflow/mlflow/issues/18534
[2025-11-19T22:32:25.315+0000] {processor.py:840} INFO - DAG(s) 'predictive_pipeline_xgb' retrieved from /opt/airflow/dags/predictive_pipeline_dag.py
[2025-11-19T22:32:25.341+0000] {logging_mixin.py:188} INFO - [2025-11-19T22:32:25.341+0000] {dag.py:3096} INFO - Sync 1 DAGs
[2025-11-19T22:32:25.361+0000] {logging_mixin.py:188} INFO - [2025-11-19T22:32:25.361+0000] {dag.py:3954} INFO - Setting next_dagrun for predictive_pipeline_xgb to 2025-11-23 00:00:00+00:00, run_after=2025-11-30 00:00:00+00:00
[2025-11-19T22:32:25.418+0000] {processor.py:183} INFO - Processing /opt/airflow/dags/predictive_pipeline_dag.py took 3.512 seconds
[2025-11-19T22:32:55.590+0000] {processor.py:161} INFO - Started process (PID=467) to work on /opt/airflow/dags/predictive_pipeline_dag.py
[2025-11-19T22:32:55.591+0000] {processor.py:830} INFO - Processing file /opt/airflow/dags/predictive_pipeline_dag.py for tasks to queue
[2025-11-19T22:32:55.592+0000] {logging_mixin.py:188} INFO - [2025-11-19T22:32:55.592+0000] {dagbag.py:545} INFO - Filling up the DagBag from /opt/airflow/dags/predictive_pipeline_dag.py
[2025-11-19T22:32:57.581+0000] {logging_mixin.py:188} WARNING - /home/airflow/.local/lib/python3.12/site-packages/mlflow/tracking/_tracking_service/utils.py:140 FutureWarning: Filesystem tracking backend (e.g., './mlruns') is deprecated. Please switch to a database backend (e.g., 'sqlite:///mlflow.db'). For feedback, see: https://github.com/mlflow/mlflow/issues/18534
[2025-11-19T22:32:58.396+0000] {processor.py:840} INFO - DAG(s) 'predictive_pipeline_xgb' retrieved from /opt/airflow/dags/predictive_pipeline_dag.py
[2025-11-19T22:32:58.419+0000] {logging_mixin.py:188} INFO - [2025-11-19T22:32:58.419+0000] {dag.py:3096} INFO - Sync 1 DAGs
[2025-11-19T22:32:58.439+0000] {logging_mixin.py:188} INFO - [2025-11-19T22:32:58.439+0000] {dag.py:3954} INFO - Setting next_dagrun for predictive_pipeline_xgb to 2025-11-23 00:00:00+00:00, run_after=2025-11-30 00:00:00+00:00
[2025-11-19T22:32:58.490+0000] {processor.py:183} INFO - Processing /opt/airflow/dags/predictive_pipeline_dag.py took 2.908 seconds
[2025-11-19T22:33:28.687+0000] {processor.py:161} INFO - Started process (PID=477) to work on /opt/airflow/dags/predictive_pipeline_dag.py
[2025-11-19T22:33:28.689+0000] {processor.py:830} INFO - Processing file /opt/airflow/dags/predictive_pipeline_dag.py for tasks to queue
[2025-11-19T22:33:28.690+0000] {logging_mixin.py:188} INFO - [2025-11-19T22:33:28.690+0000] {dagbag.py:545} INFO - Filling up the DagBag from /opt/airflow/dags/predictive_pipeline_dag.py
[2025-11-19T22:33:30.757+0000] {logging_mixin.py:188} WARNING - /home/airflow/.local/lib/python3.12/site-packages/mlflow/tracking/_tracking_service/utils.py:140 FutureWarning: Filesystem tracking backend (e.g., './mlruns') is deprecated. Please switch to a database backend (e.g., 'sqlite:///mlflow.db'). For feedback, see: https://github.com/mlflow/mlflow/issues/18534
[2025-11-19T22:33:31.716+0000] {processor.py:840} INFO - DAG(s) 'predictive_pipeline_xgb' retrieved from /opt/airflow/dags/predictive_pipeline_dag.py
[2025-11-19T22:33:31.740+0000] {logging_mixin.py:188} INFO - [2025-11-19T22:33:31.739+0000] {dag.py:3096} INFO - Sync 1 DAGs
[2025-11-19T22:33:31.760+0000] {logging_mixin.py:188} INFO - [2025-11-19T22:33:31.759+0000] {dag.py:3954} INFO - Setting next_dagrun for predictive_pipeline_xgb to 2025-11-23 00:00:00+00:00, run_after=2025-11-30 00:00:00+00:00
[2025-11-19T22:33:31.818+0000] {processor.py:183} INFO - Processing /opt/airflow/dags/predictive_pipeline_dag.py took 3.044 seconds
[2025-11-19T22:34:01.912+0000] {processor.py:161} INFO - Started process (PID=487) to work on /opt/airflow/dags/predictive_pipeline_dag.py
[2025-11-19T22:34:01.913+0000] {processor.py:830} INFO - Processing file /opt/airflow/dags/predictive_pipeline_dag.py for tasks to queue
[2025-11-19T22:34:01.914+0000] {logging_mixin.py:188} INFO - [2025-11-19T22:34:01.913+0000] {dagbag.py:545} INFO - Filling up the DagBag from /opt/airflow/dags/predictive_pipeline_dag.py
[2025-11-19T22:34:03.924+0000] {logging_mixin.py:188} WARNING - /home/airflow/.local/lib/python3.12/site-packages/mlflow/tracking/_tracking_service/utils.py:140 FutureWarning: Filesystem tracking backend (e.g., './mlruns') is deprecated. Please switch to a database backend (e.g., 'sqlite:///mlflow.db'). For feedback, see: https://github.com/mlflow/mlflow/issues/18534
[2025-11-19T22:34:04.786+0000] {processor.py:840} INFO - DAG(s) 'predictive_pipeline_xgb' retrieved from /opt/airflow/dags/predictive_pipeline_dag.py
[2025-11-19T22:34:04.812+0000] {logging_mixin.py:188} INFO - [2025-11-19T22:34:04.812+0000] {dag.py:3096} INFO - Sync 1 DAGs
[2025-11-19T22:34:04.833+0000] {logging_mixin.py:188} INFO - [2025-11-19T22:34:04.832+0000] {dag.py:3954} INFO - Setting next_dagrun for predictive_pipeline_xgb to 2025-11-23 00:00:00+00:00, run_after=2025-11-30 00:00:00+00:00
[2025-11-19T22:34:04.886+0000] {processor.py:183} INFO - Processing /opt/airflow/dags/predictive_pipeline_dag.py took 2.982 seconds
[2025-11-19T22:34:35.027+0000] {processor.py:161} INFO - Started process (PID=497) to work on /opt/airflow/dags/predictive_pipeline_dag.py
[2025-11-19T22:34:35.028+0000] {processor.py:830} INFO - Processing file /opt/airflow/dags/predictive_pipeline_dag.py for tasks to queue
[2025-11-19T22:34:35.030+0000] {logging_mixin.py:188} INFO - [2025-11-19T22:34:35.029+0000] {dagbag.py:545} INFO - Filling up the DagBag from /opt/airflow/dags/predictive_pipeline_dag.py
[2025-11-19T22:34:37.183+0000] {logging_mixin.py:188} WARNING - /home/airflow/.local/lib/python3.12/site-packages/mlflow/tracking/_tracking_service/utils.py:140 FutureWarning: Filesystem tracking backend (e.g., './mlruns') is deprecated. Please switch to a database backend (e.g., 'sqlite:///mlflow.db'). For feedback, see: https://github.com/mlflow/mlflow/issues/18534
[2025-11-19T22:34:38.267+0000] {processor.py:840} INFO - DAG(s) 'predictive_pipeline_xgb' retrieved from /opt/airflow/dags/predictive_pipeline_dag.py
[2025-11-19T22:34:38.297+0000] {logging_mixin.py:188} INFO - [2025-11-19T22:34:38.297+0000] {dag.py:3096} INFO - Sync 1 DAGs
[2025-11-19T22:34:38.321+0000] {logging_mixin.py:188} INFO - [2025-11-19T22:34:38.320+0000] {dag.py:3954} INFO - Setting next_dagrun for predictive_pipeline_xgb to 2025-11-23 00:00:00+00:00, run_after=2025-11-30 00:00:00+00:00
[2025-11-19T22:34:38.400+0000] {processor.py:183} INFO - Processing /opt/airflow/dags/predictive_pipeline_dag.py took 3.382 seconds
[2025-11-19T22:35:08.809+0000] {processor.py:161} INFO - Started process (PID=507) to work on /opt/airflow/dags/predictive_pipeline_dag.py
[2025-11-19T22:35:08.811+0000] {processor.py:830} INFO - Processing file /opt/airflow/dags/predictive_pipeline_dag.py for tasks to queue
[2025-11-19T22:35:08.812+0000] {logging_mixin.py:188} INFO - [2025-11-19T22:35:08.811+0000] {dagbag.py:545} INFO - Filling up the DagBag from /opt/airflow/dags/predictive_pipeline_dag.py
[2025-11-19T22:35:10.638+0000] {logging_mixin.py:188} WARNING - /home/airflow/.local/lib/python3.12/site-packages/mlflow/tracking/_tracking_service/utils.py:140 FutureWarning: Filesystem tracking backend (e.g., './mlruns') is deprecated. Please switch to a database backend (e.g., 'sqlite:///mlflow.db'). For feedback, see: https://github.com/mlflow/mlflow/issues/18534
[2025-11-19T22:35:11.382+0000] {processor.py:840} INFO - DAG(s) 'predictive_pipeline_xgb' retrieved from /opt/airflow/dags/predictive_pipeline_dag.py
[2025-11-19T22:35:11.404+0000] {logging_mixin.py:188} INFO - [2025-11-19T22:35:11.403+0000] {dag.py:3096} INFO - Sync 1 DAGs
[2025-11-19T22:35:11.424+0000] {logging_mixin.py:188} INFO - [2025-11-19T22:35:11.424+0000] {dag.py:3954} INFO - Setting next_dagrun for predictive_pipeline_xgb to 2025-11-23 00:00:00+00:00, run_after=2025-11-30 00:00:00+00:00
[2025-11-19T22:35:11.471+0000] {processor.py:183} INFO - Processing /opt/airflow/dags/predictive_pipeline_dag.py took 2.668 seconds
[2025-11-19T22:35:41.825+0000] {processor.py:161} INFO - Started process (PID=517) to work on /opt/airflow/dags/predictive_pipeline_dag.py
[2025-11-19T22:35:41.826+0000] {processor.py:830} INFO - Processing file /opt/airflow/dags/predictive_pipeline_dag.py for tasks to queue
[2025-11-19T22:35:41.827+0000] {logging_mixin.py:188} INFO - [2025-11-19T22:35:41.826+0000] {dagbag.py:545} INFO - Filling up the DagBag from /opt/airflow/dags/predictive_pipeline_dag.py
[2025-11-19T22:35:43.679+0000] {logging_mixin.py:188} WARNING - /home/airflow/.local/lib/python3.12/site-packages/mlflow/tracking/_tracking_service/utils.py:140 FutureWarning: Filesystem tracking backend (e.g., './mlruns') is deprecated. Please switch to a database backend (e.g., 'sqlite:///mlflow.db'). For feedback, see: https://github.com/mlflow/mlflow/issues/18534
[2025-11-19T22:35:44.429+0000] {processor.py:840} INFO - DAG(s) 'predictive_pipeline_xgb' retrieved from /opt/airflow/dags/predictive_pipeline_dag.py
[2025-11-19T22:35:44.451+0000] {logging_mixin.py:188} INFO - [2025-11-19T22:35:44.451+0000] {dag.py:3096} INFO - Sync 1 DAGs
[2025-11-19T22:35:44.471+0000] {logging_mixin.py:188} INFO - [2025-11-19T22:35:44.471+0000] {dag.py:3954} INFO - Setting next_dagrun for predictive_pipeline_xgb to 2025-11-23 00:00:00+00:00, run_after=2025-11-30 00:00:00+00:00
[2025-11-19T22:35:44.531+0000] {processor.py:183} INFO - Processing /opt/airflow/dags/predictive_pipeline_dag.py took 2.712 seconds
[2025-11-19T22:36:14.953+0000] {processor.py:161} INFO - Started process (PID=527) to work on /opt/airflow/dags/predictive_pipeline_dag.py
[2025-11-19T22:36:14.954+0000] {processor.py:830} INFO - Processing file /opt/airflow/dags/predictive_pipeline_dag.py for tasks to queue
[2025-11-19T22:36:14.955+0000] {logging_mixin.py:188} INFO - [2025-11-19T22:36:14.955+0000] {dagbag.py:545} INFO - Filling up the DagBag from /opt/airflow/dags/predictive_pipeline_dag.py
[2025-11-19T22:36:16.732+0000] {logging_mixin.py:188} WARNING - /home/airflow/.local/lib/python3.12/site-packages/mlflow/tracking/_tracking_service/utils.py:140 FutureWarning: Filesystem tracking backend (e.g., './mlruns') is deprecated. Please switch to a database backend (e.g., 'sqlite:///mlflow.db'). For feedback, see: https://github.com/mlflow/mlflow/issues/18534
[2025-11-19T22:36:17.500+0000] {processor.py:840} INFO - DAG(s) 'predictive_pipeline_xgb' retrieved from /opt/airflow/dags/predictive_pipeline_dag.py
[2025-11-19T22:36:17.523+0000] {logging_mixin.py:188} INFO - [2025-11-19T22:36:17.522+0000] {dag.py:3096} INFO - Sync 1 DAGs
[2025-11-19T22:36:17.543+0000] {logging_mixin.py:188} INFO - [2025-11-19T22:36:17.543+0000] {dag.py:3954} INFO - Setting next_dagrun for predictive_pipeline_xgb to 2025-11-23 00:00:00+00:00, run_after=2025-11-30 00:00:00+00:00
[2025-11-19T22:36:17.591+0000] {processor.py:183} INFO - Processing /opt/airflow/dags/predictive_pipeline_dag.py took 2.644 seconds
[2025-11-19T22:36:48.084+0000] {processor.py:161} INFO - Started process (PID=537) to work on /opt/airflow/dags/predictive_pipeline_dag.py
[2025-11-19T22:36:48.085+0000] {processor.py:830} INFO - Processing file /opt/airflow/dags/predictive_pipeline_dag.py for tasks to queue
[2025-11-19T22:36:48.087+0000] {logging_mixin.py:188} INFO - [2025-11-19T22:36:48.086+0000] {dagbag.py:545} INFO - Filling up the DagBag from /opt/airflow/dags/predictive_pipeline_dag.py
[2025-11-19T22:36:50.623+0000] {logging_mixin.py:188} WARNING - /home/airflow/.local/lib/python3.12/site-packages/mlflow/tracking/_tracking_service/utils.py:140 FutureWarning: Filesystem tracking backend (e.g., './mlruns') is deprecated. Please switch to a database backend (e.g., 'sqlite:///mlflow.db'). For feedback, see: https://github.com/mlflow/mlflow/issues/18534
[2025-11-19T22:36:51.839+0000] {processor.py:840} INFO - DAG(s) 'predictive_pipeline_xgb' retrieved from /opt/airflow/dags/predictive_pipeline_dag.py
[2025-11-19T22:36:51.871+0000] {logging_mixin.py:188} INFO - [2025-11-19T22:36:51.870+0000] {dag.py:3096} INFO - Sync 1 DAGs
[2025-11-19T22:36:51.896+0000] {logging_mixin.py:188} INFO - [2025-11-19T22:36:51.896+0000] {dag.py:3954} INFO - Setting next_dagrun for predictive_pipeline_xgb to 2025-11-23 00:00:00+00:00, run_after=2025-11-30 00:00:00+00:00
[2025-11-19T22:36:51.984+0000] {processor.py:183} INFO - Processing /opt/airflow/dags/predictive_pipeline_dag.py took 3.912 seconds
[2025-11-19T22:37:22.861+0000] {processor.py:161} INFO - Started process (PID=547) to work on /opt/airflow/dags/predictive_pipeline_dag.py
[2025-11-19T22:37:22.865+0000] {processor.py:830} INFO - Processing file /opt/airflow/dags/predictive_pipeline_dag.py for tasks to queue
[2025-11-19T22:37:22.869+0000] {logging_mixin.py:188} INFO - [2025-11-19T22:37:22.868+0000] {dagbag.py:545} INFO - Filling up the DagBag from /opt/airflow/dags/predictive_pipeline_dag.py
[2025-11-19T22:37:25.020+0000] {logging_mixin.py:188} WARNING - /home/airflow/.local/lib/python3.12/site-packages/mlflow/tracking/_tracking_service/utils.py:140 FutureWarning: Filesystem tracking backend (e.g., './mlruns') is deprecated. Please switch to a database backend (e.g., 'sqlite:///mlflow.db'). For feedback, see: https://github.com/mlflow/mlflow/issues/18534
[2025-11-19T22:37:25.770+0000] {processor.py:840} INFO - DAG(s) 'predictive_pipeline_xgb' retrieved from /opt/airflow/dags/predictive_pipeline_dag.py
[2025-11-19T22:37:25.791+0000] {logging_mixin.py:188} INFO - [2025-11-19T22:37:25.791+0000] {dag.py:3096} INFO - Sync 1 DAGs
[2025-11-19T22:37:25.810+0000] {logging_mixin.py:188} INFO - [2025-11-19T22:37:25.810+0000] {dag.py:3954} INFO - Setting next_dagrun for predictive_pipeline_xgb to 2025-11-23 00:00:00+00:00, run_after=2025-11-30 00:00:00+00:00
[2025-11-19T22:37:25.914+0000] {processor.py:183} INFO - Processing /opt/airflow/dags/predictive_pipeline_dag.py took 3.079 seconds
[2025-11-19T22:37:56.484+0000] {processor.py:161} INFO - Started process (PID=557) to work on /opt/airflow/dags/predictive_pipeline_dag.py
[2025-11-19T22:37:56.485+0000] {processor.py:830} INFO - Processing file /opt/airflow/dags/predictive_pipeline_dag.py for tasks to queue
[2025-11-19T22:37:56.486+0000] {logging_mixin.py:188} INFO - [2025-11-19T22:37:56.486+0000] {dagbag.py:545} INFO - Filling up the DagBag from /opt/airflow/dags/predictive_pipeline_dag.py
[2025-11-19T22:37:58.612+0000] {logging_mixin.py:188} WARNING - /home/airflow/.local/lib/python3.12/site-packages/mlflow/tracking/_tracking_service/utils.py:140 FutureWarning: Filesystem tracking backend (e.g., './mlruns') is deprecated. Please switch to a database backend (e.g., 'sqlite:///mlflow.db'). For feedback, see: https://github.com/mlflow/mlflow/issues/18534
[2025-11-19T22:37:59.379+0000] {processor.py:840} INFO - DAG(s) 'predictive_pipeline_xgb' retrieved from /opt/airflow/dags/predictive_pipeline_dag.py
[2025-11-19T22:37:59.399+0000] {logging_mixin.py:188} INFO - [2025-11-19T22:37:59.399+0000] {dag.py:3096} INFO - Sync 1 DAGs
[2025-11-19T22:37:59.416+0000] {logging_mixin.py:188} INFO - [2025-11-19T22:37:59.415+0000] {dag.py:3954} INFO - Setting next_dagrun for predictive_pipeline_xgb to 2025-11-23 00:00:00+00:00, run_after=2025-11-30 00:00:00+00:00
[2025-11-19T22:37:59.484+0000] {processor.py:183} INFO - Processing /opt/airflow/dags/predictive_pipeline_dag.py took 3.012 seconds
[2025-11-19T22:38:30.010+0000] {processor.py:161} INFO - Started process (PID=567) to work on /opt/airflow/dags/predictive_pipeline_dag.py
[2025-11-19T22:38:30.011+0000] {processor.py:830} INFO - Processing file /opt/airflow/dags/predictive_pipeline_dag.py for tasks to queue
[2025-11-19T22:38:30.013+0000] {logging_mixin.py:188} INFO - [2025-11-19T22:38:30.012+0000] {dagbag.py:545} INFO - Filling up the DagBag from /opt/airflow/dags/predictive_pipeline_dag.py
[2025-11-19T22:38:32.876+0000] {logging_mixin.py:188} WARNING - /home/airflow/.local/lib/python3.12/site-packages/mlflow/tracking/_tracking_service/utils.py:140 FutureWarning: Filesystem tracking backend (e.g., './mlruns') is deprecated. Please switch to a database backend (e.g., 'sqlite:///mlflow.db'). For feedback, see: https://github.com/mlflow/mlflow/issues/18534
[2025-11-19T22:38:34.116+0000] {processor.py:840} INFO - DAG(s) 'predictive_pipeline_xgb' retrieved from /opt/airflow/dags/predictive_pipeline_dag.py
[2025-11-19T22:38:34.157+0000] {logging_mixin.py:188} INFO - [2025-11-19T22:38:34.156+0000] {dag.py:3096} INFO - Sync 1 DAGs
[2025-11-19T22:38:34.187+0000] {logging_mixin.py:188} INFO - [2025-11-19T22:38:34.187+0000] {dag.py:3954} INFO - Setting next_dagrun for predictive_pipeline_xgb to 2025-11-23 00:00:00+00:00, run_after=2025-11-30 00:00:00+00:00
[2025-11-19T22:38:34.285+0000] {processor.py:183} INFO - Processing /opt/airflow/dags/predictive_pipeline_dag.py took 4.182 seconds
[2025-11-19T22:39:04.899+0000] {processor.py:161} INFO - Started process (PID=577) to work on /opt/airflow/dags/predictive_pipeline_dag.py
[2025-11-19T22:39:04.904+0000] {processor.py:830} INFO - Processing file /opt/airflow/dags/predictive_pipeline_dag.py for tasks to queue
[2025-11-19T22:39:04.909+0000] {logging_mixin.py:188} INFO - [2025-11-19T22:39:04.907+0000] {dagbag.py:545} INFO - Filling up the DagBag from /opt/airflow/dags/predictive_pipeline_dag.py
[2025-11-19T22:39:07.611+0000] {logging_mixin.py:188} WARNING - /home/airflow/.local/lib/python3.12/site-packages/mlflow/tracking/_tracking_service/utils.py:140 FutureWarning: Filesystem tracking backend (e.g., './mlruns') is deprecated. Please switch to a database backend (e.g., 'sqlite:///mlflow.db'). For feedback, see: https://github.com/mlflow/mlflow/issues/18534
[2025-11-19T22:39:08.446+0000] {processor.py:840} INFO - DAG(s) 'predictive_pipeline_xgb' retrieved from /opt/airflow/dags/predictive_pipeline_dag.py
[2025-11-19T22:39:08.470+0000] {logging_mixin.py:188} INFO - [2025-11-19T22:39:08.470+0000] {dag.py:3096} INFO - Sync 1 DAGs
[2025-11-19T22:39:08.488+0000] {logging_mixin.py:188} INFO - [2025-11-19T22:39:08.488+0000] {dag.py:3954} INFO - Setting next_dagrun for predictive_pipeline_xgb to 2025-11-23 00:00:00+00:00, run_after=2025-11-30 00:00:00+00:00
[2025-11-19T22:39:08.561+0000] {processor.py:183} INFO - Processing /opt/airflow/dags/predictive_pipeline_dag.py took 3.696 seconds
[2025-11-19T22:39:39.254+0000] {processor.py:161} INFO - Started process (PID=587) to work on /opt/airflow/dags/predictive_pipeline_dag.py
[2025-11-19T22:39:39.256+0000] {processor.py:830} INFO - Processing file /opt/airflow/dags/predictive_pipeline_dag.py for tasks to queue
[2025-11-19T22:39:39.258+0000] {logging_mixin.py:188} INFO - [2025-11-19T22:39:39.257+0000] {dagbag.py:545} INFO - Filling up the DagBag from /opt/airflow/dags/predictive_pipeline_dag.py
[2025-11-19T22:39:41.296+0000] {logging_mixin.py:188} WARNING - /home/airflow/.local/lib/python3.12/site-packages/mlflow/tracking/_tracking_service/utils.py:140 FutureWarning: Filesystem tracking backend (e.g., './mlruns') is deprecated. Please switch to a database backend (e.g., 'sqlite:///mlflow.db'). For feedback, see: https://github.com/mlflow/mlflow/issues/18534
[2025-11-19T22:39:42.260+0000] {processor.py:840} INFO - DAG(s) 'predictive_pipeline_xgb' retrieved from /opt/airflow/dags/predictive_pipeline_dag.py
[2025-11-19T22:39:42.291+0000] {logging_mixin.py:188} INFO - [2025-11-19T22:39:42.290+0000] {dag.py:3096} INFO - Sync 1 DAGs
[2025-11-19T22:39:42.317+0000] {logging_mixin.py:188} INFO - [2025-11-19T22:39:42.317+0000] {dag.py:3954} INFO - Setting next_dagrun for predictive_pipeline_xgb to 2025-11-23 00:00:00+00:00, run_after=2025-11-30 00:00:00+00:00
[2025-11-19T22:39:42.401+0000] {processor.py:183} INFO - Processing /opt/airflow/dags/predictive_pipeline_dag.py took 3.161 seconds
[2025-11-19T22:40:13.181+0000] {processor.py:161} INFO - Started process (PID=597) to work on /opt/airflow/dags/predictive_pipeline_dag.py
[2025-11-19T22:40:13.185+0000] {processor.py:830} INFO - Processing file /opt/airflow/dags/predictive_pipeline_dag.py for tasks to queue
[2025-11-19T22:40:13.187+0000] {logging_mixin.py:188} INFO - [2025-11-19T22:40:13.187+0000] {dagbag.py:545} INFO - Filling up the DagBag from /opt/airflow/dags/predictive_pipeline_dag.py
[2025-11-19T22:40:15.498+0000] {logging_mixin.py:188} WARNING - /home/airflow/.local/lib/python3.12/site-packages/mlflow/tracking/_tracking_service/utils.py:140 FutureWarning: Filesystem tracking backend (e.g., './mlruns') is deprecated. Please switch to a database backend (e.g., 'sqlite:///mlflow.db'). For feedback, see: https://github.com/mlflow/mlflow/issues/18534
[2025-11-19T22:40:16.361+0000] {processor.py:840} INFO - DAG(s) 'predictive_pipeline_xgb' retrieved from /opt/airflow/dags/predictive_pipeline_dag.py
[2025-11-19T22:40:16.383+0000] {logging_mixin.py:188} INFO - [2025-11-19T22:40:16.382+0000] {dag.py:3096} INFO - Sync 1 DAGs
[2025-11-19T22:40:16.401+0000] {logging_mixin.py:188} INFO - [2025-11-19T22:40:16.401+0000] {dag.py:3954} INFO - Setting next_dagrun for predictive_pipeline_xgb to 2025-11-23 00:00:00+00:00, run_after=2025-11-30 00:00:00+00:00
[2025-11-19T22:40:16.468+0000] {processor.py:183} INFO - Processing /opt/airflow/dags/predictive_pipeline_dag.py took 3.318 seconds
[2025-11-19T22:40:46.833+0000] {processor.py:161} INFO - Started process (PID=607) to work on /opt/airflow/dags/predictive_pipeline_dag.py
[2025-11-19T22:40:46.837+0000] {processor.py:830} INFO - Processing file /opt/airflow/dags/predictive_pipeline_dag.py for tasks to queue
[2025-11-19T22:40:46.841+0000] {logging_mixin.py:188} INFO - [2025-11-19T22:40:46.840+0000] {dagbag.py:545} INFO - Filling up the DagBag from /opt/airflow/dags/predictive_pipeline_dag.py
[2025-11-19T22:40:49.149+0000] {logging_mixin.py:188} WARNING - /home/airflow/.local/lib/python3.12/site-packages/mlflow/tracking/_tracking_service/utils.py:140 FutureWarning: Filesystem tracking backend (e.g., './mlruns') is deprecated. Please switch to a database backend (e.g., 'sqlite:///mlflow.db'). For feedback, see: https://github.com/mlflow/mlflow/issues/18534
[2025-11-19T22:40:49.998+0000] {processor.py:840} INFO - DAG(s) 'predictive_pipeline_xgb' retrieved from /opt/airflow/dags/predictive_pipeline_dag.py
[2025-11-19T22:40:50.027+0000] {logging_mixin.py:188} INFO - [2025-11-19T22:40:50.027+0000] {dag.py:3096} INFO - Sync 1 DAGs
[2025-11-19T22:40:50.051+0000] {logging_mixin.py:188} INFO - [2025-11-19T22:40:50.051+0000] {dag.py:3954} INFO - Setting next_dagrun for predictive_pipeline_xgb to 2025-11-23 00:00:00+00:00, run_after=2025-11-30 00:00:00+00:00
[2025-11-19T22:40:50.132+0000] {processor.py:183} INFO - Processing /opt/airflow/dags/predictive_pipeline_dag.py took 3.329 seconds
[2025-11-19T22:41:20.734+0000] {processor.py:161} INFO - Started process (PID=617) to work on /opt/airflow/dags/predictive_pipeline_dag.py
[2025-11-19T22:41:20.735+0000] {processor.py:830} INFO - Processing file /opt/airflow/dags/predictive_pipeline_dag.py for tasks to queue
[2025-11-19T22:41:20.737+0000] {logging_mixin.py:188} INFO - [2025-11-19T22:41:20.736+0000] {dagbag.py:545} INFO - Filling up the DagBag from /opt/airflow/dags/predictive_pipeline_dag.py
[2025-11-19T22:41:22.699+0000] {logging_mixin.py:188} WARNING - /home/airflow/.local/lib/python3.12/site-packages/mlflow/tracking/_tracking_service/utils.py:140 FutureWarning: Filesystem tracking backend (e.g., './mlruns') is deprecated. Please switch to a database backend (e.g., 'sqlite:///mlflow.db'). For feedback, see: https://github.com/mlflow/mlflow/issues/18534
[2025-11-19T22:41:23.451+0000] {processor.py:840} INFO - DAG(s) 'predictive_pipeline_xgb' retrieved from /opt/airflow/dags/predictive_pipeline_dag.py
[2025-11-19T22:41:23.473+0000] {logging_mixin.py:188} INFO - [2025-11-19T22:41:23.473+0000] {dag.py:3096} INFO - Sync 1 DAGs
[2025-11-19T22:41:23.495+0000] {logging_mixin.py:188} INFO - [2025-11-19T22:41:23.495+0000] {dag.py:3954} INFO - Setting next_dagrun for predictive_pipeline_xgb to 2025-11-23 00:00:00+00:00, run_after=2025-11-30 00:00:00+00:00
[2025-11-19T22:41:23.555+0000] {processor.py:183} INFO - Processing /opt/airflow/dags/predictive_pipeline_dag.py took 2.832 seconds
[2025-11-19T22:41:54.429+0000] {processor.py:161} INFO - Started process (PID=627) to work on /opt/airflow/dags/predictive_pipeline_dag.py
[2025-11-19T22:41:54.432+0000] {processor.py:830} INFO - Processing file /opt/airflow/dags/predictive_pipeline_dag.py for tasks to queue
[2025-11-19T22:41:54.436+0000] {logging_mixin.py:188} INFO - [2025-11-19T22:41:54.435+0000] {dagbag.py:545} INFO - Filling up the DagBag from /opt/airflow/dags/predictive_pipeline_dag.py
[2025-11-19T22:41:56.888+0000] {logging_mixin.py:188} WARNING - /home/airflow/.local/lib/python3.12/site-packages/mlflow/tracking/_tracking_service/utils.py:140 FutureWarning: Filesystem tracking backend (e.g., './mlruns') is deprecated. Please switch to a database backend (e.g., 'sqlite:///mlflow.db'). For feedback, see: https://github.com/mlflow/mlflow/issues/18534
[2025-11-19T22:41:57.773+0000] {processor.py:840} INFO - DAG(s) 'predictive_pipeline_xgb' retrieved from /opt/airflow/dags/predictive_pipeline_dag.py
[2025-11-19T22:41:57.807+0000] {logging_mixin.py:188} INFO - [2025-11-19T22:41:57.806+0000] {dag.py:3096} INFO - Sync 1 DAGs
[2025-11-19T22:41:57.834+0000] {logging_mixin.py:188} INFO - [2025-11-19T22:41:57.834+0000] {dag.py:3954} INFO - Setting next_dagrun for predictive_pipeline_xgb to 2025-11-23 00:00:00+00:00, run_after=2025-11-30 00:00:00+00:00
[2025-11-19T22:41:57.904+0000] {processor.py:183} INFO - Processing /opt/airflow/dags/predictive_pipeline_dag.py took 3.497 seconds
[2025-11-19T22:42:28.673+0000] {processor.py:161} INFO - Started process (PID=637) to work on /opt/airflow/dags/predictive_pipeline_dag.py
[2025-11-19T22:42:28.675+0000] {processor.py:830} INFO - Processing file /opt/airflow/dags/predictive_pipeline_dag.py for tasks to queue
[2025-11-19T22:42:28.676+0000] {logging_mixin.py:188} INFO - [2025-11-19T22:42:28.676+0000] {dagbag.py:545} INFO - Filling up the DagBag from /opt/airflow/dags/predictive_pipeline_dag.py
[2025-11-19T22:42:30.918+0000] {logging_mixin.py:188} WARNING - /home/airflow/.local/lib/python3.12/site-packages/mlflow/tracking/_tracking_service/utils.py:140 FutureWarning: Filesystem tracking backend (e.g., './mlruns') is deprecated. Please switch to a database backend (e.g., 'sqlite:///mlflow.db'). For feedback, see: https://github.com/mlflow/mlflow/issues/18534
[2025-11-19T22:42:31.955+0000] {processor.py:840} INFO - DAG(s) 'predictive_pipeline_xgb' retrieved from /opt/airflow/dags/predictive_pipeline_dag.py
[2025-11-19T22:42:31.987+0000] {logging_mixin.py:188} INFO - [2025-11-19T22:42:31.987+0000] {dag.py:3096} INFO - Sync 1 DAGs
[2025-11-19T22:42:32.012+0000] {logging_mixin.py:188} INFO - [2025-11-19T22:42:32.012+0000] {dag.py:3954} INFO - Setting next_dagrun for predictive_pipeline_xgb to 2025-11-23 00:00:00+00:00, run_after=2025-11-30 00:00:00+00:00
[2025-11-19T22:42:32.093+0000] {processor.py:183} INFO - Processing /opt/airflow/dags/predictive_pipeline_dag.py took 3.432 seconds
[2025-11-19T22:43:02.806+0000] {processor.py:161} INFO - Started process (PID=647) to work on /opt/airflow/dags/predictive_pipeline_dag.py
[2025-11-19T22:43:02.808+0000] {processor.py:830} INFO - Processing file /opt/airflow/dags/predictive_pipeline_dag.py for tasks to queue
[2025-11-19T22:43:02.811+0000] {logging_mixin.py:188} INFO - [2025-11-19T22:43:02.810+0000] {dagbag.py:545} INFO - Filling up the DagBag from /opt/airflow/dags/predictive_pipeline_dag.py
[2025-11-19T22:43:05.318+0000] {logging_mixin.py:188} WARNING - /home/airflow/.local/lib/python3.12/site-packages/mlflow/tracking/_tracking_service/utils.py:140 FutureWarning: Filesystem tracking backend (e.g., './mlruns') is deprecated. Please switch to a database backend (e.g., 'sqlite:///mlflow.db'). For feedback, see: https://github.com/mlflow/mlflow/issues/18534
[2025-11-19T22:43:06.107+0000] {processor.py:840} INFO - DAG(s) 'predictive_pipeline_xgb' retrieved from /opt/airflow/dags/predictive_pipeline_dag.py
[2025-11-19T22:43:06.150+0000] {logging_mixin.py:188} INFO - [2025-11-19T22:43:06.150+0000] {dag.py:3096} INFO - Sync 1 DAGs
[2025-11-19T22:43:06.174+0000] {logging_mixin.py:188} INFO - [2025-11-19T22:43:06.174+0000] {dag.py:3954} INFO - Setting next_dagrun for predictive_pipeline_xgb to 2025-11-23 00:00:00+00:00, run_after=2025-11-30 00:00:00+00:00
[2025-11-19T22:43:06.285+0000] {processor.py:183} INFO - Processing /opt/airflow/dags/predictive_pipeline_dag.py took 3.368 seconds
[2025-11-19T22:43:37.304+0000] {processor.py:161} INFO - Started process (PID=657) to work on /opt/airflow/dags/predictive_pipeline_dag.py
[2025-11-19T22:43:37.306+0000] {processor.py:830} INFO - Processing file /opt/airflow/dags/predictive_pipeline_dag.py for tasks to queue
[2025-11-19T22:43:37.308+0000] {logging_mixin.py:188} INFO - [2025-11-19T22:43:37.307+0000] {dagbag.py:545} INFO - Filling up the DagBag from /opt/airflow/dags/predictive_pipeline_dag.py
[2025-11-19T22:43:39.739+0000] {logging_mixin.py:188} WARNING - /home/airflow/.local/lib/python3.12/site-packages/mlflow/tracking/_tracking_service/utils.py:140 FutureWarning: Filesystem tracking backend (e.g., './mlruns') is deprecated. Please switch to a database backend (e.g., 'sqlite:///mlflow.db'). For feedback, see: https://github.com/mlflow/mlflow/issues/18534
[2025-11-19T22:43:40.683+0000] {processor.py:840} INFO - DAG(s) 'predictive_pipeline_xgb' retrieved from /opt/airflow/dags/predictive_pipeline_dag.py
[2025-11-19T22:43:40.717+0000] {logging_mixin.py:188} INFO - [2025-11-19T22:43:40.716+0000] {dag.py:3096} INFO - Sync 1 DAGs
[2025-11-19T22:43:40.743+0000] {logging_mixin.py:188} INFO - [2025-11-19T22:43:40.743+0000] {dag.py:3954} INFO - Setting next_dagrun for predictive_pipeline_xgb to 2025-11-23 00:00:00+00:00, run_after=2025-11-30 00:00:00+00:00
[2025-11-19T22:43:40.834+0000] {processor.py:183} INFO - Processing /opt/airflow/dags/predictive_pipeline_dag.py took 3.547 seconds
[2025-11-19T22:44:11.123+0000] {processor.py:161} INFO - Started process (PID=667) to work on /opt/airflow/dags/predictive_pipeline_dag.py
[2025-11-19T22:44:11.127+0000] {processor.py:830} INFO - Processing file /opt/airflow/dags/predictive_pipeline_dag.py for tasks to queue
[2025-11-19T22:44:11.130+0000] {logging_mixin.py:188} INFO - [2025-11-19T22:44:11.129+0000] {dagbag.py:545} INFO - Filling up the DagBag from /opt/airflow/dags/predictive_pipeline_dag.py
[2025-11-19T22:44:13.447+0000] {logging_mixin.py:188} WARNING - /home/airflow/.local/lib/python3.12/site-packages/mlflow/tracking/_tracking_service/utils.py:140 FutureWarning: Filesystem tracking backend (e.g., './mlruns') is deprecated. Please switch to a database backend (e.g., 'sqlite:///mlflow.db'). For feedback, see: https://github.com/mlflow/mlflow/issues/18534
[2025-11-19T22:44:14.357+0000] {processor.py:840} INFO - DAG(s) 'predictive_pipeline_xgb' retrieved from /opt/airflow/dags/predictive_pipeline_dag.py
[2025-11-19T22:44:14.387+0000] {logging_mixin.py:188} INFO - [2025-11-19T22:44:14.387+0000] {dag.py:3096} INFO - Sync 1 DAGs
[2025-11-19T22:44:14.413+0000] {logging_mixin.py:188} INFO - [2025-11-19T22:44:14.413+0000] {dag.py:3954} INFO - Setting next_dagrun for predictive_pipeline_xgb to 2025-11-23 00:00:00+00:00, run_after=2025-11-30 00:00:00+00:00
[2025-11-19T22:44:14.495+0000] {processor.py:183} INFO - Processing /opt/airflow/dags/predictive_pipeline_dag.py took 3.401 seconds
[2025-11-19T22:44:45.151+0000] {processor.py:161} INFO - Started process (PID=677) to work on /opt/airflow/dags/predictive_pipeline_dag.py
[2025-11-19T22:44:45.152+0000] {processor.py:830} INFO - Processing file /opt/airflow/dags/predictive_pipeline_dag.py for tasks to queue
[2025-11-19T22:44:45.153+0000] {logging_mixin.py:188} INFO - [2025-11-19T22:44:45.153+0000] {dagbag.py:545} INFO - Filling up the DagBag from /opt/airflow/dags/predictive_pipeline_dag.py
[2025-11-19T22:44:47.169+0000] {logging_mixin.py:188} WARNING - /home/airflow/.local/lib/python3.12/site-packages/mlflow/tracking/_tracking_service/utils.py:140 FutureWarning: Filesystem tracking backend (e.g., './mlruns') is deprecated. Please switch to a database backend (e.g., 'sqlite:///mlflow.db'). For feedback, see: https://github.com/mlflow/mlflow/issues/18534
[2025-11-19T22:44:48.033+0000] {processor.py:840} INFO - DAG(s) 'predictive_pipeline_xgb' retrieved from /opt/airflow/dags/predictive_pipeline_dag.py
[2025-11-19T22:44:48.067+0000] {logging_mixin.py:188} INFO - [2025-11-19T22:44:48.066+0000] {dag.py:3096} INFO - Sync 1 DAGs
[2025-11-19T22:44:48.092+0000] {logging_mixin.py:188} INFO - [2025-11-19T22:44:48.092+0000] {dag.py:3954} INFO - Setting next_dagrun for predictive_pipeline_xgb to 2025-11-23 00:00:00+00:00, run_after=2025-11-30 00:00:00+00:00
[2025-11-19T22:44:48.172+0000] {processor.py:183} INFO - Processing /opt/airflow/dags/predictive_pipeline_dag.py took 3.033 seconds
[2025-11-19T22:45:19.016+0000] {processor.py:161} INFO - Started process (PID=687) to work on /opt/airflow/dags/predictive_pipeline_dag.py
[2025-11-19T22:45:19.017+0000] {processor.py:830} INFO - Processing file /opt/airflow/dags/predictive_pipeline_dag.py for tasks to queue
[2025-11-19T22:45:19.019+0000] {logging_mixin.py:188} INFO - [2025-11-19T22:45:19.018+0000] {dagbag.py:545} INFO - Filling up the DagBag from /opt/airflow/dags/predictive_pipeline_dag.py
[2025-11-19T22:45:21.494+0000] {logging_mixin.py:188} WARNING - /home/airflow/.local/lib/python3.12/site-packages/mlflow/tracking/_tracking_service/utils.py:140 FutureWarning: Filesystem tracking backend (e.g., './mlruns') is deprecated. Please switch to a database backend (e.g., 'sqlite:///mlflow.db'). For feedback, see: https://github.com/mlflow/mlflow/issues/18534
[2025-11-19T22:45:22.540+0000] {processor.py:840} INFO - DAG(s) 'predictive_pipeline_xgb' retrieved from /opt/airflow/dags/predictive_pipeline_dag.py
[2025-11-19T22:45:22.574+0000] {logging_mixin.py:188} INFO - [2025-11-19T22:45:22.574+0000] {dag.py:3096} INFO - Sync 1 DAGs
[2025-11-19T22:45:22.601+0000] {logging_mixin.py:188} INFO - [2025-11-19T22:45:22.601+0000] {dag.py:3954} INFO - Setting next_dagrun for predictive_pipeline_xgb to 2025-11-23 00:00:00+00:00, run_after=2025-11-30 00:00:00+00:00
[2025-11-19T22:45:22.682+0000] {processor.py:183} INFO - Processing /opt/airflow/dags/predictive_pipeline_dag.py took 3.678 seconds
[2025-11-19T22:45:53.332+0000] {processor.py:161} INFO - Started process (PID=697) to work on /opt/airflow/dags/predictive_pipeline_dag.py
[2025-11-19T22:45:53.334+0000] {processor.py:830} INFO - Processing file /opt/airflow/dags/predictive_pipeline_dag.py for tasks to queue
[2025-11-19T22:45:53.335+0000] {logging_mixin.py:188} INFO - [2025-11-19T22:45:53.335+0000] {dagbag.py:545} INFO - Filling up the DagBag from /opt/airflow/dags/predictive_pipeline_dag.py
[2025-11-19T22:45:56.194+0000] {logging_mixin.py:188} WARNING - /home/airflow/.local/lib/python3.12/site-packages/mlflow/tracking/_tracking_service/utils.py:140 FutureWarning: Filesystem tracking backend (e.g., './mlruns') is deprecated. Please switch to a database backend (e.g., 'sqlite:///mlflow.db'). For feedback, see: https://github.com/mlflow/mlflow/issues/18534
[2025-11-19T22:45:57.234+0000] {processor.py:840} INFO - DAG(s) 'predictive_pipeline_xgb' retrieved from /opt/airflow/dags/predictive_pipeline_dag.py
[2025-11-19T22:45:57.269+0000] {logging_mixin.py:188} INFO - [2025-11-19T22:45:57.268+0000] {dag.py:3096} INFO - Sync 1 DAGs
[2025-11-19T22:45:57.294+0000] {logging_mixin.py:188} INFO - [2025-11-19T22:45:57.293+0000] {dag.py:3954} INFO - Setting next_dagrun for predictive_pipeline_xgb to 2025-11-23 00:00:00+00:00, run_after=2025-11-30 00:00:00+00:00
[2025-11-19T22:45:57.378+0000] {processor.py:183} INFO - Processing /opt/airflow/dags/predictive_pipeline_dag.py took 4.055 seconds
[2025-11-19T22:46:27.593+0000] {processor.py:161} INFO - Started process (PID=707) to work on /opt/airflow/dags/predictive_pipeline_dag.py
[2025-11-19T22:46:27.594+0000] {processor.py:830} INFO - Processing file /opt/airflow/dags/predictive_pipeline_dag.py for tasks to queue
[2025-11-19T22:46:27.596+0000] {logging_mixin.py:188} INFO - [2025-11-19T22:46:27.595+0000] {dagbag.py:545} INFO - Filling up the DagBag from /opt/airflow/dags/predictive_pipeline_dag.py
[2025-11-19T22:46:29.891+0000] {logging_mixin.py:188} WARNING - /home/airflow/.local/lib/python3.12/site-packages/mlflow/tracking/_tracking_service/utils.py:140 FutureWarning: Filesystem tracking backend (e.g., './mlruns') is deprecated. Please switch to a database backend (e.g., 'sqlite:///mlflow.db'). For feedback, see: https://github.com/mlflow/mlflow/issues/18534
[2025-11-19T22:46:30.799+0000] {processor.py:840} INFO - DAG(s) 'predictive_pipeline_xgb' retrieved from /opt/airflow/dags/predictive_pipeline_dag.py
[2025-11-19T22:46:30.833+0000] {logging_mixin.py:188} INFO - [2025-11-19T22:46:30.832+0000] {dag.py:3096} INFO - Sync 1 DAGs
[2025-11-19T22:46:30.859+0000] {logging_mixin.py:188} INFO - [2025-11-19T22:46:30.859+0000] {dag.py:3954} INFO - Setting next_dagrun for predictive_pipeline_xgb to 2025-11-23 00:00:00+00:00, run_after=2025-11-30 00:00:00+00:00
[2025-11-19T22:46:30.938+0000] {processor.py:183} INFO - Processing /opt/airflow/dags/predictive_pipeline_dag.py took 3.353 seconds
[2025-11-19T22:47:01.184+0000] {processor.py:161} INFO - Started process (PID=717) to work on /opt/airflow/dags/predictive_pipeline_dag.py
[2025-11-19T22:47:01.185+0000] {processor.py:830} INFO - Processing file /opt/airflow/dags/predictive_pipeline_dag.py for tasks to queue
[2025-11-19T22:47:01.187+0000] {logging_mixin.py:188} INFO - [2025-11-19T22:47:01.186+0000] {dagbag.py:545} INFO - Filling up the DagBag from /opt/airflow/dags/predictive_pipeline_dag.py
[2025-11-19T22:47:03.892+0000] {logging_mixin.py:188} WARNING - /home/airflow/.local/lib/python3.12/site-packages/mlflow/tracking/_tracking_service/utils.py:140 FutureWarning: Filesystem tracking backend (e.g., './mlruns') is deprecated. Please switch to a database backend (e.g., 'sqlite:///mlflow.db'). For feedback, see: https://github.com/mlflow/mlflow/issues/18534
[2025-11-19T22:47:05.147+0000] {processor.py:840} INFO - DAG(s) 'predictive_pipeline_xgb' retrieved from /opt/airflow/dags/predictive_pipeline_dag.py
[2025-11-19T22:47:05.188+0000] {logging_mixin.py:188} INFO - [2025-11-19T22:47:05.188+0000] {dag.py:3096} INFO - Sync 1 DAGs
[2025-11-19T22:47:05.223+0000] {logging_mixin.py:188} INFO - [2025-11-19T22:47:05.223+0000] {dag.py:3954} INFO - Setting next_dagrun for predictive_pipeline_xgb to 2025-11-23 00:00:00+00:00, run_after=2025-11-30 00:00:00+00:00
[2025-11-19T22:47:05.339+0000] {processor.py:183} INFO - Processing /opt/airflow/dags/predictive_pipeline_dag.py took 3.990 seconds
[2025-11-19T22:47:36.148+0000] {processor.py:161} INFO - Started process (PID=727) to work on /opt/airflow/dags/predictive_pipeline_dag.py
[2025-11-19T22:47:36.149+0000] {processor.py:830} INFO - Processing file /opt/airflow/dags/predictive_pipeline_dag.py for tasks to queue
[2025-11-19T22:47:36.151+0000] {logging_mixin.py:188} INFO - [2025-11-19T22:47:36.150+0000] {dagbag.py:545} INFO - Filling up the DagBag from /opt/airflow/dags/predictive_pipeline_dag.py
[2025-11-19T22:47:38.884+0000] {logging_mixin.py:188} WARNING - /home/airflow/.local/lib/python3.12/site-packages/mlflow/tracking/_tracking_service/utils.py:140 FutureWarning: Filesystem tracking backend (e.g., './mlruns') is deprecated. Please switch to a database backend (e.g., 'sqlite:///mlflow.db'). For feedback, see: https://github.com/mlflow/mlflow/issues/18534
[2025-11-19T22:47:39.842+0000] {processor.py:840} INFO - DAG(s) 'predictive_pipeline_xgb' retrieved from /opt/airflow/dags/predictive_pipeline_dag.py
[2025-11-19T22:47:39.880+0000] {logging_mixin.py:188} INFO - [2025-11-19T22:47:39.880+0000] {dag.py:3096} INFO - Sync 1 DAGs
[2025-11-19T22:47:39.910+0000] {logging_mixin.py:188} INFO - [2025-11-19T22:47:39.910+0000] {dag.py:3954} INFO - Setting next_dagrun for predictive_pipeline_xgb to 2025-11-23 00:00:00+00:00, run_after=2025-11-30 00:00:00+00:00
[2025-11-19T22:47:40.008+0000] {processor.py:183} INFO - Processing /opt/airflow/dags/predictive_pipeline_dag.py took 3.871 seconds
[2025-11-19T22:48:10.957+0000] {processor.py:161} INFO - Started process (PID=737) to work on /opt/airflow/dags/predictive_pipeline_dag.py
[2025-11-19T22:48:10.959+0000] {processor.py:830} INFO - Processing file /opt/airflow/dags/predictive_pipeline_dag.py for tasks to queue
[2025-11-19T22:48:10.961+0000] {logging_mixin.py:188} INFO - [2025-11-19T22:48:10.961+0000] {dagbag.py:545} INFO - Filling up the DagBag from /opt/airflow/dags/predictive_pipeline_dag.py
[2025-11-19T22:48:13.536+0000] {logging_mixin.py:188} WARNING - /home/airflow/.local/lib/python3.12/site-packages/mlflow/tracking/_tracking_service/utils.py:140 FutureWarning: Filesystem tracking backend (e.g., './mlruns') is deprecated. Please switch to a database backend (e.g., 'sqlite:///mlflow.db'). For feedback, see: https://github.com/mlflow/mlflow/issues/18534
[2025-11-19T22:48:14.504+0000] {processor.py:840} INFO - DAG(s) 'predictive_pipeline_xgb' retrieved from /opt/airflow/dags/predictive_pipeline_dag.py
[2025-11-19T22:48:14.538+0000] {logging_mixin.py:188} INFO - [2025-11-19T22:48:14.537+0000] {dag.py:3096} INFO - Sync 1 DAGs
[2025-11-19T22:48:14.565+0000] {logging_mixin.py:188} INFO - [2025-11-19T22:48:14.565+0000] {dag.py:3954} INFO - Setting next_dagrun for predictive_pipeline_xgb to 2025-11-23 00:00:00+00:00, run_after=2025-11-30 00:00:00+00:00
[2025-11-19T22:48:14.658+0000] {processor.py:183} INFO - Processing /opt/airflow/dags/predictive_pipeline_dag.py took 3.722 seconds
[2025-11-19T22:48:45.015+0000] {processor.py:161} INFO - Started process (PID=747) to work on /opt/airflow/dags/predictive_pipeline_dag.py
[2025-11-19T22:48:45.017+0000] {processor.py:830} INFO - Processing file /opt/airflow/dags/predictive_pipeline_dag.py for tasks to queue
[2025-11-19T22:48:45.019+0000] {logging_mixin.py:188} INFO - [2025-11-19T22:48:45.018+0000] {dagbag.py:545} INFO - Filling up the DagBag from /opt/airflow/dags/predictive_pipeline_dag.py
[2025-11-19T22:48:47.921+0000] {logging_mixin.py:188} WARNING - /home/airflow/.local/lib/python3.12/site-packages/mlflow/tracking/_tracking_service/utils.py:140 FutureWarning: Filesystem tracking backend (e.g., './mlruns') is deprecated. Please switch to a database backend (e.g., 'sqlite:///mlflow.db'). For feedback, see: https://github.com/mlflow/mlflow/issues/18534
[2025-11-19T22:48:49.470+0000] {processor.py:840} INFO - DAG(s) 'predictive_pipeline_xgb' retrieved from /opt/airflow/dags/predictive_pipeline_dag.py
[2025-11-19T22:48:49.525+0000] {logging_mixin.py:188} INFO - [2025-11-19T22:48:49.525+0000] {dag.py:3096} INFO - Sync 1 DAGs
[2025-11-19T22:48:49.572+0000] {logging_mixin.py:188} INFO - [2025-11-19T22:48:49.571+0000] {dag.py:3954} INFO - Setting next_dagrun for predictive_pipeline_xgb to 2025-11-23 00:00:00+00:00, run_after=2025-11-30 00:00:00+00:00
[2025-11-19T22:48:49.736+0000] {processor.py:183} INFO - Processing /opt/airflow/dags/predictive_pipeline_dag.py took 4.736 seconds
[2025-11-19T22:49:20.300+0000] {processor.py:161} INFO - Started process (PID=757) to work on /opt/airflow/dags/predictive_pipeline_dag.py
[2025-11-19T22:49:20.302+0000] {processor.py:830} INFO - Processing file /opt/airflow/dags/predictive_pipeline_dag.py for tasks to queue
[2025-11-19T22:49:20.303+0000] {logging_mixin.py:188} INFO - [2025-11-19T22:49:20.303+0000] {dagbag.py:545} INFO - Filling up the DagBag from /opt/airflow/dags/predictive_pipeline_dag.py
[2025-11-19T22:49:23.109+0000] {logging_mixin.py:188} WARNING - /home/airflow/.local/lib/python3.12/site-packages/mlflow/tracking/_tracking_service/utils.py:140 FutureWarning: Filesystem tracking backend (e.g., './mlruns') is deprecated. Please switch to a database backend (e.g., 'sqlite:///mlflow.db'). For feedback, see: https://github.com/mlflow/mlflow/issues/18534
[2025-11-19T22:49:24.468+0000] {processor.py:840} INFO - DAG(s) 'predictive_pipeline_xgb' retrieved from /opt/airflow/dags/predictive_pipeline_dag.py
[2025-11-19T22:49:24.510+0000] {logging_mixin.py:188} INFO - [2025-11-19T22:49:24.509+0000] {dag.py:3096} INFO - Sync 1 DAGs
[2025-11-19T22:49:24.542+0000] {logging_mixin.py:188} INFO - [2025-11-19T22:49:24.542+0000] {dag.py:3954} INFO - Setting next_dagrun for predictive_pipeline_xgb to 2025-11-23 00:00:00+00:00, run_after=2025-11-30 00:00:00+00:00
[2025-11-19T22:49:24.644+0000] {processor.py:183} INFO - Processing /opt/airflow/dags/predictive_pipeline_dag.py took 4.357 seconds
[2025-11-19T22:49:54.855+0000] {processor.py:161} INFO - Started process (PID=767) to work on /opt/airflow/dags/predictive_pipeline_dag.py
[2025-11-19T22:49:54.856+0000] {processor.py:830} INFO - Processing file /opt/airflow/dags/predictive_pipeline_dag.py for tasks to queue
[2025-11-19T22:49:54.858+0000] {logging_mixin.py:188} INFO - [2025-11-19T22:49:54.857+0000] {dagbag.py:545} INFO - Filling up the DagBag from /opt/airflow/dags/predictive_pipeline_dag.py
[2025-11-19T22:49:58.576+0000] {logging_mixin.py:188} WARNING - /home/airflow/.local/lib/python3.12/site-packages/mlflow/tracking/_tracking_service/utils.py:140 FutureWarning: Filesystem tracking backend (e.g., './mlruns') is deprecated. Please switch to a database backend (e.g., 'sqlite:///mlflow.db'). For feedback, see: https://github.com/mlflow/mlflow/issues/18534
[2025-11-19T22:49:59.839+0000] {processor.py:840} INFO - DAG(s) 'predictive_pipeline_xgb' retrieved from /opt/airflow/dags/predictive_pipeline_dag.py
[2025-11-19T22:49:59.896+0000] {logging_mixin.py:188} INFO - [2025-11-19T22:49:59.894+0000] {dag.py:3096} INFO - Sync 1 DAGs
[2025-11-19T22:49:59.928+0000] {logging_mixin.py:188} INFO - [2025-11-19T22:49:59.927+0000] {dag.py:3954} INFO - Setting next_dagrun for predictive_pipeline_xgb to 2025-11-23 00:00:00+00:00, run_after=2025-11-30 00:00:00+00:00
[2025-11-19T22:50:00.027+0000] {processor.py:183} INFO - Processing /opt/airflow/dags/predictive_pipeline_dag.py took 5.183 seconds
[2025-11-19T22:50:30.532+0000] {processor.py:161} INFO - Started process (PID=777) to work on /opt/airflow/dags/predictive_pipeline_dag.py
[2025-11-19T22:50:30.534+0000] {processor.py:830} INFO - Processing file /opt/airflow/dags/predictive_pipeline_dag.py for tasks to queue
[2025-11-19T22:50:30.535+0000] {logging_mixin.py:188} INFO - [2025-11-19T22:50:30.534+0000] {dagbag.py:545} INFO - Filling up the DagBag from /opt/airflow/dags/predictive_pipeline_dag.py
[2025-11-19T22:50:33.531+0000] {logging_mixin.py:188} WARNING - /home/airflow/.local/lib/python3.12/site-packages/mlflow/tracking/_tracking_service/utils.py:140 FutureWarning: Filesystem tracking backend (e.g., './mlruns') is deprecated. Please switch to a database backend (e.g., 'sqlite:///mlflow.db'). For feedback, see: https://github.com/mlflow/mlflow/issues/18534
[2025-11-19T22:50:34.709+0000] {processor.py:840} INFO - DAG(s) 'predictive_pipeline_xgb' retrieved from /opt/airflow/dags/predictive_pipeline_dag.py
[2025-11-19T22:50:34.750+0000] {logging_mixin.py:188} INFO - [2025-11-19T22:50:34.749+0000] {dag.py:3096} INFO - Sync 1 DAGs
[2025-11-19T22:50:34.784+0000] {logging_mixin.py:188} INFO - [2025-11-19T22:50:34.783+0000] {dag.py:3954} INFO - Setting next_dagrun for predictive_pipeline_xgb to 2025-11-23 00:00:00+00:00, run_after=2025-11-30 00:00:00+00:00
[2025-11-19T22:50:34.892+0000] {processor.py:183} INFO - Processing /opt/airflow/dags/predictive_pipeline_dag.py took 4.372 seconds
[2025-11-19T22:51:05.754+0000] {processor.py:161} INFO - Started process (PID=787) to work on /opt/airflow/dags/predictive_pipeline_dag.py
[2025-11-19T22:51:05.758+0000] {processor.py:830} INFO - Processing file /opt/airflow/dags/predictive_pipeline_dag.py for tasks to queue
[2025-11-19T22:51:05.761+0000] {logging_mixin.py:188} INFO - [2025-11-19T22:51:05.760+0000] {dagbag.py:545} INFO - Filling up the DagBag from /opt/airflow/dags/predictive_pipeline_dag.py
[2025-11-19T22:51:08.252+0000] {logging_mixin.py:188} WARNING - /home/airflow/.local/lib/python3.12/site-packages/mlflow/tracking/_tracking_service/utils.py:140 FutureWarning: Filesystem tracking backend (e.g., './mlruns') is deprecated. Please switch to a database backend (e.g., 'sqlite:///mlflow.db'). For feedback, see: https://github.com/mlflow/mlflow/issues/18534
[2025-11-19T22:51:09.285+0000] {processor.py:840} INFO - DAG(s) 'predictive_pipeline_xgb' retrieved from /opt/airflow/dags/predictive_pipeline_dag.py
[2025-11-19T22:51:09.319+0000] {logging_mixin.py:188} INFO - [2025-11-19T22:51:09.318+0000] {dag.py:3096} INFO - Sync 1 DAGs
[2025-11-19T22:51:09.343+0000] {logging_mixin.py:188} INFO - [2025-11-19T22:51:09.343+0000] {dag.py:3954} INFO - Setting next_dagrun for predictive_pipeline_xgb to 2025-11-23 00:00:00+00:00, run_after=2025-11-30 00:00:00+00:00
[2025-11-19T22:51:09.437+0000] {processor.py:183} INFO - Processing /opt/airflow/dags/predictive_pipeline_dag.py took 3.712 seconds
[2025-11-19T22:51:40.160+0000] {processor.py:161} INFO - Started process (PID=797) to work on /opt/airflow/dags/predictive_pipeline_dag.py
[2025-11-19T22:51:40.162+0000] {processor.py:830} INFO - Processing file /opt/airflow/dags/predictive_pipeline_dag.py for tasks to queue
[2025-11-19T22:51:40.164+0000] {logging_mixin.py:188} INFO - [2025-11-19T22:51:40.163+0000] {dagbag.py:545} INFO - Filling up the DagBag from /opt/airflow/dags/predictive_pipeline_dag.py
[2025-11-19T22:51:42.509+0000] {logging_mixin.py:188} WARNING - /home/airflow/.local/lib/python3.12/site-packages/mlflow/tracking/_tracking_service/utils.py:140 FutureWarning: Filesystem tracking backend (e.g., './mlruns') is deprecated. Please switch to a database backend (e.g., 'sqlite:///mlflow.db'). For feedback, see: https://github.com/mlflow/mlflow/issues/18534
[2025-11-19T22:51:43.453+0000] {processor.py:840} INFO - DAG(s) 'predictive_pipeline_xgb' retrieved from /opt/airflow/dags/predictive_pipeline_dag.py
[2025-11-19T22:51:43.507+0000] {logging_mixin.py:188} INFO - [2025-11-19T22:51:43.506+0000] {dag.py:3096} INFO - Sync 1 DAGs
[2025-11-19T22:51:43.551+0000] {logging_mixin.py:188} INFO - [2025-11-19T22:51:43.550+0000] {dag.py:3954} INFO - Setting next_dagrun for predictive_pipeline_xgb to 2025-11-23 00:00:00+00:00, run_after=2025-11-30 00:00:00+00:00
[2025-11-19T22:51:43.705+0000] {processor.py:183} INFO - Processing /opt/airflow/dags/predictive_pipeline_dag.py took 3.558 seconds
[2025-11-19T22:52:13.856+0000] {processor.py:161} INFO - Started process (PID=807) to work on /opt/airflow/dags/predictive_pipeline_dag.py
[2025-11-19T22:52:13.858+0000] {processor.py:830} INFO - Processing file /opt/airflow/dags/predictive_pipeline_dag.py for tasks to queue
[2025-11-19T22:52:13.860+0000] {logging_mixin.py:188} INFO - [2025-11-19T22:52:13.859+0000] {dagbag.py:545} INFO - Filling up the DagBag from /opt/airflow/dags/predictive_pipeline_dag.py
[2025-11-19T22:52:16.351+0000] {logging_mixin.py:188} WARNING - /home/airflow/.local/lib/python3.12/site-packages/mlflow/tracking/_tracking_service/utils.py:140 FutureWarning: Filesystem tracking backend (e.g., './mlruns') is deprecated. Please switch to a database backend (e.g., 'sqlite:///mlflow.db'). For feedback, see: https://github.com/mlflow/mlflow/issues/18534
[2025-11-19T22:52:17.243+0000] {processor.py:840} INFO - DAG(s) 'predictive_pipeline_xgb' retrieved from /opt/airflow/dags/predictive_pipeline_dag.py
[2025-11-19T22:52:17.282+0000] {logging_mixin.py:188} INFO - [2025-11-19T22:52:17.282+0000] {dag.py:3096} INFO - Sync 1 DAGs
[2025-11-19T22:52:17.315+0000] {logging_mixin.py:188} INFO - [2025-11-19T22:52:17.315+0000] {dag.py:3954} INFO - Setting next_dagrun for predictive_pipeline_xgb to 2025-11-23 00:00:00+00:00, run_after=2025-11-30 00:00:00+00:00
[2025-11-19T22:52:17.418+0000] {processor.py:183} INFO - Processing /opt/airflow/dags/predictive_pipeline_dag.py took 3.577 seconds
[2025-11-19T22:52:48.229+0000] {processor.py:161} INFO - Started process (PID=817) to work on /opt/airflow/dags/predictive_pipeline_dag.py
[2025-11-19T22:52:48.231+0000] {processor.py:830} INFO - Processing file /opt/airflow/dags/predictive_pipeline_dag.py for tasks to queue
[2025-11-19T22:52:48.232+0000] {logging_mixin.py:188} INFO - [2025-11-19T22:52:48.232+0000] {dagbag.py:545} INFO - Filling up the DagBag from /opt/airflow/dags/predictive_pipeline_dag.py
[2025-11-19T22:52:51.323+0000] {logging_mixin.py:188} WARNING - /home/airflow/.local/lib/python3.12/site-packages/mlflow/tracking/_tracking_service/utils.py:140 FutureWarning: Filesystem tracking backend (e.g., './mlruns') is deprecated. Please switch to a database backend (e.g., 'sqlite:///mlflow.db'). For feedback, see: https://github.com/mlflow/mlflow/issues/18534
[2025-11-19T22:52:52.625+0000] {processor.py:840} INFO - DAG(s) 'predictive_pipeline_xgb' retrieved from /opt/airflow/dags/predictive_pipeline_dag.py
[2025-11-19T22:52:52.667+0000] {logging_mixin.py:188} INFO - [2025-11-19T22:52:52.666+0000] {dag.py:3096} INFO - Sync 1 DAGs
[2025-11-19T22:52:52.702+0000] {logging_mixin.py:188} INFO - [2025-11-19T22:52:52.701+0000] {dag.py:3954} INFO - Setting next_dagrun for predictive_pipeline_xgb to 2025-11-23 00:00:00+00:00, run_after=2025-11-30 00:00:00+00:00
[2025-11-19T22:52:52.828+0000] {processor.py:183} INFO - Processing /opt/airflow/dags/predictive_pipeline_dag.py took 4.609 seconds
[2025-11-19T22:53:23.587+0000] {processor.py:161} INFO - Started process (PID=827) to work on /opt/airflow/dags/predictive_pipeline_dag.py
[2025-11-19T22:53:23.588+0000] {processor.py:830} INFO - Processing file /opt/airflow/dags/predictive_pipeline_dag.py for tasks to queue
[2025-11-19T22:53:23.589+0000] {logging_mixin.py:188} INFO - [2025-11-19T22:53:23.589+0000] {dagbag.py:545} INFO - Filling up the DagBag from /opt/airflow/dags/predictive_pipeline_dag.py
[2025-11-19T22:53:26.298+0000] {logging_mixin.py:188} WARNING - /home/airflow/.local/lib/python3.12/site-packages/mlflow/tracking/_tracking_service/utils.py:140 FutureWarning: Filesystem tracking backend (e.g., './mlruns') is deprecated. Please switch to a database backend (e.g., 'sqlite:///mlflow.db'). For feedback, see: https://github.com/mlflow/mlflow/issues/18534
[2025-11-19T22:53:27.280+0000] {processor.py:840} INFO - DAG(s) 'predictive_pipeline_xgb' retrieved from /opt/airflow/dags/predictive_pipeline_dag.py
[2025-11-19T22:53:27.312+0000] {logging_mixin.py:188} INFO - [2025-11-19T22:53:27.311+0000] {dag.py:3096} INFO - Sync 1 DAGs
[2025-11-19T22:53:27.337+0000] {logging_mixin.py:188} INFO - [2025-11-19T22:53:27.337+0000] {dag.py:3954} INFO - Setting next_dagrun for predictive_pipeline_xgb to 2025-11-23 00:00:00+00:00, run_after=2025-11-30 00:00:00+00:00
[2025-11-19T22:53:27.425+0000] {processor.py:183} INFO - Processing /opt/airflow/dags/predictive_pipeline_dag.py took 3.851 seconds
[2025-11-19T22:53:58.306+0000] {processor.py:161} INFO - Started process (PID=837) to work on /opt/airflow/dags/predictive_pipeline_dag.py
[2025-11-19T22:53:58.310+0000] {processor.py:830} INFO - Processing file /opt/airflow/dags/predictive_pipeline_dag.py for tasks to queue
[2025-11-19T22:53:58.313+0000] {logging_mixin.py:188} INFO - [2025-11-19T22:53:58.312+0000] {dagbag.py:545} INFO - Filling up the DagBag from /opt/airflow/dags/predictive_pipeline_dag.py
[2025-11-19T22:54:00.405+0000] {logging_mixin.py:188} WARNING - /home/airflow/.local/lib/python3.12/site-packages/mlflow/tracking/_tracking_service/utils.py:140 FutureWarning: Filesystem tracking backend (e.g., './mlruns') is deprecated. Please switch to a database backend (e.g., 'sqlite:///mlflow.db'). For feedback, see: https://github.com/mlflow/mlflow/issues/18534
[2025-11-19T22:54:01.383+0000] {processor.py:840} INFO - DAG(s) 'predictive_pipeline_xgb' retrieved from /opt/airflow/dags/predictive_pipeline_dag.py
[2025-11-19T22:54:01.420+0000] {logging_mixin.py:188} INFO - [2025-11-19T22:54:01.419+0000] {dag.py:3096} INFO - Sync 1 DAGs
[2025-11-19T22:54:01.450+0000] {logging_mixin.py:188} INFO - [2025-11-19T22:54:01.450+0000] {dag.py:3954} INFO - Setting next_dagrun for predictive_pipeline_xgb to 2025-11-23 00:00:00+00:00, run_after=2025-11-30 00:00:00+00:00
[2025-11-19T22:54:01.554+0000] {processor.py:183} INFO - Processing /opt/airflow/dags/predictive_pipeline_dag.py took 3.277 seconds
[2025-11-19T22:54:31.844+0000] {processor.py:161} INFO - Started process (PID=847) to work on /opt/airflow/dags/predictive_pipeline_dag.py
[2025-11-19T22:54:31.846+0000] {processor.py:830} INFO - Processing file /opt/airflow/dags/predictive_pipeline_dag.py for tasks to queue
[2025-11-19T22:54:31.847+0000] {logging_mixin.py:188} INFO - [2025-11-19T22:54:31.846+0000] {dagbag.py:545} INFO - Filling up the DagBag from /opt/airflow/dags/predictive_pipeline_dag.py
[2025-11-19T22:54:34.488+0000] {logging_mixin.py:188} WARNING - /home/airflow/.local/lib/python3.12/site-packages/mlflow/tracking/_tracking_service/utils.py:140 FutureWarning: Filesystem tracking backend (e.g., './mlruns') is deprecated. Please switch to a database backend (e.g., 'sqlite:///mlflow.db'). For feedback, see: https://github.com/mlflow/mlflow/issues/18534
[2025-11-19T22:54:35.574+0000] {processor.py:840} INFO - DAG(s) 'predictive_pipeline_xgb' retrieved from /opt/airflow/dags/predictive_pipeline_dag.py
[2025-11-19T22:54:35.628+0000] {logging_mixin.py:188} INFO - [2025-11-19T22:54:35.627+0000] {dag.py:3096} INFO - Sync 1 DAGs
[2025-11-19T22:54:35.670+0000] {logging_mixin.py:188} INFO - [2025-11-19T22:54:35.670+0000] {dag.py:3954} INFO - Setting next_dagrun for predictive_pipeline_xgb to 2025-11-23 00:00:00+00:00, run_after=2025-11-30 00:00:00+00:00
[2025-11-19T22:54:35.793+0000] {processor.py:183} INFO - Processing /opt/airflow/dags/predictive_pipeline_dag.py took 3.959 seconds
[2025-11-19T22:55:06.364+0000] {processor.py:161} INFO - Started process (PID=857) to work on /opt/airflow/dags/predictive_pipeline_dag.py
[2025-11-19T22:55:06.365+0000] {processor.py:830} INFO - Processing file /opt/airflow/dags/predictive_pipeline_dag.py for tasks to queue
[2025-11-19T22:55:06.367+0000] {logging_mixin.py:188} INFO - [2025-11-19T22:55:06.367+0000] {dagbag.py:545} INFO - Filling up the DagBag from /opt/airflow/dags/predictive_pipeline_dag.py
[2025-11-19T22:55:08.836+0000] {logging_mixin.py:188} WARNING - /home/airflow/.local/lib/python3.12/site-packages/mlflow/tracking/_tracking_service/utils.py:140 FutureWarning: Filesystem tracking backend (e.g., './mlruns') is deprecated. Please switch to a database backend (e.g., 'sqlite:///mlflow.db'). For feedback, see: https://github.com/mlflow/mlflow/issues/18534
[2025-11-19T22:55:09.985+0000] {processor.py:840} INFO - DAG(s) 'predictive_pipeline_xgb' retrieved from /opt/airflow/dags/predictive_pipeline_dag.py
[2025-11-19T22:55:10.033+0000] {logging_mixin.py:188} INFO - [2025-11-19T22:55:10.033+0000] {dag.py:3096} INFO - Sync 1 DAGs
[2025-11-19T22:55:10.064+0000] {logging_mixin.py:188} INFO - [2025-11-19T22:55:10.064+0000] {dag.py:3954} INFO - Setting next_dagrun for predictive_pipeline_xgb to 2025-11-23 00:00:00+00:00, run_after=2025-11-30 00:00:00+00:00
[2025-11-19T22:55:10.174+0000] {processor.py:183} INFO - Processing /opt/airflow/dags/predictive_pipeline_dag.py took 3.681 seconds
[2025-11-19T22:55:41.083+0000] {processor.py:161} INFO - Started process (PID=867) to work on /opt/airflow/dags/predictive_pipeline_dag.py
[2025-11-19T22:55:41.087+0000] {processor.py:830} INFO - Processing file /opt/airflow/dags/predictive_pipeline_dag.py for tasks to queue
[2025-11-19T22:55:41.090+0000] {logging_mixin.py:188} INFO - [2025-11-19T22:55:41.089+0000] {dagbag.py:545} INFO - Filling up the DagBag from /opt/airflow/dags/predictive_pipeline_dag.py
[2025-11-19T22:55:43.455+0000] {logging_mixin.py:188} WARNING - /home/airflow/.local/lib/python3.12/site-packages/mlflow/tracking/_tracking_service/utils.py:140 FutureWarning: Filesystem tracking backend (e.g., './mlruns') is deprecated. Please switch to a database backend (e.g., 'sqlite:///mlflow.db'). For feedback, see: https://github.com/mlflow/mlflow/issues/18534
[2025-11-19T22:55:44.238+0000] {processor.py:840} INFO - DAG(s) 'predictive_pipeline_xgb' retrieved from /opt/airflow/dags/predictive_pipeline_dag.py
[2025-11-19T22:55:44.270+0000] {logging_mixin.py:188} INFO - [2025-11-19T22:55:44.270+0000] {dag.py:3096} INFO - Sync 1 DAGs
[2025-11-19T22:55:44.295+0000] {logging_mixin.py:188} INFO - [2025-11-19T22:55:44.295+0000] {dag.py:3954} INFO - Setting next_dagrun for predictive_pipeline_xgb to 2025-11-23 00:00:00+00:00, run_after=2025-11-30 00:00:00+00:00
[2025-11-19T22:55:44.374+0000] {processor.py:183} INFO - Processing /opt/airflow/dags/predictive_pipeline_dag.py took 3.318 seconds
[2025-11-19T22:56:14.555+0000] {processor.py:161} INFO - Started process (PID=877) to work on /opt/airflow/dags/predictive_pipeline_dag.py
[2025-11-19T22:56:14.557+0000] {processor.py:830} INFO - Processing file /opt/airflow/dags/predictive_pipeline_dag.py for tasks to queue
[2025-11-19T22:56:14.558+0000] {logging_mixin.py:188} INFO - [2025-11-19T22:56:14.558+0000] {dagbag.py:545} INFO - Filling up the DagBag from /opt/airflow/dags/predictive_pipeline_dag.py
[2025-11-19T22:56:16.889+0000] {logging_mixin.py:188} WARNING - /home/airflow/.local/lib/python3.12/site-packages/mlflow/tracking/_tracking_service/utils.py:140 FutureWarning: Filesystem tracking backend (e.g., './mlruns') is deprecated. Please switch to a database backend (e.g., 'sqlite:///mlflow.db'). For feedback, see: https://github.com/mlflow/mlflow/issues/18534
[2025-11-19T22:56:17.746+0000] {processor.py:840} INFO - DAG(s) 'predictive_pipeline_xgb' retrieved from /opt/airflow/dags/predictive_pipeline_dag.py
[2025-11-19T22:56:17.768+0000] {logging_mixin.py:188} INFO - [2025-11-19T22:56:17.768+0000] {dag.py:3096} INFO - Sync 1 DAGs
[2025-11-19T22:56:17.786+0000] {logging_mixin.py:188} INFO - [2025-11-19T22:56:17.786+0000] {dag.py:3954} INFO - Setting next_dagrun for predictive_pipeline_xgb to 2025-11-23 00:00:00+00:00, run_after=2025-11-30 00:00:00+00:00
[2025-11-19T22:56:17.862+0000] {processor.py:183} INFO - Processing /opt/airflow/dags/predictive_pipeline_dag.py took 3.319 seconds
[2025-11-19T22:56:48.135+0000] {processor.py:161} INFO - Started process (PID=887) to work on /opt/airflow/dags/predictive_pipeline_dag.py
[2025-11-19T22:56:48.139+0000] {processor.py:830} INFO - Processing file /opt/airflow/dags/predictive_pipeline_dag.py for tasks to queue
[2025-11-19T22:56:48.143+0000] {logging_mixin.py:188} INFO - [2025-11-19T22:56:48.141+0000] {dagbag.py:545} INFO - Filling up the DagBag from /opt/airflow/dags/predictive_pipeline_dag.py
[2025-11-19T22:56:50.713+0000] {logging_mixin.py:188} WARNING - /home/airflow/.local/lib/python3.12/site-packages/mlflow/tracking/_tracking_service/utils.py:140 FutureWarning: Filesystem tracking backend (e.g., './mlruns') is deprecated. Please switch to a database backend (e.g., 'sqlite:///mlflow.db'). For feedback, see: https://github.com/mlflow/mlflow/issues/18534
[2025-11-19T22:56:51.566+0000] {processor.py:840} INFO - DAG(s) 'predictive_pipeline_xgb' retrieved from /opt/airflow/dags/predictive_pipeline_dag.py
[2025-11-19T22:56:51.598+0000] {logging_mixin.py:188} INFO - [2025-11-19T22:56:51.598+0000] {dag.py:3096} INFO - Sync 1 DAGs
[2025-11-19T22:56:51.625+0000] {logging_mixin.py:188} INFO - [2025-11-19T22:56:51.625+0000] {dag.py:3954} INFO - Setting next_dagrun for predictive_pipeline_xgb to 2025-11-23 00:00:00+00:00, run_after=2025-11-30 00:00:00+00:00
[2025-11-19T22:56:51.718+0000] {processor.py:183} INFO - Processing /opt/airflow/dags/predictive_pipeline_dag.py took 3.609 seconds
[2025-11-19T22:57:22.362+0000] {processor.py:161} INFO - Started process (PID=897) to work on /opt/airflow/dags/predictive_pipeline_dag.py
[2025-11-19T22:57:22.363+0000] {processor.py:830} INFO - Processing file /opt/airflow/dags/predictive_pipeline_dag.py for tasks to queue
[2025-11-19T22:57:22.365+0000] {logging_mixin.py:188} INFO - [2025-11-19T22:57:22.364+0000] {dagbag.py:545} INFO - Filling up the DagBag from /opt/airflow/dags/predictive_pipeline_dag.py
[2025-11-19T22:57:24.447+0000] {logging_mixin.py:188} WARNING - /home/airflow/.local/lib/python3.12/site-packages/mlflow/tracking/_tracking_service/utils.py:140 FutureWarning: Filesystem tracking backend (e.g., './mlruns') is deprecated. Please switch to a database backend (e.g., 'sqlite:///mlflow.db'). For feedback, see: https://github.com/mlflow/mlflow/issues/18534
[2025-11-19T22:57:25.191+0000] {processor.py:840} INFO - DAG(s) 'predictive_pipeline_xgb' retrieved from /opt/airflow/dags/predictive_pipeline_dag.py
[2025-11-19T22:57:25.211+0000] {logging_mixin.py:188} INFO - [2025-11-19T22:57:25.210+0000] {dag.py:3096} INFO - Sync 1 DAGs
[2025-11-19T22:57:25.228+0000] {logging_mixin.py:188} INFO - [2025-11-19T22:57:25.228+0000] {dag.py:3954} INFO - Setting next_dagrun for predictive_pipeline_xgb to 2025-11-23 00:00:00+00:00, run_after=2025-11-30 00:00:00+00:00
[2025-11-19T22:57:25.286+0000] {processor.py:183} INFO - Processing /opt/airflow/dags/predictive_pipeline_dag.py took 2.935 seconds
[2025-11-19T22:57:56.239+0000] {processor.py:161} INFO - Started process (PID=907) to work on /opt/airflow/dags/predictive_pipeline_dag.py
[2025-11-19T22:57:56.244+0000] {processor.py:830} INFO - Processing file /opt/airflow/dags/predictive_pipeline_dag.py for tasks to queue
[2025-11-19T22:57:56.249+0000] {logging_mixin.py:188} INFO - [2025-11-19T22:57:56.247+0000] {dagbag.py:545} INFO - Filling up the DagBag from /opt/airflow/dags/predictive_pipeline_dag.py
[2025-11-19T22:57:58.820+0000] {logging_mixin.py:188} WARNING - /home/airflow/.local/lib/python3.12/site-packages/mlflow/tracking/_tracking_service/utils.py:140 FutureWarning: Filesystem tracking backend (e.g., './mlruns') is deprecated. Please switch to a database backend (e.g., 'sqlite:///mlflow.db'). For feedback, see: https://github.com/mlflow/mlflow/issues/18534
[2025-11-19T22:57:59.783+0000] {processor.py:840} INFO - DAG(s) 'predictive_pipeline_xgb' retrieved from /opt/airflow/dags/predictive_pipeline_dag.py
[2025-11-19T22:57:59.818+0000] {logging_mixin.py:188} INFO - [2025-11-19T22:57:59.817+0000] {dag.py:3096} INFO - Sync 1 DAGs
[2025-11-19T22:57:59.846+0000] {logging_mixin.py:188} INFO - [2025-11-19T22:57:59.845+0000] {dag.py:3954} INFO - Setting next_dagrun for predictive_pipeline_xgb to 2025-11-23 00:00:00+00:00, run_after=2025-11-30 00:00:00+00:00
[2025-11-19T22:57:59.948+0000] {processor.py:183} INFO - Processing /opt/airflow/dags/predictive_pipeline_dag.py took 3.742 seconds
[2025-11-19T22:58:31.018+0000] {processor.py:161} INFO - Started process (PID=917) to work on /opt/airflow/dags/predictive_pipeline_dag.py
[2025-11-19T22:58:31.021+0000] {processor.py:830} INFO - Processing file /opt/airflow/dags/predictive_pipeline_dag.py for tasks to queue
[2025-11-19T22:58:31.023+0000] {logging_mixin.py:188} INFO - [2025-11-19T22:58:31.022+0000] {dagbag.py:545} INFO - Filling up the DagBag from /opt/airflow/dags/predictive_pipeline_dag.py
[2025-11-19T22:58:33.492+0000] {logging_mixin.py:188} WARNING - /home/airflow/.local/lib/python3.12/site-packages/mlflow/tracking/_tracking_service/utils.py:140 FutureWarning: Filesystem tracking backend (e.g., './mlruns') is deprecated. Please switch to a database backend (e.g., 'sqlite:///mlflow.db'). For feedback, see: https://github.com/mlflow/mlflow/issues/18534
[2025-11-19T22:58:34.555+0000] {processor.py:840} INFO - DAG(s) 'predictive_pipeline_xgb' retrieved from /opt/airflow/dags/predictive_pipeline_dag.py
[2025-11-19T22:58:34.586+0000] {logging_mixin.py:188} INFO - [2025-11-19T22:58:34.586+0000] {dag.py:3096} INFO - Sync 1 DAGs
[2025-11-19T22:58:34.612+0000] {logging_mixin.py:188} INFO - [2025-11-19T22:58:34.612+0000] {dag.py:3954} INFO - Setting next_dagrun for predictive_pipeline_xgb to 2025-11-23 00:00:00+00:00, run_after=2025-11-30 00:00:00+00:00
[2025-11-19T22:58:34.704+0000] {processor.py:183} INFO - Processing /opt/airflow/dags/predictive_pipeline_dag.py took 3.703 seconds
[2025-11-19T22:59:05.402+0000] {processor.py:161} INFO - Started process (PID=927) to work on /opt/airflow/dags/predictive_pipeline_dag.py
[2025-11-19T22:59:05.404+0000] {processor.py:830} INFO - Processing file /opt/airflow/dags/predictive_pipeline_dag.py for tasks to queue
[2025-11-19T22:59:05.405+0000] {logging_mixin.py:188} INFO - [2025-11-19T22:59:05.405+0000] {dagbag.py:545} INFO - Filling up the DagBag from /opt/airflow/dags/predictive_pipeline_dag.py
[2025-11-19T22:59:08.580+0000] {logging_mixin.py:188} WARNING - /home/airflow/.local/lib/python3.12/site-packages/mlflow/tracking/_tracking_service/utils.py:140 FutureWarning: Filesystem tracking backend (e.g., './mlruns') is deprecated. Please switch to a database backend (e.g., 'sqlite:///mlflow.db'). For feedback, see: https://github.com/mlflow/mlflow/issues/18534
[2025-11-19T22:59:10.111+0000] {processor.py:840} INFO - DAG(s) 'predictive_pipeline_xgb' retrieved from /opt/airflow/dags/predictive_pipeline_dag.py
[2025-11-19T22:59:10.140+0000] {logging_mixin.py:188} INFO - [2025-11-19T22:59:10.139+0000] {dag.py:3096} INFO - Sync 1 DAGs
[2025-11-19T22:59:10.165+0000] {logging_mixin.py:188} INFO - [2025-11-19T22:59:10.165+0000] {dag.py:3954} INFO - Setting next_dagrun for predictive_pipeline_xgb to 2025-11-23 00:00:00+00:00, run_after=2025-11-30 00:00:00+00:00
[2025-11-19T22:59:10.239+0000] {processor.py:183} INFO - Processing /opt/airflow/dags/predictive_pipeline_dag.py took 4.620 seconds
[2025-11-19T22:59:41.163+0000] {processor.py:161} INFO - Started process (PID=937) to work on /opt/airflow/dags/predictive_pipeline_dag.py
[2025-11-19T22:59:41.164+0000] {processor.py:830} INFO - Processing file /opt/airflow/dags/predictive_pipeline_dag.py for tasks to queue
[2025-11-19T22:59:41.166+0000] {logging_mixin.py:188} INFO - [2025-11-19T22:59:41.165+0000] {dagbag.py:545} INFO - Filling up the DagBag from /opt/airflow/dags/predictive_pipeline_dag.py
[2025-11-19T22:59:44.106+0000] {logging_mixin.py:188} WARNING - /home/airflow/.local/lib/python3.12/site-packages/mlflow/tracking/_tracking_service/utils.py:140 FutureWarning: Filesystem tracking backend (e.g., './mlruns') is deprecated. Please switch to a database backend (e.g., 'sqlite:///mlflow.db'). For feedback, see: https://github.com/mlflow/mlflow/issues/18534
[2025-11-19T22:59:45.382+0000] {processor.py:840} INFO - DAG(s) 'predictive_pipeline_xgb' retrieved from /opt/airflow/dags/predictive_pipeline_dag.py
[2025-11-19T22:59:45.424+0000] {logging_mixin.py:188} INFO - [2025-11-19T22:59:45.423+0000] {dag.py:3096} INFO - Sync 1 DAGs
[2025-11-19T22:59:45.467+0000] {logging_mixin.py:188} INFO - [2025-11-19T22:59:45.466+0000] {dag.py:3954} INFO - Setting next_dagrun for predictive_pipeline_xgb to 2025-11-23 00:00:00+00:00, run_after=2025-11-30 00:00:00+00:00
[2025-11-19T22:59:45.596+0000] {processor.py:183} INFO - Processing /opt/airflow/dags/predictive_pipeline_dag.py took 4.445 seconds
[2025-11-19T23:00:16.514+0000] {processor.py:161} INFO - Started process (PID=947) to work on /opt/airflow/dags/predictive_pipeline_dag.py
[2025-11-19T23:00:16.515+0000] {processor.py:830} INFO - Processing file /opt/airflow/dags/predictive_pipeline_dag.py for tasks to queue
[2025-11-19T23:00:16.516+0000] {logging_mixin.py:188} INFO - [2025-11-19T23:00:16.515+0000] {dagbag.py:545} INFO - Filling up the DagBag from /opt/airflow/dags/predictive_pipeline_dag.py
[2025-11-19T23:00:19.382+0000] {logging_mixin.py:188} WARNING - /home/airflow/.local/lib/python3.12/site-packages/mlflow/tracking/_tracking_service/utils.py:140 FutureWarning: Filesystem tracking backend (e.g., './mlruns') is deprecated. Please switch to a database backend (e.g., 'sqlite:///mlflow.db'). For feedback, see: https://github.com/mlflow/mlflow/issues/18534
[2025-11-19T23:00:20.322+0000] {processor.py:840} INFO - DAG(s) 'predictive_pipeline_xgb' retrieved from /opt/airflow/dags/predictive_pipeline_dag.py
[2025-11-19T23:00:20.372+0000] {logging_mixin.py:188} INFO - [2025-11-19T23:00:20.371+0000] {dag.py:3096} INFO - Sync 1 DAGs
[2025-11-19T23:00:20.405+0000] {logging_mixin.py:188} INFO - [2025-11-19T23:00:20.404+0000] {dag.py:3954} INFO - Setting next_dagrun for predictive_pipeline_xgb to 2025-11-23 00:00:00+00:00, run_after=2025-11-30 00:00:00+00:00
[2025-11-19T23:00:20.516+0000] {processor.py:183} INFO - Processing /opt/airflow/dags/predictive_pipeline_dag.py took 4.012 seconds
[2025-11-19T23:00:51.249+0000] {processor.py:161} INFO - Started process (PID=957) to work on /opt/airflow/dags/predictive_pipeline_dag.py
[2025-11-19T23:00:51.251+0000] {processor.py:830} INFO - Processing file /opt/airflow/dags/predictive_pipeline_dag.py for tasks to queue
[2025-11-19T23:00:51.253+0000] {logging_mixin.py:188} INFO - [2025-11-19T23:00:51.252+0000] {dagbag.py:545} INFO - Filling up the DagBag from /opt/airflow/dags/predictive_pipeline_dag.py
[2025-11-19T23:00:53.410+0000] {logging_mixin.py:188} WARNING - /home/airflow/.local/lib/python3.12/site-packages/mlflow/tracking/_tracking_service/utils.py:140 FutureWarning: Filesystem tracking backend (e.g., './mlruns') is deprecated. Please switch to a database backend (e.g., 'sqlite:///mlflow.db'). For feedback, see: https://github.com/mlflow/mlflow/issues/18534
[2025-11-19T23:00:54.159+0000] {processor.py:840} INFO - DAG(s) 'predictive_pipeline_xgb' retrieved from /opt/airflow/dags/predictive_pipeline_dag.py
[2025-11-19T23:00:54.183+0000] {logging_mixin.py:188} INFO - [2025-11-19T23:00:54.182+0000] {dag.py:3096} INFO - Sync 1 DAGs
[2025-11-19T23:00:54.201+0000] {logging_mixin.py:188} INFO - [2025-11-19T23:00:54.200+0000] {dag.py:3954} INFO - Setting next_dagrun for predictive_pipeline_xgb to 2025-11-23 00:00:00+00:00, run_after=2025-11-30 00:00:00+00:00
[2025-11-19T23:00:54.274+0000] {processor.py:183} INFO - Processing /opt/airflow/dags/predictive_pipeline_dag.py took 3.039 seconds
[2025-11-19T23:01:24.901+0000] {processor.py:161} INFO - Started process (PID=967) to work on /opt/airflow/dags/predictive_pipeline_dag.py
[2025-11-19T23:01:24.905+0000] {processor.py:830} INFO - Processing file /opt/airflow/dags/predictive_pipeline_dag.py for tasks to queue
[2025-11-19T23:01:24.910+0000] {logging_mixin.py:188} INFO - [2025-11-19T23:01:24.908+0000] {dagbag.py:545} INFO - Filling up the DagBag from /opt/airflow/dags/predictive_pipeline_dag.py
[2025-11-19T23:01:28.093+0000] {logging_mixin.py:188} WARNING - /home/airflow/.local/lib/python3.12/site-packages/mlflow/tracking/_tracking_service/utils.py:140 FutureWarning: Filesystem tracking backend (e.g., './mlruns') is deprecated. Please switch to a database backend (e.g., 'sqlite:///mlflow.db'). For feedback, see: https://github.com/mlflow/mlflow/issues/18534
[2025-11-19T23:01:29.143+0000] {processor.py:840} INFO - DAG(s) 'predictive_pipeline_xgb' retrieved from /opt/airflow/dags/predictive_pipeline_dag.py
[2025-11-19T23:01:29.174+0000] {logging_mixin.py:188} INFO - [2025-11-19T23:01:29.174+0000] {dag.py:3096} INFO - Sync 1 DAGs
[2025-11-19T23:01:29.200+0000] {logging_mixin.py:188} INFO - [2025-11-19T23:01:29.200+0000] {dag.py:3954} INFO - Setting next_dagrun for predictive_pipeline_xgb to 2025-11-23 00:00:00+00:00, run_after=2025-11-30 00:00:00+00:00
[2025-11-19T23:01:29.286+0000] {processor.py:183} INFO - Processing /opt/airflow/dags/predictive_pipeline_dag.py took 4.422 seconds
[2025-11-19T23:02:00.330+0000] {processor.py:161} INFO - Started process (PID=977) to work on /opt/airflow/dags/predictive_pipeline_dag.py
[2025-11-19T23:02:00.333+0000] {processor.py:830} INFO - Processing file /opt/airflow/dags/predictive_pipeline_dag.py for tasks to queue
[2025-11-19T23:02:00.336+0000] {logging_mixin.py:188} INFO - [2025-11-19T23:02:00.335+0000] {dagbag.py:545} INFO - Filling up the DagBag from /opt/airflow/dags/predictive_pipeline_dag.py
[2025-11-19T23:02:02.808+0000] {logging_mixin.py:188} WARNING - /home/airflow/.local/lib/python3.12/site-packages/mlflow/tracking/_tracking_service/utils.py:140 FutureWarning: Filesystem tracking backend (e.g., './mlruns') is deprecated. Please switch to a database backend (e.g., 'sqlite:///mlflow.db'). For feedback, see: https://github.com/mlflow/mlflow/issues/18534
[2025-11-19T23:02:03.731+0000] {processor.py:840} INFO - DAG(s) 'predictive_pipeline_xgb' retrieved from /opt/airflow/dags/predictive_pipeline_dag.py
[2025-11-19T23:02:03.765+0000] {logging_mixin.py:188} INFO - [2025-11-19T23:02:03.764+0000] {dag.py:3096} INFO - Sync 1 DAGs
[2025-11-19T23:02:03.792+0000] {logging_mixin.py:188} INFO - [2025-11-19T23:02:03.792+0000] {dag.py:3954} INFO - Setting next_dagrun for predictive_pipeline_xgb to 2025-11-23 00:00:00+00:00, run_after=2025-11-30 00:00:00+00:00
[2025-11-19T23:02:03.885+0000] {processor.py:183} INFO - Processing /opt/airflow/dags/predictive_pipeline_dag.py took 3.579 seconds
[2025-11-19T23:02:34.920+0000] {processor.py:161} INFO - Started process (PID=987) to work on /opt/airflow/dags/predictive_pipeline_dag.py
[2025-11-19T23:02:34.922+0000] {processor.py:830} INFO - Processing file /opt/airflow/dags/predictive_pipeline_dag.py for tasks to queue
[2025-11-19T23:02:34.923+0000] {logging_mixin.py:188} INFO - [2025-11-19T23:02:34.923+0000] {dagbag.py:545} INFO - Filling up the DagBag from /opt/airflow/dags/predictive_pipeline_dag.py
[2025-11-19T23:02:39.554+0000] {logging_mixin.py:188} WARNING - /home/airflow/.local/lib/python3.12/site-packages/mlflow/tracking/_tracking_service/utils.py:140 FutureWarning: Filesystem tracking backend (e.g., './mlruns') is deprecated. Please switch to a database backend (e.g., 'sqlite:///mlflow.db'). For feedback, see: https://github.com/mlflow/mlflow/issues/18534
[2025-11-19T23:02:40.861+0000] {processor.py:840} INFO - DAG(s) 'predictive_pipeline_xgb' retrieved from /opt/airflow/dags/predictive_pipeline_dag.py
[2025-11-19T23:02:40.900+0000] {logging_mixin.py:188} INFO - [2025-11-19T23:02:40.899+0000] {dag.py:3096} INFO - Sync 1 DAGs
[2025-11-19T23:02:40.929+0000] {logging_mixin.py:188} INFO - [2025-11-19T23:02:40.929+0000] {dag.py:3954} INFO - Setting next_dagrun for predictive_pipeline_xgb to 2025-11-23 00:00:00+00:00, run_after=2025-11-30 00:00:00+00:00
[2025-11-19T23:02:41.044+0000] {processor.py:183} INFO - Processing /opt/airflow/dags/predictive_pipeline_dag.py took 5.940 seconds
[2025-11-19T23:03:12.201+0000] {processor.py:161} INFO - Started process (PID=997) to work on /opt/airflow/dags/predictive_pipeline_dag.py
[2025-11-19T23:03:12.204+0000] {processor.py:830} INFO - Processing file /opt/airflow/dags/predictive_pipeline_dag.py for tasks to queue
[2025-11-19T23:03:12.208+0000] {logging_mixin.py:188} INFO - [2025-11-19T23:03:12.207+0000] {dagbag.py:545} INFO - Filling up the DagBag from /opt/airflow/dags/predictive_pipeline_dag.py
[2025-11-19T23:03:15.123+0000] {logging_mixin.py:188} WARNING - /home/airflow/.local/lib/python3.12/site-packages/mlflow/tracking/_tracking_service/utils.py:140 FutureWarning: Filesystem tracking backend (e.g., './mlruns') is deprecated. Please switch to a database backend (e.g., 'sqlite:///mlflow.db'). For feedback, see: https://github.com/mlflow/mlflow/issues/18534
[2025-11-19T23:03:16.313+0000] {processor.py:840} INFO - DAG(s) 'predictive_pipeline_xgb' retrieved from /opt/airflow/dags/predictive_pipeline_dag.py
[2025-11-19T23:03:16.345+0000] {logging_mixin.py:188} INFO - [2025-11-19T23:03:16.344+0000] {dag.py:3096} INFO - Sync 1 DAGs
[2025-11-19T23:03:16.376+0000] {logging_mixin.py:188} INFO - [2025-11-19T23:03:16.376+0000] {dag.py:3954} INFO - Setting next_dagrun for predictive_pipeline_xgb to 2025-11-23 00:00:00+00:00, run_after=2025-11-30 00:00:00+00:00
[2025-11-19T23:03:16.475+0000] {processor.py:183} INFO - Processing /opt/airflow/dags/predictive_pipeline_dag.py took 4.304 seconds
[2025-11-19T23:03:47.150+0000] {processor.py:161} INFO - Started process (PID=1007) to work on /opt/airflow/dags/predictive_pipeline_dag.py
[2025-11-19T23:03:47.153+0000] {processor.py:830} INFO - Processing file /opt/airflow/dags/predictive_pipeline_dag.py for tasks to queue
[2025-11-19T23:03:47.157+0000] {logging_mixin.py:188} INFO - [2025-11-19T23:03:47.156+0000] {dagbag.py:545} INFO - Filling up the DagBag from /opt/airflow/dags/predictive_pipeline_dag.py
[2025-11-19T23:03:49.523+0000] {logging_mixin.py:188} WARNING - /home/airflow/.local/lib/python3.12/site-packages/mlflow/tracking/_tracking_service/utils.py:140 FutureWarning: Filesystem tracking backend (e.g., './mlruns') is deprecated. Please switch to a database backend (e.g., 'sqlite:///mlflow.db'). For feedback, see: https://github.com/mlflow/mlflow/issues/18534
[2025-11-19T23:03:50.356+0000] {processor.py:840} INFO - DAG(s) 'predictive_pipeline_xgb' retrieved from /opt/airflow/dags/predictive_pipeline_dag.py
[2025-11-19T23:03:50.376+0000] {logging_mixin.py:188} INFO - [2025-11-19T23:03:50.376+0000] {dag.py:3096} INFO - Sync 1 DAGs
[2025-11-19T23:03:50.394+0000] {logging_mixin.py:188} INFO - [2025-11-19T23:03:50.393+0000] {dag.py:3954} INFO - Setting next_dagrun for predictive_pipeline_xgb to 2025-11-23 00:00:00+00:00, run_after=2025-11-30 00:00:00+00:00
[2025-11-19T23:03:50.474+0000] {processor.py:183} INFO - Processing /opt/airflow/dags/predictive_pipeline_dag.py took 3.354 seconds
[2025-11-19T23:04:21.528+0000] {processor.py:161} INFO - Started process (PID=1017) to work on /opt/airflow/dags/predictive_pipeline_dag.py
[2025-11-19T23:04:21.532+0000] {processor.py:830} INFO - Processing file /opt/airflow/dags/predictive_pipeline_dag.py for tasks to queue
[2025-11-19T23:04:21.535+0000] {logging_mixin.py:188} INFO - [2025-11-19T23:04:21.534+0000] {dagbag.py:545} INFO - Filling up the DagBag from /opt/airflow/dags/predictive_pipeline_dag.py
[2025-11-19T23:04:23.680+0000] {logging_mixin.py:188} WARNING - /home/airflow/.local/lib/python3.12/site-packages/mlflow/tracking/_tracking_service/utils.py:140 FutureWarning: Filesystem tracking backend (e.g., './mlruns') is deprecated. Please switch to a database backend (e.g., 'sqlite:///mlflow.db'). For feedback, see: https://github.com/mlflow/mlflow/issues/18534
[2025-11-19T23:04:24.487+0000] {processor.py:840} INFO - DAG(s) 'predictive_pipeline_xgb' retrieved from /opt/airflow/dags/predictive_pipeline_dag.py
[2025-11-19T23:04:24.508+0000] {logging_mixin.py:188} INFO - [2025-11-19T23:04:24.507+0000] {dag.py:3096} INFO - Sync 1 DAGs
[2025-11-19T23:04:24.527+0000] {logging_mixin.py:188} INFO - [2025-11-19T23:04:24.527+0000] {dag.py:3954} INFO - Setting next_dagrun for predictive_pipeline_xgb to 2025-11-23 00:00:00+00:00, run_after=2025-11-30 00:00:00+00:00
[2025-11-19T23:04:24.578+0000] {processor.py:183} INFO - Processing /opt/airflow/dags/predictive_pipeline_dag.py took 3.083 seconds
[2025-11-19T23:04:54.729+0000] {processor.py:161} INFO - Started process (PID=1027) to work on /opt/airflow/dags/predictive_pipeline_dag.py
[2025-11-19T23:04:54.731+0000] {processor.py:830} INFO - Processing file /opt/airflow/dags/predictive_pipeline_dag.py for tasks to queue
[2025-11-19T23:04:54.732+0000] {logging_mixin.py:188} INFO - [2025-11-19T23:04:54.732+0000] {dagbag.py:545} INFO - Filling up the DagBag from /opt/airflow/dags/predictive_pipeline_dag.py
[2025-11-19T23:04:57.529+0000] {logging_mixin.py:188} WARNING - /home/airflow/.local/lib/python3.12/site-packages/mlflow/tracking/_tracking_service/utils.py:140 FutureWarning: Filesystem tracking backend (e.g., './mlruns') is deprecated. Please switch to a database backend (e.g., 'sqlite:///mlflow.db'). For feedback, see: https://github.com/mlflow/mlflow/issues/18534
[2025-11-19T23:04:58.690+0000] {processor.py:840} INFO - DAG(s) 'predictive_pipeline_xgb' retrieved from /opt/airflow/dags/predictive_pipeline_dag.py
[2025-11-19T23:04:58.729+0000] {logging_mixin.py:188} INFO - [2025-11-19T23:04:58.728+0000] {dag.py:3096} INFO - Sync 1 DAGs
[2025-11-19T23:04:58.764+0000] {logging_mixin.py:188} INFO - [2025-11-19T23:04:58.764+0000] {dag.py:3954} INFO - Setting next_dagrun for predictive_pipeline_xgb to 2025-11-23 00:00:00+00:00, run_after=2025-11-30 00:00:00+00:00
[2025-11-19T23:04:58.882+0000] {processor.py:183} INFO - Processing /opt/airflow/dags/predictive_pipeline_dag.py took 4.163 seconds
[2025-11-19T23:05:29.046+0000] {processor.py:161} INFO - Started process (PID=1037) to work on /opt/airflow/dags/predictive_pipeline_dag.py
[2025-11-19T23:05:29.047+0000] {processor.py:830} INFO - Processing file /opt/airflow/dags/predictive_pipeline_dag.py for tasks to queue
[2025-11-19T23:05:29.049+0000] {logging_mixin.py:188} INFO - [2025-11-19T23:05:29.049+0000] {dagbag.py:545} INFO - Filling up the DagBag from /opt/airflow/dags/predictive_pipeline_dag.py
[2025-11-19T23:05:31.073+0000] {logging_mixin.py:188} WARNING - /home/airflow/.local/lib/python3.12/site-packages/mlflow/tracking/_tracking_service/utils.py:140 FutureWarning: Filesystem tracking backend (e.g., './mlruns') is deprecated. Please switch to a database backend (e.g., 'sqlite:///mlflow.db'). For feedback, see: https://github.com/mlflow/mlflow/issues/18534
[2025-11-19T23:05:31.906+0000] {processor.py:840} INFO - DAG(s) 'predictive_pipeline_xgb' retrieved from /opt/airflow/dags/predictive_pipeline_dag.py
[2025-11-19T23:05:31.937+0000] {logging_mixin.py:188} INFO - [2025-11-19T23:05:31.936+0000] {dag.py:3096} INFO - Sync 1 DAGs
[2025-11-19T23:05:31.962+0000] {logging_mixin.py:188} INFO - [2025-11-19T23:05:31.961+0000] {dag.py:3954} INFO - Setting next_dagrun for predictive_pipeline_xgb to 2025-11-23 00:00:00+00:00, run_after=2025-11-30 00:00:00+00:00
[2025-11-19T23:05:32.050+0000] {processor.py:183} INFO - Processing /opt/airflow/dags/predictive_pipeline_dag.py took 3.016 seconds
[2025-11-19T23:06:02.606+0000] {processor.py:161} INFO - Started process (PID=1047) to work on /opt/airflow/dags/predictive_pipeline_dag.py
[2025-11-19T23:06:02.609+0000] {processor.py:830} INFO - Processing file /opt/airflow/dags/predictive_pipeline_dag.py for tasks to queue
[2025-11-19T23:06:02.614+0000] {logging_mixin.py:188} INFO - [2025-11-19T23:06:02.612+0000] {dagbag.py:545} INFO - Filling up the DagBag from /opt/airflow/dags/predictive_pipeline_dag.py
[2025-11-19T23:06:04.859+0000] {logging_mixin.py:188} WARNING - /home/airflow/.local/lib/python3.12/site-packages/mlflow/tracking/_tracking_service/utils.py:140 FutureWarning: Filesystem tracking backend (e.g., './mlruns') is deprecated. Please switch to a database backend (e.g., 'sqlite:///mlflow.db'). For feedback, see: https://github.com/mlflow/mlflow/issues/18534
[2025-11-19T23:06:05.784+0000] {processor.py:840} INFO - DAG(s) 'predictive_pipeline_xgb' retrieved from /opt/airflow/dags/predictive_pipeline_dag.py
[2025-11-19T23:06:05.817+0000] {logging_mixin.py:188} INFO - [2025-11-19T23:06:05.816+0000] {dag.py:3096} INFO - Sync 1 DAGs
[2025-11-19T23:06:05.847+0000] {logging_mixin.py:188} INFO - [2025-11-19T23:06:05.847+0000] {dag.py:3954} INFO - Setting next_dagrun for predictive_pipeline_xgb to 2025-11-23 00:00:00+00:00, run_after=2025-11-30 00:00:00+00:00
[2025-11-19T23:06:05.948+0000] {processor.py:183} INFO - Processing /opt/airflow/dags/predictive_pipeline_dag.py took 3.373 seconds
[2025-11-19T23:06:36.489+0000] {processor.py:161} INFO - Started process (PID=1057) to work on /opt/airflow/dags/predictive_pipeline_dag.py
[2025-11-19T23:06:36.491+0000] {processor.py:830} INFO - Processing file /opt/airflow/dags/predictive_pipeline_dag.py for tasks to queue
[2025-11-19T23:06:36.493+0000] {logging_mixin.py:188} INFO - [2025-11-19T23:06:36.492+0000] {dagbag.py:545} INFO - Filling up the DagBag from /opt/airflow/dags/predictive_pipeline_dag.py
[2025-11-19T23:06:38.949+0000] {logging_mixin.py:188} WARNING - /home/airflow/.local/lib/python3.12/site-packages/mlflow/tracking/_tracking_service/utils.py:140 FutureWarning: Filesystem tracking backend (e.g., './mlruns') is deprecated. Please switch to a database backend (e.g., 'sqlite:///mlflow.db'). For feedback, see: https://github.com/mlflow/mlflow/issues/18534
[2025-11-19T23:06:39.866+0000] {processor.py:840} INFO - DAG(s) 'predictive_pipeline_xgb' retrieved from /opt/airflow/dags/predictive_pipeline_dag.py
[2025-11-19T23:06:39.898+0000] {logging_mixin.py:188} INFO - [2025-11-19T23:06:39.898+0000] {dag.py:3096} INFO - Sync 1 DAGs
[2025-11-19T23:06:39.924+0000] {logging_mixin.py:188} INFO - [2025-11-19T23:06:39.924+0000] {dag.py:3954} INFO - Setting next_dagrun for predictive_pipeline_xgb to 2025-11-23 00:00:00+00:00, run_after=2025-11-30 00:00:00+00:00
[2025-11-19T23:06:40.001+0000] {processor.py:183} INFO - Processing /opt/airflow/dags/predictive_pipeline_dag.py took 3.537 seconds
[2025-11-19T23:07:10.400+0000] {processor.py:161} INFO - Started process (PID=1067) to work on /opt/airflow/dags/predictive_pipeline_dag.py
[2025-11-19T23:07:10.406+0000] {processor.py:830} INFO - Processing file /opt/airflow/dags/predictive_pipeline_dag.py for tasks to queue
[2025-11-19T23:07:10.413+0000] {logging_mixin.py:188} INFO - [2025-11-19T23:07:10.409+0000] {dagbag.py:545} INFO - Filling up the DagBag from /opt/airflow/dags/predictive_pipeline_dag.py
[2025-11-19T23:07:13.658+0000] {logging_mixin.py:188} WARNING - /home/airflow/.local/lib/python3.12/site-packages/mlflow/tracking/_tracking_service/utils.py:140 FutureWarning: Filesystem tracking backend (e.g., './mlruns') is deprecated. Please switch to a database backend (e.g., 'sqlite:///mlflow.db'). For feedback, see: https://github.com/mlflow/mlflow/issues/18534
[2025-11-19T23:07:14.886+0000] {processor.py:840} INFO - DAG(s) 'predictive_pipeline_xgb' retrieved from /opt/airflow/dags/predictive_pipeline_dag.py
[2025-11-19T23:07:14.928+0000] {logging_mixin.py:188} INFO - [2025-11-19T23:07:14.927+0000] {dag.py:3096} INFO - Sync 1 DAGs
[2025-11-19T23:07:14.960+0000] {logging_mixin.py:188} INFO - [2025-11-19T23:07:14.960+0000] {dag.py:3954} INFO - Setting next_dagrun for predictive_pipeline_xgb to 2025-11-23 00:00:00+00:00, run_after=2025-11-30 00:00:00+00:00
[2025-11-19T23:07:15.065+0000] {processor.py:183} INFO - Processing /opt/airflow/dags/predictive_pipeline_dag.py took 4.513 seconds
[2025-11-19T23:07:45.836+0000] {processor.py:161} INFO - Started process (PID=1077) to work on /opt/airflow/dags/predictive_pipeline_dag.py
[2025-11-19T23:07:45.838+0000] {processor.py:830} INFO - Processing file /opt/airflow/dags/predictive_pipeline_dag.py for tasks to queue
[2025-11-19T23:07:45.840+0000] {logging_mixin.py:188} INFO - [2025-11-19T23:07:45.839+0000] {dagbag.py:545} INFO - Filling up the DagBag from /opt/airflow/dags/predictive_pipeline_dag.py
[2025-11-19T23:07:48.049+0000] {logging_mixin.py:188} WARNING - /home/airflow/.local/lib/python3.12/site-packages/mlflow/tracking/_tracking_service/utils.py:140 FutureWarning: Filesystem tracking backend (e.g., './mlruns') is deprecated. Please switch to a database backend (e.g., 'sqlite:///mlflow.db'). For feedback, see: https://github.com/mlflow/mlflow/issues/18534
[2025-11-19T23:07:49.116+0000] {processor.py:840} INFO - DAG(s) 'predictive_pipeline_xgb' retrieved from /opt/airflow/dags/predictive_pipeline_dag.py
[2025-11-19T23:07:49.148+0000] {logging_mixin.py:188} INFO - [2025-11-19T23:07:49.147+0000] {dag.py:3096} INFO - Sync 1 DAGs
[2025-11-19T23:07:49.173+0000] {logging_mixin.py:188} INFO - [2025-11-19T23:07:49.173+0000] {dag.py:3954} INFO - Setting next_dagrun for predictive_pipeline_xgb to 2025-11-23 00:00:00+00:00, run_after=2025-11-30 00:00:00+00:00
[2025-11-19T23:07:49.258+0000] {processor.py:183} INFO - Processing /opt/airflow/dags/predictive_pipeline_dag.py took 3.439 seconds
[2025-11-19T23:08:19.922+0000] {processor.py:161} INFO - Started process (PID=1087) to work on /opt/airflow/dags/predictive_pipeline_dag.py
[2025-11-19T23:08:19.924+0000] {processor.py:830} INFO - Processing file /opt/airflow/dags/predictive_pipeline_dag.py for tasks to queue
[2025-11-19T23:08:19.925+0000] {logging_mixin.py:188} INFO - [2025-11-19T23:08:19.925+0000] {dagbag.py:545} INFO - Filling up the DagBag from /opt/airflow/dags/predictive_pipeline_dag.py
[2025-11-19T23:08:22.595+0000] {logging_mixin.py:188} WARNING - /home/airflow/.local/lib/python3.12/site-packages/mlflow/tracking/_tracking_service/utils.py:140 FutureWarning: Filesystem tracking backend (e.g., './mlruns') is deprecated. Please switch to a database backend (e.g., 'sqlite:///mlflow.db'). For feedback, see: https://github.com/mlflow/mlflow/issues/18534
[2025-11-19T23:08:23.611+0000] {processor.py:840} INFO - DAG(s) 'predictive_pipeline_xgb' retrieved from /opt/airflow/dags/predictive_pipeline_dag.py
[2025-11-19T23:08:23.637+0000] {logging_mixin.py:188} INFO - [2025-11-19T23:08:23.636+0000] {dag.py:3096} INFO - Sync 1 DAGs
[2025-11-19T23:08:23.656+0000] {logging_mixin.py:188} INFO - [2025-11-19T23:08:23.656+0000] {dag.py:3954} INFO - Setting next_dagrun for predictive_pipeline_xgb to 2025-11-23 00:00:00+00:00, run_after=2025-11-30 00:00:00+00:00
[2025-11-19T23:08:23.729+0000] {processor.py:183} INFO - Processing /opt/airflow/dags/predictive_pipeline_dag.py took 3.817 seconds
[2025-11-19T23:08:54.188+0000] {processor.py:161} INFO - Started process (PID=1097) to work on /opt/airflow/dags/predictive_pipeline_dag.py
[2025-11-19T23:08:54.190+0000] {processor.py:830} INFO - Processing file /opt/airflow/dags/predictive_pipeline_dag.py for tasks to queue
[2025-11-19T23:08:54.192+0000] {logging_mixin.py:188} INFO - [2025-11-19T23:08:54.191+0000] {dagbag.py:545} INFO - Filling up the DagBag from /opt/airflow/dags/predictive_pipeline_dag.py
[2025-11-19T23:08:56.502+0000] {logging_mixin.py:188} WARNING - /home/airflow/.local/lib/python3.12/site-packages/mlflow/tracking/_tracking_service/utils.py:140 FutureWarning: Filesystem tracking backend (e.g., './mlruns') is deprecated. Please switch to a database backend (e.g., 'sqlite:///mlflow.db'). For feedback, see: https://github.com/mlflow/mlflow/issues/18534
[2025-11-19T23:08:57.341+0000] {processor.py:840} INFO - DAG(s) 'predictive_pipeline_xgb' retrieved from /opt/airflow/dags/predictive_pipeline_dag.py
[2025-11-19T23:08:57.367+0000] {logging_mixin.py:188} INFO - [2025-11-19T23:08:57.366+0000] {dag.py:3096} INFO - Sync 1 DAGs
[2025-11-19T23:08:57.383+0000] {logging_mixin.py:188} INFO - [2025-11-19T23:08:57.383+0000] {dag.py:3954} INFO - Setting next_dagrun for predictive_pipeline_xgb to 2025-11-23 00:00:00+00:00, run_after=2025-11-30 00:00:00+00:00
[2025-11-19T23:08:57.463+0000] {processor.py:183} INFO - Processing /opt/airflow/dags/predictive_pipeline_dag.py took 3.290 seconds
[2025-11-19T23:09:27.732+0000] {processor.py:161} INFO - Started process (PID=1108) to work on /opt/airflow/dags/predictive_pipeline_dag.py
[2025-11-19T23:09:27.737+0000] {processor.py:830} INFO - Processing file /opt/airflow/dags/predictive_pipeline_dag.py for tasks to queue
[2025-11-19T23:09:27.740+0000] {logging_mixin.py:188} INFO - [2025-11-19T23:09:27.739+0000] {dagbag.py:545} INFO - Filling up the DagBag from /opt/airflow/dags/predictive_pipeline_dag.py
[2025-11-19T23:09:30.069+0000] {logging_mixin.py:188} WARNING - /home/airflow/.local/lib/python3.12/site-packages/mlflow/tracking/_tracking_service/utils.py:140 FutureWarning: Filesystem tracking backend (e.g., './mlruns') is deprecated. Please switch to a database backend (e.g., 'sqlite:///mlflow.db'). For feedback, see: https://github.com/mlflow/mlflow/issues/18534
[2025-11-19T23:09:31.038+0000] {processor.py:840} INFO - DAG(s) 'predictive_pipeline_xgb' retrieved from /opt/airflow/dags/predictive_pipeline_dag.py
[2025-11-19T23:09:31.071+0000] {logging_mixin.py:188} INFO - [2025-11-19T23:09:31.070+0000] {dag.py:3096} INFO - Sync 1 DAGs
[2025-11-19T23:09:31.096+0000] {logging_mixin.py:188} INFO - [2025-11-19T23:09:31.096+0000] {dag.py:3954} INFO - Setting next_dagrun for predictive_pipeline_xgb to 2025-11-23 00:00:00+00:00, run_after=2025-11-30 00:00:00+00:00
[2025-11-19T23:09:31.190+0000] {processor.py:183} INFO - Processing /opt/airflow/dags/predictive_pipeline_dag.py took 3.495 seconds
[2025-11-19T23:10:01.953+0000] {processor.py:161} INFO - Started process (PID=1118) to work on /opt/airflow/dags/predictive_pipeline_dag.py
[2025-11-19T23:10:01.955+0000] {processor.py:830} INFO - Processing file /opt/airflow/dags/predictive_pipeline_dag.py for tasks to queue
[2025-11-19T23:10:01.957+0000] {logging_mixin.py:188} INFO - [2025-11-19T23:10:01.957+0000] {dagbag.py:545} INFO - Filling up the DagBag from /opt/airflow/dags/predictive_pipeline_dag.py
[2025-11-19T23:10:04.655+0000] {logging_mixin.py:188} WARNING - /home/airflow/.local/lib/python3.12/site-packages/mlflow/tracking/_tracking_service/utils.py:140 FutureWarning: Filesystem tracking backend (e.g., './mlruns') is deprecated. Please switch to a database backend (e.g., 'sqlite:///mlflow.db'). For feedback, see: https://github.com/mlflow/mlflow/issues/18534
[2025-11-19T23:10:05.552+0000] {processor.py:840} INFO - DAG(s) 'predictive_pipeline_xgb' retrieved from /opt/airflow/dags/predictive_pipeline_dag.py
[2025-11-19T23:10:05.574+0000] {logging_mixin.py:188} INFO - [2025-11-19T23:10:05.574+0000] {dag.py:3096} INFO - Sync 1 DAGs
[2025-11-19T23:10:05.600+0000] {logging_mixin.py:188} INFO - [2025-11-19T23:10:05.599+0000] {dag.py:3954} INFO - Setting next_dagrun for predictive_pipeline_xgb to 2025-11-23 00:00:00+00:00, run_after=2025-11-30 00:00:00+00:00
[2025-11-19T23:10:05.686+0000] {processor.py:183} INFO - Processing /opt/airflow/dags/predictive_pipeline_dag.py took 3.748 seconds
[2025-11-19T23:10:36.814+0000] {processor.py:161} INFO - Started process (PID=1128) to work on /opt/airflow/dags/predictive_pipeline_dag.py
[2025-11-19T23:10:36.819+0000] {processor.py:830} INFO - Processing file /opt/airflow/dags/predictive_pipeline_dag.py for tasks to queue
[2025-11-19T23:10:36.823+0000] {logging_mixin.py:188} INFO - [2025-11-19T23:10:36.822+0000] {dagbag.py:545} INFO - Filling up the DagBag from /opt/airflow/dags/predictive_pipeline_dag.py
[2025-11-19T23:10:39.174+0000] {logging_mixin.py:188} WARNING - /home/airflow/.local/lib/python3.12/site-packages/mlflow/tracking/_tracking_service/utils.py:140 FutureWarning: Filesystem tracking backend (e.g., './mlruns') is deprecated. Please switch to a database backend (e.g., 'sqlite:///mlflow.db'). For feedback, see: https://github.com/mlflow/mlflow/issues/18534
[2025-11-19T23:10:39.989+0000] {processor.py:840} INFO - DAG(s) 'predictive_pipeline_xgb' retrieved from /opt/airflow/dags/predictive_pipeline_dag.py
[2025-11-19T23:10:40.010+0000] {logging_mixin.py:188} INFO - [2025-11-19T23:10:40.010+0000] {dag.py:3096} INFO - Sync 1 DAGs
[2025-11-19T23:10:40.028+0000] {logging_mixin.py:188} INFO - [2025-11-19T23:10:40.028+0000] {dag.py:3954} INFO - Setting next_dagrun for predictive_pipeline_xgb to 2025-11-23 00:00:00+00:00, run_after=2025-11-30 00:00:00+00:00
[2025-11-19T23:10:40.103+0000] {processor.py:183} INFO - Processing /opt/airflow/dags/predictive_pipeline_dag.py took 3.331 seconds
[2025-11-19T23:11:10.252+0000] {processor.py:161} INFO - Started process (PID=1138) to work on /opt/airflow/dags/predictive_pipeline_dag.py
[2025-11-19T23:11:10.254+0000] {processor.py:830} INFO - Processing file /opt/airflow/dags/predictive_pipeline_dag.py for tasks to queue
[2025-11-19T23:11:10.255+0000] {logging_mixin.py:188} INFO - [2025-11-19T23:11:10.254+0000] {dagbag.py:545} INFO - Filling up the DagBag from /opt/airflow/dags/predictive_pipeline_dag.py
[2025-11-19T23:11:12.228+0000] {logging_mixin.py:188} WARNING - /home/airflow/.local/lib/python3.12/site-packages/mlflow/tracking/_tracking_service/utils.py:140 FutureWarning: Filesystem tracking backend (e.g., './mlruns') is deprecated. Please switch to a database backend (e.g., 'sqlite:///mlflow.db'). For feedback, see: https://github.com/mlflow/mlflow/issues/18534
[2025-11-19T23:11:13.063+0000] {processor.py:840} INFO - DAG(s) 'predictive_pipeline_xgb' retrieved from /opt/airflow/dags/predictive_pipeline_dag.py
[2025-11-19T23:11:13.089+0000] {logging_mixin.py:188} INFO - [2025-11-19T23:11:13.089+0000] {dag.py:3096} INFO - Sync 1 DAGs
[2025-11-19T23:11:13.111+0000] {logging_mixin.py:188} INFO - [2025-11-19T23:11:13.110+0000] {dag.py:3954} INFO - Setting next_dagrun for predictive_pipeline_xgb to 2025-11-23 00:00:00+00:00, run_after=2025-11-30 00:00:00+00:00
[2025-11-19T23:11:13.188+0000] {processor.py:183} INFO - Processing /opt/airflow/dags/predictive_pipeline_dag.py took 2.947 seconds
[2025-11-19T23:11:44.118+0000] {processor.py:161} INFO - Started process (PID=1148) to work on /opt/airflow/dags/predictive_pipeline_dag.py
[2025-11-19T23:11:44.120+0000] {processor.py:830} INFO - Processing file /opt/airflow/dags/predictive_pipeline_dag.py for tasks to queue
[2025-11-19T23:11:44.123+0000] {logging_mixin.py:188} INFO - [2025-11-19T23:11:44.121+0000] {dagbag.py:545} INFO - Filling up the DagBag from /opt/airflow/dags/predictive_pipeline_dag.py
[2025-11-19T23:11:46.330+0000] {logging_mixin.py:188} WARNING - /home/airflow/.local/lib/python3.12/site-packages/mlflow/tracking/_tracking_service/utils.py:140 FutureWarning: Filesystem tracking backend (e.g., './mlruns') is deprecated. Please switch to a database backend (e.g., 'sqlite:///mlflow.db'). For feedback, see: https://github.com/mlflow/mlflow/issues/18534
[2025-11-19T23:11:47.225+0000] {processor.py:840} INFO - DAG(s) 'predictive_pipeline_xgb' retrieved from /opt/airflow/dags/predictive_pipeline_dag.py
[2025-11-19T23:11:47.259+0000] {logging_mixin.py:188} INFO - [2025-11-19T23:11:47.259+0000] {dag.py:3096} INFO - Sync 1 DAGs
[2025-11-19T23:11:47.287+0000] {logging_mixin.py:188} INFO - [2025-11-19T23:11:47.287+0000] {dag.py:3954} INFO - Setting next_dagrun for predictive_pipeline_xgb to 2025-11-23 00:00:00+00:00, run_after=2025-11-30 00:00:00+00:00
[2025-11-19T23:11:47.366+0000] {processor.py:183} INFO - Processing /opt/airflow/dags/predictive_pipeline_dag.py took 3.269 seconds
[2025-11-19T23:12:18.177+0000] {processor.py:161} INFO - Started process (PID=1158) to work on /opt/airflow/dags/predictive_pipeline_dag.py
[2025-11-19T23:12:18.178+0000] {processor.py:830} INFO - Processing file /opt/airflow/dags/predictive_pipeline_dag.py for tasks to queue
[2025-11-19T23:12:18.180+0000] {logging_mixin.py:188} INFO - [2025-11-19T23:12:18.179+0000] {dagbag.py:545} INFO - Filling up the DagBag from /opt/airflow/dags/predictive_pipeline_dag.py
[2025-11-19T23:12:21.212+0000] {logging_mixin.py:188} WARNING - /home/airflow/.local/lib/python3.12/site-packages/mlflow/tracking/_tracking_service/utils.py:140 FutureWarning: Filesystem tracking backend (e.g., './mlruns') is deprecated. Please switch to a database backend (e.g., 'sqlite:///mlflow.db'). For feedback, see: https://github.com/mlflow/mlflow/issues/18534
[2025-11-19T23:12:22.164+0000] {processor.py:840} INFO - DAG(s) 'predictive_pipeline_xgb' retrieved from /opt/airflow/dags/predictive_pipeline_dag.py
[2025-11-19T23:12:22.203+0000] {logging_mixin.py:188} INFO - [2025-11-19T23:12:22.202+0000] {dag.py:3096} INFO - Sync 1 DAGs
[2025-11-19T23:12:22.231+0000] {logging_mixin.py:188} INFO - [2025-11-19T23:12:22.230+0000] {dag.py:3954} INFO - Setting next_dagrun for predictive_pipeline_xgb to 2025-11-23 00:00:00+00:00, run_after=2025-11-30 00:00:00+00:00
[2025-11-19T23:12:22.324+0000] {processor.py:183} INFO - Processing /opt/airflow/dags/predictive_pipeline_dag.py took 4.158 seconds
[2025-11-19T23:12:53.051+0000] {processor.py:161} INFO - Started process (PID=1168) to work on /opt/airflow/dags/predictive_pipeline_dag.py
[2025-11-19T23:12:53.053+0000] {processor.py:830} INFO - Processing file /opt/airflow/dags/predictive_pipeline_dag.py for tasks to queue
[2025-11-19T23:12:53.055+0000] {logging_mixin.py:188} INFO - [2025-11-19T23:12:53.055+0000] {dagbag.py:545} INFO - Filling up the DagBag from /opt/airflow/dags/predictive_pipeline_dag.py
[2025-11-19T23:12:55.553+0000] {logging_mixin.py:188} WARNING - /home/airflow/.local/lib/python3.12/site-packages/mlflow/tracking/_tracking_service/utils.py:140 FutureWarning: Filesystem tracking backend (e.g., './mlruns') is deprecated. Please switch to a database backend (e.g., 'sqlite:///mlflow.db'). For feedback, see: https://github.com/mlflow/mlflow/issues/18534
[2025-11-19T23:12:56.600+0000] {processor.py:840} INFO - DAG(s) 'predictive_pipeline_xgb' retrieved from /opt/airflow/dags/predictive_pipeline_dag.py
[2025-11-19T23:12:56.640+0000] {logging_mixin.py:188} INFO - [2025-11-19T23:12:56.640+0000] {dag.py:3096} INFO - Sync 1 DAGs
[2025-11-19T23:12:56.674+0000] {logging_mixin.py:188} INFO - [2025-11-19T23:12:56.674+0000] {dag.py:3954} INFO - Setting next_dagrun for predictive_pipeline_xgb to 2025-11-23 00:00:00+00:00, run_after=2025-11-30 00:00:00+00:00
[2025-11-19T23:12:56.776+0000] {processor.py:183} INFO - Processing /opt/airflow/dags/predictive_pipeline_dag.py took 3.743 seconds
[2025-11-19T23:13:27.188+0000] {processor.py:161} INFO - Started process (PID=1178) to work on /opt/airflow/dags/predictive_pipeline_dag.py
[2025-11-19T23:13:27.195+0000] {processor.py:830} INFO - Processing file /opt/airflow/dags/predictive_pipeline_dag.py for tasks to queue
[2025-11-19T23:13:27.200+0000] {logging_mixin.py:188} INFO - [2025-11-19T23:13:27.198+0000] {dagbag.py:545} INFO - Filling up the DagBag from /opt/airflow/dags/predictive_pipeline_dag.py
[2025-11-19T23:13:30.182+0000] {logging_mixin.py:188} WARNING - /home/airflow/.local/lib/python3.12/site-packages/mlflow/tracking/_tracking_service/utils.py:140 FutureWarning: Filesystem tracking backend (e.g., './mlruns') is deprecated. Please switch to a database backend (e.g., 'sqlite:///mlflow.db'). For feedback, see: https://github.com/mlflow/mlflow/issues/18534
[2025-11-19T23:13:31.402+0000] {processor.py:840} INFO - DAG(s) 'predictive_pipeline_xgb' retrieved from /opt/airflow/dags/predictive_pipeline_dag.py
[2025-11-19T23:13:31.436+0000] {logging_mixin.py:188} INFO - [2025-11-19T23:13:31.436+0000] {dag.py:3096} INFO - Sync 1 DAGs
[2025-11-19T23:13:31.463+0000] {logging_mixin.py:188} INFO - [2025-11-19T23:13:31.462+0000] {dag.py:3954} INFO - Setting next_dagrun for predictive_pipeline_xgb to 2025-11-23 00:00:00+00:00, run_after=2025-11-30 00:00:00+00:00
[2025-11-19T23:13:31.556+0000] {processor.py:183} INFO - Processing /opt/airflow/dags/predictive_pipeline_dag.py took 4.410 seconds
[2025-11-19T23:14:02.283+0000] {processor.py:161} INFO - Started process (PID=1188) to work on /opt/airflow/dags/predictive_pipeline_dag.py
[2025-11-19T23:14:02.285+0000] {processor.py:830} INFO - Processing file /opt/airflow/dags/predictive_pipeline_dag.py for tasks to queue
[2025-11-19T23:14:02.288+0000] {logging_mixin.py:188} INFO - [2025-11-19T23:14:02.287+0000] {dagbag.py:545} INFO - Filling up the DagBag from /opt/airflow/dags/predictive_pipeline_dag.py
[2025-11-19T23:14:05.052+0000] {logging_mixin.py:188} WARNING - /home/airflow/.local/lib/python3.12/site-packages/mlflow/tracking/_tracking_service/utils.py:140 FutureWarning: Filesystem tracking backend (e.g., './mlruns') is deprecated. Please switch to a database backend (e.g., 'sqlite:///mlflow.db'). For feedback, see: https://github.com/mlflow/mlflow/issues/18534
[2025-11-19T23:14:06.245+0000] {processor.py:840} INFO - DAG(s) 'predictive_pipeline_xgb' retrieved from /opt/airflow/dags/predictive_pipeline_dag.py
[2025-11-19T23:14:06.283+0000] {logging_mixin.py:188} INFO - [2025-11-19T23:14:06.282+0000] {dag.py:3096} INFO - Sync 1 DAGs
[2025-11-19T23:14:06.312+0000] {logging_mixin.py:188} INFO - [2025-11-19T23:14:06.312+0000] {dag.py:3954} INFO - Setting next_dagrun for predictive_pipeline_xgb to 2025-11-23 00:00:00+00:00, run_after=2025-11-30 00:00:00+00:00
[2025-11-19T23:14:06.433+0000] {processor.py:183} INFO - Processing /opt/airflow/dags/predictive_pipeline_dag.py took 4.164 seconds
[2025-11-19T23:14:37.168+0000] {processor.py:161} INFO - Started process (PID=1198) to work on /opt/airflow/dags/predictive_pipeline_dag.py
[2025-11-19T23:14:37.169+0000] {processor.py:830} INFO - Processing file /opt/airflow/dags/predictive_pipeline_dag.py for tasks to queue
[2025-11-19T23:14:37.172+0000] {logging_mixin.py:188} INFO - [2025-11-19T23:14:37.171+0000] {dagbag.py:545} INFO - Filling up the DagBag from /opt/airflow/dags/predictive_pipeline_dag.py
[2025-11-19T23:14:40.725+0000] {logging_mixin.py:188} WARNING - /home/airflow/.local/lib/python3.12/site-packages/mlflow/tracking/_tracking_service/utils.py:140 FutureWarning: Filesystem tracking backend (e.g., './mlruns') is deprecated. Please switch to a database backend (e.g., 'sqlite:///mlflow.db'). For feedback, see: https://github.com/mlflow/mlflow/issues/18534
[2025-11-19T23:14:41.944+0000] {processor.py:840} INFO - DAG(s) 'predictive_pipeline_xgb' retrieved from /opt/airflow/dags/predictive_pipeline_dag.py
[2025-11-19T23:14:41.989+0000] {logging_mixin.py:188} INFO - [2025-11-19T23:14:41.988+0000] {dag.py:3096} INFO - Sync 1 DAGs
[2025-11-19T23:14:42.019+0000] {logging_mixin.py:188} INFO - [2025-11-19T23:14:42.018+0000] {dag.py:3954} INFO - Setting next_dagrun for predictive_pipeline_xgb to 2025-11-23 00:00:00+00:00, run_after=2025-11-30 00:00:00+00:00
[2025-11-19T23:14:42.130+0000] {processor.py:183} INFO - Processing /opt/airflow/dags/predictive_pipeline_dag.py took 4.978 seconds
[2025-11-19T23:15:13.045+0000] {processor.py:161} INFO - Started process (PID=1208) to work on /opt/airflow/dags/predictive_pipeline_dag.py
[2025-11-19T23:15:13.050+0000] {processor.py:830} INFO - Processing file /opt/airflow/dags/predictive_pipeline_dag.py for tasks to queue
[2025-11-19T23:15:13.055+0000] {logging_mixin.py:188} INFO - [2025-11-19T23:15:13.053+0000] {dagbag.py:545} INFO - Filling up the DagBag from /opt/airflow/dags/predictive_pipeline_dag.py
[2025-11-19T23:15:16.560+0000] {logging_mixin.py:188} WARNING - /home/airflow/.local/lib/python3.12/site-packages/mlflow/tracking/_tracking_service/utils.py:140 FutureWarning: Filesystem tracking backend (e.g., './mlruns') is deprecated. Please switch to a database backend (e.g., 'sqlite:///mlflow.db'). For feedback, see: https://github.com/mlflow/mlflow/issues/18534
[2025-11-19T23:15:17.693+0000] {processor.py:840} INFO - DAG(s) 'predictive_pipeline_xgb' retrieved from /opt/airflow/dags/predictive_pipeline_dag.py
[2025-11-19T23:15:17.724+0000] {logging_mixin.py:188} INFO - [2025-11-19T23:15:17.723+0000] {dag.py:3096} INFO - Sync 1 DAGs
[2025-11-19T23:15:17.747+0000] {logging_mixin.py:188} INFO - [2025-11-19T23:15:17.747+0000] {dag.py:3954} INFO - Setting next_dagrun for predictive_pipeline_xgb to 2025-11-23 00:00:00+00:00, run_after=2025-11-30 00:00:00+00:00
[2025-11-19T23:15:17.827+0000] {processor.py:183} INFO - Processing /opt/airflow/dags/predictive_pipeline_dag.py took 4.619 seconds
[2025-11-19T23:15:48.437+0000] {processor.py:161} INFO - Started process (PID=1218) to work on /opt/airflow/dags/predictive_pipeline_dag.py
[2025-11-19T23:15:48.439+0000] {processor.py:830} INFO - Processing file /opt/airflow/dags/predictive_pipeline_dag.py for tasks to queue
[2025-11-19T23:15:48.441+0000] {logging_mixin.py:188} INFO - [2025-11-19T23:15:48.441+0000] {dagbag.py:545} INFO - Filling up the DagBag from /opt/airflow/dags/predictive_pipeline_dag.py
[2025-11-19T23:15:51.445+0000] {logging_mixin.py:188} WARNING - /home/airflow/.local/lib/python3.12/site-packages/mlflow/tracking/_tracking_service/utils.py:140 FutureWarning: Filesystem tracking backend (e.g., './mlruns') is deprecated. Please switch to a database backend (e.g., 'sqlite:///mlflow.db'). For feedback, see: https://github.com/mlflow/mlflow/issues/18534
[2025-11-19T23:15:52.735+0000] {processor.py:840} INFO - DAG(s) 'predictive_pipeline_xgb' retrieved from /opt/airflow/dags/predictive_pipeline_dag.py
[2025-11-19T23:15:52.782+0000] {logging_mixin.py:188} INFO - [2025-11-19T23:15:52.781+0000] {dag.py:3096} INFO - Sync 1 DAGs
[2025-11-19T23:15:52.823+0000] {logging_mixin.py:188} INFO - [2025-11-19T23:15:52.823+0000] {dag.py:3954} INFO - Setting next_dagrun for predictive_pipeline_xgb to 2025-11-23 00:00:00+00:00, run_after=2025-11-30 00:00:00+00:00
[2025-11-19T23:15:52.923+0000] {processor.py:183} INFO - Processing /opt/airflow/dags/predictive_pipeline_dag.py took 4.497 seconds
[2025-11-19T23:16:23.080+0000] {processor.py:161} INFO - Started process (PID=1228) to work on /opt/airflow/dags/predictive_pipeline_dag.py
[2025-11-19T23:16:23.083+0000] {processor.py:830} INFO - Processing file /opt/airflow/dags/predictive_pipeline_dag.py for tasks to queue
[2025-11-19T23:16:23.087+0000] {logging_mixin.py:188} INFO - [2025-11-19T23:16:23.085+0000] {dagbag.py:545} INFO - Filling up the DagBag from /opt/airflow/dags/predictive_pipeline_dag.py
[2025-11-19T23:16:25.843+0000] {logging_mixin.py:188} WARNING - /home/airflow/.local/lib/python3.12/site-packages/mlflow/tracking/_tracking_service/utils.py:140 FutureWarning: Filesystem tracking backend (e.g., './mlruns') is deprecated. Please switch to a database backend (e.g., 'sqlite:///mlflow.db'). For feedback, see: https://github.com/mlflow/mlflow/issues/18534
[2025-11-19T23:16:27.080+0000] {processor.py:840} INFO - DAG(s) 'predictive_pipeline_xgb' retrieved from /opt/airflow/dags/predictive_pipeline_dag.py
[2025-11-19T23:16:27.123+0000] {logging_mixin.py:188} INFO - [2025-11-19T23:16:27.122+0000] {dag.py:3096} INFO - Sync 1 DAGs
[2025-11-19T23:16:27.163+0000] {logging_mixin.py:188} INFO - [2025-11-19T23:16:27.163+0000] {dag.py:3954} INFO - Setting next_dagrun for predictive_pipeline_xgb to 2025-11-23 00:00:00+00:00, run_after=2025-11-30 00:00:00+00:00
[2025-11-19T23:16:27.290+0000] {processor.py:183} INFO - Processing /opt/airflow/dags/predictive_pipeline_dag.py took 4.230 seconds
[2025-11-19T23:16:58.112+0000] {processor.py:161} INFO - Started process (PID=1238) to work on /opt/airflow/dags/predictive_pipeline_dag.py
[2025-11-19T23:16:58.116+0000] {processor.py:830} INFO - Processing file /opt/airflow/dags/predictive_pipeline_dag.py for tasks to queue
[2025-11-19T23:16:58.121+0000] {logging_mixin.py:188} INFO - [2025-11-19T23:16:58.120+0000] {dagbag.py:545} INFO - Filling up the DagBag from /opt/airflow/dags/predictive_pipeline_dag.py
[2025-11-19T23:17:01.643+0000] {logging_mixin.py:188} WARNING - /home/airflow/.local/lib/python3.12/site-packages/mlflow/tracking/_tracking_service/utils.py:140 FutureWarning: Filesystem tracking backend (e.g., './mlruns') is deprecated. Please switch to a database backend (e.g., 'sqlite:///mlflow.db'). For feedback, see: https://github.com/mlflow/mlflow/issues/18534
[2025-11-19T23:17:02.796+0000] {processor.py:840} INFO - DAG(s) 'predictive_pipeline_xgb' retrieved from /opt/airflow/dags/predictive_pipeline_dag.py
[2025-11-19T23:17:02.838+0000] {logging_mixin.py:188} INFO - [2025-11-19T23:17:02.837+0000] {dag.py:3096} INFO - Sync 1 DAGs
[2025-11-19T23:17:02.869+0000] {logging_mixin.py:188} INFO - [2025-11-19T23:17:02.869+0000] {dag.py:3954} INFO - Setting next_dagrun for predictive_pipeline_xgb to 2025-11-23 00:00:00+00:00, run_after=2025-11-30 00:00:00+00:00
[2025-11-19T23:17:02.987+0000] {processor.py:183} INFO - Processing /opt/airflow/dags/predictive_pipeline_dag.py took 4.910 seconds
[2025-11-19T23:17:33.766+0000] {processor.py:161} INFO - Started process (PID=1248) to work on /opt/airflow/dags/predictive_pipeline_dag.py
[2025-11-19T23:17:33.769+0000] {processor.py:830} INFO - Processing file /opt/airflow/dags/predictive_pipeline_dag.py for tasks to queue
[2025-11-19T23:17:33.770+0000] {logging_mixin.py:188} INFO - [2025-11-19T23:17:33.770+0000] {dagbag.py:545} INFO - Filling up the DagBag from /opt/airflow/dags/predictive_pipeline_dag.py
[2025-11-19T23:17:36.266+0000] {logging_mixin.py:188} WARNING - /home/airflow/.local/lib/python3.12/site-packages/mlflow/tracking/_tracking_service/utils.py:140 FutureWarning: Filesystem tracking backend (e.g., './mlruns') is deprecated. Please switch to a database backend (e.g., 'sqlite:///mlflow.db'). For feedback, see: https://github.com/mlflow/mlflow/issues/18534
[2025-11-19T23:17:37.135+0000] {processor.py:840} INFO - DAG(s) 'predictive_pipeline_xgb' retrieved from /opt/airflow/dags/predictive_pipeline_dag.py
[2025-11-19T23:17:37.173+0000] {logging_mixin.py:188} INFO - [2025-11-19T23:17:37.173+0000] {dag.py:3096} INFO - Sync 1 DAGs
[2025-11-19T23:17:37.202+0000] {logging_mixin.py:188} INFO - [2025-11-19T23:17:37.201+0000] {dag.py:3954} INFO - Setting next_dagrun for predictive_pipeline_xgb to 2025-11-23 00:00:00+00:00, run_after=2025-11-30 00:00:00+00:00
[2025-11-19T23:17:37.372+0000] {processor.py:183} INFO - Processing /opt/airflow/dags/predictive_pipeline_dag.py took 3.622 seconds
[2025-11-19T23:18:07.728+0000] {processor.py:161} INFO - Started process (PID=1258) to work on /opt/airflow/dags/predictive_pipeline_dag.py
[2025-11-19T23:18:07.732+0000] {processor.py:830} INFO - Processing file /opt/airflow/dags/predictive_pipeline_dag.py for tasks to queue
[2025-11-19T23:18:07.735+0000] {logging_mixin.py:188} INFO - [2025-11-19T23:18:07.734+0000] {dagbag.py:545} INFO - Filling up the DagBag from /opt/airflow/dags/predictive_pipeline_dag.py
[2025-11-19T23:18:10.094+0000] {logging_mixin.py:188} WARNING - /home/airflow/.local/lib/python3.12/site-packages/mlflow/tracking/_tracking_service/utils.py:140 FutureWarning: Filesystem tracking backend (e.g., './mlruns') is deprecated. Please switch to a database backend (e.g., 'sqlite:///mlflow.db'). For feedback, see: https://github.com/mlflow/mlflow/issues/18534
[2025-11-19T23:18:10.827+0000] {processor.py:840} INFO - DAG(s) 'predictive_pipeline_xgb' retrieved from /opt/airflow/dags/predictive_pipeline_dag.py
[2025-11-19T23:18:10.848+0000] {logging_mixin.py:188} INFO - [2025-11-19T23:18:10.848+0000] {dag.py:3096} INFO - Sync 1 DAGs
[2025-11-19T23:18:10.865+0000] {logging_mixin.py:188} INFO - [2025-11-19T23:18:10.865+0000] {dag.py:3954} INFO - Setting next_dagrun for predictive_pipeline_xgb to 2025-11-23 00:00:00+00:00, run_after=2025-11-30 00:00:00+00:00
[2025-11-19T23:18:10.935+0000] {processor.py:183} INFO - Processing /opt/airflow/dags/predictive_pipeline_dag.py took 3.237 seconds
[2025-11-19T23:18:41.590+0000] {processor.py:161} INFO - Started process (PID=1268) to work on /opt/airflow/dags/predictive_pipeline_dag.py
[2025-11-19T23:18:41.591+0000] {processor.py:830} INFO - Processing file /opt/airflow/dags/predictive_pipeline_dag.py for tasks to queue
[2025-11-19T23:18:41.593+0000] {logging_mixin.py:188} INFO - [2025-11-19T23:18:41.592+0000] {dagbag.py:545} INFO - Filling up the DagBag from /opt/airflow/dags/predictive_pipeline_dag.py
[2025-11-19T23:18:43.463+0000] {logging_mixin.py:188} WARNING - /home/airflow/.local/lib/python3.12/site-packages/mlflow/tracking/_tracking_service/utils.py:140 FutureWarning: Filesystem tracking backend (e.g., './mlruns') is deprecated. Please switch to a database backend (e.g., 'sqlite:///mlflow.db'). For feedback, see: https://github.com/mlflow/mlflow/issues/18534
[2025-11-19T23:18:44.212+0000] {processor.py:840} INFO - DAG(s) 'predictive_pipeline_xgb' retrieved from /opt/airflow/dags/predictive_pipeline_dag.py
[2025-11-19T23:18:44.234+0000] {logging_mixin.py:188} INFO - [2025-11-19T23:18:44.233+0000] {dag.py:3096} INFO - Sync 1 DAGs
[2025-11-19T23:18:44.251+0000] {logging_mixin.py:188} INFO - [2025-11-19T23:18:44.251+0000] {dag.py:3954} INFO - Setting next_dagrun for predictive_pipeline_xgb to 2025-11-23 00:00:00+00:00, run_after=2025-11-30 00:00:00+00:00
[2025-11-19T23:18:44.324+0000] {processor.py:183} INFO - Processing /opt/airflow/dags/predictive_pipeline_dag.py took 2.745 seconds
[2025-11-19T23:38:31.788+0000] {processor.py:161} INFO - Started process (PID=43) to work on /opt/airflow/dags/predictive_pipeline_dag.py
[2025-11-19T23:38:31.791+0000] {processor.py:830} INFO - Processing file /opt/airflow/dags/predictive_pipeline_dag.py for tasks to queue
[2025-11-19T23:38:31.795+0000] {logging_mixin.py:188} INFO - [2025-11-19T23:38:31.795+0000] {dagbag.py:545} INFO - Filling up the DagBag from /opt/airflow/dags/predictive_pipeline_dag.py
[2025-11-19T23:38:36.033+0000] {logging_mixin.py:188} WARNING - /home/airflow/.local/lib/python3.12/site-packages/mlflow/tracking/_tracking_service/utils.py:140 FutureWarning: Filesystem tracking backend (e.g., './mlruns') is deprecated. Please switch to a database backend (e.g., 'sqlite:///mlflow.db'). For feedback, see: https://github.com/mlflow/mlflow/issues/18534
[2025-11-19T23:38:38.007+0000] {processor.py:840} INFO - DAG(s) 'predictive_pipeline_xgb' retrieved from /opt/airflow/dags/predictive_pipeline_dag.py
[2025-11-19T23:38:38.023+0000] {logging_mixin.py:188} INFO - [2025-11-19T23:38:38.022+0000] {dag.py:3096} INFO - Sync 1 DAGs
[2025-11-19T23:38:38.085+0000] {logging_mixin.py:188} INFO - [2025-11-19T23:38:38.085+0000] {dag.py:3954} INFO - Setting next_dagrun for predictive_pipeline_xgb to 2025-11-23 00:00:00+00:00, run_after=2025-11-30 00:00:00+00:00
[2025-11-19T23:38:38.245+0000] {processor.py:183} INFO - Processing /opt/airflow/dags/predictive_pipeline_dag.py took 6.476 seconds
[2025-11-19T23:39:08.565+0000] {processor.py:161} INFO - Started process (PID=89) to work on /opt/airflow/dags/predictive_pipeline_dag.py
[2025-11-19T23:39:08.568+0000] {processor.py:830} INFO - Processing file /opt/airflow/dags/predictive_pipeline_dag.py for tasks to queue
[2025-11-19T23:39:08.572+0000] {logging_mixin.py:188} INFO - [2025-11-19T23:39:08.572+0000] {dagbag.py:545} INFO - Filling up the DagBag from /opt/airflow/dags/predictive_pipeline_dag.py
[2025-11-19T23:39:11.660+0000] {logging_mixin.py:188} WARNING - /home/airflow/.local/lib/python3.12/site-packages/mlflow/tracking/_tracking_service/utils.py:140 FutureWarning: Filesystem tracking backend (e.g., './mlruns') is deprecated. Please switch to a database backend (e.g., 'sqlite:///mlflow.db'). For feedback, see: https://github.com/mlflow/mlflow/issues/18534
[2025-11-19T23:39:13.023+0000] {processor.py:840} INFO - DAG(s) 'predictive_pipeline_xgb' retrieved from /opt/airflow/dags/predictive_pipeline_dag.py
[2025-11-19T23:39:13.214+0000] {logging_mixin.py:188} INFO - [2025-11-19T23:39:13.213+0000] {dag.py:3096} INFO - Sync 1 DAGs
[2025-11-19T23:39:13.251+0000] {logging_mixin.py:188} INFO - [2025-11-19T23:39:13.251+0000] {dag.py:3954} INFO - Setting next_dagrun for predictive_pipeline_xgb to 2025-11-23 00:00:00+00:00, run_after=2025-11-30 00:00:00+00:00
[2025-11-19T23:39:13.364+0000] {processor.py:183} INFO - Processing /opt/airflow/dags/predictive_pipeline_dag.py took 4.817 seconds
[2025-11-19T23:39:44.083+0000] {processor.py:161} INFO - Started process (PID=99) to work on /opt/airflow/dags/predictive_pipeline_dag.py
[2025-11-19T23:39:44.085+0000] {processor.py:830} INFO - Processing file /opt/airflow/dags/predictive_pipeline_dag.py for tasks to queue
[2025-11-19T23:39:44.088+0000] {logging_mixin.py:188} INFO - [2025-11-19T23:39:44.087+0000] {dagbag.py:545} INFO - Filling up the DagBag from /opt/airflow/dags/predictive_pipeline_dag.py
[2025-11-19T23:39:47.218+0000] {logging_mixin.py:188} WARNING - /home/airflow/.local/lib/python3.12/site-packages/mlflow/tracking/_tracking_service/utils.py:140 FutureWarning: Filesystem tracking backend (e.g., './mlruns') is deprecated. Please switch to a database backend (e.g., 'sqlite:///mlflow.db'). For feedback, see: https://github.com/mlflow/mlflow/issues/18534
[2025-11-19T23:39:48.572+0000] {processor.py:840} INFO - DAG(s) 'predictive_pipeline_xgb' retrieved from /opt/airflow/dags/predictive_pipeline_dag.py
[2025-11-19T23:39:48.623+0000] {logging_mixin.py:188} INFO - [2025-11-19T23:39:48.622+0000] {dag.py:3096} INFO - Sync 1 DAGs
[2025-11-19T23:39:48.675+0000] {logging_mixin.py:188} INFO - [2025-11-19T23:39:48.674+0000] {dag.py:3954} INFO - Setting next_dagrun for predictive_pipeline_xgb to 2025-11-23 00:00:00+00:00, run_after=2025-11-30 00:00:00+00:00
[2025-11-19T23:39:48.847+0000] {processor.py:183} INFO - Processing /opt/airflow/dags/predictive_pipeline_dag.py took 4.752 seconds
[2025-11-19T23:40:19.108+0000] {processor.py:161} INFO - Started process (PID=109) to work on /opt/airflow/dags/predictive_pipeline_dag.py
[2025-11-19T23:40:19.110+0000] {processor.py:830} INFO - Processing file /opt/airflow/dags/predictive_pipeline_dag.py for tasks to queue
[2025-11-19T23:40:19.113+0000] {logging_mixin.py:188} INFO - [2025-11-19T23:40:19.112+0000] {dagbag.py:545} INFO - Filling up the DagBag from /opt/airflow/dags/predictive_pipeline_dag.py
[2025-11-19T23:40:22.133+0000] {logging_mixin.py:188} WARNING - /home/airflow/.local/lib/python3.12/site-packages/mlflow/tracking/_tracking_service/utils.py:140 FutureWarning: Filesystem tracking backend (e.g., './mlruns') is deprecated. Please switch to a database backend (e.g., 'sqlite:///mlflow.db'). For feedback, see: https://github.com/mlflow/mlflow/issues/18534
[2025-11-19T23:40:23.398+0000] {processor.py:840} INFO - DAG(s) 'predictive_pipeline_xgb' retrieved from /opt/airflow/dags/predictive_pipeline_dag.py
[2025-11-19T23:40:23.442+0000] {logging_mixin.py:188} INFO - [2025-11-19T23:40:23.440+0000] {dag.py:3096} INFO - Sync 1 DAGs
[2025-11-19T23:40:23.485+0000] {logging_mixin.py:188} INFO - [2025-11-19T23:40:23.485+0000] {dag.py:3954} INFO - Setting next_dagrun for predictive_pipeline_xgb to 2025-11-23 00:00:00+00:00, run_after=2025-11-30 00:00:00+00:00
[2025-11-19T23:40:23.653+0000] {processor.py:183} INFO - Processing /opt/airflow/dags/predictive_pipeline_dag.py took 4.558 seconds
[2025-11-19T23:40:54.176+0000] {processor.py:161} INFO - Started process (PID=119) to work on /opt/airflow/dags/predictive_pipeline_dag.py
[2025-11-19T23:40:54.178+0000] {processor.py:830} INFO - Processing file /opt/airflow/dags/predictive_pipeline_dag.py for tasks to queue
[2025-11-19T23:40:54.182+0000] {logging_mixin.py:188} INFO - [2025-11-19T23:40:54.181+0000] {dagbag.py:545} INFO - Filling up the DagBag from /opt/airflow/dags/predictive_pipeline_dag.py
[2025-11-19T23:40:57.134+0000] {logging_mixin.py:188} WARNING - /home/airflow/.local/lib/python3.12/site-packages/mlflow/tracking/_tracking_service/utils.py:140 FutureWarning: Filesystem tracking backend (e.g., './mlruns') is deprecated. Please switch to a database backend (e.g., 'sqlite:///mlflow.db'). For feedback, see: https://github.com/mlflow/mlflow/issues/18534
[2025-11-19T23:40:58.221+0000] {processor.py:840} INFO - DAG(s) 'predictive_pipeline_xgb' retrieved from /opt/airflow/dags/predictive_pipeline_dag.py
[2025-11-19T23:40:58.257+0000] {logging_mixin.py:188} INFO - [2025-11-19T23:40:58.256+0000] {dag.py:3096} INFO - Sync 1 DAGs
[2025-11-19T23:40:58.288+0000] {logging_mixin.py:188} INFO - [2025-11-19T23:40:58.287+0000] {dag.py:3954} INFO - Setting next_dagrun for predictive_pipeline_xgb to 2025-11-23 00:00:00+00:00, run_after=2025-11-30 00:00:00+00:00
[2025-11-19T23:40:58.460+0000] {processor.py:183} INFO - Processing /opt/airflow/dags/predictive_pipeline_dag.py took 4.298 seconds
[2025-11-19T23:41:28.942+0000] {processor.py:161} INFO - Started process (PID=129) to work on /opt/airflow/dags/predictive_pipeline_dag.py
[2025-11-19T23:41:28.943+0000] {processor.py:830} INFO - Processing file /opt/airflow/dags/predictive_pipeline_dag.py for tasks to queue
[2025-11-19T23:41:28.946+0000] {logging_mixin.py:188} INFO - [2025-11-19T23:41:28.945+0000] {dagbag.py:545} INFO - Filling up the DagBag from /opt/airflow/dags/predictive_pipeline_dag.py
[2025-11-19T23:41:31.000+0000] {logging_mixin.py:188} WARNING - /home/airflow/.local/lib/python3.12/site-packages/mlflow/tracking/_tracking_service/utils.py:140 FutureWarning: Filesystem tracking backend (e.g., './mlruns') is deprecated. Please switch to a database backend (e.g., 'sqlite:///mlflow.db'). For feedback, see: https://github.com/mlflow/mlflow/issues/18534
[2025-11-19T23:41:31.700+0000] {processor.py:840} INFO - DAG(s) 'predictive_pipeline_xgb' retrieved from /opt/airflow/dags/predictive_pipeline_dag.py
[2025-11-19T23:41:31.824+0000] {logging_mixin.py:188} INFO - [2025-11-19T23:41:31.725+0000] {dag.py:3096} INFO - Sync 1 DAGs
[2025-11-19T23:41:31.846+0000] {logging_mixin.py:188} INFO - [2025-11-19T23:41:31.846+0000] {dag.py:3954} INFO - Setting next_dagrun for predictive_pipeline_xgb to 2025-11-23 00:00:00+00:00, run_after=2025-11-30 00:00:00+00:00
[2025-11-19T23:41:31.909+0000] {processor.py:183} INFO - Processing /opt/airflow/dags/predictive_pipeline_dag.py took 2.978 seconds
[2025-11-19T23:42:02.097+0000] {processor.py:161} INFO - Started process (PID=139) to work on /opt/airflow/dags/predictive_pipeline_dag.py
[2025-11-19T23:42:02.101+0000] {processor.py:830} INFO - Processing file /opt/airflow/dags/predictive_pipeline_dag.py for tasks to queue
[2025-11-19T23:42:02.108+0000] {logging_mixin.py:188} INFO - [2025-11-19T23:42:02.106+0000] {dagbag.py:545} INFO - Filling up the DagBag from /opt/airflow/dags/predictive_pipeline_dag.py
[2025-11-19T23:42:04.677+0000] {logging_mixin.py:188} WARNING - /home/airflow/.local/lib/python3.12/site-packages/mlflow/tracking/_tracking_service/utils.py:140 FutureWarning: Filesystem tracking backend (e.g., './mlruns') is deprecated. Please switch to a database backend (e.g., 'sqlite:///mlflow.db'). For feedback, see: https://github.com/mlflow/mlflow/issues/18534
[2025-11-19T23:42:05.350+0000] {processor.py:840} INFO - DAG(s) 'predictive_pipeline_xgb' retrieved from /opt/airflow/dags/predictive_pipeline_dag.py
[2025-11-19T23:42:05.503+0000] {logging_mixin.py:188} INFO - [2025-11-19T23:42:05.503+0000] {dag.py:3096} INFO - Sync 1 DAGs
[2025-11-19T23:42:05.532+0000] {logging_mixin.py:188} INFO - [2025-11-19T23:42:05.532+0000] {dag.py:3954} INFO - Setting next_dagrun for predictive_pipeline_xgb to 2025-11-23 00:00:00+00:00, run_after=2025-11-30 00:00:00+00:00
[2025-11-19T23:42:05.626+0000] {processor.py:183} INFO - Processing /opt/airflow/dags/predictive_pipeline_dag.py took 3.557 seconds
[2025-11-19T23:42:36.040+0000] {processor.py:161} INFO - Started process (PID=149) to work on /opt/airflow/dags/predictive_pipeline_dag.py
[2025-11-19T23:42:36.041+0000] {processor.py:830} INFO - Processing file /opt/airflow/dags/predictive_pipeline_dag.py for tasks to queue
[2025-11-19T23:42:36.044+0000] {logging_mixin.py:188} INFO - [2025-11-19T23:42:36.044+0000] {dagbag.py:545} INFO - Filling up the DagBag from /opt/airflow/dags/predictive_pipeline_dag.py
[2025-11-19T23:42:38.582+0000] {logging_mixin.py:188} WARNING - /home/airflow/.local/lib/python3.12/site-packages/mlflow/tracking/_tracking_service/utils.py:140 FutureWarning: Filesystem tracking backend (e.g., './mlruns') is deprecated. Please switch to a database backend (e.g., 'sqlite:///mlflow.db'). For feedback, see: https://github.com/mlflow/mlflow/issues/18534
[2025-11-19T23:42:39.432+0000] {processor.py:840} INFO - DAG(s) 'predictive_pipeline_xgb' retrieved from /opt/airflow/dags/predictive_pipeline_dag.py
[2025-11-19T23:42:39.468+0000] {logging_mixin.py:188} INFO - [2025-11-19T23:42:39.468+0000] {dag.py:3096} INFO - Sync 1 DAGs
[2025-11-19T23:42:39.497+0000] {logging_mixin.py:188} INFO - [2025-11-19T23:42:39.497+0000] {dag.py:3954} INFO - Setting next_dagrun for predictive_pipeline_xgb to 2025-11-23 00:00:00+00:00, run_after=2025-11-30 00:00:00+00:00
[2025-11-19T23:42:39.599+0000] {processor.py:183} INFO - Processing /opt/airflow/dags/predictive_pipeline_dag.py took 3.569 seconds
[2025-11-19T23:43:10.397+0000] {processor.py:161} INFO - Started process (PID=159) to work on /opt/airflow/dags/predictive_pipeline_dag.py
[2025-11-19T23:43:10.400+0000] {processor.py:830} INFO - Processing file /opt/airflow/dags/predictive_pipeline_dag.py for tasks to queue
[2025-11-19T23:43:10.405+0000] {logging_mixin.py:188} INFO - [2025-11-19T23:43:10.404+0000] {dagbag.py:545} INFO - Filling up the DagBag from /opt/airflow/dags/predictive_pipeline_dag.py
[2025-11-19T23:43:13.313+0000] {logging_mixin.py:188} WARNING - /home/airflow/.local/lib/python3.12/site-packages/mlflow/tracking/_tracking_service/utils.py:140 FutureWarning: Filesystem tracking backend (e.g., './mlruns') is deprecated. Please switch to a database backend (e.g., 'sqlite:///mlflow.db'). For feedback, see: https://github.com/mlflow/mlflow/issues/18534
[2025-11-19T23:43:14.405+0000] {processor.py:840} INFO - DAG(s) 'predictive_pipeline_xgb' retrieved from /opt/airflow/dags/predictive_pipeline_dag.py
[2025-11-19T23:43:14.441+0000] {logging_mixin.py:188} INFO - [2025-11-19T23:43:14.441+0000] {dag.py:3096} INFO - Sync 1 DAGs
[2025-11-19T23:43:14.471+0000] {logging_mixin.py:188} INFO - [2025-11-19T23:43:14.471+0000] {dag.py:3954} INFO - Setting next_dagrun for predictive_pipeline_xgb to 2025-11-23 00:00:00+00:00, run_after=2025-11-30 00:00:00+00:00
[2025-11-19T23:43:14.569+0000] {processor.py:183} INFO - Processing /opt/airflow/dags/predictive_pipeline_dag.py took 4.193 seconds
[2025-11-19T23:43:45.333+0000] {processor.py:161} INFO - Started process (PID=169) to work on /opt/airflow/dags/predictive_pipeline_dag.py
[2025-11-19T23:43:45.335+0000] {processor.py:830} INFO - Processing file /opt/airflow/dags/predictive_pipeline_dag.py for tasks to queue
[2025-11-19T23:43:45.339+0000] {logging_mixin.py:188} INFO - [2025-11-19T23:43:45.338+0000] {dagbag.py:545} INFO - Filling up the DagBag from /opt/airflow/dags/predictive_pipeline_dag.py
[2025-11-19T23:43:47.977+0000] {logging_mixin.py:188} WARNING - /home/airflow/.local/lib/python3.12/site-packages/mlflow/tracking/_tracking_service/utils.py:140 FutureWarning: Filesystem tracking backend (e.g., './mlruns') is deprecated. Please switch to a database backend (e.g., 'sqlite:///mlflow.db'). For feedback, see: https://github.com/mlflow/mlflow/issues/18534
[2025-11-19T23:43:49.082+0000] {processor.py:840} INFO - DAG(s) 'predictive_pipeline_xgb' retrieved from /opt/airflow/dags/predictive_pipeline_dag.py
[2025-11-19T23:43:49.140+0000] {logging_mixin.py:188} INFO - [2025-11-19T23:43:49.139+0000] {dag.py:3096} INFO - Sync 1 DAGs
[2025-11-19T23:43:49.181+0000] {logging_mixin.py:188} INFO - [2025-11-19T23:43:49.181+0000] {dag.py:3954} INFO - Setting next_dagrun for predictive_pipeline_xgb to 2025-11-23 00:00:00+00:00, run_after=2025-11-30 00:00:00+00:00
[2025-11-19T23:43:49.304+0000] {processor.py:183} INFO - Processing /opt/airflow/dags/predictive_pipeline_dag.py took 3.961 seconds
[2025-11-19T23:44:20.000+0000] {processor.py:161} INFO - Started process (PID=179) to work on /opt/airflow/dags/predictive_pipeline_dag.py
[2025-11-19T23:44:20.002+0000] {processor.py:830} INFO - Processing file /opt/airflow/dags/predictive_pipeline_dag.py for tasks to queue
[2025-11-19T23:44:20.004+0000] {logging_mixin.py:188} INFO - [2025-11-19T23:44:20.004+0000] {dagbag.py:545} INFO - Filling up the DagBag from /opt/airflow/dags/predictive_pipeline_dag.py
[2025-11-19T23:44:22.390+0000] {logging_mixin.py:188} WARNING - /home/airflow/.local/lib/python3.12/site-packages/mlflow/tracking/_tracking_service/utils.py:140 FutureWarning: Filesystem tracking backend (e.g., './mlruns') is deprecated. Please switch to a database backend (e.g., 'sqlite:///mlflow.db'). For feedback, see: https://github.com/mlflow/mlflow/issues/18534
[2025-11-19T23:44:23.334+0000] {processor.py:840} INFO - DAG(s) 'predictive_pipeline_xgb' retrieved from /opt/airflow/dags/predictive_pipeline_dag.py
[2025-11-19T23:44:23.375+0000] {logging_mixin.py:188} INFO - [2025-11-19T23:44:23.374+0000] {dag.py:3096} INFO - Sync 1 DAGs
[2025-11-19T23:44:23.411+0000] {logging_mixin.py:188} INFO - [2025-11-19T23:44:23.411+0000] {dag.py:3954} INFO - Setting next_dagrun for predictive_pipeline_xgb to 2025-11-23 00:00:00+00:00, run_after=2025-11-30 00:00:00+00:00
[2025-11-19T23:44:23.530+0000] {processor.py:183} INFO - Processing /opt/airflow/dags/predictive_pipeline_dag.py took 3.537 seconds
[2025-11-19T23:44:54.010+0000] {processor.py:161} INFO - Started process (PID=189) to work on /opt/airflow/dags/predictive_pipeline_dag.py
[2025-11-19T23:44:54.014+0000] {processor.py:830} INFO - Processing file /opt/airflow/dags/predictive_pipeline_dag.py for tasks to queue
[2025-11-19T23:44:54.019+0000] {logging_mixin.py:188} INFO - [2025-11-19T23:44:54.018+0000] {dagbag.py:545} INFO - Filling up the DagBag from /opt/airflow/dags/predictive_pipeline_dag.py
[2025-11-19T23:44:57.848+0000] {logging_mixin.py:188} WARNING - /home/airflow/.local/lib/python3.12/site-packages/mlflow/tracking/_tracking_service/utils.py:140 FutureWarning: Filesystem tracking backend (e.g., './mlruns') is deprecated. Please switch to a database backend (e.g., 'sqlite:///mlflow.db'). For feedback, see: https://github.com/mlflow/mlflow/issues/18534
[2025-11-19T23:44:59.822+0000] {processor.py:840} INFO - DAG(s) 'predictive_pipeline_xgb' retrieved from /opt/airflow/dags/predictive_pipeline_dag.py
[2025-11-19T23:44:59.879+0000] {logging_mixin.py:188} INFO - [2025-11-19T23:44:59.879+0000] {dag.py:3096} INFO - Sync 1 DAGs
[2025-11-19T23:44:59.941+0000] {logging_mixin.py:188} INFO - [2025-11-19T23:44:59.941+0000] {dag.py:3954} INFO - Setting next_dagrun for predictive_pipeline_xgb to 2025-11-23 00:00:00+00:00, run_after=2025-11-30 00:00:00+00:00
[2025-11-19T23:45:00.095+0000] {processor.py:183} INFO - Processing /opt/airflow/dags/predictive_pipeline_dag.py took 6.112 seconds
[2025-11-19T23:45:30.560+0000] {processor.py:161} INFO - Started process (PID=199) to work on /opt/airflow/dags/predictive_pipeline_dag.py
[2025-11-19T23:45:30.564+0000] {processor.py:830} INFO - Processing file /opt/airflow/dags/predictive_pipeline_dag.py for tasks to queue
[2025-11-19T23:45:30.569+0000] {logging_mixin.py:188} INFO - [2025-11-19T23:45:30.568+0000] {dagbag.py:545} INFO - Filling up the DagBag from /opt/airflow/dags/predictive_pipeline_dag.py
[2025-11-19T23:45:34.348+0000] {logging_mixin.py:188} WARNING - /home/airflow/.local/lib/python3.12/site-packages/mlflow/tracking/_tracking_service/utils.py:140 FutureWarning: Filesystem tracking backend (e.g., './mlruns') is deprecated. Please switch to a database backend (e.g., 'sqlite:///mlflow.db'). For feedback, see: https://github.com/mlflow/mlflow/issues/18534
[2025-11-19T23:45:36.199+0000] {processor.py:840} INFO - DAG(s) 'predictive_pipeline_xgb' retrieved from /opt/airflow/dags/predictive_pipeline_dag.py
[2025-11-19T23:45:36.254+0000] {logging_mixin.py:188} INFO - [2025-11-19T23:45:36.254+0000] {dag.py:3096} INFO - Sync 1 DAGs
[2025-11-19T23:45:36.302+0000] {logging_mixin.py:188} INFO - [2025-11-19T23:45:36.301+0000] {dag.py:3954} INFO - Setting next_dagrun for predictive_pipeline_xgb to 2025-11-23 00:00:00+00:00, run_after=2025-11-30 00:00:00+00:00
[2025-11-19T23:45:36.477+0000] {processor.py:183} INFO - Processing /opt/airflow/dags/predictive_pipeline_dag.py took 5.933 seconds
[2025-11-19T23:46:07.166+0000] {processor.py:161} INFO - Started process (PID=209) to work on /opt/airflow/dags/predictive_pipeline_dag.py
[2025-11-19T23:46:07.168+0000] {processor.py:830} INFO - Processing file /opt/airflow/dags/predictive_pipeline_dag.py for tasks to queue
[2025-11-19T23:46:07.172+0000] {logging_mixin.py:188} INFO - [2025-11-19T23:46:07.171+0000] {dagbag.py:545} INFO - Filling up the DagBag from /opt/airflow/dags/predictive_pipeline_dag.py
[2025-11-19T23:46:09.592+0000] {logging_mixin.py:188} WARNING - /home/airflow/.local/lib/python3.12/site-packages/mlflow/tracking/_tracking_service/utils.py:140 FutureWarning: Filesystem tracking backend (e.g., './mlruns') is deprecated. Please switch to a database backend (e.g., 'sqlite:///mlflow.db'). For feedback, see: https://github.com/mlflow/mlflow/issues/18534
[2025-11-19T23:46:10.619+0000] {processor.py:840} INFO - DAG(s) 'predictive_pipeline_xgb' retrieved from /opt/airflow/dags/predictive_pipeline_dag.py
[2025-11-19T23:46:10.652+0000] {logging_mixin.py:188} INFO - [2025-11-19T23:46:10.650+0000] {dag.py:3096} INFO - Sync 1 DAGs
[2025-11-19T23:46:10.679+0000] {logging_mixin.py:188} INFO - [2025-11-19T23:46:10.679+0000] {dag.py:3954} INFO - Setting next_dagrun for predictive_pipeline_xgb to 2025-11-23 00:00:00+00:00, run_after=2025-11-30 00:00:00+00:00
[2025-11-19T23:46:10.760+0000] {processor.py:183} INFO - Processing /opt/airflow/dags/predictive_pipeline_dag.py took 3.610 seconds
[2025-11-19T23:46:41.581+0000] {processor.py:161} INFO - Started process (PID=219) to work on /opt/airflow/dags/predictive_pipeline_dag.py
[2025-11-19T23:46:41.584+0000] {processor.py:830} INFO - Processing file /opt/airflow/dags/predictive_pipeline_dag.py for tasks to queue
[2025-11-19T23:46:41.589+0000] {logging_mixin.py:188} INFO - [2025-11-19T23:46:41.588+0000] {dagbag.py:545} INFO - Filling up the DagBag from /opt/airflow/dags/predictive_pipeline_dag.py
[2025-11-19T23:46:44.126+0000] {logging_mixin.py:188} WARNING - /home/airflow/.local/lib/python3.12/site-packages/mlflow/tracking/_tracking_service/utils.py:140 FutureWarning: Filesystem tracking backend (e.g., './mlruns') is deprecated. Please switch to a database backend (e.g., 'sqlite:///mlflow.db'). For feedback, see: https://github.com/mlflow/mlflow/issues/18534
[2025-11-19T23:46:45.148+0000] {processor.py:840} INFO - DAG(s) 'predictive_pipeline_xgb' retrieved from /opt/airflow/dags/predictive_pipeline_dag.py
[2025-11-19T23:46:45.184+0000] {logging_mixin.py:188} INFO - [2025-11-19T23:46:45.183+0000] {dag.py:3096} INFO - Sync 1 DAGs
[2025-11-19T23:46:45.212+0000] {logging_mixin.py:188} INFO - [2025-11-19T23:46:45.212+0000] {dag.py:3954} INFO - Setting next_dagrun for predictive_pipeline_xgb to 2025-11-23 00:00:00+00:00, run_after=2025-11-30 00:00:00+00:00
[2025-11-19T23:46:45.287+0000] {processor.py:183} INFO - Processing /opt/airflow/dags/predictive_pipeline_dag.py took 3.725 seconds
[2025-11-19T23:47:15.705+0000] {processor.py:161} INFO - Started process (PID=229) to work on /opt/airflow/dags/predictive_pipeline_dag.py
[2025-11-19T23:47:15.706+0000] {processor.py:830} INFO - Processing file /opt/airflow/dags/predictive_pipeline_dag.py for tasks to queue
[2025-11-19T23:47:15.709+0000] {logging_mixin.py:188} INFO - [2025-11-19T23:47:15.709+0000] {dagbag.py:545} INFO - Filling up the DagBag from /opt/airflow/dags/predictive_pipeline_dag.py
[2025-11-19T23:47:17.746+0000] {logging_mixin.py:188} WARNING - /home/airflow/.local/lib/python3.12/site-packages/mlflow/tracking/_tracking_service/utils.py:140 FutureWarning: Filesystem tracking backend (e.g., './mlruns') is deprecated. Please switch to a database backend (e.g., 'sqlite:///mlflow.db'). For feedback, see: https://github.com/mlflow/mlflow/issues/18534
[2025-11-19T23:47:18.581+0000] {processor.py:840} INFO - DAG(s) 'predictive_pipeline_xgb' retrieved from /opt/airflow/dags/predictive_pipeline_dag.py
[2025-11-19T23:47:18.612+0000] {logging_mixin.py:188} INFO - [2025-11-19T23:47:18.610+0000] {dag.py:3096} INFO - Sync 1 DAGs
[2025-11-19T23:47:18.636+0000] {logging_mixin.py:188} INFO - [2025-11-19T23:47:18.636+0000] {dag.py:3954} INFO - Setting next_dagrun for predictive_pipeline_xgb to 2025-11-23 00:00:00+00:00, run_after=2025-11-30 00:00:00+00:00
[2025-11-19T23:47:18.688+0000] {processor.py:183} INFO - Processing /opt/airflow/dags/predictive_pipeline_dag.py took 2.965 seconds
[2025-11-19T23:47:48.796+0000] {processor.py:161} INFO - Started process (PID=239) to work on /opt/airflow/dags/predictive_pipeline_dag.py
[2025-11-19T23:47:48.798+0000] {processor.py:830} INFO - Processing file /opt/airflow/dags/predictive_pipeline_dag.py for tasks to queue
[2025-11-19T23:47:48.800+0000] {logging_mixin.py:188} INFO - [2025-11-19T23:47:48.799+0000] {dagbag.py:545} INFO - Filling up the DagBag from /opt/airflow/dags/predictive_pipeline_dag.py
[2025-11-19T23:47:50.536+0000] {logging_mixin.py:188} WARNING - /home/airflow/.local/lib/python3.12/site-packages/mlflow/tracking/_tracking_service/utils.py:140 FutureWarning: Filesystem tracking backend (e.g., './mlruns') is deprecated. Please switch to a database backend (e.g., 'sqlite:///mlflow.db'). For feedback, see: https://github.com/mlflow/mlflow/issues/18534
[2025-11-19T23:47:51.167+0000] {processor.py:840} INFO - DAG(s) 'predictive_pipeline_xgb' retrieved from /opt/airflow/dags/predictive_pipeline_dag.py
[2025-11-19T23:47:51.287+0000] {logging_mixin.py:188} INFO - [2025-11-19T23:47:51.287+0000] {dag.py:3096} INFO - Sync 1 DAGs
[2025-11-19T23:47:51.309+0000] {logging_mixin.py:188} INFO - [2025-11-19T23:47:51.308+0000] {dag.py:3954} INFO - Setting next_dagrun for predictive_pipeline_xgb to 2025-11-23 00:00:00+00:00, run_after=2025-11-30 00:00:00+00:00
[2025-11-19T23:47:51.357+0000] {processor.py:183} INFO - Processing /opt/airflow/dags/predictive_pipeline_dag.py took 2.568 seconds
[2025-11-19T23:48:21.542+0000] {processor.py:161} INFO - Started process (PID=249) to work on /opt/airflow/dags/predictive_pipeline_dag.py
[2025-11-19T23:48:21.544+0000] {processor.py:830} INFO - Processing file /opt/airflow/dags/predictive_pipeline_dag.py for tasks to queue
[2025-11-19T23:48:21.548+0000] {logging_mixin.py:188} INFO - [2025-11-19T23:48:21.546+0000] {dagbag.py:545} INFO - Filling up the DagBag from /opt/airflow/dags/predictive_pipeline_dag.py
[2025-11-19T23:48:23.567+0000] {logging_mixin.py:188} WARNING - /home/airflow/.local/lib/python3.12/site-packages/mlflow/tracking/_tracking_service/utils.py:140 FutureWarning: Filesystem tracking backend (e.g., './mlruns') is deprecated. Please switch to a database backend (e.g., 'sqlite:///mlflow.db'). For feedback, see: https://github.com/mlflow/mlflow/issues/18534
[2025-11-19T23:48:24.334+0000] {processor.py:840} INFO - DAG(s) 'predictive_pipeline_xgb' retrieved from /opt/airflow/dags/predictive_pipeline_dag.py
[2025-11-19T23:48:24.359+0000] {logging_mixin.py:188} INFO - [2025-11-19T23:48:24.358+0000] {dag.py:3096} INFO - Sync 1 DAGs
[2025-11-19T23:48:24.382+0000] {logging_mixin.py:188} INFO - [2025-11-19T23:48:24.381+0000] {dag.py:3954} INFO - Setting next_dagrun for predictive_pipeline_xgb to 2025-11-23 00:00:00+00:00, run_after=2025-11-30 00:00:00+00:00
[2025-11-19T23:48:24.430+0000] {processor.py:183} INFO - Processing /opt/airflow/dags/predictive_pipeline_dag.py took 2.898 seconds
[2025-11-19T23:48:54.724+0000] {processor.py:161} INFO - Started process (PID=259) to work on /opt/airflow/dags/predictive_pipeline_dag.py
[2025-11-19T23:48:54.726+0000] {processor.py:830} INFO - Processing file /opt/airflow/dags/predictive_pipeline_dag.py for tasks to queue
[2025-11-19T23:48:54.728+0000] {logging_mixin.py:188} INFO - [2025-11-19T23:48:54.728+0000] {dagbag.py:545} INFO - Filling up the DagBag from /opt/airflow/dags/predictive_pipeline_dag.py
[2025-11-19T23:48:56.581+0000] {logging_mixin.py:188} WARNING - /home/airflow/.local/lib/python3.12/site-packages/mlflow/tracking/_tracking_service/utils.py:140 FutureWarning: Filesystem tracking backend (e.g., './mlruns') is deprecated. Please switch to a database backend (e.g., 'sqlite:///mlflow.db'). For feedback, see: https://github.com/mlflow/mlflow/issues/18534
[2025-11-19T23:48:57.490+0000] {processor.py:840} INFO - DAG(s) 'predictive_pipeline_xgb' retrieved from /opt/airflow/dags/predictive_pipeline_dag.py
[2025-11-19T23:48:57.519+0000] {logging_mixin.py:188} INFO - [2025-11-19T23:48:57.518+0000] {dag.py:3096} INFO - Sync 1 DAGs
[2025-11-19T23:48:57.546+0000] {logging_mixin.py:188} INFO - [2025-11-19T23:48:57.545+0000] {dag.py:3954} INFO - Setting next_dagrun for predictive_pipeline_xgb to 2025-11-23 00:00:00+00:00, run_after=2025-11-30 00:00:00+00:00
[2025-11-19T23:48:57.607+0000] {processor.py:183} INFO - Processing /opt/airflow/dags/predictive_pipeline_dag.py took 2.891 seconds
[2025-11-19T23:49:28.013+0000] {processor.py:161} INFO - Started process (PID=269) to work on /opt/airflow/dags/predictive_pipeline_dag.py
[2025-11-19T23:49:28.017+0000] {processor.py:830} INFO - Processing file /opt/airflow/dags/predictive_pipeline_dag.py for tasks to queue
[2025-11-19T23:49:28.021+0000] {logging_mixin.py:188} INFO - [2025-11-19T23:49:28.020+0000] {dagbag.py:545} INFO - Filling up the DagBag from /opt/airflow/dags/predictive_pipeline_dag.py
[2025-11-19T23:49:29.962+0000] {logging_mixin.py:188} WARNING - /home/airflow/.local/lib/python3.12/site-packages/mlflow/tracking/_tracking_service/utils.py:140 FutureWarning: Filesystem tracking backend (e.g., './mlruns') is deprecated. Please switch to a database backend (e.g., 'sqlite:///mlflow.db'). For feedback, see: https://github.com/mlflow/mlflow/issues/18534
[2025-11-19T23:49:30.748+0000] {processor.py:840} INFO - DAG(s) 'predictive_pipeline_xgb' retrieved from /opt/airflow/dags/predictive_pipeline_dag.py
[2025-11-19T23:49:30.774+0000] {logging_mixin.py:188} INFO - [2025-11-19T23:49:30.773+0000] {dag.py:3096} INFO - Sync 1 DAGs
[2025-11-19T23:49:30.797+0000] {logging_mixin.py:188} INFO - [2025-11-19T23:49:30.796+0000] {dag.py:3954} INFO - Setting next_dagrun for predictive_pipeline_xgb to 2025-11-23 00:00:00+00:00, run_after=2025-11-30 00:00:00+00:00
[2025-11-19T23:49:30.851+0000] {processor.py:183} INFO - Processing /opt/airflow/dags/predictive_pipeline_dag.py took 2.858 seconds
[2025-11-19T23:50:01.128+0000] {processor.py:161} INFO - Started process (PID=279) to work on /opt/airflow/dags/predictive_pipeline_dag.py
[2025-11-19T23:50:01.129+0000] {processor.py:830} INFO - Processing file /opt/airflow/dags/predictive_pipeline_dag.py for tasks to queue
[2025-11-19T23:50:01.131+0000] {logging_mixin.py:188} INFO - [2025-11-19T23:50:01.131+0000] {dagbag.py:545} INFO - Filling up the DagBag from /opt/airflow/dags/predictive_pipeline_dag.py
[2025-11-19T23:50:02.931+0000] {logging_mixin.py:188} WARNING - /home/airflow/.local/lib/python3.12/site-packages/mlflow/tracking/_tracking_service/utils.py:140 FutureWarning: Filesystem tracking backend (e.g., './mlruns') is deprecated. Please switch to a database backend (e.g., 'sqlite:///mlflow.db'). For feedback, see: https://github.com/mlflow/mlflow/issues/18534
[2025-11-19T23:50:03.710+0000] {processor.py:840} INFO - DAG(s) 'predictive_pipeline_xgb' retrieved from /opt/airflow/dags/predictive_pipeline_dag.py
[2025-11-19T23:50:03.738+0000] {logging_mixin.py:188} INFO - [2025-11-19T23:50:03.737+0000] {dag.py:3096} INFO - Sync 1 DAGs
[2025-11-19T23:50:03.761+0000] {logging_mixin.py:188} INFO - [2025-11-19T23:50:03.761+0000] {dag.py:3954} INFO - Setting next_dagrun for predictive_pipeline_xgb to 2025-11-23 00:00:00+00:00, run_after=2025-11-30 00:00:00+00:00
[2025-11-19T23:50:03.813+0000] {processor.py:183} INFO - Processing /opt/airflow/dags/predictive_pipeline_dag.py took 2.691 seconds
[2025-11-19T23:50:34.101+0000] {processor.py:161} INFO - Started process (PID=289) to work on /opt/airflow/dags/predictive_pipeline_dag.py
[2025-11-19T23:50:34.103+0000] {processor.py:830} INFO - Processing file /opt/airflow/dags/predictive_pipeline_dag.py for tasks to queue
[2025-11-19T23:50:34.105+0000] {logging_mixin.py:188} INFO - [2025-11-19T23:50:34.105+0000] {dagbag.py:545} INFO - Filling up the DagBag from /opt/airflow/dags/predictive_pipeline_dag.py
[2025-11-19T23:50:35.989+0000] {logging_mixin.py:188} WARNING - /home/airflow/.local/lib/python3.12/site-packages/mlflow/tracking/_tracking_service/utils.py:140 FutureWarning: Filesystem tracking backend (e.g., './mlruns') is deprecated. Please switch to a database backend (e.g., 'sqlite:///mlflow.db'). For feedback, see: https://github.com/mlflow/mlflow/issues/18534
[2025-11-19T23:50:36.768+0000] {processor.py:840} INFO - DAG(s) 'predictive_pipeline_xgb' retrieved from /opt/airflow/dags/predictive_pipeline_dag.py
[2025-11-19T23:50:36.792+0000] {logging_mixin.py:188} INFO - [2025-11-19T23:50:36.792+0000] {dag.py:3096} INFO - Sync 1 DAGs
[2025-11-19T23:50:36.814+0000] {logging_mixin.py:188} INFO - [2025-11-19T23:50:36.814+0000] {dag.py:3954} INFO - Setting next_dagrun for predictive_pipeline_xgb to 2025-11-23 00:00:00+00:00, run_after=2025-11-30 00:00:00+00:00
[2025-11-19T23:50:36.866+0000] {processor.py:183} INFO - Processing /opt/airflow/dags/predictive_pipeline_dag.py took 2.773 seconds
[2025-11-19T23:51:07.142+0000] {processor.py:161} INFO - Started process (PID=299) to work on /opt/airflow/dags/predictive_pipeline_dag.py
[2025-11-19T23:51:07.143+0000] {processor.py:830} INFO - Processing file /opt/airflow/dags/predictive_pipeline_dag.py for tasks to queue
[2025-11-19T23:51:07.145+0000] {logging_mixin.py:188} INFO - [2025-11-19T23:51:07.145+0000] {dagbag.py:545} INFO - Filling up the DagBag from /opt/airflow/dags/predictive_pipeline_dag.py
[2025-11-19T23:51:09.060+0000] {logging_mixin.py:188} WARNING - /home/airflow/.local/lib/python3.12/site-packages/mlflow/tracking/_tracking_service/utils.py:140 FutureWarning: Filesystem tracking backend (e.g., './mlruns') is deprecated. Please switch to a database backend (e.g., 'sqlite:///mlflow.db'). For feedback, see: https://github.com/mlflow/mlflow/issues/18534
[2025-11-19T23:51:10.303+0000] {processor.py:840} INFO - DAG(s) 'predictive_pipeline_xgb' retrieved from /opt/airflow/dags/predictive_pipeline_dag.py
[2025-11-19T23:51:10.327+0000] {logging_mixin.py:188} INFO - [2025-11-19T23:51:10.326+0000] {dag.py:3096} INFO - Sync 1 DAGs
[2025-11-19T23:51:10.348+0000] {logging_mixin.py:188} INFO - [2025-11-19T23:51:10.348+0000] {dag.py:3954} INFO - Setting next_dagrun for predictive_pipeline_xgb to 2025-11-23 00:00:00+00:00, run_after=2025-11-30 00:00:00+00:00
[2025-11-19T23:51:10.399+0000] {processor.py:183} INFO - Processing /opt/airflow/dags/predictive_pipeline_dag.py took 3.265 seconds
[2025-11-19T23:51:40.700+0000] {processor.py:161} INFO - Started process (PID=309) to work on /opt/airflow/dags/predictive_pipeline_dag.py
[2025-11-19T23:51:40.701+0000] {processor.py:830} INFO - Processing file /opt/airflow/dags/predictive_pipeline_dag.py for tasks to queue
[2025-11-19T23:51:40.703+0000] {logging_mixin.py:188} INFO - [2025-11-19T23:51:40.703+0000] {dagbag.py:545} INFO - Filling up the DagBag from /opt/airflow/dags/predictive_pipeline_dag.py
[2025-11-19T23:51:42.677+0000] {logging_mixin.py:188} WARNING - /home/airflow/.local/lib/python3.12/site-packages/mlflow/tracking/_tracking_service/utils.py:140 FutureWarning: Filesystem tracking backend (e.g., './mlruns') is deprecated. Please switch to a database backend (e.g., 'sqlite:///mlflow.db'). For feedback, see: https://github.com/mlflow/mlflow/issues/18534
[2025-11-19T23:51:43.534+0000] {processor.py:840} INFO - DAG(s) 'predictive_pipeline_xgb' retrieved from /opt/airflow/dags/predictive_pipeline_dag.py
[2025-11-19T23:51:43.562+0000] {logging_mixin.py:188} INFO - [2025-11-19T23:51:43.559+0000] {dag.py:3096} INFO - Sync 1 DAGs
[2025-11-19T23:51:43.585+0000] {logging_mixin.py:188} INFO - [2025-11-19T23:51:43.585+0000] {dag.py:3954} INFO - Setting next_dagrun for predictive_pipeline_xgb to 2025-11-23 00:00:00+00:00, run_after=2025-11-30 00:00:00+00:00
[2025-11-19T23:51:43.646+0000] {processor.py:183} INFO - Processing /opt/airflow/dags/predictive_pipeline_dag.py took 2.954 seconds
[2025-11-19T23:52:13.937+0000] {processor.py:161} INFO - Started process (PID=319) to work on /opt/airflow/dags/predictive_pipeline_dag.py
[2025-11-19T23:52:13.938+0000] {processor.py:830} INFO - Processing file /opt/airflow/dags/predictive_pipeline_dag.py for tasks to queue
[2025-11-19T23:52:13.940+0000] {logging_mixin.py:188} INFO - [2025-11-19T23:52:13.940+0000] {dagbag.py:545} INFO - Filling up the DagBag from /opt/airflow/dags/predictive_pipeline_dag.py
[2025-11-19T23:52:15.721+0000] {logging_mixin.py:188} WARNING - /home/airflow/.local/lib/python3.12/site-packages/mlflow/tracking/_tracking_service/utils.py:140 FutureWarning: Filesystem tracking backend (e.g., './mlruns') is deprecated. Please switch to a database backend (e.g., 'sqlite:///mlflow.db'). For feedback, see: https://github.com/mlflow/mlflow/issues/18534
[2025-11-19T23:52:16.499+0000] {processor.py:840} INFO - DAG(s) 'predictive_pipeline_xgb' retrieved from /opt/airflow/dags/predictive_pipeline_dag.py
[2025-11-19T23:52:16.523+0000] {logging_mixin.py:188} INFO - [2025-11-19T23:52:16.522+0000] {dag.py:3096} INFO - Sync 1 DAGs
[2025-11-19T23:52:16.544+0000] {logging_mixin.py:188} INFO - [2025-11-19T23:52:16.544+0000] {dag.py:3954} INFO - Setting next_dagrun for predictive_pipeline_xgb to 2025-11-23 00:00:00+00:00, run_after=2025-11-30 00:00:00+00:00
[2025-11-19T23:52:16.594+0000] {processor.py:183} INFO - Processing /opt/airflow/dags/predictive_pipeline_dag.py took 2.639 seconds
[2025-11-19T23:52:46.918+0000] {processor.py:161} INFO - Started process (PID=329) to work on /opt/airflow/dags/predictive_pipeline_dag.py
[2025-11-19T23:52:46.919+0000] {processor.py:830} INFO - Processing file /opt/airflow/dags/predictive_pipeline_dag.py for tasks to queue
[2025-11-19T23:52:46.922+0000] {logging_mixin.py:188} INFO - [2025-11-19T23:52:46.921+0000] {dagbag.py:545} INFO - Filling up the DagBag from /opt/airflow/dags/predictive_pipeline_dag.py
[2025-11-19T23:52:48.804+0000] {logging_mixin.py:188} WARNING - /home/airflow/.local/lib/python3.12/site-packages/mlflow/tracking/_tracking_service/utils.py:140 FutureWarning: Filesystem tracking backend (e.g., './mlruns') is deprecated. Please switch to a database backend (e.g., 'sqlite:///mlflow.db'). For feedback, see: https://github.com/mlflow/mlflow/issues/18534
[2025-11-19T23:52:49.519+0000] {processor.py:840} INFO - DAG(s) 'predictive_pipeline_xgb' retrieved from /opt/airflow/dags/predictive_pipeline_dag.py
[2025-11-19T23:52:49.651+0000] {logging_mixin.py:188} INFO - [2025-11-19T23:52:49.651+0000] {dag.py:3096} INFO - Sync 1 DAGs
[2025-11-19T23:52:49.675+0000] {logging_mixin.py:188} INFO - [2025-11-19T23:52:49.675+0000] {dag.py:3954} INFO - Setting next_dagrun for predictive_pipeline_xgb to 2025-11-23 00:00:00+00:00, run_after=2025-11-30 00:00:00+00:00
[2025-11-19T23:52:49.731+0000] {processor.py:183} INFO - Processing /opt/airflow/dags/predictive_pipeline_dag.py took 2.819 seconds
[2025-11-19T23:53:20.068+0000] {processor.py:161} INFO - Started process (PID=339) to work on /opt/airflow/dags/predictive_pipeline_dag.py
[2025-11-19T23:53:20.069+0000] {processor.py:830} INFO - Processing file /opt/airflow/dags/predictive_pipeline_dag.py for tasks to queue
[2025-11-19T23:53:20.072+0000] {logging_mixin.py:188} INFO - [2025-11-19T23:53:20.071+0000] {dagbag.py:545} INFO - Filling up the DagBag from /opt/airflow/dags/predictive_pipeline_dag.py
[2025-11-19T23:53:21.940+0000] {logging_mixin.py:188} WARNING - /home/airflow/.local/lib/python3.12/site-packages/mlflow/tracking/_tracking_service/utils.py:140 FutureWarning: Filesystem tracking backend (e.g., './mlruns') is deprecated. Please switch to a database backend (e.g., 'sqlite:///mlflow.db'). For feedback, see: https://github.com/mlflow/mlflow/issues/18534
[2025-11-19T23:53:22.621+0000] {processor.py:840} INFO - DAG(s) 'predictive_pipeline_xgb' retrieved from /opt/airflow/dags/predictive_pipeline_dag.py
[2025-11-19T23:53:22.752+0000] {logging_mixin.py:188} INFO - [2025-11-19T23:53:22.752+0000] {dag.py:3096} INFO - Sync 1 DAGs
[2025-11-19T23:53:22.775+0000] {logging_mixin.py:188} INFO - [2025-11-19T23:53:22.775+0000] {dag.py:3954} INFO - Setting next_dagrun for predictive_pipeline_xgb to 2025-11-23 00:00:00+00:00, run_after=2025-11-30 00:00:00+00:00
[2025-11-19T23:53:22.828+0000] {processor.py:183} INFO - Processing /opt/airflow/dags/predictive_pipeline_dag.py took 2.767 seconds
[2025-11-19T23:53:52.903+0000] {processor.py:161} INFO - Started process (PID=349) to work on /opt/airflow/dags/predictive_pipeline_dag.py
[2025-11-19T23:53:52.904+0000] {processor.py:830} INFO - Processing file /opt/airflow/dags/predictive_pipeline_dag.py for tasks to queue
[2025-11-19T23:53:52.906+0000] {logging_mixin.py:188} INFO - [2025-11-19T23:53:52.905+0000] {dagbag.py:545} INFO - Filling up the DagBag from /opt/airflow/dags/predictive_pipeline_dag.py
[2025-11-19T23:53:54.686+0000] {logging_mixin.py:188} WARNING - /home/airflow/.local/lib/python3.12/site-packages/mlflow/tracking/_tracking_service/utils.py:140 FutureWarning: Filesystem tracking backend (e.g., './mlruns') is deprecated. Please switch to a database backend (e.g., 'sqlite:///mlflow.db'). For feedback, see: https://github.com/mlflow/mlflow/issues/18534
[2025-11-19T23:53:55.429+0000] {processor.py:840} INFO - DAG(s) 'predictive_pipeline_xgb' retrieved from /opt/airflow/dags/predictive_pipeline_dag.py
[2025-11-19T23:53:55.454+0000] {logging_mixin.py:188} INFO - [2025-11-19T23:53:55.453+0000] {dag.py:3096} INFO - Sync 1 DAGs
[2025-11-19T23:53:55.474+0000] {logging_mixin.py:188} INFO - [2025-11-19T23:53:55.474+0000] {dag.py:3954} INFO - Setting next_dagrun for predictive_pipeline_xgb to 2025-11-23 00:00:00+00:00, run_after=2025-11-30 00:00:00+00:00
[2025-11-19T23:53:55.523+0000] {processor.py:183} INFO - Processing /opt/airflow/dags/predictive_pipeline_dag.py took 2.626 seconds
[2025-11-19T23:54:25.849+0000] {processor.py:161} INFO - Started process (PID=359) to work on /opt/airflow/dags/predictive_pipeline_dag.py
[2025-11-19T23:54:25.850+0000] {processor.py:830} INFO - Processing file /opt/airflow/dags/predictive_pipeline_dag.py for tasks to queue
[2025-11-19T23:54:25.852+0000] {logging_mixin.py:188} INFO - [2025-11-19T23:54:25.851+0000] {dagbag.py:545} INFO - Filling up the DagBag from /opt/airflow/dags/predictive_pipeline_dag.py
[2025-11-19T23:54:27.682+0000] {logging_mixin.py:188} WARNING - /home/airflow/.local/lib/python3.12/site-packages/mlflow/tracking/_tracking_service/utils.py:140 FutureWarning: Filesystem tracking backend (e.g., './mlruns') is deprecated. Please switch to a database backend (e.g., 'sqlite:///mlflow.db'). For feedback, see: https://github.com/mlflow/mlflow/issues/18534
[2025-11-19T23:54:28.525+0000] {processor.py:840} INFO - DAG(s) 'predictive_pipeline_xgb' retrieved from /opt/airflow/dags/predictive_pipeline_dag.py
[2025-11-19T23:54:28.551+0000] {logging_mixin.py:188} INFO - [2025-11-19T23:54:28.551+0000] {dag.py:3096} INFO - Sync 1 DAGs
[2025-11-19T23:54:28.573+0000] {logging_mixin.py:188} INFO - [2025-11-19T23:54:28.573+0000] {dag.py:3954} INFO - Setting next_dagrun for predictive_pipeline_xgb to 2025-11-23 00:00:00+00:00, run_after=2025-11-30 00:00:00+00:00
[2025-11-19T23:54:28.631+0000] {processor.py:183} INFO - Processing /opt/airflow/dags/predictive_pipeline_dag.py took 2.788 seconds
[2025-11-19T23:54:58.920+0000] {processor.py:161} INFO - Started process (PID=369) to work on /opt/airflow/dags/predictive_pipeline_dag.py
[2025-11-19T23:54:58.922+0000] {processor.py:830} INFO - Processing file /opt/airflow/dags/predictive_pipeline_dag.py for tasks to queue
[2025-11-19T23:54:58.924+0000] {logging_mixin.py:188} INFO - [2025-11-19T23:54:58.923+0000] {dagbag.py:545} INFO - Filling up the DagBag from /opt/airflow/dags/predictive_pipeline_dag.py
[2025-11-19T23:55:00.874+0000] {logging_mixin.py:188} WARNING - /home/airflow/.local/lib/python3.12/site-packages/mlflow/tracking/_tracking_service/utils.py:140 FutureWarning: Filesystem tracking backend (e.g., './mlruns') is deprecated. Please switch to a database backend (e.g., 'sqlite:///mlflow.db'). For feedback, see: https://github.com/mlflow/mlflow/issues/18534
[2025-11-19T23:55:01.656+0000] {processor.py:840} INFO - DAG(s) 'predictive_pipeline_xgb' retrieved from /opt/airflow/dags/predictive_pipeline_dag.py
[2025-11-19T23:55:01.694+0000] {logging_mixin.py:188} INFO - [2025-11-19T23:55:01.694+0000] {dag.py:3096} INFO - Sync 1 DAGs
[2025-11-19T23:55:01.721+0000] {logging_mixin.py:188} INFO - [2025-11-19T23:55:01.720+0000] {dag.py:3954} INFO - Setting next_dagrun for predictive_pipeline_xgb to 2025-11-23 00:00:00+00:00, run_after=2025-11-30 00:00:00+00:00
[2025-11-19T23:55:01.777+0000] {processor.py:183} INFO - Processing /opt/airflow/dags/predictive_pipeline_dag.py took 2.863 seconds
[2025-11-19T23:55:32.056+0000] {processor.py:161} INFO - Started process (PID=379) to work on /opt/airflow/dags/predictive_pipeline_dag.py
[2025-11-19T23:55:32.057+0000] {processor.py:830} INFO - Processing file /opt/airflow/dags/predictive_pipeline_dag.py for tasks to queue
[2025-11-19T23:55:32.059+0000] {logging_mixin.py:188} INFO - [2025-11-19T23:55:32.058+0000] {dagbag.py:545} INFO - Filling up the DagBag from /opt/airflow/dags/predictive_pipeline_dag.py
[2025-11-19T23:55:33.902+0000] {logging_mixin.py:188} WARNING - /home/airflow/.local/lib/python3.12/site-packages/mlflow/tracking/_tracking_service/utils.py:140 FutureWarning: Filesystem tracking backend (e.g., './mlruns') is deprecated. Please switch to a database backend (e.g., 'sqlite:///mlflow.db'). For feedback, see: https://github.com/mlflow/mlflow/issues/18534
[2025-11-19T23:55:34.648+0000] {processor.py:840} INFO - DAG(s) 'predictive_pipeline_xgb' retrieved from /opt/airflow/dags/predictive_pipeline_dag.py
[2025-11-19T23:55:34.672+0000] {logging_mixin.py:188} INFO - [2025-11-19T23:55:34.672+0000] {dag.py:3096} INFO - Sync 1 DAGs
[2025-11-19T23:55:34.695+0000] {logging_mixin.py:188} INFO - [2025-11-19T23:55:34.694+0000] {dag.py:3954} INFO - Setting next_dagrun for predictive_pipeline_xgb to 2025-11-23 00:00:00+00:00, run_after=2025-11-30 00:00:00+00:00
[2025-11-19T23:55:34.746+0000] {processor.py:183} INFO - Processing /opt/airflow/dags/predictive_pipeline_dag.py took 2.697 seconds
[2025-11-19T23:56:05.080+0000] {processor.py:161} INFO - Started process (PID=389) to work on /opt/airflow/dags/predictive_pipeline_dag.py
[2025-11-19T23:56:05.081+0000] {processor.py:830} INFO - Processing file /opt/airflow/dags/predictive_pipeline_dag.py for tasks to queue
[2025-11-19T23:56:05.083+0000] {logging_mixin.py:188} INFO - [2025-11-19T23:56:05.083+0000] {dagbag.py:545} INFO - Filling up the DagBag from /opt/airflow/dags/predictive_pipeline_dag.py
[2025-11-19T23:56:06.816+0000] {logging_mixin.py:188} WARNING - /home/airflow/.local/lib/python3.12/site-packages/mlflow/tracking/_tracking_service/utils.py:140 FutureWarning: Filesystem tracking backend (e.g., './mlruns') is deprecated. Please switch to a database backend (e.g., 'sqlite:///mlflow.db'). For feedback, see: https://github.com/mlflow/mlflow/issues/18534
[2025-11-19T23:56:07.601+0000] {processor.py:840} INFO - DAG(s) 'predictive_pipeline_xgb' retrieved from /opt/airflow/dags/predictive_pipeline_dag.py
[2025-11-19T23:56:07.623+0000] {logging_mixin.py:188} INFO - [2025-11-19T23:56:07.623+0000] {dag.py:3096} INFO - Sync 1 DAGs
[2025-11-19T23:56:07.645+0000] {logging_mixin.py:188} INFO - [2025-11-19T23:56:07.645+0000] {dag.py:3954} INFO - Setting next_dagrun for predictive_pipeline_xgb to 2025-11-23 00:00:00+00:00, run_after=2025-11-30 00:00:00+00:00
[2025-11-19T23:56:07.693+0000] {processor.py:183} INFO - Processing /opt/airflow/dags/predictive_pipeline_dag.py took 2.619 seconds
[2025-11-19T23:56:37.926+0000] {processor.py:161} INFO - Started process (PID=399) to work on /opt/airflow/dags/predictive_pipeline_dag.py
[2025-11-19T23:56:37.927+0000] {processor.py:830} INFO - Processing file /opt/airflow/dags/predictive_pipeline_dag.py for tasks to queue
[2025-11-19T23:56:37.929+0000] {logging_mixin.py:188} INFO - [2025-11-19T23:56:37.928+0000] {dagbag.py:545} INFO - Filling up the DagBag from /opt/airflow/dags/predictive_pipeline_dag.py
[2025-11-19T23:56:39.709+0000] {logging_mixin.py:188} WARNING - /home/airflow/.local/lib/python3.12/site-packages/mlflow/tracking/_tracking_service/utils.py:140 FutureWarning: Filesystem tracking backend (e.g., './mlruns') is deprecated. Please switch to a database backend (e.g., 'sqlite:///mlflow.db'). For feedback, see: https://github.com/mlflow/mlflow/issues/18534
[2025-11-19T23:56:40.491+0000] {processor.py:840} INFO - DAG(s) 'predictive_pipeline_xgb' retrieved from /opt/airflow/dags/predictive_pipeline_dag.py
[2025-11-19T23:56:40.519+0000] {logging_mixin.py:188} INFO - [2025-11-19T23:56:40.517+0000] {dag.py:3096} INFO - Sync 1 DAGs
[2025-11-19T23:56:40.544+0000] {logging_mixin.py:188} INFO - [2025-11-19T23:56:40.544+0000] {dag.py:3954} INFO - Setting next_dagrun for predictive_pipeline_xgb to 2025-11-23 00:00:00+00:00, run_after=2025-11-30 00:00:00+00:00
[2025-11-19T23:56:40.605+0000] {processor.py:183} INFO - Processing /opt/airflow/dags/predictive_pipeline_dag.py took 2.685 seconds
[2025-11-19T23:57:10.913+0000] {processor.py:161} INFO - Started process (PID=409) to work on /opt/airflow/dags/predictive_pipeline_dag.py
[2025-11-19T23:57:10.914+0000] {processor.py:830} INFO - Processing file /opt/airflow/dags/predictive_pipeline_dag.py for tasks to queue
[2025-11-19T23:57:10.916+0000] {logging_mixin.py:188} INFO - [2025-11-19T23:57:10.916+0000] {dagbag.py:545} INFO - Filling up the DagBag from /opt/airflow/dags/predictive_pipeline_dag.py
[2025-11-19T23:57:12.776+0000] {logging_mixin.py:188} WARNING - /home/airflow/.local/lib/python3.12/site-packages/mlflow/tracking/_tracking_service/utils.py:140 FutureWarning: Filesystem tracking backend (e.g., './mlruns') is deprecated. Please switch to a database backend (e.g., 'sqlite:///mlflow.db'). For feedback, see: https://github.com/mlflow/mlflow/issues/18534
[2025-11-19T23:57:13.586+0000] {processor.py:840} INFO - DAG(s) 'predictive_pipeline_xgb' retrieved from /opt/airflow/dags/predictive_pipeline_dag.py
[2025-11-19T23:57:13.610+0000] {logging_mixin.py:188} INFO - [2025-11-19T23:57:13.610+0000] {dag.py:3096} INFO - Sync 1 DAGs
[2025-11-19T23:57:13.629+0000] {logging_mixin.py:188} INFO - [2025-11-19T23:57:13.629+0000] {dag.py:3954} INFO - Setting next_dagrun for predictive_pipeline_xgb to 2025-11-23 00:00:00+00:00, run_after=2025-11-30 00:00:00+00:00
[2025-11-19T23:57:13.682+0000] {processor.py:183} INFO - Processing /opt/airflow/dags/predictive_pipeline_dag.py took 2.775 seconds
[2025-11-19T23:57:43.952+0000] {processor.py:161} INFO - Started process (PID=419) to work on /opt/airflow/dags/predictive_pipeline_dag.py
[2025-11-19T23:57:43.954+0000] {processor.py:830} INFO - Processing file /opt/airflow/dags/predictive_pipeline_dag.py for tasks to queue
[2025-11-19T23:57:43.956+0000] {logging_mixin.py:188} INFO - [2025-11-19T23:57:43.956+0000] {dagbag.py:545} INFO - Filling up the DagBag from /opt/airflow/dags/predictive_pipeline_dag.py
[2025-11-19T23:57:46.012+0000] {logging_mixin.py:188} WARNING - /home/airflow/.local/lib/python3.12/site-packages/mlflow/tracking/_tracking_service/utils.py:140 FutureWarning: Filesystem tracking backend (e.g., './mlruns') is deprecated. Please switch to a database backend (e.g., 'sqlite:///mlflow.db'). For feedback, see: https://github.com/mlflow/mlflow/issues/18534
[2025-11-19T23:57:46.697+0000] {processor.py:840} INFO - DAG(s) 'predictive_pipeline_xgb' retrieved from /opt/airflow/dags/predictive_pipeline_dag.py
[2025-11-19T23:57:46.849+0000] {logging_mixin.py:188} INFO - [2025-11-19T23:57:46.848+0000] {dag.py:3096} INFO - Sync 1 DAGs
[2025-11-19T23:57:46.870+0000] {logging_mixin.py:188} INFO - [2025-11-19T23:57:46.870+0000] {dag.py:3954} INFO - Setting next_dagrun for predictive_pipeline_xgb to 2025-11-23 00:00:00+00:00, run_after=2025-11-30 00:00:00+00:00
[2025-11-19T23:57:46.916+0000] {processor.py:183} INFO - Processing /opt/airflow/dags/predictive_pipeline_dag.py took 2.945 seconds
[2025-11-19T23:58:17.186+0000] {processor.py:161} INFO - Started process (PID=429) to work on /opt/airflow/dags/predictive_pipeline_dag.py
[2025-11-19T23:58:17.187+0000] {processor.py:830} INFO - Processing file /opt/airflow/dags/predictive_pipeline_dag.py for tasks to queue
[2025-11-19T23:58:17.189+0000] {logging_mixin.py:188} INFO - [2025-11-19T23:58:17.189+0000] {dagbag.py:545} INFO - Filling up the DagBag from /opt/airflow/dags/predictive_pipeline_dag.py
[2025-11-19T23:58:19.149+0000] {logging_mixin.py:188} WARNING - /home/airflow/.local/lib/python3.12/site-packages/mlflow/tracking/_tracking_service/utils.py:140 FutureWarning: Filesystem tracking backend (e.g., './mlruns') is deprecated. Please switch to a database backend (e.g., 'sqlite:///mlflow.db'). For feedback, see: https://github.com/mlflow/mlflow/issues/18534
[2025-11-19T23:58:19.934+0000] {processor.py:840} INFO - DAG(s) 'predictive_pipeline_xgb' retrieved from /opt/airflow/dags/predictive_pipeline_dag.py
[2025-11-19T23:58:19.958+0000] {logging_mixin.py:188} INFO - [2025-11-19T23:58:19.958+0000] {dag.py:3096} INFO - Sync 1 DAGs
[2025-11-19T23:58:19.979+0000] {logging_mixin.py:188} INFO - [2025-11-19T23:58:19.979+0000] {dag.py:3954} INFO - Setting next_dagrun for predictive_pipeline_xgb to 2025-11-23 00:00:00+00:00, run_after=2025-11-30 00:00:00+00:00
[2025-11-19T23:58:20.024+0000] {processor.py:183} INFO - Processing /opt/airflow/dags/predictive_pipeline_dag.py took 2.844 seconds
[2025-11-19T23:58:50.367+0000] {processor.py:161} INFO - Started process (PID=439) to work on /opt/airflow/dags/predictive_pipeline_dag.py
[2025-11-19T23:58:50.368+0000] {processor.py:830} INFO - Processing file /opt/airflow/dags/predictive_pipeline_dag.py for tasks to queue
[2025-11-19T23:58:50.370+0000] {logging_mixin.py:188} INFO - [2025-11-19T23:58:50.370+0000] {dagbag.py:545} INFO - Filling up the DagBag from /opt/airflow/dags/predictive_pipeline_dag.py
[2025-11-19T23:58:52.173+0000] {logging_mixin.py:188} WARNING - /home/airflow/.local/lib/python3.12/site-packages/mlflow/tracking/_tracking_service/utils.py:140 FutureWarning: Filesystem tracking backend (e.g., './mlruns') is deprecated. Please switch to a database backend (e.g., 'sqlite:///mlflow.db'). For feedback, see: https://github.com/mlflow/mlflow/issues/18534
[2025-11-19T23:58:53.216+0000] {processor.py:840} INFO - DAG(s) 'predictive_pipeline_xgb' retrieved from /opt/airflow/dags/predictive_pipeline_dag.py
[2025-11-19T23:58:53.243+0000] {logging_mixin.py:188} INFO - [2025-11-19T23:58:53.243+0000] {dag.py:3096} INFO - Sync 1 DAGs
[2025-11-19T23:58:53.267+0000] {logging_mixin.py:188} INFO - [2025-11-19T23:58:53.267+0000] {dag.py:3954} INFO - Setting next_dagrun for predictive_pipeline_xgb to 2025-11-23 00:00:00+00:00, run_after=2025-11-30 00:00:00+00:00
[2025-11-19T23:58:53.329+0000] {processor.py:183} INFO - Processing /opt/airflow/dags/predictive_pipeline_dag.py took 2.971 seconds
[2025-11-19T23:59:23.607+0000] {processor.py:161} INFO - Started process (PID=449) to work on /opt/airflow/dags/predictive_pipeline_dag.py
[2025-11-19T23:59:23.609+0000] {processor.py:830} INFO - Processing file /opt/airflow/dags/predictive_pipeline_dag.py for tasks to queue
[2025-11-19T23:59:23.611+0000] {logging_mixin.py:188} INFO - [2025-11-19T23:59:23.610+0000] {dagbag.py:545} INFO - Filling up the DagBag from /opt/airflow/dags/predictive_pipeline_dag.py
[2025-11-19T23:59:25.455+0000] {logging_mixin.py:188} WARNING - /home/airflow/.local/lib/python3.12/site-packages/mlflow/tracking/_tracking_service/utils.py:140 FutureWarning: Filesystem tracking backend (e.g., './mlruns') is deprecated. Please switch to a database backend (e.g., 'sqlite:///mlflow.db'). For feedback, see: https://github.com/mlflow/mlflow/issues/18534
[2025-11-19T23:59:26.224+0000] {processor.py:840} INFO - DAG(s) 'predictive_pipeline_xgb' retrieved from /opt/airflow/dags/predictive_pipeline_dag.py
[2025-11-19T23:59:26.251+0000] {logging_mixin.py:188} INFO - [2025-11-19T23:59:26.250+0000] {dag.py:3096} INFO - Sync 1 DAGs
[2025-11-19T23:59:26.274+0000] {logging_mixin.py:188} INFO - [2025-11-19T23:59:26.274+0000] {dag.py:3954} INFO - Setting next_dagrun for predictive_pipeline_xgb to 2025-11-23 00:00:00+00:00, run_after=2025-11-30 00:00:00+00:00
[2025-11-19T23:59:26.330+0000] {processor.py:183} INFO - Processing /opt/airflow/dags/predictive_pipeline_dag.py took 2.730 seconds
[2025-11-19T23:59:56.633+0000] {processor.py:161} INFO - Started process (PID=459) to work on /opt/airflow/dags/predictive_pipeline_dag.py
[2025-11-19T23:59:56.634+0000] {processor.py:830} INFO - Processing file /opt/airflow/dags/predictive_pipeline_dag.py for tasks to queue
[2025-11-19T23:59:56.636+0000] {logging_mixin.py:188} INFO - [2025-11-19T23:59:56.636+0000] {dagbag.py:545} INFO - Filling up the DagBag from /opt/airflow/dags/predictive_pipeline_dag.py
[2025-11-19T23:59:58.684+0000] {logging_mixin.py:188} WARNING - /home/airflow/.local/lib/python3.12/site-packages/mlflow/tracking/_tracking_service/utils.py:140 FutureWarning: Filesystem tracking backend (e.g., './mlruns') is deprecated. Please switch to a database backend (e.g., 'sqlite:///mlflow.db'). For feedback, see: https://github.com/mlflow/mlflow/issues/18534
[2025-11-19T23:59:59.491+0000] {processor.py:840} INFO - DAG(s) 'predictive_pipeline_xgb' retrieved from /opt/airflow/dags/predictive_pipeline_dag.py
[2025-11-19T23:59:59.521+0000] {logging_mixin.py:188} INFO - [2025-11-19T23:59:59.520+0000] {dag.py:3096} INFO - Sync 1 DAGs
[2025-11-19T23:59:59.546+0000] {logging_mixin.py:188} INFO - [2025-11-19T23:59:59.546+0000] {dag.py:3954} INFO - Setting next_dagrun for predictive_pipeline_xgb to 2025-11-23 00:00:00+00:00, run_after=2025-11-30 00:00:00+00:00
[2025-11-19T23:59:59.606+0000] {processor.py:183} INFO - Processing /opt/airflow/dags/predictive_pipeline_dag.py took 2.979 seconds
