[2025-11-17T20:44:37.167+0000] {manager.py:470} INFO - Processing files using up to 1 processes at a time 
[2025-11-17T20:44:37.170+0000] {manager.py:471} INFO - Process each file at most once every 30 seconds
[2025-11-17T20:44:37.172+0000] {manager.py:472} INFO - Checking for new files in /opt/airflow/dags every 300 seconds
[2025-11-17T20:44:37.173+0000] {manager.py:737} INFO - Searching for files in /opt/airflow/dags
[2025-11-17T20:44:37.227+0000] {manager.py:740} INFO - There are 1 files in /opt/airflow/dags
[2025-11-17T20:44:37.885+0000] {manager.py:878} INFO - 
================================================================================
DAG File Processing Stats

File Path                                     PID    Runtime      # DAGs    # Errors  Last Runtime    Last Run
--------------------------------------------  -----  ---------  --------  ----------  --------------  -------------------
/opt/airflow/dags/predictive_pipeline_dag.py                           0           1  0.52s           2025-11-17T20:44:37
================================================================================
[2025-11-17T20:44:54.027+0000] {manager.py:470} INFO - Processing files using up to 1 processes at a time 
[2025-11-17T20:44:54.028+0000] {manager.py:471} INFO - Process each file at most once every 30 seconds
[2025-11-17T20:44:54.029+0000] {manager.py:472} INFO - Checking for new files in /opt/airflow/dags every 300 seconds
[2025-11-17T20:44:54.031+0000] {manager.py:737} INFO - Searching for files in /opt/airflow/dags
[2025-11-17T20:44:54.076+0000] {manager.py:740} INFO - There are 1 files in /opt/airflow/dags
[2025-11-17T20:44:55.360+0000] {manager.py:878} INFO - 
================================================================================
DAG File Processing Stats

File Path                                     PID    Runtime      # DAGs    # Errors  Last Runtime    Last Run
--------------------------------------------  -----  ---------  --------  ----------  --------------  -------------------
/opt/airflow/dags/predictive_pipeline_dag.py                           0           1  0.61s           2025-11-17T20:44:55
================================================================================
[2025-11-17T20:45:31.622+0000] {manager.py:470} INFO - Processing files using up to 1 processes at a time 
[2025-11-17T20:45:31.623+0000] {manager.py:471} INFO - Process each file at most once every 30 seconds
[2025-11-17T20:45:31.625+0000] {manager.py:472} INFO - Checking for new files in /opt/airflow/dags every 300 seconds
[2025-11-17T20:45:31.626+0000] {manager.py:737} INFO - Searching for files in /opt/airflow/dags
[2025-11-17T20:45:31.664+0000] {manager.py:740} INFO - There are 1 files in /opt/airflow/dags
[2025-11-17T20:45:32.339+0000] {manager.py:878} INFO - 
================================================================================
DAG File Processing Stats

File Path                                     PID    Runtime      # DAGs    # Errors  Last Runtime    Last Run
--------------------------------------------  -----  ---------  --------  ----------  --------------  -------------------
/opt/airflow/dags/predictive_pipeline_dag.py                           0           1  0.52s           2025-11-17T20:45:32
================================================================================
[2025-11-17T20:46:01.856+0000] {manager.py:878} INFO - 
================================================================================
DAG File Processing Stats

File Path                                     PID    Runtime      # DAGs    # Errors  Last Runtime    Last Run
--------------------------------------------  -----  ---------  --------  ----------  --------------  -------------------
/opt/airflow/dags/predictive_pipeline_dag.py                           0           1  0.52s           2025-11-17T20:45:32
================================================================================
[2025-11-17T20:46:31.048+0000] {manager.py:878} INFO - 
================================================================================
DAG File Processing Stats

File Path                                     PID    Runtime      # DAGs    # Errors  Last Runtime    Last Run
--------------------------------------------  -----  ---------  --------  ----------  --------------  -------------------
/opt/airflow/dags/predictive_pipeline_dag.py                           0           1  0.52s           2025-11-17T20:46:03
================================================================================
[2025-11-17T20:47:00.203+0000] {manager.py:878} INFO - 
================================================================================
DAG File Processing Stats

File Path                                     PID    Runtime      # DAGs    # Errors  Last Runtime    Last Run
--------------------------------------------  -----  ---------  --------  ----------  --------------  -------------------
/opt/airflow/dags/predictive_pipeline_dag.py                           0           1  0.52s           2025-11-17T20:46:34
================================================================================
[2025-11-17T20:47:29.341+0000] {manager.py:878} INFO - 
================================================================================
DAG File Processing Stats

File Path                                     PID    Runtime      # DAGs    # Errors  Last Runtime    Last Run
--------------------------------------------  -----  ---------  --------  ----------  --------------  -------------------
/opt/airflow/dags/predictive_pipeline_dag.py                           0           1  0.41s           2025-11-17T20:47:05
================================================================================
[2025-11-17T20:47:58.360+0000] {manager.py:878} INFO - 
================================================================================
DAG File Processing Stats

File Path                                     PID    Runtime      # DAGs    # Errors  Last Runtime    Last Run
--------------------------------------------  -----  ---------  --------  ----------  --------------  -------------------
/opt/airflow/dags/predictive_pipeline_dag.py                           0           1  0.71s           2025-11-17T20:47:37
================================================================================
[2025-11-17T20:48:27.605+0000] {manager.py:878} INFO - 
================================================================================
DAG File Processing Stats

File Path                                     PID    Runtime      # DAGs    # Errors  Last Runtime    Last Run
--------------------------------------------  -----  ---------  --------  ----------  --------------  -------------------
/opt/airflow/dags/predictive_pipeline_dag.py                           0           1  0.41s           2025-11-17T20:48:08
================================================================================
[2025-11-17T20:48:56.333+0000] {manager.py:878} INFO - 
================================================================================
DAG File Processing Stats

File Path                                     PID    Runtime      # DAGs    # Errors  Last Runtime    Last Run
--------------------------------------------  -----  ---------  --------  ----------  --------------  -------------------
/opt/airflow/dags/predictive_pipeline_dag.py                           0           1  0.51s           2025-11-17T20:48:39
================================================================================
[2025-11-17T20:57:23.062+0000] {manager.py:470} INFO - Processing files using up to 1 processes at a time 
[2025-11-17T20:57:23.063+0000] {manager.py:471} INFO - Process each file at most once every 30 seconds
[2025-11-17T20:57:23.065+0000] {manager.py:472} INFO - Checking for new files in /opt/airflow/dags every 300 seconds
[2025-11-17T20:57:23.067+0000] {manager.py:737} INFO - Searching for files in /opt/airflow/dags
[2025-11-17T20:57:23.100+0000] {manager.py:740} INFO - There are 1 files in /opt/airflow/dags
[2025-11-17T20:57:24.578+0000] {manager.py:878} INFO - 
================================================================================
DAG File Processing Stats

File Path                                     PID    Runtime      # DAGs    # Errors  Last Runtime    Last Run
--------------------------------------------  -----  ---------  --------  ----------  --------------  -------------------
/opt/airflow/dags/predictive_pipeline_dag.py                           0           1  1.35s           2025-11-17T20:57:24
================================================================================
[2025-11-17T20:57:53.115+0000] {manager.py:878} INFO - 
================================================================================
DAG File Processing Stats

File Path                                     PID    Runtime      # DAGs    # Errors  Last Runtime    Last Run
--------------------------------------------  -----  ---------  --------  ----------  --------------  -------------------
/opt/airflow/dags/predictive_pipeline_dag.py                           0           1  1.35s           2025-11-17T20:57:24
================================================================================
[2025-11-17T20:58:22.103+0000] {manager.py:878} INFO - 
================================================================================
DAG File Processing Stats

File Path                                     PID    Runtime      # DAGs    # Errors  Last Runtime    Last Run
--------------------------------------------  -----  ---------  --------  ----------  --------------  -------------------
/opt/airflow/dags/predictive_pipeline_dag.py                           0           1  1.44s           2025-11-17T20:57:56
================================================================================
[2025-11-17T20:58:51.110+0000] {manager.py:878} INFO - 
================================================================================
DAG File Processing Stats

File Path                                     PID    Runtime      # DAGs    # Errors  Last Runtime    Last Run
--------------------------------------------  -----  ---------  --------  ----------  --------------  -------------------
/opt/airflow/dags/predictive_pipeline_dag.py                           0           1  1.36s           2025-11-17T20:58:28
================================================================================
[2025-11-17T20:59:20.311+0000] {manager.py:878} INFO - 
================================================================================
DAG File Processing Stats

File Path                                     PID    Runtime      # DAGs    # Errors  Last Runtime    Last Run
--------------------------------------------  -----  ---------  --------  ----------  --------------  -------------------
/opt/airflow/dags/predictive_pipeline_dag.py                           0           1  1.25s           2025-11-17T20:59:00
================================================================================
[2025-11-17T20:59:49.278+0000] {manager.py:878} INFO - 
================================================================================
DAG File Processing Stats

File Path                                     PID    Runtime      # DAGs    # Errors  Last Runtime    Last Run
--------------------------------------------  -----  ---------  --------  ----------  --------------  -------------------
/opt/airflow/dags/predictive_pipeline_dag.py                           0           1  1.13s           2025-11-17T20:59:32
================================================================================
[2025-11-17T21:00:18.192+0000] {manager.py:878} INFO - 
================================================================================
DAG File Processing Stats

File Path                                     PID    Runtime      # DAGs    # Errors  Last Runtime    Last Run
--------------------------------------------  -----  ---------  --------  ----------  --------------  -------------------
/opt/airflow/dags/predictive_pipeline_dag.py                           0           1  1.23s           2025-11-17T21:00:04
================================================================================
[2025-11-17T21:00:47.265+0000] {manager.py:878} INFO - 
================================================================================
DAG File Processing Stats

File Path                                     PID    Runtime      # DAGs    # Errors  Last Runtime    Last Run
--------------------------------------------  -----  ---------  --------  ----------  --------------  -------------------
/opt/airflow/dags/predictive_pipeline_dag.py                           0           1  1.26s           2025-11-17T21:00:35
================================================================================
[2025-11-17T21:01:16.253+0000] {manager.py:878} INFO - 
================================================================================
DAG File Processing Stats

File Path                                     PID    Runtime      # DAGs    # Errors  Last Runtime    Last Run
--------------------------------------------  -----  ---------  --------  ----------  --------------  -------------------
/opt/airflow/dags/predictive_pipeline_dag.py                           0           1  1.35s           2025-11-17T21:01:07
================================================================================
[2025-11-17T21:01:44.754+0000] {manager.py:878} INFO - 
================================================================================
DAG File Processing Stats

File Path                                     PID    Runtime      # DAGs    # Errors  Last Runtime    Last Run
--------------------------------------------  -----  ---------  --------  ----------  --------------  -------------------
/opt/airflow/dags/predictive_pipeline_dag.py                           0           1  1.22s           2025-11-17T21:01:39
================================================================================
[2025-11-17T21:02:13.672+0000] {manager.py:878} INFO - 
================================================================================
DAG File Processing Stats

File Path                                     PID    Runtime      # DAGs    # Errors  Last Runtime    Last Run
--------------------------------------------  -----  ---------  --------  ----------  --------------  -------------------
/opt/airflow/dags/predictive_pipeline_dag.py                           0           1  1.33s           2025-11-17T21:02:11
================================================================================
[2025-11-17T21:02:23.321+0000] {manager.py:737} INFO - Searching for files in /opt/airflow/dags
[2025-11-17T21:02:23.350+0000] {manager.py:740} INFO - There are 1 files in /opt/airflow/dags
[2025-11-17T21:02:42.493+0000] {manager.py:878} INFO - 
================================================================================
DAG File Processing Stats

File Path                                     PID    Runtime      # DAGs    # Errors  Last Runtime    Last Run
--------------------------------------------  -----  ---------  --------  ----------  --------------  -------------------
/opt/airflow/dags/predictive_pipeline_dag.py                           0           1  1.26s           2025-11-17T21:02:42
================================================================================
[2025-11-17T21:03:10.963+0000] {manager.py:878} INFO - 
================================================================================
DAG File Processing Stats

File Path                                     PID    Runtime      # DAGs    # Errors  Last Runtime    Last Run
--------------------------------------------  -----  ---------  --------  ----------  --------------  -------------------
/opt/airflow/dags/predictive_pipeline_dag.py                           0           1  1.26s           2025-11-17T21:02:42
================================================================================
[2025-11-17T21:03:39.610+0000] {manager.py:878} INFO - 
================================================================================
DAG File Processing Stats

File Path                                     PID    Runtime      # DAGs    # Errors  Last Runtime    Last Run
--------------------------------------------  -----  ---------  --------  ----------  --------------  -------------------
/opt/airflow/dags/predictive_pipeline_dag.py                           0           1  1.14s           2025-11-17T21:03:13
================================================================================
[2025-11-17T21:04:08.379+0000] {manager.py:878} INFO - 
================================================================================
DAG File Processing Stats

File Path                                     PID    Runtime      # DAGs    # Errors  Last Runtime    Last Run
--------------------------------------------  -----  ---------  --------  ----------  --------------  -------------------
/opt/airflow/dags/predictive_pipeline_dag.py                           0           1  0.75s           2025-11-17T21:03:45
================================================================================
[2025-11-17T21:04:36.932+0000] {manager.py:878} INFO - 
================================================================================
DAG File Processing Stats

File Path                                     PID    Runtime      # DAGs    # Errors  Last Runtime    Last Run
--------------------------------------------  -----  ---------  --------  ----------  --------------  -------------------
/opt/airflow/dags/predictive_pipeline_dag.py                           0           1  1.35s           2025-11-17T21:04:16
================================================================================
[2025-11-17T21:05:06.080+0000] {manager.py:878} INFO - 
================================================================================
DAG File Processing Stats

File Path                                     PID    Runtime      # DAGs    # Errors  Last Runtime    Last Run
--------------------------------------------  -----  ---------  --------  ----------  --------------  -------------------
/opt/airflow/dags/predictive_pipeline_dag.py                           0           1  1.16s           2025-11-17T21:04:48
================================================================================
[2025-11-17T21:05:34.991+0000] {manager.py:878} INFO - 
================================================================================
DAG File Processing Stats

File Path                                     PID    Runtime      # DAGs    # Errors  Last Runtime    Last Run
--------------------------------------------  -----  ---------  --------  ----------  --------------  -------------------
/opt/airflow/dags/predictive_pipeline_dag.py                           0           1  1.23s           2025-11-17T21:05:19
================================================================================
[2025-11-17T21:06:03.716+0000] {manager.py:878} INFO - 
================================================================================
DAG File Processing Stats

File Path                                     PID    Runtime      # DAGs    # Errors  Last Runtime    Last Run
--------------------------------------------  -----  ---------  --------  ----------  --------------  -------------------
/opt/airflow/dags/predictive_pipeline_dag.py                           0           1  1.56s           2025-11-17T21:05:52
================================================================================
[2025-11-17T21:06:32.760+0000] {manager.py:878} INFO - 
================================================================================
DAG File Processing Stats

File Path                                     PID    Runtime      # DAGs    # Errors  Last Runtime    Last Run
--------------------------------------------  -----  ---------  --------  ----------  --------------  -------------------
/opt/airflow/dags/predictive_pipeline_dag.py                           0           1  1.36s           2025-11-17T21:06:23
================================================================================
[2025-11-17T21:07:01.471+0000] {manager.py:878} INFO - 
================================================================================
DAG File Processing Stats

File Path                                     PID    Runtime      # DAGs    # Errors  Last Runtime    Last Run
--------------------------------------------  -----  ---------  --------  ----------  --------------  -------------------
/opt/airflow/dags/predictive_pipeline_dag.py                           0           1  1.36s           2025-11-17T21:06:56
================================================================================
[2025-11-17T21:07:23.726+0000] {manager.py:737} INFO - Searching for files in /opt/airflow/dags
[2025-11-17T21:07:23.752+0000] {manager.py:740} INFO - There are 1 files in /opt/airflow/dags
[2025-11-17T21:07:30.495+0000] {manager.py:878} INFO - 
================================================================================
DAG File Processing Stats

File Path                                     PID    Runtime      # DAGs    # Errors  Last Runtime    Last Run
--------------------------------------------  -----  ---------  --------  ----------  --------------  -------------------
/opt/airflow/dags/predictive_pipeline_dag.py                           0           1  1.54s           2025-11-17T21:07:27
================================================================================
[2025-11-17T21:07:59.201+0000] {manager.py:878} INFO - 
================================================================================
DAG File Processing Stats

File Path                                     PID    Runtime      # DAGs    # Errors  Last Runtime    Last Run
--------------------------------------------  -----  ---------  --------  ----------  --------------  -------------------
/opt/airflow/dags/predictive_pipeline_dag.py                           0           1  1.26s           2025-11-17T21:07:59
================================================================================
[2025-11-17T21:08:27.781+0000] {manager.py:878} INFO - 
================================================================================
DAG File Processing Stats

File Path                                     PID    Runtime      # DAGs    # Errors  Last Runtime    Last Run
--------------------------------------------  -----  ---------  --------  ----------  --------------  -------------------
/opt/airflow/dags/predictive_pipeline_dag.py                           0           1  1.26s           2025-11-17T21:07:59
================================================================================
[2025-11-17T21:08:56.461+0000] {manager.py:878} INFO - 
================================================================================
DAG File Processing Stats

File Path                                     PID    Runtime      # DAGs    # Errors  Last Runtime    Last Run
--------------------------------------------  -----  ---------  --------  ----------  --------------  -------------------
/opt/airflow/dags/predictive_pipeline_dag.py                           0           1  -0.34s          2025-11-17T21:08:29
================================================================================
[2025-11-17T21:09:25.260+0000] {manager.py:878} INFO - 
================================================================================
DAG File Processing Stats

File Path                                     PID    Runtime      # DAGs    # Errors  Last Runtime    Last Run
--------------------------------------------  -----  ---------  --------  ----------  --------------  -------------------
/opt/airflow/dags/predictive_pipeline_dag.py                           0           1  1.35s           2025-11-17T21:09:01
================================================================================
[2025-11-17T21:09:53.762+0000] {manager.py:878} INFO - 
================================================================================
DAG File Processing Stats

File Path                                     PID    Runtime      # DAGs    # Errors  Last Runtime    Last Run
--------------------------------------------  -----  ---------  --------  ----------  --------------  -------------------
/opt/airflow/dags/predictive_pipeline_dag.py                           0           1  1.23s           2025-11-17T21:09:33
================================================================================
[2025-11-17T21:10:22.827+0000] {manager.py:878} INFO - 
================================================================================
DAG File Processing Stats

File Path                                     PID    Runtime      # DAGs    # Errors  Last Runtime    Last Run
--------------------------------------------  -----  ---------  --------  ----------  --------------  -------------------
/opt/airflow/dags/predictive_pipeline_dag.py                           0           1  1.33s           2025-11-17T21:10:05
================================================================================
[2025-11-17T21:10:51.179+0000] {manager.py:878} INFO - 
================================================================================
DAG File Processing Stats

File Path                                     PID    Runtime      # DAGs    # Errors  Last Runtime    Last Run
--------------------------------------------  -----  ---------  --------  ----------  --------------  -------------------
/opt/airflow/dags/predictive_pipeline_dag.py                           0           1  1.54s           2025-11-17T21:10:37
================================================================================
[2025-11-17T21:11:36.695+0000] {manager.py:470} INFO - Processing files using up to 1 processes at a time 
[2025-11-17T21:11:36.697+0000] {manager.py:471} INFO - Process each file at most once every 30 seconds
[2025-11-17T21:11:36.699+0000] {manager.py:472} INFO - Checking for new files in /opt/airflow/dags every 300 seconds
[2025-11-17T21:11:36.700+0000] {manager.py:737} INFO - Searching for files in /opt/airflow/dags
[2025-11-17T21:11:36.756+0000] {manager.py:740} INFO - There are 1 files in /opt/airflow/dags
[2025-11-17T21:11:38.323+0000] {manager.py:878} INFO - 
================================================================================
DAG File Processing Stats

File Path                                     PID    Runtime      # DAGs    # Errors  Last Runtime    Last Run
--------------------------------------------  -----  ---------  --------  ----------  --------------  -------------------
/opt/airflow/dags/predictive_pipeline_dag.py                           0           1  1.44s           2025-11-17T21:11:38
================================================================================
[2025-11-17T21:12:07.624+0000] {manager.py:878} INFO - 
================================================================================
DAG File Processing Stats

File Path                                     PID    Runtime      # DAGs    # Errors  Last Runtime    Last Run
--------------------------------------------  -----  ---------  --------  ----------  --------------  -------------------
/opt/airflow/dags/predictive_pipeline_dag.py                           0           1  1.44s           2025-11-17T21:11:38
================================================================================
[2025-11-17T21:12:36.640+0000] {manager.py:878} INFO - 
================================================================================
DAG File Processing Stats

File Path                                     PID    Runtime      # DAGs    # Errors  Last Runtime    Last Run
--------------------------------------------  -----  ---------  --------  ----------  --------------  -------------------
/opt/airflow/dags/predictive_pipeline_dag.py                           0           1  1.43s           2025-11-17T21:12:10
================================================================================
[2025-11-17T21:13:05.575+0000] {manager.py:878} INFO - 
================================================================================
DAG File Processing Stats

File Path                                     PID    Runtime      # DAGs    # Errors  Last Runtime    Last Run
--------------------------------------------  -----  ---------  --------  ----------  --------------  -------------------
/opt/airflow/dags/predictive_pipeline_dag.py                           0           1  1.23s           2025-11-17T21:12:41
================================================================================
[2025-11-17T21:13:47.885+0000] {manager.py:470} INFO - Processing files using up to 1 processes at a time 
[2025-11-17T21:13:47.887+0000] {manager.py:471} INFO - Process each file at most once every 30 seconds
[2025-11-17T21:13:47.890+0000] {manager.py:472} INFO - Checking for new files in /opt/airflow/dags every 300 seconds
[2025-11-17T21:13:47.893+0000] {manager.py:737} INFO - Searching for files in /opt/airflow/dags
[2025-11-17T21:13:47.956+0000] {manager.py:740} INFO - There are 1 files in /opt/airflow/dags
[2025-11-17T21:13:51.230+0000] {manager.py:878} INFO - 
================================================================================
DAG File Processing Stats

File Path                                     PID    Runtime      # DAGs    # Errors  Last Runtime    Last Run
--------------------------------------------  -----  ---------  --------  ----------  --------------  -------------------
/opt/airflow/dags/predictive_pipeline_dag.py                           1           0  3.13s           2025-11-17T21:13:51
================================================================================
[2025-11-17T21:14:20.149+0000] {manager.py:878} INFO - 
================================================================================
DAG File Processing Stats

File Path                                     PID    Runtime      # DAGs    # Errors  Last Runtime    Last Run
--------------------------------------------  -----  ---------  --------  ----------  --------------  -------------------
/opt/airflow/dags/predictive_pipeline_dag.py                           1           0  3.13s           2025-11-17T21:13:51
================================================================================
[2025-11-17T21:14:48.898+0000] {manager.py:878} INFO - 
================================================================================
DAG File Processing Stats

File Path                                     PID    Runtime      # DAGs    # Errors  Last Runtime    Last Run
--------------------------------------------  -----  ---------  --------  ----------  --------------  -------------------
/opt/airflow/dags/predictive_pipeline_dag.py                           1           0  2.93s           2025-11-17T21:14:24
================================================================================
[2025-11-17T21:15:17.920+0000] {manager.py:878} INFO - 
================================================================================
DAG File Processing Stats

File Path                                     PID    Runtime      # DAGs    # Errors  Last Runtime    Last Run
--------------------------------------------  -----  ---------  --------  ----------  --------------  -------------------
/opt/airflow/dags/predictive_pipeline_dag.py                           1           0  4.18s           2025-11-17T21:14:59
================================================================================
[2025-11-17T21:15:46.467+0000] {manager.py:878} INFO - 
================================================================================
DAG File Processing Stats

File Path                                     PID    Runtime      # DAGs    # Errors  Last Runtime    Last Run
--------------------------------------------  -----  ---------  --------  ----------  --------------  -------------------
/opt/airflow/dags/predictive_pipeline_dag.py                           1           0  3.11s           2025-11-17T21:15:32
================================================================================
[2025-11-17T21:16:15.191+0000] {manager.py:878} INFO - 
================================================================================
DAG File Processing Stats

File Path                                     PID    Runtime      # DAGs    # Errors  Last Runtime    Last Run
--------------------------------------------  -----  ---------  --------  ----------  --------------  -------------------
/opt/airflow/dags/predictive_pipeline_dag.py                           1           0  3.44s           2025-11-17T21:16:07
================================================================================
[2025-11-17T21:16:43.638+0000] {manager.py:878} INFO - 
================================================================================
DAG File Processing Stats

File Path                                     PID    Runtime      # DAGs    # Errors  Last Runtime    Last Run
--------------------------------------------  -----  ---------  --------  ----------  --------------  -------------------
/opt/airflow/dags/predictive_pipeline_dag.py                           1           0  3.19s           2025-11-17T21:16:41
================================================================================
[2025-11-17T21:17:14.506+0000] {manager.py:878} INFO - 
================================================================================
DAG File Processing Stats

File Path                                     PID    Runtime      # DAGs    # Errors  Last Runtime    Last Run
--------------------------------------------  -----  ---------  --------  ----------  --------------  -------------------
/opt/airflow/dags/predictive_pipeline_dag.py                           1           0  2.90s           2025-11-17T21:17:14
================================================================================
[2025-11-17T21:17:43.120+0000] {manager.py:878} INFO - 
================================================================================
DAG File Processing Stats

File Path                                     PID    Runtime      # DAGs    # Errors  Last Runtime    Last Run
--------------------------------------------  -----  ---------  --------  ----------  --------------  -------------------
/opt/airflow/dags/predictive_pipeline_dag.py                           1           0  2.90s           2025-11-17T21:17:14
================================================================================
[2025-11-17T21:18:11.608+0000] {manager.py:878} INFO - 
================================================================================
DAG File Processing Stats

File Path                                     PID    Runtime      # DAGs    # Errors  Last Runtime    Last Run
--------------------------------------------  -----  ---------  --------  ----------  --------------  -------------------
/opt/airflow/dags/predictive_pipeline_dag.py                           1           0  3.15s           2025-11-17T21:17:47
================================================================================
[2025-11-17T21:18:40.071+0000] {manager.py:878} INFO - 
================================================================================
DAG File Processing Stats

File Path                                     PID    Runtime      # DAGs    # Errors  Last Runtime    Last Run
--------------------------------------------  -----  ---------  --------  ----------  --------------  -------------------
/opt/airflow/dags/predictive_pipeline_dag.py                           1           0  2.91s           2025-11-17T21:18:20
================================================================================
[2025-11-17T21:18:48.066+0000] {manager.py:737} INFO - Searching for files in /opt/airflow/dags
[2025-11-17T21:18:48.105+0000] {manager.py:740} INFO - There are 1 files in /opt/airflow/dags
[2025-11-17T21:19:08.559+0000] {manager.py:878} INFO - 
================================================================================
DAG File Processing Stats

File Path                                     PID    Runtime      # DAGs    # Errors  Last Runtime    Last Run
--------------------------------------------  -----  ---------  --------  ----------  --------------  -------------------
/opt/airflow/dags/predictive_pipeline_dag.py                           1           0  1.24s           2025-11-17T21:18:52
================================================================================
[2025-11-17T21:19:37.097+0000] {manager.py:878} INFO - 
================================================================================
DAG File Processing Stats

File Path                                     PID    Runtime      # DAGs    # Errors  Last Runtime    Last Run
--------------------------------------------  -----  ---------  --------  ----------  --------------  -------------------
/opt/airflow/dags/predictive_pipeline_dag.py                           1           0  2.97s           2025-11-17T21:19:26
================================================================================
[2025-11-17T21:20:05.563+0000] {manager.py:878} INFO - 
================================================================================
DAG File Processing Stats

File Path                                     PID    Runtime      # DAGs    # Errors  Last Runtime    Last Run
--------------------------------------------  -----  ---------  --------  ----------  --------------  -------------------
/opt/airflow/dags/predictive_pipeline_dag.py                           1           0  2.97s           2025-11-17T21:19:59
================================================================================
[2025-11-17T21:20:34.138+0000] {manager.py:878} INFO - 
================================================================================
DAG File Processing Stats

File Path                                     PID    Runtime      # DAGs    # Errors  Last Runtime    Last Run
--------------------------------------------  -----  ---------  --------  ----------  --------------  -------------------
/opt/airflow/dags/predictive_pipeline_dag.py                           1           0  3.30s           2025-11-17T21:20:32
================================================================================
[2025-11-17T21:21:02.559+0000] {manager.py:878} INFO - 
================================================================================
DAG File Processing Stats

File Path                                     PID    Runtime      # DAGs    # Errors  Last Runtime    Last Run
--------------------------------------------  -----  ---------  --------  ----------  --------------  -------------------
/opt/airflow/dags/predictive_pipeline_dag.py                           1           0  3.30s           2025-11-17T21:20:32
================================================================================
[2025-11-17T21:21:32.032+0000] {manager.py:878} INFO - 
================================================================================
DAG File Processing Stats

File Path                                     PID    Runtime      # DAGs    # Errors  Last Runtime    Last Run
--------------------------------------------  -----  ---------  --------  ----------  --------------  -------------------
/opt/airflow/dags/predictive_pipeline_dag.py                           1           0  3.10s           2025-11-17T21:21:06
================================================================================
[2025-11-17T21:22:01.235+0000] {manager.py:878} INFO - 
================================================================================
DAG File Processing Stats

File Path                                     PID    Runtime      # DAGs    # Errors  Last Runtime    Last Run
--------------------------------------------  -----  ---------  --------  ----------  --------------  -------------------
/opt/airflow/dags/predictive_pipeline_dag.py                           1           0  2.96s           2025-11-17T21:21:40
================================================================================
[2025-11-17T21:22:30.389+0000] {manager.py:878} INFO - 
================================================================================
DAG File Processing Stats

File Path                                     PID    Runtime      # DAGs    # Errors  Last Runtime    Last Run
--------------------------------------------  -----  ---------  --------  ----------  --------------  -------------------
/opt/airflow/dags/predictive_pipeline_dag.py                           1           0  1.17s           2025-11-17T21:22:11
================================================================================
[2025-11-17T21:22:59.227+0000] {manager.py:878} INFO - 
================================================================================
DAG File Processing Stats

File Path                                     PID    Runtime      # DAGs    # Errors  Last Runtime    Last Run
--------------------------------------------  -----  ---------  --------  ----------  --------------  -------------------
/opt/airflow/dags/predictive_pipeline_dag.py                           1           0  2.98s           2025-11-17T21:22:44
================================================================================
[2025-11-17T21:23:27.819+0000] {manager.py:878} INFO - 
================================================================================
DAG File Processing Stats

File Path                                     PID    Runtime      # DAGs    # Errors  Last Runtime    Last Run
--------------------------------------------  -----  ---------  --------  ----------  --------------  -------------------
/opt/airflow/dags/predictive_pipeline_dag.py                           1           0  2.90s           2025-11-17T21:23:18
================================================================================
[2025-11-17T21:23:48.130+0000] {manager.py:737} INFO - Searching for files in /opt/airflow/dags
[2025-11-17T21:23:48.155+0000] {manager.py:740} INFO - There are 1 files in /opt/airflow/dags
[2025-11-17T21:23:56.664+0000] {manager.py:878} INFO - 
================================================================================
DAG File Processing Stats

File Path                                     PID    Runtime      # DAGs    # Errors  Last Runtime    Last Run
--------------------------------------------  -----  ---------  --------  ----------  --------------  -------------------
/opt/airflow/dags/predictive_pipeline_dag.py                           1           0  2.82s           2025-11-17T21:23:52
================================================================================
[2025-11-17T21:24:25.122+0000] {manager.py:878} INFO - 
================================================================================
DAG File Processing Stats

File Path                                     PID    Runtime      # DAGs    # Errors  Last Runtime    Last Run
--------------------------------------------  -----  ---------  --------  ----------  --------------  -------------------
/opt/airflow/dags/predictive_pipeline_dag.py                           1           0  2.78s           2025-11-17T21:24:25
================================================================================
[2025-11-17T21:24:53.762+0000] {manager.py:878} INFO - 
================================================================================
DAG File Processing Stats

File Path                                     PID    Runtime      # DAGs    # Errors  Last Runtime    Last Run
--------------------------------------------  -----  ---------  --------  ----------  --------------  -------------------
/opt/airflow/dags/predictive_pipeline_dag.py                           1           0  2.78s           2025-11-17T21:24:25
================================================================================
[2025-11-17T21:25:22.154+0000] {manager.py:878} INFO - 
================================================================================
DAG File Processing Stats

File Path                                     PID    Runtime      # DAGs    # Errors  Last Runtime    Last Run
--------------------------------------------  -----  ---------  --------  ----------  --------------  -------------------
/opt/airflow/dags/predictive_pipeline_dag.py                           1           0  2.78s           2025-11-17T21:24:58
================================================================================
[2025-11-17T21:25:51.328+0000] {manager.py:878} INFO - 
================================================================================
DAG File Processing Stats

File Path                                     PID    Runtime      # DAGs    # Errors  Last Runtime    Last Run
--------------------------------------------  -----  ---------  --------  ----------  --------------  -------------------
/opt/airflow/dags/predictive_pipeline_dag.py                           1           0  1.12s           2025-11-17T21:25:30
================================================================================
[2025-11-17T21:26:26.174+0000] {manager.py:878} INFO - 
================================================================================
DAG File Processing Stats

File Path                                     PID    Runtime      # DAGs    # Errors  Last Runtime    Last Run
--------------------------------------------  -----  ---------  --------  ----------  --------------  -------------------
/opt/airflow/dags/predictive_pipeline_dag.py                           1           0  3.08s           2025-11-17T21:26:03
================================================================================
[2025-11-17T21:26:54.577+0000] {manager.py:878} INFO - 
================================================================================
DAG File Processing Stats

File Path                                     PID    Runtime      # DAGs    # Errors  Last Runtime    Last Run
--------------------------------------------  -----  ---------  --------  ----------  --------------  -------------------
/opt/airflow/dags/predictive_pipeline_dag.py                           1           0  3.23s           2025-11-17T21:26:37
================================================================================
[2025-11-17T21:27:23.693+0000] {manager.py:878} INFO - 
================================================================================
DAG File Processing Stats

File Path                                     PID    Runtime      # DAGs    # Errors  Last Runtime    Last Run
--------------------------------------------  -----  ---------  --------  ----------  --------------  -------------------
/opt/airflow/dags/predictive_pipeline_dag.py                           1           0  3.05s           2025-11-17T21:27:11
================================================================================
[2025-11-17T21:27:52.729+0000] {manager.py:878} INFO - 
================================================================================
DAG File Processing Stats

File Path                                     PID    Runtime      # DAGs    # Errors  Last Runtime    Last Run
--------------------------------------------  -----  ---------  --------  ----------  --------------  -------------------
/opt/airflow/dags/predictive_pipeline_dag.py                           1           0  3.71s           2025-11-17T21:27:45
================================================================================
[2025-11-17T21:28:21.260+0000] {manager.py:878} INFO - 
================================================================================
DAG File Processing Stats

File Path                                     PID    Runtime      # DAGs    # Errors  Last Runtime    Last Run
--------------------------------------------  -----  ---------  --------  ----------  --------------  -------------------
/opt/airflow/dags/predictive_pipeline_dag.py                           1           0  1.66s           2025-11-17T21:28:17
================================================================================
[2025-11-17T21:28:48.315+0000] {manager.py:737} INFO - Searching for files in /opt/airflow/dags
[2025-11-17T21:28:48.340+0000] {manager.py:740} INFO - There are 1 files in /opt/airflow/dags
[2025-11-17T21:28:51.513+0000] {manager.py:878} INFO - 
================================================================================
DAG File Processing Stats

File Path                                     PID    Runtime      # DAGs    # Errors  Last Runtime    Last Run
--------------------------------------------  -----  ---------  --------  ----------  --------------  -------------------
/opt/airflow/dags/predictive_pipeline_dag.py                           1           0  3.12s           2025-11-17T21:28:51
================================================================================
[2025-11-17T21:29:19.951+0000] {manager.py:878} INFO - 
================================================================================
DAG File Processing Stats

File Path                                     PID    Runtime      # DAGs    # Errors  Last Runtime    Last Run
--------------------------------------------  -----  ---------  --------  ----------  --------------  -------------------
/opt/airflow/dags/predictive_pipeline_dag.py                           1           0  3.12s           2025-11-17T21:28:51
================================================================================
[2025-11-17T21:29:48.480+0000] {manager.py:878} INFO - 
================================================================================
DAG File Processing Stats

File Path                                     PID    Runtime      # DAGs    # Errors  Last Runtime    Last Run
--------------------------------------------  -----  ---------  --------  ----------  --------------  -------------------
/opt/airflow/dags/predictive_pipeline_dag.py                           1           0  4.09s           2025-11-17T21:29:26
================================================================================
[2025-11-17T21:30:16.954+0000] {manager.py:878} INFO - 
================================================================================
DAG File Processing Stats

File Path                                     PID    Runtime      # DAGs    # Errors  Last Runtime    Last Run
--------------------------------------------  -----  ---------  --------  ----------  --------------  -------------------
/opt/airflow/dags/predictive_pipeline_dag.py                           1           0  3.10s           2025-11-17T21:29:59
================================================================================
[2025-11-17T21:30:45.527+0000] {manager.py:878} INFO - 
================================================================================
DAG File Processing Stats

File Path                                     PID    Runtime      # DAGs    # Errors  Last Runtime    Last Run
--------------------------------------------  -----  ---------  --------  ----------  --------------  -------------------
/opt/airflow/dags/predictive_pipeline_dag.py                           1           0  3.34s           2025-11-17T21:30:34
================================================================================
[2025-11-17T21:31:14.399+0000] {manager.py:878} INFO - 
================================================================================
DAG File Processing Stats

File Path                                     PID    Runtime      # DAGs    # Errors  Last Runtime    Last Run
--------------------------------------------  -----  ---------  --------  ----------  --------------  -------------------
/opt/airflow/dags/predictive_pipeline_dag.py                           1           0  2.91s           2025-11-17T21:31:07
================================================================================
[2025-11-17T21:31:43.023+0000] {manager.py:878} INFO - 
================================================================================
DAG File Processing Stats

File Path                                     PID    Runtime      # DAGs    # Errors  Last Runtime    Last Run
--------------------------------------------  -----  ---------  --------  ----------  --------------  -------------------
/opt/airflow/dags/predictive_pipeline_dag.py                           1           0  2.91s           2025-11-17T21:31:40
================================================================================
[2025-11-17T23:17:19.198+0000] {manager.py:737} INFO - Searching for files in /opt/airflow/dags
[2025-11-17T23:17:19.278+0000] {manager.py:740} INFO - There are 1 files in /opt/airflow/dags
[2025-11-17T23:17:29.585+0000] {manager.py:878} INFO - 
================================================================================
DAG File Processing Stats

File Path                                     PID    Runtime      # DAGs    # Errors  Last Runtime    Last Run
--------------------------------------------  -----  ---------  --------  ----------  --------------  -------------------
/opt/airflow/dags/predictive_pipeline_dag.py                           1           0  10.36s          2025-11-17T23:17:29
================================================================================
[2025-11-17T23:17:58.245+0000] {manager.py:878} INFO - 
================================================================================
DAG File Processing Stats

File Path                                     PID    Runtime      # DAGs    # Errors  Last Runtime    Last Run
--------------------------------------------  -----  ---------  --------  ----------  --------------  -------------------
/opt/airflow/dags/predictive_pipeline_dag.py                           1           0  10.36s          2025-11-17T23:17:29
================================================================================
[2025-11-17T23:18:27.652+0000] {manager.py:878} INFO - 
================================================================================
DAG File Processing Stats

File Path                                     PID    Runtime      # DAGs    # Errors  Last Runtime    Last Run
--------------------------------------------  -----  ---------  --------  ----------  --------------  -------------------
/opt/airflow/dags/predictive_pipeline_dag.py                           1           0  6.29s           2025-11-17T23:18:06
================================================================================
[2025-11-17T23:18:56.982+0000] {manager.py:878} INFO - 
================================================================================
DAG File Processing Stats

File Path                                     PID    Runtime      # DAGs    # Errors  Last Runtime    Last Run
--------------------------------------------  -----  ---------  --------  ----------  --------------  -------------------
/opt/airflow/dags/predictive_pipeline_dag.py                           1           0  4.67s           2025-11-17T23:18:41
================================================================================
[2025-11-17T23:19:26.755+0000] {manager.py:878} INFO - 
================================================================================
DAG File Processing Stats

File Path                                     PID    Runtime      # DAGs    # Errors  Last Runtime    Last Run
--------------------------------------------  -----  ---------  --------  ----------  --------------  -------------------
/opt/airflow/dags/predictive_pipeline_dag.py                           1           0  2.79s           2025-11-17T23:19:14
================================================================================
[2025-11-17T23:19:56.103+0000] {manager.py:878} INFO - 
================================================================================
DAG File Processing Stats

File Path                                     PID    Runtime      # DAGs    # Errors  Last Runtime    Last Run
--------------------------------------------  -----  ---------  --------  ----------  --------------  -------------------
/opt/airflow/dags/predictive_pipeline_dag.py                           1           0  4.43s           2025-11-17T23:19:49
================================================================================
[2025-11-17T23:20:25.036+0000] {manager.py:878} INFO - 
================================================================================
DAG File Processing Stats

File Path                                     PID    Runtime      # DAGs    # Errors  Last Runtime    Last Run
--------------------------------------------  -----  ---------  --------  ----------  --------------  -------------------
/opt/airflow/dags/predictive_pipeline_dag.py                           1           0  4.02s           2025-11-17T23:20:23
================================================================================
[2025-11-17T23:20:53.787+0000] {manager.py:878} INFO - 
================================================================================
DAG File Processing Stats

File Path                                     PID    Runtime      # DAGs    # Errors  Last Runtime    Last Run
--------------------------------------------  -----  ---------  --------  ----------  --------------  -------------------
/opt/airflow/dags/predictive_pipeline_dag.py                           1           0  4.02s           2025-11-17T23:20:23
================================================================================
[2025-11-17T23:21:22.659+0000] {manager.py:878} INFO - 
================================================================================
DAG File Processing Stats

File Path                                     PID    Runtime      # DAGs    # Errors  Last Runtime    Last Run
--------------------------------------------  -----  ---------  --------  ----------  --------------  -------------------
/opt/airflow/dags/predictive_pipeline_dag.py                           1           0  3.79s           2025-11-17T23:20:58
================================================================================
[2025-11-17T23:21:52.075+0000] {manager.py:878} INFO - 
================================================================================
DAG File Processing Stats

File Path                                     PID    Runtime      # DAGs    # Errors  Last Runtime    Last Run
--------------------------------------------  -----  ---------  --------  ----------  --------------  -------------------
/opt/airflow/dags/predictive_pipeline_dag.py                           1           0  4.14s           2025-11-17T23:21:33
================================================================================
[2025-11-17T23:22:19.963+0000] {manager.py:737} INFO - Searching for files in /opt/airflow/dags
[2025-11-17T23:22:20.051+0000] {manager.py:740} INFO - There are 1 files in /opt/airflow/dags
[2025-11-17T23:22:21.428+0000] {manager.py:878} INFO - 
================================================================================
DAG File Processing Stats

File Path                                     PID    Runtime      # DAGs    # Errors  Last Runtime    Last Run
--------------------------------------------  -----  ---------  --------  ----------  --------------  -------------------
/opt/airflow/dags/predictive_pipeline_dag.py                           1           0  2.84s           2025-11-17T23:22:06
================================================================================
[2025-11-17T23:22:50.188+0000] {manager.py:878} INFO - 
================================================================================
DAG File Processing Stats

File Path                                     PID    Runtime      # DAGs    # Errors  Last Runtime    Last Run
--------------------------------------------  -----  ---------  --------  ----------  --------------  -------------------
/opt/airflow/dags/predictive_pipeline_dag.py                           1           0  4.37s           2025-11-17T23:22:41
================================================================================
[2025-11-17T23:23:19.134+0000] {manager.py:878} INFO - 
================================================================================
DAG File Processing Stats

File Path                                     PID    Runtime      # DAGs    # Errors  Last Runtime    Last Run
--------------------------------------------  -----  ---------  --------  ----------  --------------  -------------------
/opt/airflow/dags/predictive_pipeline_dag.py                           1           0  5.27s           2025-11-17T23:23:16
================================================================================
[2025-11-17T23:23:52.143+0000] {manager.py:878} INFO - 
================================================================================
DAG File Processing Stats

File Path                                     PID    Runtime      # DAGs    # Errors  Last Runtime    Last Run
--------------------------------------------  -----  ---------  --------  ----------  --------------  -------------------
/opt/airflow/dags/predictive_pipeline_dag.py                           1           0  5.20s           2025-11-17T23:23:52
================================================================================
[2025-11-17T23:24:21.652+0000] {manager.py:878} INFO - 
================================================================================
DAG File Processing Stats

File Path                                     PID    Runtime      # DAGs    # Errors  Last Runtime    Last Run
--------------------------------------------  -----  ---------  --------  ----------  --------------  -------------------
/opt/airflow/dags/predictive_pipeline_dag.py                           1           0  5.20s           2025-11-17T23:23:52
================================================================================
[2025-11-17T23:24:50.837+0000] {manager.py:878} INFO - 
================================================================================
DAG File Processing Stats

File Path                                     PID    Runtime      # DAGs    # Errors  Last Runtime    Last Run
--------------------------------------------  -----  ---------  --------  ----------  --------------  -------------------
/opt/airflow/dags/predictive_pipeline_dag.py                           1           0  3.86s           2025-11-17T23:24:27
================================================================================
[2025-11-17T23:25:20.319+0000] {manager.py:878} INFO - 
================================================================================
DAG File Processing Stats

File Path                                     PID    Runtime      # DAGs    # Errors  Last Runtime    Last Run
--------------------------------------------  -----  ---------  --------  ----------  --------------  -------------------
/opt/airflow/dags/predictive_pipeline_dag.py                           1           0  2.27s           2025-11-17T23:24:59
================================================================================
[2025-11-17T23:25:49.180+0000] {manager.py:878} INFO - 
================================================================================
DAG File Processing Stats

File Path                                     PID    Runtime      # DAGs    # Errors  Last Runtime    Last Run
--------------------------------------------  -----  ---------  --------  ----------  --------------  -------------------
/opt/airflow/dags/predictive_pipeline_dag.py                           1           0  4.37s           2025-11-17T23:25:35
================================================================================
[2025-11-17T23:26:18.849+0000] {manager.py:878} INFO - 
================================================================================
DAG File Processing Stats

File Path                                     PID    Runtime      # DAGs    # Errors  Last Runtime    Last Run
--------------------------------------------  -----  ---------  --------  ----------  --------------  -------------------
/opt/airflow/dags/predictive_pipeline_dag.py                           1           0  4.15s           2025-11-17T23:26:09
================================================================================
[2025-11-17T23:26:48.347+0000] {manager.py:878} INFO - 
================================================================================
DAG File Processing Stats

File Path                                     PID    Runtime      # DAGs    # Errors  Last Runtime    Last Run
--------------------------------------------  -----  ---------  --------  ----------  --------------  -------------------
/opt/airflow/dags/predictive_pipeline_dag.py                           1           0  4.64s           2025-11-17T23:26:44
================================================================================
[2025-11-17T23:27:20.064+0000] {manager.py:878} INFO - 
================================================================================
DAG File Processing Stats

File Path                                     PID    Runtime      # DAGs    # Errors  Last Runtime    Last Run
--------------------------------------------  -----  ---------  --------  ----------  --------------  -------------------
/opt/airflow/dags/predictive_pipeline_dag.py                           1           0  4.34s           2025-11-17T23:27:20
================================================================================
[2025-11-17T23:27:21.373+0000] {manager.py:737} INFO - Searching for files in /opt/airflow/dags
[2025-11-17T23:27:21.519+0000] {manager.py:740} INFO - There are 1 files in /opt/airflow/dags
[2025-11-17T23:27:49.564+0000] {manager.py:878} INFO - 
================================================================================
DAG File Processing Stats

File Path                                     PID    Runtime      # DAGs    # Errors  Last Runtime    Last Run
--------------------------------------------  -----  ---------  --------  ----------  --------------  -------------------
/opt/airflow/dags/predictive_pipeline_dag.py                           1           0  4.34s           2025-11-17T23:27:20
================================================================================
[2025-11-17T23:28:18.193+0000] {manager.py:878} INFO - 
================================================================================
DAG File Processing Stats

File Path                                     PID    Runtime      # DAGs    # Errors  Last Runtime    Last Run
--------------------------------------------  -----  ---------  --------  ----------  --------------  -------------------
/opt/airflow/dags/predictive_pipeline_dag.py                           1           0  3.69s           2025-11-17T23:27:54
================================================================================
[2025-11-17T23:28:46.848+0000] {manager.py:878} INFO - 
================================================================================
DAG File Processing Stats

File Path                                     PID    Runtime      # DAGs    # Errors  Last Runtime    Last Run
--------------------------------------------  -----  ---------  --------  ----------  --------------  -------------------
/opt/airflow/dags/predictive_pipeline_dag.py                           1           0  4.22s           2025-11-17T23:28:29
================================================================================
[2025-11-17T23:29:15.848+0000] {manager.py:878} INFO - 
================================================================================
DAG File Processing Stats

File Path                                     PID    Runtime      # DAGs    # Errors  Last Runtime    Last Run
--------------------------------------------  -----  ---------  --------  ----------  --------------  -------------------
/opt/airflow/dags/predictive_pipeline_dag.py                           1           0  4.17s           2025-11-17T23:29:04
================================================================================
[2025-11-17T23:29:43.961+0000] {manager.py:878} INFO - 
================================================================================
DAG File Processing Stats

File Path                                     PID    Runtime      # DAGs    # Errors  Last Runtime    Last Run
--------------------------------------------  -----  ---------  --------  ----------  --------------  -------------------
/opt/airflow/dags/predictive_pipeline_dag.py                           1           0  3.96s           2025-11-17T23:29:38
================================================================================
[2025-11-17T23:30:13.404+0000] {manager.py:878} INFO - 
================================================================================
DAG File Processing Stats

File Path                                     PID    Runtime      # DAGs    # Errors  Last Runtime    Last Run
--------------------------------------------  -----  ---------  --------  ----------  --------------  -------------------
/opt/airflow/dags/predictive_pipeline_dag.py                           1           0  3.80s           2025-11-17T23:30:12
================================================================================
[2025-11-17T23:30:46.468+0000] {manager.py:878} INFO - 
================================================================================
DAG File Processing Stats

File Path                                     PID    Runtime      # DAGs    # Errors  Last Runtime    Last Run
--------------------------------------------  -----  ---------  --------  ----------  --------------  -------------------
/opt/airflow/dags/predictive_pipeline_dag.py                           1           0  3.61s           2025-11-17T23:30:46
================================================================================
[2025-11-17T23:31:16.040+0000] {manager.py:878} INFO - 
================================================================================
DAG File Processing Stats

File Path                                     PID    Runtime      # DAGs    # Errors  Last Runtime    Last Run
--------------------------------------------  -----  ---------  --------  ----------  --------------  -------------------
/opt/airflow/dags/predictive_pipeline_dag.py                           1           0  3.61s           2025-11-17T23:30:46
================================================================================
[2025-11-17T23:31:44.960+0000] {manager.py:878} INFO - 
================================================================================
DAG File Processing Stats

File Path                                     PID    Runtime      # DAGs    # Errors  Last Runtime    Last Run
--------------------------------------------  -----  ---------  --------  ----------  --------------  -------------------
/opt/airflow/dags/predictive_pipeline_dag.py                           1           0  6.44s           2025-11-17T23:31:24
================================================================================
[2025-11-17T23:32:14.963+0000] {manager.py:878} INFO - 
================================================================================
DAG File Processing Stats

File Path                                     PID    Runtime      # DAGs    # Errors  Last Runtime    Last Run
--------------------------------------------  -----  ---------  --------  ----------  --------------  -------------------
/opt/airflow/dags/predictive_pipeline_dag.py                           1           0  5.16s           2025-11-17T23:31:59
================================================================================
[2025-11-17T23:32:22.479+0000] {manager.py:737} INFO - Searching for files in /opt/airflow/dags
[2025-11-17T23:32:22.587+0000] {manager.py:740} INFO - There are 1 files in /opt/airflow/dags
[2025-11-17T23:32:43.910+0000] {manager.py:878} INFO - 
================================================================================
DAG File Processing Stats

File Path                                     PID    Runtime      # DAGs    # Errors  Last Runtime    Last Run
--------------------------------------------  -----  ---------  --------  ----------  --------------  -------------------
/opt/airflow/dags/predictive_pipeline_dag.py                           1           0  5.06s           2025-11-17T23:32:35
================================================================================
[2025-11-17T23:33:13.221+0000] {manager.py:878} INFO - 
================================================================================
DAG File Processing Stats

File Path                                     PID    Runtime      # DAGs    # Errors  Last Runtime    Last Run
--------------------------------------------  -----  ---------  --------  ----------  --------------  -------------------
/opt/airflow/dags/predictive_pipeline_dag.py                           1           0  3.71s           2025-11-17T23:33:09
================================================================================
[2025-11-17T23:33:44.011+0000] {manager.py:878} INFO - 
================================================================================
DAG File Processing Stats

File Path                                     PID    Runtime      # DAGs    # Errors  Last Runtime    Last Run
--------------------------------------------  -----  ---------  --------  ----------  --------------  -------------------
/opt/airflow/dags/predictive_pipeline_dag.py                           1           0  4.14s           2025-11-17T23:33:44
================================================================================
[2025-11-17T23:34:12.732+0000] {manager.py:878} INFO - 
================================================================================
DAG File Processing Stats

File Path                                     PID    Runtime      # DAGs    # Errors  Last Runtime    Last Run
--------------------------------------------  -----  ---------  --------  ----------  --------------  -------------------
/opt/airflow/dags/predictive_pipeline_dag.py                           1           0  4.14s           2025-11-17T23:33:44
================================================================================
[2025-11-17T23:34:41.864+0000] {manager.py:878} INFO - 
================================================================================
DAG File Processing Stats

File Path                                     PID    Runtime      # DAGs    # Errors  Last Runtime    Last Run
--------------------------------------------  -----  ---------  --------  ----------  --------------  -------------------
/opt/airflow/dags/predictive_pipeline_dag.py                           1           0  3.85s           2025-11-17T23:34:18
================================================================================
[2025-11-17T23:35:11.195+0000] {manager.py:878} INFO - 
================================================================================
DAG File Processing Stats

File Path                                     PID    Runtime      # DAGs    # Errors  Last Runtime    Last Run
--------------------------------------------  -----  ---------  --------  ----------  --------------  -------------------
/opt/airflow/dags/predictive_pipeline_dag.py                           1           0  4.01s           2025-11-17T23:34:52
================================================================================
[2025-11-17T23:35:40.342+0000] {manager.py:878} INFO - 
================================================================================
DAG File Processing Stats

File Path                                     PID    Runtime      # DAGs    # Errors  Last Runtime    Last Run
--------------------------------------------  -----  ---------  --------  ----------  --------------  -------------------
/opt/airflow/dags/predictive_pipeline_dag.py                           1           0  3.39s           2025-11-17T23:35:26
================================================================================
[2025-11-17T23:36:09.727+0000] {manager.py:878} INFO - 
================================================================================
DAG File Processing Stats

File Path                                     PID    Runtime      # DAGs    # Errors  Last Runtime    Last Run
--------------------------------------------  -----  ---------  --------  ----------  --------------  -------------------
/opt/airflow/dags/predictive_pipeline_dag.py                           1           0  1.92s           2025-11-17T23:35:58
================================================================================
[2025-11-17T23:36:38.979+0000] {manager.py:878} INFO - 
================================================================================
DAG File Processing Stats

File Path                                     PID    Runtime      # DAGs    # Errors  Last Runtime    Last Run
--------------------------------------------  -----  ---------  --------  ----------  --------------  -------------------
/opt/airflow/dags/predictive_pipeline_dag.py                           1           0  3.33s           2025-11-17T23:36:32
================================================================================
[2025-11-17T23:37:08.416+0000] {manager.py:878} INFO - 
================================================================================
DAG File Processing Stats

File Path                                     PID    Runtime      # DAGs    # Errors  Last Runtime    Last Run
--------------------------------------------  -----  ---------  --------  ----------  --------------  -------------------
/opt/airflow/dags/predictive_pipeline_dag.py                           1           0  3.50s           2025-11-17T23:37:06
================================================================================
[2025-11-17T23:37:23.379+0000] {manager.py:737} INFO - Searching for files in /opt/airflow/dags
[2025-11-17T23:37:23.461+0000] {manager.py:740} INFO - There are 1 files in /opt/airflow/dags
[2025-11-17T23:37:39.778+0000] {manager.py:878} INFO - 
================================================================================
DAG File Processing Stats

File Path                                     PID    Runtime      # DAGs    # Errors  Last Runtime    Last Run
--------------------------------------------  -----  ---------  --------  ----------  --------------  -------------------
/opt/airflow/dags/predictive_pipeline_dag.py                           1           0  3.22s           2025-11-17T23:37:39
================================================================================
[2025-11-17T23:53:14.731+0000] {manager.py:737} INFO - Searching for files in /opt/airflow/dags
[2025-11-17T23:53:14.849+0000] {manager.py:740} INFO - There are 1 files in /opt/airflow/dags
[2025-11-17T23:53:24.867+0000] {manager.py:878} INFO - 
================================================================================
DAG File Processing Stats

File Path                                     PID    Runtime      # DAGs    # Errors  Last Runtime    Last Run
--------------------------------------------  -----  ---------  --------  ----------  --------------  -------------------
/opt/airflow/dags/predictive_pipeline_dag.py                           1           0  9.56s           2025-11-17T23:53:24
================================================================================
[2025-11-17T23:53:53.453+0000] {manager.py:878} INFO - 
================================================================================
DAG File Processing Stats

File Path                                     PID    Runtime      # DAGs    # Errors  Last Runtime    Last Run
--------------------------------------------  -----  ---------  --------  ----------  --------------  -------------------
/opt/airflow/dags/predictive_pipeline_dag.py                           1           0  9.56s           2025-11-17T23:53:24
================================================================================
[2025-11-17T23:54:22.711+0000] {manager.py:878} INFO - 
================================================================================
DAG File Processing Stats

File Path                                     PID    Runtime      # DAGs    # Errors  Last Runtime    Last Run
--------------------------------------------  -----  ---------  --------  ----------  --------------  -------------------
/opt/airflow/dags/predictive_pipeline_dag.py                           1           0  3.02s           2025-11-17T23:53:58
================================================================================
[2025-11-17T23:54:51.588+0000] {manager.py:878} INFO - 
================================================================================
DAG File Processing Stats

File Path                                     PID    Runtime      # DAGs    # Errors  Last Runtime    Last Run
--------------------------------------------  -----  ---------  --------  ----------  --------------  -------------------
/opt/airflow/dags/predictive_pipeline_dag.py                           1           0  1.55s           2025-11-17T23:54:30
================================================================================
[2025-11-17T23:57:50.918+0000] {manager.py:878} INFO - 
================================================================================
DAG File Processing Stats

File Path                                     PID    Runtime      # DAGs    # Errors  Last Runtime    Last Run
--------------------------------------------  -----  ---------  --------  ----------  --------------  -------------------
/opt/airflow/dags/predictive_pipeline_dag.py                           1           0  7.66s           2025-11-17T23:57:31
================================================================================
[2025-11-17T23:58:14.838+0000] {manager.py:737} INFO - Searching for files in /opt/airflow/dags
[2025-11-17T23:58:14.883+0000] {manager.py:740} INFO - There are 1 files in /opt/airflow/dags
[2025-11-17T23:58:20.548+0000] {manager.py:878} INFO - 
================================================================================
DAG File Processing Stats

File Path                                     PID    Runtime      # DAGs    # Errors  Last Runtime    Last Run
--------------------------------------------  -----  ---------  --------  ----------  --------------  -------------------
/opt/airflow/dags/predictive_pipeline_dag.py                           1           0  3.63s           2025-11-17T23:58:04
================================================================================
[2025-11-17T23:58:50.923+0000] {manager.py:878} INFO - 
================================================================================
DAG File Processing Stats

File Path                                     PID    Runtime      # DAGs    # Errors  Last Runtime    Last Run
--------------------------------------------  -----  ---------  --------  ----------  --------------  -------------------
/opt/airflow/dags/predictive_pipeline_dag.py                           1           0  3.02s           2025-11-17T23:58:38
================================================================================
[2025-11-17T23:59:20.683+0000] {manager.py:878} INFO - 
================================================================================
DAG File Processing Stats

File Path                                     PID    Runtime      # DAGs    # Errors  Last Runtime    Last Run
--------------------------------------------  -----  ---------  --------  ----------  --------------  -------------------
/opt/airflow/dags/predictive_pipeline_dag.py                           1           0  3.32s           2025-11-17T23:59:11
================================================================================
[2025-11-17T23:59:50.787+0000] {manager.py:878} INFO - 
================================================================================
DAG File Processing Stats

File Path                                     PID    Runtime      # DAGs    # Errors  Last Runtime    Last Run
--------------------------------------------  -----  ---------  --------  ----------  --------------  -------------------
/opt/airflow/dags/predictive_pipeline_dag.py                           1           0  3.97s           2025-11-17T23:59:45
================================================================================
[2025-11-18T00:00:20.979+0000] {manager.py:878} INFO - 
================================================================================
DAG File Processing Stats

File Path                                     PID    Runtime      # DAGs    # Errors  Last Runtime    Last Run
--------------------------------------------  -----  ---------  --------  ----------  --------------  -------------------
/opt/airflow/dags/predictive_pipeline_dag.py                           1           0  3.67s           2025-11-18T00:00:19
================================================================================
[2025-11-18T00:00:55.321+0000] {manager.py:878} INFO - 
================================================================================
DAG File Processing Stats

File Path                                     PID    Runtime      # DAGs    # Errors  Last Runtime    Last Run
--------------------------------------------  -----  ---------  --------  ----------  --------------  -------------------
/opt/airflow/dags/predictive_pipeline_dag.py                           1           0  4.76s           2025-11-18T00:00:55
================================================================================
[2025-11-18T00:01:25.236+0000] {manager.py:878} INFO - 
================================================================================
DAG File Processing Stats

File Path                                     PID    Runtime      # DAGs    # Errors  Last Runtime    Last Run
--------------------------------------------  -----  ---------  --------  ----------  --------------  -------------------
/opt/airflow/dags/predictive_pipeline_dag.py                           1           0  4.76s           2025-11-18T00:00:55
================================================================================
[2025-11-18T00:01:55.418+0000] {manager.py:878} INFO - 
================================================================================
DAG File Processing Stats

File Path                                     PID    Runtime      # DAGs    # Errors  Last Runtime    Last Run
--------------------------------------------  -----  ---------  --------  ----------  --------------  -------------------
/opt/airflow/dags/predictive_pipeline_dag.py                           1           0  3.67s           2025-11-18T00:01:29
================================================================================
[2025-11-18T00:02:26.414+0000] {manager.py:878} INFO - 
================================================================================
DAG File Processing Stats

File Path                                     PID    Runtime      # DAGs    # Errors  Last Runtime    Last Run
--------------------------------------------  -----  ---------  --------  ----------  --------------  -------------------
/opt/airflow/dags/predictive_pipeline_dag.py                           1           0  3.69s           2025-11-18T00:02:03
================================================================================
[2025-11-18T00:02:56.440+0000] {manager.py:878} INFO - 
================================================================================
DAG File Processing Stats

File Path                                     PID    Runtime      # DAGs    # Errors  Last Runtime    Last Run
--------------------------------------------  -----  ---------  --------  ----------  --------------  -------------------
/opt/airflow/dags/predictive_pipeline_dag.py                           1           0  3.85s           2025-11-18T00:02:38
================================================================================
[2025-11-18T00:03:15.609+0000] {manager.py:737} INFO - Searching for files in /opt/airflow/dags
[2025-11-18T00:03:15.663+0000] {manager.py:740} INFO - There are 1 files in /opt/airflow/dags
[2025-11-18T00:03:26.612+0000] {manager.py:878} INFO - 
================================================================================
DAG File Processing Stats

File Path                                     PID    Runtime      # DAGs    # Errors  Last Runtime    Last Run
--------------------------------------------  -----  ---------  --------  ----------  --------------  -------------------
/opt/airflow/dags/predictive_pipeline_dag.py                           1           0  3.12s           2025-11-18T00:03:11
================================================================================
[2025-11-18T00:03:57.319+0000] {manager.py:878} INFO - 
================================================================================
DAG File Processing Stats

File Path                                     PID    Runtime      # DAGs    # Errors  Last Runtime    Last Run
--------------------------------------------  -----  ---------  --------  ----------  --------------  -------------------
/opt/airflow/dags/predictive_pipeline_dag.py                           1           0  3.87s           2025-11-18T00:03:45
================================================================================
[2025-11-18T00:04:27.277+0000] {manager.py:878} INFO - 
================================================================================
DAG File Processing Stats

File Path                                     PID    Runtime      # DAGs    # Errors  Last Runtime    Last Run
--------------------------------------------  -----  ---------  --------  ----------  --------------  -------------------
/opt/airflow/dags/predictive_pipeline_dag.py                           1           0  4.07s           2025-11-18T00:04:19
================================================================================
[2025-11-18T00:04:58.031+0000] {manager.py:878} INFO - 
================================================================================
DAG File Processing Stats

File Path                                     PID    Runtime      # DAGs    # Errors  Last Runtime    Last Run
--------------------------------------------  -----  ---------  --------  ----------  --------------  -------------------
/opt/airflow/dags/predictive_pipeline_dag.py                           1           0  3.90s           2025-11-18T00:04:53
================================================================================
[2025-11-18T00:05:27.889+0000] {manager.py:878} INFO - 
================================================================================
DAG File Processing Stats

File Path                                     PID    Runtime      # DAGs    # Errors  Last Runtime    Last Run
--------------------------------------------  -----  ---------  --------  ----------  --------------  -------------------
/opt/airflow/dags/predictive_pipeline_dag.py                           1           0  3.72s           2025-11-18T00:05:27
================================================================================
[2025-11-18T00:06:01.567+0000] {manager.py:878} INFO - 
================================================================================
DAG File Processing Stats

File Path                                     PID    Runtime      # DAGs    # Errors  Last Runtime    Last Run
--------------------------------------------  -----  ---------  --------  ----------  --------------  -------------------
/opt/airflow/dags/predictive_pipeline_dag.py                           1           0  3.45s           2025-11-18T00:06:01
================================================================================
[2025-11-18T00:06:31.556+0000] {manager.py:878} INFO - 
================================================================================
DAG File Processing Stats

File Path                                     PID    Runtime      # DAGs    # Errors  Last Runtime    Last Run
--------------------------------------------  -----  ---------  --------  ----------  --------------  -------------------
/opt/airflow/dags/predictive_pipeline_dag.py                           1           0  3.45s           2025-11-18T00:06:01
================================================================================
[2025-11-18T00:07:02.571+0000] {manager.py:878} INFO - 
================================================================================
DAG File Processing Stats

File Path                                     PID    Runtime      # DAGs    # Errors  Last Runtime    Last Run
--------------------------------------------  -----  ---------  --------  ----------  --------------  -------------------
/opt/airflow/dags/predictive_pipeline_dag.py                           1           0  3.75s           2025-11-18T00:06:35
================================================================================
[2025-11-18T00:07:32.644+0000] {manager.py:878} INFO - 
================================================================================
DAG File Processing Stats

File Path                                     PID    Runtime      # DAGs    # Errors  Last Runtime    Last Run
--------------------------------------------  -----  ---------  --------  ----------  --------------  -------------------
/opt/airflow/dags/predictive_pipeline_dag.py                           1           0  3.24s           2025-11-18T00:07:08
================================================================================
[2025-11-18T00:08:03.050+0000] {manager.py:878} INFO - 
================================================================================
DAG File Processing Stats

File Path                                     PID    Runtime      # DAGs    # Errors  Last Runtime    Last Run
--------------------------------------------  -----  ---------  --------  ----------  --------------  -------------------
/opt/airflow/dags/predictive_pipeline_dag.py                           1           0  3.64s           2025-11-18T00:07:42
================================================================================
[2025-11-18T00:08:18.501+0000] {manager.py:737} INFO - Searching for files in /opt/airflow/dags
[2025-11-18T00:08:18.572+0000] {manager.py:740} INFO - There are 1 files in /opt/airflow/dags
[2025-11-18T00:08:33.952+0000] {manager.py:878} INFO - 
================================================================================
DAG File Processing Stats

File Path                                     PID    Runtime      # DAGs    # Errors  Last Runtime    Last Run
--------------------------------------------  -----  ---------  --------  ----------  --------------  -------------------
/opt/airflow/dags/predictive_pipeline_dag.py                           1           0  3.97s           2025-11-18T00:08:17
================================================================================
[2025-11-18T00:09:04.547+0000] {manager.py:878} INFO - 
================================================================================
DAG File Processing Stats

File Path                                     PID    Runtime      # DAGs    # Errors  Last Runtime    Last Run
--------------------------------------------  -----  ---------  --------  ----------  --------------  -------------------
/opt/airflow/dags/predictive_pipeline_dag.py                           1           0  2.97s           2025-11-18T00:08:50
================================================================================
[2025-11-18T00:09:34.358+0000] {manager.py:878} INFO - 
================================================================================
DAG File Processing Stats

File Path                                     PID    Runtime      # DAGs    # Errors  Last Runtime    Last Run
--------------------------------------------  -----  ---------  --------  ----------  --------------  -------------------
/opt/airflow/dags/predictive_pipeline_dag.py                           1           0  3.66s           2025-11-18T00:09:24
================================================================================
[2025-11-18T00:10:04.591+0000] {manager.py:878} INFO - 
================================================================================
DAG File Processing Stats

File Path                                     PID    Runtime      # DAGs    # Errors  Last Runtime    Last Run
--------------------------------------------  -----  ---------  --------  ----------  --------------  -------------------
/opt/airflow/dags/predictive_pipeline_dag.py                           1           0  3.91s           2025-11-18T00:09:58
================================================================================
[2025-11-18T00:10:34.606+0000] {manager.py:878} INFO - 
================================================================================
DAG File Processing Stats

File Path                                     PID    Runtime      # DAGs    # Errors  Last Runtime    Last Run
--------------------------------------------  -----  ---------  --------  ----------  --------------  -------------------
/opt/airflow/dags/predictive_pipeline_dag.py                           1           0  4.33s           2025-11-18T00:10:32
================================================================================
[2025-11-18T00:11:06.774+0000] {manager.py:878} INFO - 
================================================================================
DAG File Processing Stats

File Path                                     PID    Runtime      # DAGs    # Errors  Last Runtime    Last Run
--------------------------------------------  -----  ---------  --------  ----------  --------------  -------------------
/opt/airflow/dags/predictive_pipeline_dag.py                           1           0  3.45s           2025-11-18T00:11:06
================================================================================
[2025-11-18T00:11:40.849+0000] {manager.py:878} INFO - 
================================================================================
DAG File Processing Stats

File Path                                     PID    Runtime      # DAGs    # Errors  Last Runtime    Last Run
--------------------------------------------  -----  ---------  --------  ----------  --------------  -------------------
/opt/airflow/dags/predictive_pipeline_dag.py                           1           0  3.97s           2025-11-18T00:11:40
================================================================================
[2025-11-19T11:13:58.418+0000] {manager.py:470} INFO - Processing files using up to 1 processes at a time 
[2025-11-19T11:13:58.420+0000] {manager.py:471} INFO - Process each file at most once every 30 seconds
[2025-11-19T11:13:58.422+0000] {manager.py:472} INFO - Checking for new files in /opt/airflow/dags every 300 seconds
[2025-11-19T11:13:58.423+0000] {manager.py:737} INFO - Searching for files in /opt/airflow/dags
[2025-11-19T11:13:58.472+0000] {manager.py:740} INFO - There are 1 files in /opt/airflow/dags
[2025-11-19T11:14:03.802+0000] {manager.py:749} ERROR - Error removing old import errors
Traceback (most recent call last):
  File "/home/airflow/.local/lib/python3.12/site-packages/sqlalchemy/engine/base.py", line 1910, in _execute_context
    self.dialect.do_execute(
  File "/home/airflow/.local/lib/python3.12/site-packages/sqlalchemy/engine/default.py", line 736, in do_execute
    cursor.execute(statement, parameters)
sqlite3.OperationalError: database is locked

The above exception was the direct cause of the following exception:

Traceback (most recent call last):
  File "/home/airflow/.local/lib/python3.12/site-packages/airflow/dag_processing/manager.py", line 745, in _refresh_dag_dir
    DagFileProcessorManager.clear_nonexistent_import_errors(
  File "/home/airflow/.local/lib/python3.12/site-packages/airflow/api_internal/internal_api_call.py", line 115, in wrapper
    return func(*args, **kwargs)
           ^^^^^^^^^^^^^^^^^^^^^
  File "/home/airflow/.local/lib/python3.12/site-packages/airflow/utils/session.py", line 79, in wrapper
    return func(*args, session=session, **kwargs)
           ^^^^^^^^^^^^^^^^^^^^^^^^^^^^^^^^^^^^^^
  File "/home/airflow/.local/lib/python3.12/site-packages/airflow/dag_processing/manager.py", line 814, in clear_nonexistent_import_errors
    session.execute(query.execution_options(synchronize_session="fetch"))
  File "/home/airflow/.local/lib/python3.12/site-packages/sqlalchemy/orm/session.py", line 1717, in execute
    result = conn._execute_20(statement, params or {}, execution_options)
             ^^^^^^^^^^^^^^^^^^^^^^^^^^^^^^^^^^^^^^^^^^^^^^^^^^^^^^^^^^^^
  File "/home/airflow/.local/lib/python3.12/site-packages/sqlalchemy/engine/base.py", line 1710, in _execute_20
    return meth(self, args_10style, kwargs_10style, execution_options)
           ^^^^^^^^^^^^^^^^^^^^^^^^^^^^^^^^^^^^^^^^^^^^^^^^^^^^^^^^^^^
  File "/home/airflow/.local/lib/python3.12/site-packages/sqlalchemy/sql/elements.py", line 334, in _execute_on_connection
    return connection._execute_clauseelement(
           ^^^^^^^^^^^^^^^^^^^^^^^^^^^^^^^^^^
  File "/home/airflow/.local/lib/python3.12/site-packages/sqlalchemy/engine/base.py", line 1577, in _execute_clauseelement
    ret = self._execute_context(
          ^^^^^^^^^^^^^^^^^^^^^^
  File "/home/airflow/.local/lib/python3.12/site-packages/sqlalchemy/engine/base.py", line 1953, in _execute_context
    self._handle_dbapi_exception(
  File "/home/airflow/.local/lib/python3.12/site-packages/sqlalchemy/engine/base.py", line 2134, in _handle_dbapi_exception
    util.raise_(
  File "/home/airflow/.local/lib/python3.12/site-packages/sqlalchemy/util/compat.py", line 211, in raise_
    raise exception
  File "/home/airflow/.local/lib/python3.12/site-packages/sqlalchemy/engine/base.py", line 1910, in _execute_context
    self.dialect.do_execute(
  File "/home/airflow/.local/lib/python3.12/site-packages/sqlalchemy/engine/default.py", line 736, in do_execute
    cursor.execute(statement, parameters)
sqlalchemy.exc.OperationalError: (sqlite3.OperationalError) database is locked
[SQL: DELETE FROM import_error WHERE (import_error.filename NOT IN (?)) AND import_error.processor_subdir = ?]
[parameters: ('/opt/airflow/dags/predictive_pipeline_dag.py', '/opt/airflow/dags')]
(Background on this error at: https://sqlalche.me/e/14/e3q8)
[2025-11-19T11:14:10.012+0000] {manager.py:878} INFO - 
================================================================================
DAG File Processing Stats

File Path                                     PID    Runtime      # DAGs    # Errors  Last Runtime    Last Run
--------------------------------------------  -----  ---------  --------  ----------  --------------  -------------------
/opt/airflow/dags/predictive_pipeline_dag.py                           1           0  3.91s           2025-11-19T11:14:10
================================================================================
[2025-11-19T11:14:44.010+0000] {manager.py:878} INFO - 
================================================================================
DAG File Processing Stats

File Path                                     PID    Runtime      # DAGs    # Errors  Last Runtime    Last Run
--------------------------------------------  -----  ---------  --------  ----------  --------------  -------------------
/opt/airflow/dags/predictive_pipeline_dag.py                           1           0  3.35s           2025-11-19T11:14:44
================================================================================
[2025-11-19T11:15:43.187+0000] {manager.py:470} INFO - Processing files using up to 1 processes at a time 
[2025-11-19T11:15:43.189+0000] {manager.py:471} INFO - Process each file at most once every 30 seconds
[2025-11-19T11:15:43.191+0000] {manager.py:472} INFO - Checking for new files in /opt/airflow/dags every 300 seconds
[2025-11-19T11:15:43.193+0000] {manager.py:737} INFO - Searching for files in /opt/airflow/dags
[2025-11-19T11:15:43.245+0000] {manager.py:740} INFO - There are 1 files in /opt/airflow/dags
[2025-11-19T11:15:53.134+0000] {manager.py:878} INFO - 
================================================================================
DAG File Processing Stats

File Path                                     PID    Runtime      # DAGs    # Errors  Last Runtime    Last Run
--------------------------------------------  -----  ---------  --------  ----------  --------------  -------------------
/opt/airflow/dags/predictive_pipeline_dag.py                           1           0  4.91s           2025-11-19T11:15:53
================================================================================
[2025-11-19T11:16:27.514+0000] {manager.py:878} INFO - 
================================================================================
DAG File Processing Stats

File Path                                     PID    Runtime      # DAGs    # Errors  Last Runtime    Last Run
--------------------------------------------  -----  ---------  --------  ----------  --------------  -------------------
/opt/airflow/dags/predictive_pipeline_dag.py                           1           0  4.33s           2025-11-19T11:16:27
================================================================================
[2025-11-19T11:17:00.740+0000] {manager.py:878} INFO - 
================================================================================
DAG File Processing Stats

File Path                                     PID    Runtime      # DAGs    # Errors  Last Runtime    Last Run
--------------------------------------------  -----  ---------  --------  ----------  --------------  -------------------
/opt/airflow/dags/predictive_pipeline_dag.py                           1           0  2.94s           2025-11-19T11:17:00
================================================================================
[2025-11-19T11:17:35.944+0000] {manager.py:878} INFO - 
================================================================================
DAG File Processing Stats

File Path                                     PID    Runtime      # DAGs    # Errors  Last Runtime    Last Run
--------------------------------------------  -----  ---------  --------  ----------  --------------  -------------------
/opt/airflow/dags/predictive_pipeline_dag.py                           1           0  4.35s           2025-11-19T11:17:35
================================================================================
[2025-11-19T11:18:10.506+0000] {manager.py:878} INFO - 
================================================================================
DAG File Processing Stats

File Path                                     PID    Runtime      # DAGs    # Errors  Last Runtime    Last Run
--------------------------------------------  -----  ---------  --------  ----------  --------------  -------------------
/opt/airflow/dags/predictive_pipeline_dag.py                           1           0  3.84s           2025-11-19T11:18:10
================================================================================
[2025-11-19T11:18:45.138+0000] {manager.py:878} INFO - 
================================================================================
DAG File Processing Stats

File Path                                     PID    Runtime      # DAGs    # Errors  Last Runtime    Last Run
--------------------------------------------  -----  ---------  --------  ----------  --------------  -------------------
/opt/airflow/dags/predictive_pipeline_dag.py                           1           0  4.43s           2025-11-19T11:18:45
================================================================================
[2025-11-19T11:19:25.257+0000] {manager.py:878} INFO - 
================================================================================
DAG File Processing Stats

File Path                                     PID    Runtime      # DAGs    # Errors  Last Runtime    Last Run
--------------------------------------------  -----  ---------  --------  ----------  --------------  -------------------
/opt/airflow/dags/predictive_pipeline_dag.py                           1           0  9.39s           2025-11-19T11:19:25
================================================================================
[2025-11-19T11:19:59.740+0000] {manager.py:878} INFO - 
================================================================================
DAG File Processing Stats

File Path                                     PID    Runtime      # DAGs    # Errors  Last Runtime    Last Run
--------------------------------------------  -----  ---------  --------  ----------  --------------  -------------------
/opt/airflow/dags/predictive_pipeline_dag.py                           1           0  3.73s           2025-11-19T11:19:59
================================================================================
[2025-11-19T11:20:35.131+0000] {manager.py:878} INFO - 
================================================================================
DAG File Processing Stats

File Path                                     PID    Runtime      # DAGs    # Errors  Last Runtime    Last Run
--------------------------------------------  -----  ---------  --------  ----------  --------------  -------------------
/opt/airflow/dags/predictive_pipeline_dag.py                           1           0  4.83s           2025-11-19T11:20:35
================================================================================
[2025-11-19T11:20:43.921+0000] {manager.py:737} INFO - Searching for files in /opt/airflow/dags
[2025-11-19T11:20:43.982+0000] {manager.py:740} INFO - There are 1 files in /opt/airflow/dags
[2025-11-19T11:21:09.662+0000] {manager.py:878} INFO - 
================================================================================
DAG File Processing Stats

File Path                                     PID    Runtime      # DAGs    # Errors  Last Runtime    Last Run
--------------------------------------------  -----  ---------  --------  ----------  --------------  -------------------
/opt/airflow/dags/predictive_pipeline_dag.py                           1           0  3.91s           2025-11-19T11:21:09
================================================================================
[2025-11-19T11:21:45.565+0000] {manager.py:878} INFO - 
================================================================================
DAG File Processing Stats

File Path                                     PID    Runtime      # DAGs    # Errors  Last Runtime    Last Run
--------------------------------------------  -----  ---------  --------  ----------  --------------  -------------------
/opt/airflow/dags/predictive_pipeline_dag.py                           1           0  5.44s           2025-11-19T11:21:45
================================================================================
[2025-11-19T11:22:18.673+0000] {manager.py:878} INFO - 
================================================================================
DAG File Processing Stats

File Path                                     PID    Runtime      # DAGs    # Errors  Last Runtime    Last Run
--------------------------------------------  -----  ---------  --------  ----------  --------------  -------------------
/opt/airflow/dags/predictive_pipeline_dag.py                           1           0  2.82s           2025-11-19T11:22:18
================================================================================
[2025-11-19T11:25:46.360+0000] {manager.py:470} INFO - Processing files using up to 1 processes at a time 
[2025-11-19T11:25:46.362+0000] {manager.py:471} INFO - Process each file at most once every 30 seconds
[2025-11-19T11:25:46.364+0000] {manager.py:472} INFO - Checking for new files in /opt/airflow/dags every 300 seconds
[2025-11-19T11:25:46.366+0000] {manager.py:737} INFO - Searching for files in /opt/airflow/dags
[2025-11-19T11:25:46.425+0000] {manager.py:740} INFO - There are 1 files in /opt/airflow/dags
[2025-11-19T11:25:56.479+0000] {manager.py:878} INFO - 
================================================================================
DAG File Processing Stats

File Path                                     PID    Runtime      # DAGs    # Errors  Last Runtime    Last Run
--------------------------------------------  -----  ---------  --------  ----------  --------------  -------------------
/opt/airflow/dags/predictive_pipeline_dag.py                           1           0  4.53s           2025-11-19T11:25:56
================================================================================
[2025-11-19T11:26:30.453+0000] {manager.py:878} INFO - 
================================================================================
DAG File Processing Stats

File Path                                     PID    Runtime      # DAGs    # Errors  Last Runtime    Last Run
--------------------------------------------  -----  ---------  --------  ----------  --------------  -------------------
/opt/airflow/dags/predictive_pipeline_dag.py                           1           0  3.42s           2025-11-19T11:26:30
================================================================================
[2025-11-19T11:27:03.836+0000] {manager.py:878} INFO - 
================================================================================
DAG File Processing Stats

File Path                                     PID    Runtime      # DAGs    # Errors  Last Runtime    Last Run
--------------------------------------------  -----  ---------  --------  ----------  --------------  -------------------
/opt/airflow/dags/predictive_pipeline_dag.py                           1           0  3.02s           2025-11-19T11:27:03
================================================================================
[2025-11-19T11:27:37.709+0000] {manager.py:878} INFO - 
================================================================================
DAG File Processing Stats

File Path                                     PID    Runtime      # DAGs    # Errors  Last Runtime    Last Run
--------------------------------------------  -----  ---------  --------  ----------  --------------  -------------------
/opt/airflow/dags/predictive_pipeline_dag.py                           1           0  3.37s           2025-11-19T11:27:37
================================================================================
[2025-11-19T11:28:13.846+0000] {manager.py:878} INFO - 
================================================================================
DAG File Processing Stats

File Path                                     PID    Runtime      # DAGs    # Errors  Last Runtime    Last Run
--------------------------------------------  -----  ---------  --------  ----------  --------------  -------------------
/opt/airflow/dags/predictive_pipeline_dag.py                           1           0  5.66s           2025-11-19T11:28:13
================================================================================
[2025-11-19T11:28:47.757+0000] {manager.py:878} INFO - 
================================================================================
DAG File Processing Stats

File Path                                     PID    Runtime      # DAGs    # Errors  Last Runtime    Last Run
--------------------------------------------  -----  ---------  --------  ----------  --------------  -------------------
/opt/airflow/dags/predictive_pipeline_dag.py                           1           0  3.72s           2025-11-19T11:28:47
================================================================================
[2025-11-19T11:29:21.501+0000] {manager.py:878} INFO - 
================================================================================
DAG File Processing Stats

File Path                                     PID    Runtime      # DAGs    # Errors  Last Runtime    Last Run
--------------------------------------------  -----  ---------  --------  ----------  --------------  -------------------
/opt/airflow/dags/predictive_pipeline_dag.py                           1           0  3.21s           2025-11-19T11:29:21
================================================================================
[2025-11-19T11:29:55.826+0000] {manager.py:878} INFO - 
================================================================================
DAG File Processing Stats

File Path                                     PID    Runtime      # DAGs    # Errors  Last Runtime    Last Run
--------------------------------------------  -----  ---------  --------  ----------  --------------  -------------------
/opt/airflow/dags/predictive_pipeline_dag.py                           1           0  4.01s           2025-11-19T11:29:55
================================================================================
[2025-11-19T11:30:36.454+0000] {manager.py:470} INFO - Processing files using up to 1 processes at a time 
[2025-11-19T11:30:36.456+0000] {manager.py:471} INFO - Process each file at most once every 30 seconds
[2025-11-19T11:30:36.458+0000] {manager.py:472} INFO - Checking for new files in /opt/airflow/dags every 300 seconds
[2025-11-19T11:30:36.461+0000] {manager.py:737} INFO - Searching for files in /opt/airflow/dags
[2025-11-19T11:30:36.529+0000] {manager.py:740} INFO - There are 1 files in /opt/airflow/dags
[2025-11-19T11:30:40.974+0000] {manager.py:878} INFO - 
================================================================================
DAG File Processing Stats

File Path                                     PID    Runtime      # DAGs    # Errors  Last Runtime    Last Run
--------------------------------------------  -----  ---------  --------  ----------  --------------  -------------------
/opt/airflow/dags/predictive_pipeline_dag.py                           1           0  4.22s           2025-11-19T11:30:40
================================================================================
[2025-11-19T11:31:15.101+0000] {manager.py:878} INFO - 
================================================================================
DAG File Processing Stats

File Path                                     PID    Runtime      # DAGs    # Errors  Last Runtime    Last Run
--------------------------------------------  -----  ---------  --------  ----------  --------------  -------------------
/opt/airflow/dags/predictive_pipeline_dag.py                           1           0  4.01s           2025-11-19T11:31:15
================================================================================
[2025-11-19T11:31:49.253+0000] {manager.py:878} INFO - 
================================================================================
DAG File Processing Stats

File Path                                     PID    Runtime      # DAGs    # Errors  Last Runtime    Last Run
--------------------------------------------  -----  ---------  --------  ----------  --------------  -------------------
/opt/airflow/dags/predictive_pipeline_dag.py                           1           0  4.02s           2025-11-19T11:31:49
================================================================================
[2025-11-19T11:32:23.650+0000] {manager.py:878} INFO - 
================================================================================
DAG File Processing Stats

File Path                                     PID    Runtime      # DAGs    # Errors  Last Runtime    Last Run
--------------------------------------------  -----  ---------  --------  ----------  --------------  -------------------
/opt/airflow/dags/predictive_pipeline_dag.py                           1           0  3.90s           2025-11-19T11:32:23
================================================================================
[2025-11-19T11:32:57.917+0000] {manager.py:878} INFO - 
================================================================================
DAG File Processing Stats

File Path                                     PID    Runtime      # DAGs    # Errors  Last Runtime    Last Run
--------------------------------------------  -----  ---------  --------  ----------  --------------  -------------------
/opt/airflow/dags/predictive_pipeline_dag.py                           1           0  3.52s           2025-11-19T11:32:57
================================================================================
[2025-11-19T11:33:32.970+0000] {manager.py:878} INFO - 
================================================================================
DAG File Processing Stats

File Path                                     PID    Runtime      # DAGs    # Errors  Last Runtime    Last Run
--------------------------------------------  -----  ---------  --------  ----------  --------------  -------------------
/opt/airflow/dags/predictive_pipeline_dag.py                           1           0  4.53s           2025-11-19T11:33:32
================================================================================
[2025-11-19T11:34:07.422+0000] {manager.py:878} INFO - 
================================================================================
DAG File Processing Stats

File Path                                     PID    Runtime      # DAGs    # Errors  Last Runtime    Last Run
--------------------------------------------  -----  ---------  --------  ----------  --------------  -------------------
/opt/airflow/dags/predictive_pipeline_dag.py                           1           0  3.92s           2025-11-19T11:34:07
================================================================================
[2025-11-19T11:34:41.541+0000] {manager.py:878} INFO - 
================================================================================
DAG File Processing Stats

File Path                                     PID    Runtime      # DAGs    # Errors  Last Runtime    Last Run
--------------------------------------------  -----  ---------  --------  ----------  --------------  -------------------
/opt/airflow/dags/predictive_pipeline_dag.py                           1           0  3.52s           2025-11-19T11:34:41
================================================================================
[2025-11-19T11:35:16.819+0000] {manager.py:878} INFO - 
================================================================================
DAG File Processing Stats

File Path                                     PID    Runtime      # DAGs    # Errors  Last Runtime    Last Run
--------------------------------------------  -----  ---------  --------  ----------  --------------  -------------------
/opt/airflow/dags/predictive_pipeline_dag.py                           1           0  5.04s           2025-11-19T11:35:16
================================================================================
[2025-11-19T11:35:37.073+0000] {manager.py:737} INFO - Searching for files in /opt/airflow/dags
[2025-11-19T11:35:37.126+0000] {manager.py:740} INFO - There are 1 files in /opt/airflow/dags
[2025-11-19T11:35:50.654+0000] {manager.py:878} INFO - 
================================================================================
DAG File Processing Stats

File Path                                     PID    Runtime      # DAGs    # Errors  Last Runtime    Last Run
--------------------------------------------  -----  ---------  --------  ----------  --------------  -------------------
/opt/airflow/dags/predictive_pipeline_dag.py                           1           0  3.74s           2025-11-19T11:35:50
================================================================================
[2025-11-19T11:36:24.644+0000] {manager.py:878} INFO - 
================================================================================
DAG File Processing Stats

File Path                                     PID    Runtime      # DAGs    # Errors  Last Runtime    Last Run
--------------------------------------------  -----  ---------  --------  ----------  --------------  -------------------
/opt/airflow/dags/predictive_pipeline_dag.py                           1           0  3.69s           2025-11-19T11:36:24
================================================================================
[2025-11-19T11:37:35.529+0000] {manager.py:470} INFO - Processing files using up to 1 processes at a time 
[2025-11-19T11:37:35.530+0000] {manager.py:471} INFO - Process each file at most once every 30 seconds
[2025-11-19T11:37:35.532+0000] {manager.py:472} INFO - Checking for new files in /opt/airflow/dags every 300 seconds
[2025-11-19T11:37:35.533+0000] {manager.py:737} INFO - Searching for files in /opt/airflow/dags
[2025-11-19T11:37:35.573+0000] {manager.py:740} INFO - There are 1 files in /opt/airflow/dags
[2025-11-19T11:37:45.156+0000] {manager.py:878} INFO - 
================================================================================
DAG File Processing Stats

File Path                                     PID    Runtime      # DAGs    # Errors  Last Runtime    Last Run
--------------------------------------------  -----  ---------  --------  ----------  --------------  -------------------
/opt/airflow/dags/predictive_pipeline_dag.py                           1           0  4.63s           2025-11-19T11:37:45
================================================================================
[2025-11-19T11:38:21.692+0000] {manager.py:878} INFO - 
================================================================================
DAG File Processing Stats

File Path                                     PID    Runtime      # DAGs    # Errors  Last Runtime    Last Run
--------------------------------------------  -----  ---------  --------  ----------  --------------  -------------------
/opt/airflow/dags/predictive_pipeline_dag.py                           1           0  5.72s           2025-11-19T11:38:21
================================================================================
[2025-11-19T11:41:53.034+0000] {manager.py:452} INFO - Exiting gracefully upon receiving signal 15
[2025-11-19T11:41:54.169+0000] {manager.py:470} INFO - Processing files using up to 1 processes at a time 
[2025-11-19T11:41:54.171+0000] {manager.py:471} INFO - Process each file at most once every 30 seconds
[2025-11-19T11:41:54.174+0000] {manager.py:472} INFO - Checking for new files in /opt/airflow/dags every 300 seconds
[2025-11-19T11:41:54.176+0000] {manager.py:737} INFO - Searching for files in /opt/airflow/dags
[2025-11-19T11:41:54.247+0000] {manager.py:740} INFO - There are 1 files in /opt/airflow/dags
[2025-11-19T11:42:01.310+0000] {manager.py:878} INFO - 
================================================================================
DAG File Processing Stats

File Path                                     PID    Runtime      # DAGs    # Errors  Last Runtime    Last Run
--------------------------------------------  -----  ---------  --------  ----------  --------------  -------------------
/opt/airflow/dags/predictive_pipeline_dag.py                           1           0  6.84s           2025-11-19T11:42:01
================================================================================
[2025-11-19T11:42:35.878+0000] {manager.py:878} INFO - 
================================================================================
DAG File Processing Stats

File Path                                     PID    Runtime      # DAGs    # Errors  Last Runtime    Last Run
--------------------------------------------  -----  ---------  --------  ----------  --------------  -------------------
/opt/airflow/dags/predictive_pipeline_dag.py                           1           0  4.15s           2025-11-19T11:42:35
================================================================================
[2025-11-19T11:43:10.168+0000] {manager.py:878} INFO - 
================================================================================
DAG File Processing Stats

File Path                                     PID    Runtime      # DAGs    # Errors  Last Runtime    Last Run
--------------------------------------------  -----  ---------  --------  ----------  --------------  -------------------
/opt/airflow/dags/predictive_pipeline_dag.py                           1           0  4.22s           2025-11-19T11:43:10
================================================================================
[2025-11-19T11:43:44.905+0000] {manager.py:878} INFO - 
================================================================================
DAG File Processing Stats

File Path                                     PID    Runtime      # DAGs    # Errors  Last Runtime    Last Run
--------------------------------------------  -----  ---------  --------  ----------  --------------  -------------------
/opt/airflow/dags/predictive_pipeline_dag.py                           1           0  4.32s           2025-11-19T11:43:44
================================================================================
[2025-11-19T11:44:19.383+0000] {manager.py:878} INFO - 
================================================================================
DAG File Processing Stats

File Path                                     PID    Runtime      # DAGs    # Errors  Last Runtime    Last Run
--------------------------------------------  -----  ---------  --------  ----------  --------------  -------------------
/opt/airflow/dags/predictive_pipeline_dag.py                           1           0  4.22s           2025-11-19T11:44:19
================================================================================
[2025-11-19T11:44:53.460+0000] {manager.py:878} INFO - 
================================================================================
DAG File Processing Stats

File Path                                     PID    Runtime      # DAGs    # Errors  Last Runtime    Last Run
--------------------------------------------  -----  ---------  --------  ----------  --------------  -------------------
/opt/airflow/dags/predictive_pipeline_dag.py                           1           0  3.42s           2025-11-19T11:44:53
================================================================================
[2025-11-19T11:45:27.293+0000] {manager.py:878} INFO - 
================================================================================
DAG File Processing Stats

File Path                                     PID    Runtime      # DAGs    # Errors  Last Runtime    Last Run
--------------------------------------------  -----  ---------  --------  ----------  --------------  -------------------
/opt/airflow/dags/predictive_pipeline_dag.py                           1           0  3.12s           2025-11-19T11:45:27
================================================================================
[2025-11-19T11:46:01.126+0000] {manager.py:878} INFO - 
================================================================================
DAG File Processing Stats

File Path                                     PID    Runtime      # DAGs    # Errors  Last Runtime    Last Run
--------------------------------------------  -----  ---------  --------  ----------  --------------  -------------------
/opt/airflow/dags/predictive_pipeline_dag.py                           1           0  3.26s           2025-11-19T11:46:01
================================================================================
[2025-11-19T11:46:34.688+0000] {manager.py:878} INFO - 
================================================================================
DAG File Processing Stats

File Path                                     PID    Runtime      # DAGs    # Errors  Last Runtime    Last Run
--------------------------------------------  -----  ---------  --------  ----------  --------------  -------------------
/opt/airflow/dags/predictive_pipeline_dag.py                           1           0  3.43s           2025-11-19T11:46:34
================================================================================
[2025-11-19T11:48:27.102+0000] {manager.py:452} INFO - Exiting gracefully upon receiving signal 15
[2025-11-19T11:48:27.538+0000] {manager.py:470} INFO - Processing files using up to 1 processes at a time 
[2025-11-19T11:48:27.540+0000] {manager.py:471} INFO - Process each file at most once every 30 seconds
[2025-11-19T11:48:27.541+0000] {manager.py:472} INFO - Checking for new files in /opt/airflow/dags every 300 seconds
[2025-11-19T11:48:27.543+0000] {manager.py:737} INFO - Searching for files in /opt/airflow/dags
[2025-11-19T11:48:27.589+0000] {manager.py:740} INFO - There are 1 files in /opt/airflow/dags
[2025-11-19T11:48:31.980+0000] {manager.py:878} INFO - 
================================================================================
DAG File Processing Stats

File Path                                     PID    Runtime      # DAGs    # Errors  Last Runtime    Last Run
--------------------------------------------  -----  ---------  --------  ----------  --------------  -------------------
/opt/airflow/dags/predictive_pipeline_dag.py                           1           0  4.26s           2025-11-19T11:48:31
================================================================================
[2025-11-19T11:49:05.281+0000] {manager.py:878} INFO - 
================================================================================
DAG File Processing Stats

File Path                                     PID    Runtime      # DAGs    # Errors  Last Runtime    Last Run
--------------------------------------------  -----  ---------  --------  ----------  --------------  -------------------
/opt/airflow/dags/predictive_pipeline_dag.py                           1           0  3.14s           2025-11-19T11:49:05
================================================================================
[2025-11-19T11:49:38.685+0000] {manager.py:878} INFO - 
================================================================================
DAG File Processing Stats

File Path                                     PID    Runtime      # DAGs    # Errors  Last Runtime    Last Run
--------------------------------------------  -----  ---------  --------  ----------  --------------  -------------------
/opt/airflow/dags/predictive_pipeline_dag.py                           1           0  3.34s           2025-11-19T11:49:38
================================================================================
[2025-11-19T11:50:13.695+0000] {manager.py:878} INFO - 
================================================================================
DAG File Processing Stats

File Path                                     PID    Runtime      # DAGs    # Errors  Last Runtime    Last Run
--------------------------------------------  -----  ---------  --------  ----------  --------------  -------------------
/opt/airflow/dags/predictive_pipeline_dag.py                           1           0  3.82s           2025-11-19T11:50:13
================================================================================
[2025-11-19T12:00:11.215+0000] {manager.py:452} INFO - Exiting gracefully upon receiving signal 15
[2025-11-19T12:00:11.684+0000] {manager.py:470} INFO - Processing files using up to 1 processes at a time 
[2025-11-19T12:00:11.686+0000] {manager.py:471} INFO - Process each file at most once every 30 seconds
[2025-11-19T12:00:11.689+0000] {manager.py:472} INFO - Checking for new files in /opt/airflow/dags every 300 seconds
[2025-11-19T12:00:11.693+0000] {manager.py:737} INFO - Searching for files in /opt/airflow/dags
[2025-11-19T12:00:11.753+0000] {manager.py:740} INFO - There are 1 files in /opt/airflow/dags
[2025-11-19T12:00:16.802+0000] {manager.py:878} INFO - 
================================================================================
DAG File Processing Stats

File Path                                     PID    Runtime      # DAGs    # Errors  Last Runtime    Last Run
--------------------------------------------  -----  ---------  --------  ----------  --------------  -------------------
/opt/airflow/dags/predictive_pipeline_dag.py                           1           0  4.86s           2025-11-19T12:00:16
================================================================================
[2025-11-19T12:00:51.760+0000] {manager.py:878} INFO - 
================================================================================
DAG File Processing Stats

File Path                                     PID    Runtime      # DAGs    # Errors  Last Runtime    Last Run
--------------------------------------------  -----  ---------  --------  ----------  --------------  -------------------
/opt/airflow/dags/predictive_pipeline_dag.py                           1           0  4.23s           2025-11-19T12:00:51
================================================================================
[2025-11-19T12:01:26.512+0000] {manager.py:878} INFO - 
================================================================================
DAG File Processing Stats

File Path                                     PID    Runtime      # DAGs    # Errors  Last Runtime    Last Run
--------------------------------------------  -----  ---------  --------  ----------  --------------  -------------------
/opt/airflow/dags/predictive_pipeline_dag.py                           1           0  3.42s           2025-11-19T12:01:26
================================================================================
[2025-11-19T12:02:01.444+0000] {manager.py:878} INFO - 
================================================================================
DAG File Processing Stats

File Path                                     PID    Runtime      # DAGs    # Errors  Last Runtime    Last Run
--------------------------------------------  -----  ---------  --------  ----------  --------------  -------------------
/opt/airflow/dags/predictive_pipeline_dag.py                           1           0  4.75s           2025-11-19T12:02:01
================================================================================
[2025-11-19T12:02:35.508+0000] {manager.py:878} INFO - 
================================================================================
DAG File Processing Stats

File Path                                     PID    Runtime      # DAGs    # Errors  Last Runtime    Last Run
--------------------------------------------  -----  ---------  --------  ----------  --------------  -------------------
/opt/airflow/dags/predictive_pipeline_dag.py                           1           0  3.75s           2025-11-19T12:02:35
================================================================================
[2025-11-19T12:03:11.857+0000] {manager.py:878} INFO - 
================================================================================
DAG File Processing Stats

File Path                                     PID    Runtime      # DAGs    # Errors  Last Runtime    Last Run
--------------------------------------------  -----  ---------  --------  ----------  --------------  -------------------
/opt/airflow/dags/predictive_pipeline_dag.py                           1           0  5.33s           2025-11-19T12:03:11
================================================================================
[2025-11-19T12:03:45.713+0000] {manager.py:470} INFO - Processing files using up to 1 processes at a time 
[2025-11-19T12:03:45.715+0000] {manager.py:471} INFO - Process each file at most once every 30 seconds
[2025-11-19T12:03:45.720+0000] {manager.py:472} INFO - Checking for new files in /opt/airflow/dags every 300 seconds
[2025-11-19T12:03:45.722+0000] {manager.py:737} INFO - Searching for files in /opt/airflow/dags
[2025-11-19T12:03:45.775+0000] {manager.py:740} INFO - There are 1 files in /opt/airflow/dags
[2025-11-19T12:03:49.659+0000] {manager.py:878} INFO - 
================================================================================
DAG File Processing Stats

File Path                                     PID    Runtime      # DAGs    # Errors  Last Runtime    Last Run
--------------------------------------------  -----  ---------  --------  ----------  --------------  -------------------
/opt/airflow/dags/predictive_pipeline_dag.py                           1           0  3.71s           2025-11-19T12:03:49
================================================================================
[2025-11-19T12:04:25.212+0000] {manager.py:878} INFO - 
================================================================================
DAG File Processing Stats

File Path                                     PID    Runtime      # DAGs    # Errors  Last Runtime    Last Run
--------------------------------------------  -----  ---------  --------  ----------  --------------  -------------------
/opt/airflow/dags/predictive_pipeline_dag.py                           1           0  4.90s           2025-11-19T12:04:25
================================================================================
[2025-11-19T12:06:33.818+0000] {manager.py:452} INFO - Exiting gracefully upon receiving signal 15
[2025-11-19T12:06:34.216+0000] {manager.py:470} INFO - Processing files using up to 1 processes at a time 
[2025-11-19T12:06:34.219+0000] {manager.py:471} INFO - Process each file at most once every 30 seconds
[2025-11-19T12:06:34.221+0000] {manager.py:472} INFO - Checking for new files in /opt/airflow/dags every 300 seconds
[2025-11-19T12:06:34.222+0000] {manager.py:737} INFO - Searching for files in /opt/airflow/dags
[2025-11-19T12:06:34.278+0000] {manager.py:740} INFO - There are 1 files in /opt/airflow/dags
[2025-11-19T12:06:39.741+0000] {manager.py:878} INFO - 
================================================================================
DAG File Processing Stats

File Path                                     PID    Runtime      # DAGs    # Errors  Last Runtime    Last Run
--------------------------------------------  -----  ---------  --------  ----------  --------------  -------------------
/opt/airflow/dags/predictive_pipeline_dag.py                           1           0  5.33s           2025-11-19T12:06:39
================================================================================
[2025-11-19T12:07:15.356+0000] {manager.py:878} INFO - 
================================================================================
DAG File Processing Stats

File Path                                     PID    Runtime      # DAGs    # Errors  Last Runtime    Last Run
--------------------------------------------  -----  ---------  --------  ----------  --------------  -------------------
/opt/airflow/dags/predictive_pipeline_dag.py                           1           0  5.13s           2025-11-19T12:07:15
================================================================================
[2025-11-19T14:55:39.392+0000] {manager.py:737} INFO - Searching for files in /opt/airflow/dags
[2025-11-19T14:55:39.465+0000] {manager.py:740} INFO - There are 1 files in /opt/airflow/dags
[2025-11-19T14:55:56.237+0000] {manager.py:878} INFO - 
================================================================================
DAG File Processing Stats

File Path                                     PID    Runtime      # DAGs    # Errors  Last Runtime    Last Run
--------------------------------------------  -----  ---------  --------  ----------  --------------  -------------------
/opt/airflow/dags/predictive_pipeline_dag.py                           1           0  11.64s          2025-11-19T14:55:51
================================================================================
[2025-11-19T15:11:17.230+0000] {manager.py:737} INFO - Searching for files in /opt/airflow/dags
[2025-11-19T15:11:17.285+0000] {manager.py:740} INFO - There are 1 files in /opt/airflow/dags
[2025-11-19T15:11:47.627+0000] {manager.py:878} INFO - 
================================================================================
DAG File Processing Stats

File Path                                     PID    Runtime      # DAGs    # Errors  Last Runtime    Last Run
--------------------------------------------  -----  ---------  --------  ----------  --------------  -------------------
/opt/airflow/dags/predictive_pipeline_dag.py                           1           0  11.47s          2025-11-19T15:11:28
================================================================================
[2025-11-19T15:12:18.586+0000] {manager.py:878} INFO - 
================================================================================
DAG File Processing Stats

File Path                                     PID    Runtime      # DAGs    # Errors  Last Runtime    Last Run
--------------------------------------------  -----  ---------  --------  ----------  --------------  -------------------
/opt/airflow/dags/predictive_pipeline_dag.py                           1           0  3.23s           2025-11-19T15:12:02
================================================================================
[2025-11-19T15:12:49.270+0000] {manager.py:878} INFO - 
================================================================================
DAG File Processing Stats

File Path                                     PID    Runtime      # DAGs    # Errors  Last Runtime    Last Run
--------------------------------------------  -----  ---------  --------  ----------  --------------  -------------------
/opt/airflow/dags/predictive_pipeline_dag.py                           1           0  3.33s           2025-11-19T15:12:35
================================================================================
[2025-11-19T15:13:19.411+0000] {manager.py:878} INFO - 
================================================================================
DAG File Processing Stats

File Path                                     PID    Runtime      # DAGs    # Errors  Last Runtime    Last Run
--------------------------------------------  -----  ---------  --------  ----------  --------------  -------------------
/opt/airflow/dags/predictive_pipeline_dag.py                           1           0  3.22s           2025-11-19T15:13:09
================================================================================
[2025-11-19T15:13:49.901+0000] {manager.py:878} INFO - 
================================================================================
DAG File Processing Stats

File Path                                     PID    Runtime      # DAGs    # Errors  Last Runtime    Last Run
--------------------------------------------  -----  ---------  --------  ----------  --------------  -------------------
/opt/airflow/dags/predictive_pipeline_dag.py                           1           0  3.22s           2025-11-19T15:13:42
================================================================================
[2025-11-19T15:14:20.545+0000] {manager.py:878} INFO - 
================================================================================
DAG File Processing Stats

File Path                                     PID    Runtime      # DAGs    # Errors  Last Runtime    Last Run
--------------------------------------------  -----  ---------  --------  ----------  --------------  -------------------
/opt/airflow/dags/predictive_pipeline_dag.py                           1           0  3.31s           2025-11-19T15:14:16
================================================================================
[2025-11-19T15:14:50.753+0000] {manager.py:878} INFO - 
================================================================================
DAG File Processing Stats

File Path                                     PID    Runtime      # DAGs    # Errors  Last Runtime    Last Run
--------------------------------------------  -----  ---------  --------  ----------  --------------  -------------------
/opt/airflow/dags/predictive_pipeline_dag.py                           1           0  3.32s           2025-11-19T15:14:49
================================================================================
[2025-11-19T15:15:23.038+0000] {manager.py:878} INFO - 
================================================================================
DAG File Processing Stats

File Path                                     PID    Runtime      # DAGs    # Errors  Last Runtime    Last Run
--------------------------------------------  -----  ---------  --------  ----------  --------------  -------------------
/opt/airflow/dags/predictive_pipeline_dag.py                           1           0  3.21s           2025-11-19T15:15:23
================================================================================
[2025-11-19T15:15:56.464+0000] {manager.py:878} INFO - 
================================================================================
DAG File Processing Stats

File Path                                     PID    Runtime      # DAGs    # Errors  Last Runtime    Last Run
--------------------------------------------  -----  ---------  --------  ----------  --------------  -------------------
/opt/airflow/dags/predictive_pipeline_dag.py                           1           0  3.22s           2025-11-19T15:15:56
================================================================================
[2025-11-19T15:16:17.931+0000] {manager.py:737} INFO - Searching for files in /opt/airflow/dags
[2025-11-19T15:16:17.964+0000] {manager.py:740} INFO - There are 1 files in /opt/airflow/dags
[2025-11-19T15:16:30.088+0000] {manager.py:878} INFO - 
================================================================================
DAG File Processing Stats

File Path                                     PID    Runtime      # DAGs    # Errors  Last Runtime    Last Run
--------------------------------------------  -----  ---------  --------  ----------  --------------  -------------------
/opt/airflow/dags/predictive_pipeline_dag.py                           1           0  3.41s           2025-11-19T15:16:30
================================================================================
[2025-11-19T15:17:03.416+0000] {manager.py:878} INFO - 
================================================================================
DAG File Processing Stats

File Path                                     PID    Runtime      # DAGs    # Errors  Last Runtime    Last Run
--------------------------------------------  -----  ---------  --------  ----------  --------------  -------------------
/opt/airflow/dags/predictive_pipeline_dag.py                           1           0  3.12s           2025-11-19T15:17:03
================================================================================
[2025-11-19T15:17:36.845+0000] {manager.py:878} INFO - 
================================================================================
DAG File Processing Stats

File Path                                     PID    Runtime      # DAGs    # Errors  Last Runtime    Last Run
--------------------------------------------  -----  ---------  --------  ----------  --------------  -------------------
/opt/airflow/dags/predictive_pipeline_dag.py                           1           0  3.21s           2025-11-19T15:17:36
================================================================================
[2025-11-19T15:18:10.267+0000] {manager.py:878} INFO - 
================================================================================
DAG File Processing Stats

File Path                                     PID    Runtime      # DAGs    # Errors  Last Runtime    Last Run
--------------------------------------------  -----  ---------  --------  ----------  --------------  -------------------
/opt/airflow/dags/predictive_pipeline_dag.py                           1           0  3.21s           2025-11-19T15:18:10
================================================================================
[2025-11-19T15:18:43.589+0000] {manager.py:878} INFO - 
================================================================================
DAG File Processing Stats

File Path                                     PID    Runtime      # DAGs    # Errors  Last Runtime    Last Run
--------------------------------------------  -----  ---------  --------  ----------  --------------  -------------------
/opt/airflow/dags/predictive_pipeline_dag.py                           1           0  3.11s           2025-11-19T15:18:43
================================================================================
[2025-11-19T15:19:17.219+0000] {manager.py:878} INFO - 
================================================================================
DAG File Processing Stats

File Path                                     PID    Runtime      # DAGs    # Errors  Last Runtime    Last Run
--------------------------------------------  -----  ---------  --------  ----------  --------------  -------------------
/opt/airflow/dags/predictive_pipeline_dag.py                           1           0  3.42s           2025-11-19T15:19:17
================================================================================
[2025-11-19T15:19:51.663+0000] {manager.py:878} INFO - 
================================================================================
DAG File Processing Stats

File Path                                     PID    Runtime      # DAGs    # Errors  Last Runtime    Last Run
--------------------------------------------  -----  ---------  --------  ----------  --------------  -------------------
/opt/airflow/dags/predictive_pipeline_dag.py                           1           0  4.42s           2025-11-19T15:19:51
================================================================================
[2025-11-19T15:20:24.641+0000] {manager.py:878} INFO - 
================================================================================
DAG File Processing Stats

File Path                                     PID    Runtime      # DAGs    # Errors  Last Runtime    Last Run
--------------------------------------------  -----  ---------  --------  ----------  --------------  -------------------
/opt/airflow/dags/predictive_pipeline_dag.py                           1           0  2.81s           2025-11-19T15:20:24
================================================================================
[2025-11-19T15:20:57.526+0000] {manager.py:878} INFO - 
================================================================================
DAG File Processing Stats

File Path                                     PID    Runtime      # DAGs    # Errors  Last Runtime    Last Run
--------------------------------------------  -----  ---------  --------  ----------  --------------  -------------------
/opt/airflow/dags/predictive_pipeline_dag.py                           1           0  2.71s           2025-11-19T15:20:57
================================================================================
[2025-11-19T15:21:18.067+0000] {manager.py:737} INFO - Searching for files in /opt/airflow/dags
[2025-11-19T15:21:18.089+0000] {manager.py:740} INFO - There are 1 files in /opt/airflow/dags
[2025-11-19T15:21:30.346+0000] {manager.py:878} INFO - 
================================================================================
DAG File Processing Stats

File Path                                     PID    Runtime      # DAGs    # Errors  Last Runtime    Last Run
--------------------------------------------  -----  ---------  --------  ----------  --------------  -------------------
/opt/airflow/dags/predictive_pipeline_dag.py                           1           0  2.72s           2025-11-19T15:21:30
================================================================================
[2025-11-19T15:22:03.204+0000] {manager.py:878} INFO - 
================================================================================
DAG File Processing Stats

File Path                                     PID    Runtime      # DAGs    # Errors  Last Runtime    Last Run
--------------------------------------------  -----  ---------  --------  ----------  --------------  -------------------
/opt/airflow/dags/predictive_pipeline_dag.py                           1           0  2.71s           2025-11-19T15:22:03
================================================================================
[2025-11-19T15:22:36.682+0000] {manager.py:878} INFO - 
================================================================================
DAG File Processing Stats

File Path                                     PID    Runtime      # DAGs    # Errors  Last Runtime    Last Run
--------------------------------------------  -----  ---------  --------  ----------  --------------  -------------------
/opt/airflow/dags/predictive_pipeline_dag.py                           1           0  3.13s           2025-11-19T15:22:36
================================================================================
[2025-11-19T15:23:10.168+0000] {manager.py:878} INFO - 
================================================================================
DAG File Processing Stats

File Path                                     PID    Runtime      # DAGs    # Errors  Last Runtime    Last Run
--------------------------------------------  -----  ---------  --------  ----------  --------------  -------------------
/opt/airflow/dags/predictive_pipeline_dag.py                           1           0  3.42s           2025-11-19T15:23:10
================================================================================
[2025-11-19T15:23:42.611+0000] {manager.py:878} INFO - 
================================================================================
DAG File Processing Stats

File Path                                     PID    Runtime      # DAGs    # Errors  Last Runtime    Last Run
--------------------------------------------  -----  ---------  --------  ----------  --------------  -------------------
/opt/airflow/dags/predictive_pipeline_dag.py                           1           0  2.27s           2025-11-19T15:23:42
================================================================================
[2025-11-19T15:24:12.370+0000] {manager.py:878} INFO - 
================================================================================
DAG File Processing Stats

File Path                                     PID    Runtime      # DAGs    # Errors  Last Runtime    Last Run
--------------------------------------------  -----  ---------  --------  ----------  --------------  -------------------
/opt/airflow/dags/predictive_pipeline_dag.py                           1           0  2.27s           2025-11-19T15:23:42
================================================================================
[2025-11-19T15:24:42.448+0000] {manager.py:878} INFO - 
================================================================================
DAG File Processing Stats

File Path                                     PID    Runtime      # DAGs    # Errors  Last Runtime    Last Run
--------------------------------------------  -----  ---------  --------  ----------  --------------  -------------------
/opt/airflow/dags/predictive_pipeline_dag.py                           1           0  2.93s           2025-11-19T15:24:15
================================================================================
[2025-11-19T15:25:12.051+0000] {manager.py:878} INFO - 
================================================================================
DAG File Processing Stats

File Path                                     PID    Runtime      # DAGs    # Errors  Last Runtime    Last Run
--------------------------------------------  -----  ---------  --------  ----------  --------------  -------------------
/opt/airflow/dags/predictive_pipeline_dag.py                           1           0  3.02s           2025-11-19T15:24:48
================================================================================
[2025-11-19T15:25:41.600+0000] {manager.py:878} INFO - 
================================================================================
DAG File Processing Stats

File Path                                     PID    Runtime      # DAGs    # Errors  Last Runtime    Last Run
--------------------------------------------  -----  ---------  --------  ----------  --------------  -------------------
/opt/airflow/dags/predictive_pipeline_dag.py                           1           0  2.72s           2025-11-19T15:25:21
================================================================================
[2025-11-19T15:26:11.629+0000] {manager.py:878} INFO - 
================================================================================
DAG File Processing Stats

File Path                                     PID    Runtime      # DAGs    # Errors  Last Runtime    Last Run
--------------------------------------------  -----  ---------  --------  ----------  --------------  -------------------
/opt/airflow/dags/predictive_pipeline_dag.py                           1           0  3.34s           2025-11-19T15:25:55
================================================================================
[2025-11-19T15:26:18.313+0000] {manager.py:737} INFO - Searching for files in /opt/airflow/dags
[2025-11-19T15:26:18.349+0000] {manager.py:740} INFO - There are 1 files in /opt/airflow/dags
[2025-11-19T15:26:42.226+0000] {manager.py:878} INFO - 
================================================================================
DAG File Processing Stats

File Path                                     PID    Runtime      # DAGs    # Errors  Last Runtime    Last Run
--------------------------------------------  -----  ---------  --------  ----------  --------------  -------------------
/opt/airflow/dags/predictive_pipeline_dag.py                           1           0  2.93s           2025-11-19T15:26:28
================================================================================
[2025-11-19T15:27:12.553+0000] {manager.py:878} INFO - 
================================================================================
DAG File Processing Stats

File Path                                     PID    Runtime      # DAGs    # Errors  Last Runtime    Last Run
--------------------------------------------  -----  ---------  --------  ----------  --------------  -------------------
/opt/airflow/dags/predictive_pipeline_dag.py                           1           0  2.92s           2025-11-19T15:27:02
================================================================================
[2025-11-19T15:27:42.503+0000] {manager.py:878} INFO - 
================================================================================
DAG File Processing Stats

File Path                                     PID    Runtime      # DAGs    # Errors  Last Runtime    Last Run
--------------------------------------------  -----  ---------  --------  ----------  --------------  -------------------
/opt/airflow/dags/predictive_pipeline_dag.py                           1           0  3.05s           2025-11-19T15:27:36
================================================================================
[2025-11-19T15:28:12.350+0000] {manager.py:878} INFO - 
================================================================================
DAG File Processing Stats

File Path                                     PID    Runtime      # DAGs    # Errors  Last Runtime    Last Run
--------------------------------------------  -----  ---------  --------  ----------  --------------  -------------------
/opt/airflow/dags/predictive_pipeline_dag.py                           1           0  3.10s           2025-11-19T15:28:10
================================================================================
[2025-11-19T15:28:43.926+0000] {manager.py:878} INFO - 
================================================================================
DAG File Processing Stats

File Path                                     PID    Runtime      # DAGs    # Errors  Last Runtime    Last Run
--------------------------------------------  -----  ---------  --------  ----------  --------------  -------------------
/opt/airflow/dags/predictive_pipeline_dag.py                           1           0  3.13s           2025-11-19T15:28:43
================================================================================
[2025-11-19T15:29:17.063+0000] {manager.py:878} INFO - 
================================================================================
DAG File Processing Stats

File Path                                     PID    Runtime      # DAGs    # Errors  Last Runtime    Last Run
--------------------------------------------  -----  ---------  --------  ----------  --------------  -------------------
/opt/airflow/dags/predictive_pipeline_dag.py                           1           0  3.12s           2025-11-19T15:29:17
================================================================================
[2025-11-19T15:29:46.678+0000] {manager.py:878} INFO - 
================================================================================
DAG File Processing Stats

File Path                                     PID    Runtime      # DAGs    # Errors  Last Runtime    Last Run
--------------------------------------------  -----  ---------  --------  ----------  --------------  -------------------
/opt/airflow/dags/predictive_pipeline_dag.py                           1           0  3.12s           2025-11-19T15:29:17
================================================================================
[2025-11-19T15:30:17.757+0000] {manager.py:878} INFO - 
================================================================================
DAG File Processing Stats

File Path                                     PID    Runtime      # DAGs    # Errors  Last Runtime    Last Run
--------------------------------------------  -----  ---------  --------  ----------  --------------  -------------------
/opt/airflow/dags/predictive_pipeline_dag.py                           1           0  3.15s           2025-11-19T15:29:51
================================================================================
[2025-11-19T15:30:46.275+0000] {manager.py:878} INFO - 
================================================================================
DAG File Processing Stats

File Path                                     PID    Runtime      # DAGs    # Errors  Last Runtime    Last Run
--------------------------------------------  -----  ---------  --------  ----------  --------------  -------------------
/opt/airflow/dags/predictive_pipeline_dag.py                           1           0  3.02s           2025-11-19T15:30:24
================================================================================
[2025-11-19T15:31:18.321+0000] {manager.py:737} INFO - Searching for files in /opt/airflow/dags
[2025-11-19T15:31:18.348+0000] {manager.py:740} INFO - There are 1 files in /opt/airflow/dags
[2025-11-19T15:31:18.397+0000] {manager.py:878} INFO - 
================================================================================
DAG File Processing Stats

File Path                                     PID    Runtime      # DAGs    # Errors  Last Runtime    Last Run
--------------------------------------------  -----  ---------  --------  ----------  --------------  -------------------
/opt/airflow/dags/predictive_pipeline_dag.py                           1           0  3.04s           2025-11-19T15:30:58
================================================================================
[2025-11-19T15:31:46.727+0000] {manager.py:878} INFO - 
================================================================================
DAG File Processing Stats

File Path                                     PID    Runtime      # DAGs    # Errors  Last Runtime    Last Run
--------------------------------------------  -----  ---------  --------  ----------  --------------  -------------------
/opt/airflow/dags/predictive_pipeline_dag.py                           1           0  2.81s           2025-11-19T15:31:32
================================================================================
[2025-11-19T15:32:18.868+0000] {manager.py:878} INFO - 
================================================================================
DAG File Processing Stats

File Path                                     PID    Runtime      # DAGs    # Errors  Last Runtime    Last Run
--------------------------------------------  -----  ---------  --------  ----------  --------------  -------------------
/opt/airflow/dags/predictive_pipeline_dag.py                           1           0  2.91s           2025-11-19T15:32:06
================================================================================
[2025-11-19T15:32:49.612+0000] {manager.py:878} INFO - 
================================================================================
DAG File Processing Stats

File Path                                     PID    Runtime      # DAGs    # Errors  Last Runtime    Last Run
--------------------------------------------  -----  ---------  --------  ----------  --------------  -------------------
/opt/airflow/dags/predictive_pipeline_dag.py                           1           0  3.48s           2025-11-19T15:32:40
================================================================================
[2025-11-19T15:33:19.807+0000] {manager.py:878} INFO - 
================================================================================
DAG File Processing Stats

File Path                                     PID    Runtime      # DAGs    # Errors  Last Runtime    Last Run
--------------------------------------------  -----  ---------  --------  ----------  --------------  -------------------
/opt/airflow/dags/predictive_pipeline_dag.py                           1           0  3.72s           2025-11-19T15:33:15
================================================================================
[2025-11-19T15:33:49.971+0000] {manager.py:878} INFO - 
================================================================================
DAG File Processing Stats

File Path                                     PID    Runtime      # DAGs    # Errors  Last Runtime    Last Run
--------------------------------------------  -----  ---------  --------  ----------  --------------  -------------------
/opt/airflow/dags/predictive_pipeline_dag.py                           1           0  3.91s           2025-11-19T15:33:49
================================================================================
[2025-11-19T15:34:22.965+0000] {manager.py:878} INFO - 
================================================================================
DAG File Processing Stats

File Path                                     PID    Runtime      # DAGs    # Errors  Last Runtime    Last Run
--------------------------------------------  -----  ---------  --------  ----------  --------------  -------------------
/opt/airflow/dags/predictive_pipeline_dag.py                           1           0  3.16s           2025-11-19T15:34:22
================================================================================
[2025-11-19T15:34:52.848+0000] {manager.py:878} INFO - 
================================================================================
DAG File Processing Stats

File Path                                     PID    Runtime      # DAGs    # Errors  Last Runtime    Last Run
--------------------------------------------  -----  ---------  --------  ----------  --------------  -------------------
/opt/airflow/dags/predictive_pipeline_dag.py                           1           0  3.16s           2025-11-19T15:34:22
================================================================================
[2025-11-19T15:35:22.537+0000] {manager.py:878} INFO - 
================================================================================
DAG File Processing Stats

File Path                                     PID    Runtime      # DAGs    # Errors  Last Runtime    Last Run
--------------------------------------------  -----  ---------  --------  ----------  --------------  -------------------
/opt/airflow/dags/predictive_pipeline_dag.py                           1           0  2.91s           2025-11-19T15:34:56
================================================================================
[2025-11-19T15:35:52.235+0000] {manager.py:878} INFO - 
================================================================================
DAG File Processing Stats

File Path                                     PID    Runtime      # DAGs    # Errors  Last Runtime    Last Run
--------------------------------------------  -----  ---------  --------  ----------  --------------  -------------------
/opt/airflow/dags/predictive_pipeline_dag.py                           1           0  2.84s           2025-11-19T15:35:29
================================================================================
[2025-11-19T15:36:18.625+0000] {manager.py:737} INFO - Searching for files in /opt/airflow/dags
[2025-11-19T15:36:18.653+0000] {manager.py:740} INFO - There are 1 files in /opt/airflow/dags
[2025-11-19T15:36:21.889+0000] {manager.py:878} INFO - 
================================================================================
DAG File Processing Stats

File Path                                     PID    Runtime      # DAGs    # Errors  Last Runtime    Last Run
--------------------------------------------  -----  ---------  --------  ----------  --------------  -------------------
/opt/airflow/dags/predictive_pipeline_dag.py                           1           0  3.63s           2025-11-19T15:36:02
================================================================================
[2025-11-19T15:36:51.571+0000] {manager.py:878} INFO - 
================================================================================
DAG File Processing Stats

File Path                                     PID    Runtime      # DAGs    # Errors  Last Runtime    Last Run
--------------------------------------------  -----  ---------  --------  ----------  --------------  -------------------
/opt/airflow/dags/predictive_pipeline_dag.py                           1           0  2.95s           2025-11-19T15:36:36
================================================================================
[2025-11-19T15:37:21.192+0000] {manager.py:878} INFO - 
================================================================================
DAG File Processing Stats

File Path                                     PID    Runtime      # DAGs    # Errors  Last Runtime    Last Run
--------------------------------------------  -----  ---------  --------  ----------  --------------  -------------------
/opt/airflow/dags/predictive_pipeline_dag.py                           1           0  3.66s           2025-11-19T15:37:10
================================================================================
[2025-11-19T15:37:50.890+0000] {manager.py:878} INFO - 
================================================================================
DAG File Processing Stats

File Path                                     PID    Runtime      # DAGs    # Errors  Last Runtime    Last Run
--------------------------------------------  -----  ---------  --------  ----------  --------------  -------------------
/opt/airflow/dags/predictive_pipeline_dag.py                           1           0  3.13s           2025-11-19T15:37:44
================================================================================
[2025-11-19T15:38:20.579+0000] {manager.py:878} INFO - 
================================================================================
DAG File Processing Stats

File Path                                     PID    Runtime      # DAGs    # Errors  Last Runtime    Last Run
--------------------------------------------  -----  ---------  --------  ----------  --------------  -------------------
/opt/airflow/dags/predictive_pipeline_dag.py                           1           0  3.43s           2025-11-19T15:38:17
================================================================================
[2025-11-19T15:38:51.992+0000] {manager.py:878} INFO - 
================================================================================
DAG File Processing Stats

File Path                                     PID    Runtime      # DAGs    # Errors  Last Runtime    Last Run
--------------------------------------------  -----  ---------  --------  ----------  --------------  -------------------
/opt/airflow/dags/predictive_pipeline_dag.py                           1           0  3.84s           2025-11-19T15:38:51
================================================================================
[2025-11-19T15:39:21.695+0000] {manager.py:878} INFO - 
================================================================================
DAG File Processing Stats

File Path                                     PID    Runtime      # DAGs    # Errors  Last Runtime    Last Run
--------------------------------------------  -----  ---------  --------  ----------  --------------  -------------------
/opt/airflow/dags/predictive_pipeline_dag.py                           1           0  3.84s           2025-11-19T15:38:51
================================================================================
[2025-11-19T15:39:51.341+0000] {manager.py:878} INFO - 
================================================================================
DAG File Processing Stats

File Path                                     PID    Runtime      # DAGs    # Errors  Last Runtime    Last Run
--------------------------------------------  -----  ---------  --------  ----------  --------------  -------------------
/opt/airflow/dags/predictive_pipeline_dag.py                           1           0  3.36s           2025-11-19T15:39:25
================================================================================
[2025-11-19T15:40:20.976+0000] {manager.py:878} INFO - 
================================================================================
DAG File Processing Stats

File Path                                     PID    Runtime      # DAGs    # Errors  Last Runtime    Last Run
--------------------------------------------  -----  ---------  --------  ----------  --------------  -------------------
/opt/airflow/dags/predictive_pipeline_dag.py                           1           0  2.95s           2025-11-19T15:39:58
================================================================================
[2025-11-19T15:40:50.441+0000] {manager.py:878} INFO - 
================================================================================
DAG File Processing Stats

File Path                                     PID    Runtime      # DAGs    # Errors  Last Runtime    Last Run
--------------------------------------------  -----  ---------  --------  ----------  --------------  -------------------
/opt/airflow/dags/predictive_pipeline_dag.py                           1           0  3.17s           2025-11-19T15:40:32
================================================================================
[2025-11-19T15:41:19.365+0000] {manager.py:737} INFO - Searching for files in /opt/airflow/dags
[2025-11-19T15:41:19.394+0000] {manager.py:740} INFO - There are 1 files in /opt/airflow/dags
[2025-11-19T15:41:20.529+0000] {manager.py:878} INFO - 
================================================================================
DAG File Processing Stats

File Path                                     PID    Runtime      # DAGs    # Errors  Last Runtime    Last Run
--------------------------------------------  -----  ---------  --------  ----------  --------------  -------------------
/opt/airflow/dags/predictive_pipeline_dag.py                           1           0  2.84s           2025-11-19T15:41:05
================================================================================
[2025-11-19T15:41:50.515+0000] {manager.py:878} INFO - 
================================================================================
DAG File Processing Stats

File Path                                     PID    Runtime      # DAGs    # Errors  Last Runtime    Last Run
--------------------------------------------  -----  ---------  --------  ----------  --------------  -------------------
/opt/airflow/dags/predictive_pipeline_dag.py                           1           0  3.14s           2025-11-19T15:41:39
================================================================================
[2025-11-19T15:42:20.293+0000] {manager.py:878} INFO - 
================================================================================
DAG File Processing Stats

File Path                                     PID    Runtime      # DAGs    # Errors  Last Runtime    Last Run
--------------------------------------------  -----  ---------  --------  ----------  --------------  -------------------
/opt/airflow/dags/predictive_pipeline_dag.py                           1           0  3.05s           2025-11-19T15:42:12
================================================================================
[2025-11-19T15:42:49.972+0000] {manager.py:878} INFO - 
================================================================================
DAG File Processing Stats

File Path                                     PID    Runtime      # DAGs    # Errors  Last Runtime    Last Run
--------------------------------------------  -----  ---------  --------  ----------  --------------  -------------------
/opt/airflow/dags/predictive_pipeline_dag.py                           1           0  3.05s           2025-11-19T15:42:45
================================================================================
[2025-11-19T15:43:19.616+0000] {manager.py:878} INFO - 
================================================================================
DAG File Processing Stats

File Path                                     PID    Runtime      # DAGs    # Errors  Last Runtime    Last Run
--------------------------------------------  -----  ---------  --------  ----------  --------------  -------------------
/opt/airflow/dags/predictive_pipeline_dag.py                           1           0  3.14s           2025-11-19T15:43:18
================================================================================
[2025-11-19T15:43:51.989+0000] {manager.py:878} INFO - 
================================================================================
DAG File Processing Stats

File Path                                     PID    Runtime      # DAGs    # Errors  Last Runtime    Last Run
--------------------------------------------  -----  ---------  --------  ----------  --------------  -------------------
/opt/airflow/dags/predictive_pipeline_dag.py                           1           0  3.24s           2025-11-19T15:43:51
================================================================================
[2025-11-19T15:44:24.892+0000] {manager.py:878} INFO - 
================================================================================
DAG File Processing Stats

File Path                                     PID    Runtime      # DAGs    # Errors  Last Runtime    Last Run
--------------------------------------------  -----  ---------  --------  ----------  --------------  -------------------
/opt/airflow/dags/predictive_pipeline_dag.py                           1           0  3.54s           2025-11-19T15:44:24
================================================================================
[2025-11-19T15:44:54.545+0000] {manager.py:878} INFO - 
================================================================================
DAG File Processing Stats

File Path                                     PID    Runtime      # DAGs    # Errors  Last Runtime    Last Run
--------------------------------------------  -----  ---------  --------  ----------  --------------  -------------------
/opt/airflow/dags/predictive_pipeline_dag.py                           1           0  3.54s           2025-11-19T15:44:24
================================================================================
[2025-11-19T15:45:24.175+0000] {manager.py:878} INFO - 
================================================================================
DAG File Processing Stats

File Path                                     PID    Runtime      # DAGs    # Errors  Last Runtime    Last Run
--------------------------------------------  -----  ---------  --------  ----------  --------------  -------------------
/opt/airflow/dags/predictive_pipeline_dag.py                           1           0  3.95s           2025-11-19T15:44:58
================================================================================
[2025-11-19T15:45:53.802+0000] {manager.py:878} INFO - 
================================================================================
DAG File Processing Stats

File Path                                     PID    Runtime      # DAGs    # Errors  Last Runtime    Last Run
--------------------------------------------  -----  ---------  --------  ----------  --------------  -------------------
/opt/airflow/dags/predictive_pipeline_dag.py                           1           0  3.04s           2025-11-19T15:45:31
================================================================================
[2025-11-19T15:46:20.274+0000] {manager.py:737} INFO - Searching for files in /opt/airflow/dags
[2025-11-19T15:46:20.299+0000] {manager.py:740} INFO - There are 1 files in /opt/airflow/dags
[2025-11-19T15:46:23.166+0000] {manager.py:878} INFO - 
================================================================================
DAG File Processing Stats

File Path                                     PID    Runtime      # DAGs    # Errors  Last Runtime    Last Run
--------------------------------------------  -----  ---------  --------  ----------  --------------  -------------------
/opt/airflow/dags/predictive_pipeline_dag.py                           1           0  3.55s           2025-11-19T15:46:05
================================================================================
[2025-11-19T15:46:53.006+0000] {manager.py:878} INFO - 
================================================================================
DAG File Processing Stats

File Path                                     PID    Runtime      # DAGs    # Errors  Last Runtime    Last Run
--------------------------------------------  -----  ---------  --------  ----------  --------------  -------------------
/opt/airflow/dags/predictive_pipeline_dag.py                           1           0  2.84s           2025-11-19T15:46:38
================================================================================
[2025-11-19T15:47:22.765+0000] {manager.py:878} INFO - 
================================================================================
DAG File Processing Stats

File Path                                     PID    Runtime      # DAGs    # Errors  Last Runtime    Last Run
--------------------------------------------  -----  ---------  --------  ----------  --------------  -------------------
/opt/airflow/dags/predictive_pipeline_dag.py                           1           0  2.96s           2025-11-19T15:47:11
================================================================================
[2025-11-19T15:47:53.003+0000] {manager.py:878} INFO - 
================================================================================
DAG File Processing Stats

File Path                                     PID    Runtime      # DAGs    # Errors  Last Runtime    Last Run
--------------------------------------------  -----  ---------  --------  ----------  --------------  -------------------
/opt/airflow/dags/predictive_pipeline_dag.py                           1           0  3.36s           2025-11-19T15:47:45
================================================================================
[2025-11-19T15:48:22.555+0000] {manager.py:878} INFO - 
================================================================================
DAG File Processing Stats

File Path                                     PID    Runtime      # DAGs    # Errors  Last Runtime    Last Run
--------------------------------------------  -----  ---------  --------  ----------  --------------  -------------------
/opt/airflow/dags/predictive_pipeline_dag.py                           1           0  3.36s           2025-11-19T15:48:19
================================================================================
[2025-11-19T15:48:52.757+0000] {manager.py:878} INFO - 
================================================================================
DAG File Processing Stats

File Path                                     PID    Runtime      # DAGs    # Errors  Last Runtime    Last Run
--------------------------------------------  -----  ---------  --------  ----------  --------------  -------------------
/opt/airflow/dags/predictive_pipeline_dag.py                           1           0  3.26s           2025-11-19T15:48:52
================================================================================
[2025-11-19T15:49:22.316+0000] {manager.py:878} INFO - 
================================================================================
DAG File Processing Stats

File Path                                     PID    Runtime      # DAGs    # Errors  Last Runtime    Last Run
--------------------------------------------  -----  ---------  --------  ----------  --------------  -------------------
/opt/airflow/dags/predictive_pipeline_dag.py                           1           0  3.26s           2025-11-19T15:48:52
================================================================================
[2025-11-19T15:49:51.755+0000] {manager.py:878} INFO - 
================================================================================
DAG File Processing Stats

File Path                                     PID    Runtime      # DAGs    # Errors  Last Runtime    Last Run
--------------------------------------------  -----  ---------  --------  ----------  --------------  -------------------
/opt/airflow/dags/predictive_pipeline_dag.py                           1           0  3.14s           2025-11-19T15:49:26
================================================================================
[2025-11-19T15:50:21.151+0000] {manager.py:878} INFO - 
================================================================================
DAG File Processing Stats

File Path                                     PID    Runtime      # DAGs    # Errors  Last Runtime    Last Run
--------------------------------------------  -----  ---------  --------  ----------  --------------  -------------------
/opt/airflow/dags/predictive_pipeline_dag.py                           1           0  3.56s           2025-11-19T15:50:00
================================================================================
[2025-11-19T15:50:50.535+0000] {manager.py:878} INFO - 
================================================================================
DAG File Processing Stats

File Path                                     PID    Runtime      # DAGs    # Errors  Last Runtime    Last Run
--------------------------------------------  -----  ---------  --------  ----------  --------------  -------------------
/opt/airflow/dags/predictive_pipeline_dag.py                           1           0  3.33s           2025-11-19T15:50:34
================================================================================
[2025-11-19T15:51:19.970+0000] {manager.py:878} INFO - 
================================================================================
DAG File Processing Stats

File Path                                     PID    Runtime      # DAGs    # Errors  Last Runtime    Last Run
--------------------------------------------  -----  ---------  --------  ----------  --------------  -------------------
/opt/airflow/dags/predictive_pipeline_dag.py                           1           0  2.96s           2025-11-19T15:51:07
================================================================================
[2025-11-19T15:51:21.045+0000] {manager.py:737} INFO - Searching for files in /opt/airflow/dags
[2025-11-19T15:51:21.070+0000] {manager.py:740} INFO - There are 1 files in /opt/airflow/dags
[2025-11-19T15:51:49.872+0000] {manager.py:878} INFO - 
================================================================================
DAG File Processing Stats

File Path                                     PID    Runtime      # DAGs    # Errors  Last Runtime    Last Run
--------------------------------------------  -----  ---------  --------  ----------  --------------  -------------------
/opt/airflow/dags/predictive_pipeline_dag.py                           1           0  3.76s           2025-11-19T15:51:41
================================================================================
[2025-11-19T15:52:19.911+0000] {manager.py:878} INFO - 
================================================================================
DAG File Processing Stats

File Path                                     PID    Runtime      # DAGs    # Errors  Last Runtime    Last Run
--------------------------------------------  -----  ---------  --------  ----------  --------------  -------------------
/opt/airflow/dags/predictive_pipeline_dag.py                           1           0  3.36s           2025-11-19T15:52:15
================================================================================
[2025-11-19T15:52:49.570+0000] {manager.py:878} INFO - 
================================================================================
DAG File Processing Stats

File Path                                     PID    Runtime      # DAGs    # Errors  Last Runtime    Last Run
--------------------------------------------  -----  ---------  --------  ----------  --------------  -------------------
/opt/airflow/dags/predictive_pipeline_dag.py                           1           0  2.37s           2025-11-19T15:52:48
================================================================================
[2025-11-19T15:53:22.876+0000] {manager.py:878} INFO - 
================================================================================
DAG File Processing Stats

File Path                                     PID    Runtime      # DAGs    # Errors  Last Runtime    Last Run
--------------------------------------------  -----  ---------  --------  ----------  --------------  -------------------
/opt/airflow/dags/predictive_pipeline_dag.py                           1           0  3.67s           2025-11-19T15:53:22
================================================================================
[2025-11-19T15:53:52.292+0000] {manager.py:878} INFO - 
================================================================================
DAG File Processing Stats

File Path                                     PID    Runtime      # DAGs    # Errors  Last Runtime    Last Run
--------------------------------------------  -----  ---------  --------  ----------  --------------  -------------------
/opt/airflow/dags/predictive_pipeline_dag.py                           1           0  3.67s           2025-11-19T15:53:22
================================================================================
[2025-11-19T15:54:22.027+0000] {manager.py:878} INFO - 
================================================================================
DAG File Processing Stats

File Path                                     PID    Runtime      # DAGs    # Errors  Last Runtime    Last Run
--------------------------------------------  -----  ---------  --------  ----------  --------------  -------------------
/opt/airflow/dags/predictive_pipeline_dag.py                           1           0  3.56s           2025-11-19T15:53:56
================================================================================
[2025-11-19T15:54:51.387+0000] {manager.py:878} INFO - 
================================================================================
DAG File Processing Stats

File Path                                     PID    Runtime      # DAGs    # Errors  Last Runtime    Last Run
--------------------------------------------  -----  ---------  --------  ----------  --------------  -------------------
/opt/airflow/dags/predictive_pipeline_dag.py                           1           0  3.04s           2025-11-19T15:54:30
================================================================================
[2025-11-19T15:55:20.755+0000] {manager.py:878} INFO - 
================================================================================
DAG File Processing Stats

File Path                                     PID    Runtime      # DAGs    # Errors  Last Runtime    Last Run
--------------------------------------------  -----  ---------  --------  ----------  --------------  -------------------
/opt/airflow/dags/predictive_pipeline_dag.py                           1           0  3.53s           2025-11-19T15:55:04
================================================================================
[2025-11-19T15:55:50.378+0000] {manager.py:878} INFO - 
================================================================================
DAG File Processing Stats

File Path                                     PID    Runtime      # DAGs    # Errors  Last Runtime    Last Run
--------------------------------------------  -----  ---------  --------  ----------  --------------  -------------------
/opt/airflow/dags/predictive_pipeline_dag.py                           1           0  3.06s           2025-11-19T15:55:38
================================================================================
[2025-11-19T15:56:20.441+0000] {manager.py:878} INFO - 
================================================================================
DAG File Processing Stats

File Path                                     PID    Runtime      # DAGs    # Errors  Last Runtime    Last Run
--------------------------------------------  -----  ---------  --------  ----------  --------------  -------------------
/opt/airflow/dags/predictive_pipeline_dag.py                           1           0  3.25s           2025-11-19T15:56:12
================================================================================
[2025-11-19T15:56:21.516+0000] {manager.py:737} INFO - Searching for files in /opt/airflow/dags
[2025-11-19T15:56:21.541+0000] {manager.py:740} INFO - There are 1 files in /opt/airflow/dags
[2025-11-19T15:56:50.133+0000] {manager.py:878} INFO - 
================================================================================
DAG File Processing Stats

File Path                                     PID    Runtime      # DAGs    # Errors  Last Runtime    Last Run
--------------------------------------------  -----  ---------  --------  ----------  --------------  -------------------
/opt/airflow/dags/predictive_pipeline_dag.py                           1           0  3.17s           2025-11-19T15:56:46
================================================================================
[2025-11-19T15:57:20.306+0000] {manager.py:878} INFO - 
================================================================================
DAG File Processing Stats

File Path                                     PID    Runtime      # DAGs    # Errors  Last Runtime    Last Run
--------------------------------------------  -----  ---------  --------  ----------  --------------  -------------------
/opt/airflow/dags/predictive_pipeline_dag.py                           1           0  2.95s           2025-11-19T15:57:19
================================================================================
[2025-11-19T15:57:53.212+0000] {manager.py:878} INFO - 
================================================================================
DAG File Processing Stats

File Path                                     PID    Runtime      # DAGs    # Errors  Last Runtime    Last Run
--------------------------------------------  -----  ---------  --------  ----------  --------------  -------------------
/opt/airflow/dags/predictive_pipeline_dag.py                           1           0  2.95s           2025-11-19T15:57:53
================================================================================
[2025-11-19T15:58:22.676+0000] {manager.py:878} INFO - 
================================================================================
DAG File Processing Stats

File Path                                     PID    Runtime      # DAGs    # Errors  Last Runtime    Last Run
--------------------------------------------  -----  ---------  --------  ----------  --------------  -------------------
/opt/airflow/dags/predictive_pipeline_dag.py                           1           0  2.95s           2025-11-19T15:57:53
================================================================================
[2025-11-19T15:58:52.178+0000] {manager.py:878} INFO - 
================================================================================
DAG File Processing Stats

File Path                                     PID    Runtime      # DAGs    # Errors  Last Runtime    Last Run
--------------------------------------------  -----  ---------  --------  ----------  --------------  -------------------
/opt/airflow/dags/predictive_pipeline_dag.py                           1           0  3.04s           2025-11-19T15:58:26
================================================================================
[2025-11-19T15:59:21.511+0000] {manager.py:878} INFO - 
================================================================================
DAG File Processing Stats

File Path                                     PID    Runtime      # DAGs    # Errors  Last Runtime    Last Run
--------------------------------------------  -----  ---------  --------  ----------  --------------  -------------------
/opt/airflow/dags/predictive_pipeline_dag.py                           1           0  3.35s           2025-11-19T15:59:01
================================================================================
[2025-11-19T16:20:41.356+0000] {manager.py:737} INFO - Searching for files in /opt/airflow/dags
[2025-11-19T16:20:42.399+0000] {manager.py:740} INFO - There are 1 files in /opt/airflow/dags
[2025-11-19T16:20:49.756+0000] {manager.py:878} INFO - 
================================================================================
DAG File Processing Stats

File Path                                     PID    Runtime      # DAGs    # Errors  Last Runtime    Last Run
--------------------------------------------  -----  ---------  --------  ----------  --------------  -------------------
/opt/airflow/dags/predictive_pipeline_dag.py                           1           0  6.82s           2025-11-19T16:20:49
================================================================================
[2025-11-19T16:21:19.090+0000] {manager.py:878} INFO - 
================================================================================
DAG File Processing Stats

File Path                                     PID    Runtime      # DAGs    # Errors  Last Runtime    Last Run
--------------------------------------------  -----  ---------  --------  ----------  --------------  -------------------
/opt/airflow/dags/predictive_pipeline_dag.py                           1           0  6.82s           2025-11-19T16:20:49
================================================================================
[2025-11-19T16:21:48.346+0000] {manager.py:878} INFO - 
================================================================================
DAG File Processing Stats

File Path                                     PID    Runtime      # DAGs    # Errors  Last Runtime    Last Run
--------------------------------------------  -----  ---------  --------  ----------  --------------  -------------------
/opt/airflow/dags/predictive_pipeline_dag.py                           1           0  3.24s           2025-11-19T16:21:23
================================================================================
[2025-11-19T16:22:17.760+0000] {manager.py:878} INFO - 
================================================================================
DAG File Processing Stats

File Path                                     PID    Runtime      # DAGs    # Errors  Last Runtime    Last Run
--------------------------------------------  -----  ---------  --------  ----------  --------------  -------------------
/opt/airflow/dags/predictive_pipeline_dag.py                           1           0  2.98s           2025-11-19T16:21:57
================================================================================
[2025-11-19T16:22:47.162+0000] {manager.py:878} INFO - 
================================================================================
DAG File Processing Stats

File Path                                     PID    Runtime      # DAGs    # Errors  Last Runtime    Last Run
--------------------------------------------  -----  ---------  --------  ----------  --------------  -------------------
/opt/airflow/dags/predictive_pipeline_dag.py                           1           0  2.73s           2025-11-19T16:22:30
================================================================================
[2025-11-19T16:23:16.883+0000] {manager.py:878} INFO - 
================================================================================
DAG File Processing Stats

File Path                                     PID    Runtime      # DAGs    # Errors  Last Runtime    Last Run
--------------------------------------------  -----  ---------  --------  ----------  --------------  -------------------
/opt/airflow/dags/predictive_pipeline_dag.py                           1           0  3.48s           2025-11-19T16:23:04
================================================================================
[2025-11-19T16:23:46.967+0000] {manager.py:878} INFO - 
================================================================================
DAG File Processing Stats

File Path                                     PID    Runtime      # DAGs    # Errors  Last Runtime    Last Run
--------------------------------------------  -----  ---------  --------  ----------  --------------  -------------------
/opt/airflow/dags/predictive_pipeline_dag.py                           1           0  3.62s           2025-11-19T16:23:38
================================================================================
[2025-11-19T16:24:16.116+0000] {manager.py:878} INFO - 
================================================================================
DAG File Processing Stats

File Path                                     PID    Runtime      # DAGs    # Errors  Last Runtime    Last Run
--------------------------------------------  -----  ---------  --------  ----------  --------------  -------------------
/opt/airflow/dags/predictive_pipeline_dag.py                           1           0  3.59s           2025-11-19T16:24:12
================================================================================
[2025-11-19T16:24:46.445+0000] {manager.py:878} INFO - 
================================================================================
DAG File Processing Stats

File Path                                     PID    Runtime      # DAGs    # Errors  Last Runtime    Last Run
--------------------------------------------  -----  ---------  --------  ----------  --------------  -------------------
/opt/airflow/dags/predictive_pipeline_dag.py                           1           0  3.27s           2025-11-19T16:24:46
================================================================================
[2025-11-19T16:25:15.803+0000] {manager.py:878} INFO - 
================================================================================
DAG File Processing Stats

File Path                                     PID    Runtime      # DAGs    # Errors  Last Runtime    Last Run
--------------------------------------------  -----  ---------  --------  ----------  --------------  -------------------
/opt/airflow/dags/predictive_pipeline_dag.py                           1           0  3.27s           2025-11-19T16:24:46
================================================================================
[2025-11-19T16:25:41.479+0000] {manager.py:737} INFO - Searching for files in /opt/airflow/dags
[2025-11-19T16:25:41.508+0000] {manager.py:740} INFO - There are 1 files in /opt/airflow/dags
[2025-11-19T16:25:45.950+0000] {manager.py:878} INFO - 
================================================================================
DAG File Processing Stats

File Path                                     PID    Runtime      # DAGs    # Errors  Last Runtime    Last Run
--------------------------------------------  -----  ---------  --------  ----------  --------------  -------------------
/opt/airflow/dags/predictive_pipeline_dag.py                           1           0  3.07s           2025-11-19T16:25:19
================================================================================
[2025-11-19T16:26:15.393+0000] {manager.py:878} INFO - 
================================================================================
DAG File Processing Stats

File Path                                     PID    Runtime      # DAGs    # Errors  Last Runtime    Last Run
--------------------------------------------  -----  ---------  --------  ----------  --------------  -------------------
/opt/airflow/dags/predictive_pipeline_dag.py                           1           0  2.21s           2025-11-19T16:25:52
================================================================================
[2025-11-19T16:26:45.430+0000] {manager.py:878} INFO - 
================================================================================
DAG File Processing Stats

File Path                                     PID    Runtime      # DAGs    # Errors  Last Runtime    Last Run
--------------------------------------------  -----  ---------  --------  ----------  --------------  -------------------
/opt/airflow/dags/predictive_pipeline_dag.py                           1           0  2.97s           2025-11-19T16:26:26
================================================================================
[2025-11-19T16:27:15.056+0000] {manager.py:878} INFO - 
================================================================================
DAG File Processing Stats

File Path                                     PID    Runtime      # DAGs    # Errors  Last Runtime    Last Run
--------------------------------------------  -----  ---------  --------  ----------  --------------  -------------------
/opt/airflow/dags/predictive_pipeline_dag.py                           1           0  3.05s           2025-11-19T16:26:59
================================================================================
[2025-11-19T16:27:44.280+0000] {manager.py:878} INFO - 
================================================================================
DAG File Processing Stats

File Path                                     PID    Runtime      # DAGs    # Errors  Last Runtime    Last Run
--------------------------------------------  -----  ---------  --------  ----------  --------------  -------------------
/opt/airflow/dags/predictive_pipeline_dag.py                           1           0  2.98s           2025-11-19T16:27:33
================================================================================
[2025-11-19T16:28:13.830+0000] {manager.py:878} INFO - 
================================================================================
DAG File Processing Stats

File Path                                     PID    Runtime      # DAGs    # Errors  Last Runtime    Last Run
--------------------------------------------  -----  ---------  --------  ----------  --------------  -------------------
/opt/airflow/dags/predictive_pipeline_dag.py                           1           0  2.87s           2025-11-19T16:28:06
================================================================================
[2025-11-19T16:28:43.200+0000] {manager.py:878} INFO - 
================================================================================
DAG File Processing Stats

File Path                                     PID    Runtime      # DAGs    # Errors  Last Runtime    Last Run
--------------------------------------------  -----  ---------  --------  ----------  --------------  -------------------
/opt/airflow/dags/predictive_pipeline_dag.py                           1           0  2.95s           2025-11-19T16:28:40
================================================================================
[2025-11-19T16:29:14.157+0000] {manager.py:878} INFO - 
================================================================================
DAG File Processing Stats

File Path                                     PID    Runtime      # DAGs    # Errors  Last Runtime    Last Run
--------------------------------------------  -----  ---------  --------  ----------  --------------  -------------------
/opt/airflow/dags/predictive_pipeline_dag.py                           1           0  3.23s           2025-11-19T16:29:14
================================================================================
[2025-11-19T16:29:43.317+0000] {manager.py:878} INFO - 
================================================================================
DAG File Processing Stats

File Path                                     PID    Runtime      # DAGs    # Errors  Last Runtime    Last Run
--------------------------------------------  -----  ---------  --------  ----------  --------------  -------------------
/opt/airflow/dags/predictive_pipeline_dag.py                           1           0  3.23s           2025-11-19T16:29:14
================================================================================
[2025-11-19T16:30:12.919+0000] {manager.py:878} INFO - 
================================================================================
DAG File Processing Stats

File Path                                     PID    Runtime      # DAGs    # Errors  Last Runtime    Last Run
--------------------------------------------  -----  ---------  --------  ----------  --------------  -------------------
/opt/airflow/dags/predictive_pipeline_dag.py                           1           0  2.59s           2025-11-19T16:29:47
================================================================================
[2025-11-19T16:30:41.560+0000] {manager.py:737} INFO - Searching for files in /opt/airflow/dags
[2025-11-19T16:30:41.585+0000] {manager.py:740} INFO - There are 1 files in /opt/airflow/dags
[2025-11-19T16:30:42.259+0000] {manager.py:878} INFO - 
================================================================================
DAG File Processing Stats

File Path                                     PID    Runtime      # DAGs    # Errors  Last Runtime    Last Run
--------------------------------------------  -----  ---------  --------  ----------  --------------  -------------------
/opt/airflow/dags/predictive_pipeline_dag.py                           1           0  3.67s           2025-11-19T16:30:21
================================================================================
[2025-11-19T16:31:12.024+0000] {manager.py:878} INFO - 
================================================================================
DAG File Processing Stats

File Path                                     PID    Runtime      # DAGs    # Errors  Last Runtime    Last Run
--------------------------------------------  -----  ---------  --------  ----------  --------------  -------------------
/opt/airflow/dags/predictive_pipeline_dag.py                           1           0  3.06s           2025-11-19T16:30:54
================================================================================
[2025-11-19T16:31:41.345+0000] {manager.py:878} INFO - 
================================================================================
DAG File Processing Stats

File Path                                     PID    Runtime      # DAGs    # Errors  Last Runtime    Last Run
--------------------------------------------  -----  ---------  --------  ----------  --------------  -------------------
/opt/airflow/dags/predictive_pipeline_dag.py                           1           0  3.55s           2025-11-19T16:31:28
================================================================================
[2025-11-19T16:32:10.740+0000] {manager.py:878} INFO - 
================================================================================
DAG File Processing Stats

File Path                                     PID    Runtime      # DAGs    # Errors  Last Runtime    Last Run
--------------------------------------------  -----  ---------  --------  ----------  --------------  -------------------
/opt/airflow/dags/predictive_pipeline_dag.py                           1           0  3.36s           2025-11-19T16:32:03
================================================================================
[2025-11-19T16:32:40.401+0000] {manager.py:878} INFO - 
================================================================================
DAG File Processing Stats

File Path                                     PID    Runtime      # DAGs    # Errors  Last Runtime    Last Run
--------------------------------------------  -----  ---------  --------  ----------  --------------  -------------------
/opt/airflow/dags/predictive_pipeline_dag.py                           1           0  3.16s           2025-11-19T16:32:36
================================================================================
[2025-11-19T16:33:10.260+0000] {manager.py:878} INFO - 
================================================================================
DAG File Processing Stats

File Path                                     PID    Runtime      # DAGs    # Errors  Last Runtime    Last Run
--------------------------------------------  -----  ---------  --------  ----------  --------------  -------------------
/opt/airflow/dags/predictive_pipeline_dag.py                           1           0  3.03s           2025-11-19T16:33:10
================================================================================
[2025-11-19T16:33:39.375+0000] {manager.py:878} INFO - 
================================================================================
DAG File Processing Stats

File Path                                     PID    Runtime      # DAGs    # Errors  Last Runtime    Last Run
--------------------------------------------  -----  ---------  --------  ----------  --------------  -------------------
/opt/airflow/dags/predictive_pipeline_dag.py                           1           0  3.03s           2025-11-19T16:33:10
================================================================================
[2025-11-19T16:34:08.680+0000] {manager.py:878} INFO - 
================================================================================
DAG File Processing Stats

File Path                                     PID    Runtime      # DAGs    # Errors  Last Runtime    Last Run
--------------------------------------------  -----  ---------  --------  ----------  --------------  -------------------
/opt/airflow/dags/predictive_pipeline_dag.py                           1           0  3.03s           2025-11-19T16:33:44
================================================================================
[2025-11-19T16:34:38.181+0000] {manager.py:878} INFO - 
================================================================================
DAG File Processing Stats

File Path                                     PID    Runtime      # DAGs    # Errors  Last Runtime    Last Run
--------------------------------------------  -----  ---------  --------  ----------  --------------  -------------------
/opt/airflow/dags/predictive_pipeline_dag.py                           1           0  3.86s           2025-11-19T16:34:18
================================================================================
[2025-11-19T16:35:07.904+0000] {manager.py:878} INFO - 
================================================================================
DAG File Processing Stats

File Path                                     PID    Runtime      # DAGs    # Errors  Last Runtime    Last Run
--------------------------------------------  -----  ---------  --------  ----------  --------------  -------------------
/opt/airflow/dags/predictive_pipeline_dag.py                           1           0  3.38s           2025-11-19T16:34:52
================================================================================
[2025-11-19T16:41:42.885+0000] {manager.py:737} INFO - Searching for files in /opt/airflow/dags
[2025-11-19T16:41:45.187+0000] {manager.py:740} INFO - There are 1 files in /opt/airflow/dags
[2025-11-19T16:42:04.540+0000] {manager.py:878} INFO - 
================================================================================
DAG File Processing Stats

File Path                                     PID    Runtime      # DAGs    # Errors  Last Runtime    Last Run
--------------------------------------------  -----  ---------  --------  ----------  --------------  -------------------
/opt/airflow/dags/predictive_pipeline_dag.py                           1           0  10.15s          2025-11-19T16:41:56
================================================================================
[2025-11-19T16:42:34.835+0000] {manager.py:878} INFO - 
================================================================================
DAG File Processing Stats

File Path                                     PID    Runtime      # DAGs    # Errors  Last Runtime    Last Run
--------------------------------------------  -----  ---------  --------  ----------  --------------  -------------------
/opt/airflow/dags/predictive_pipeline_dag.py                           1           0  4.61s           2025-11-19T16:42:31
================================================================================
[2025-11-19T16:43:06.351+0000] {manager.py:878} INFO - 
================================================================================
DAG File Processing Stats

File Path                                     PID    Runtime      # DAGs    # Errors  Last Runtime    Last Run
--------------------------------------------  -----  ---------  --------  ----------  --------------  -------------------
/opt/airflow/dags/predictive_pipeline_dag.py                           1           0  4.66s           2025-11-19T16:43:06
================================================================================
[2025-11-19T16:43:36.253+0000] {manager.py:878} INFO - 
================================================================================
DAG File Processing Stats

File Path                                     PID    Runtime      # DAGs    # Errors  Last Runtime    Last Run
--------------------------------------------  -----  ---------  --------  ----------  --------------  -------------------
/opt/airflow/dags/predictive_pipeline_dag.py                           1           0  4.66s           2025-11-19T16:43:06
================================================================================
[2025-11-19T16:44:06.575+0000] {manager.py:878} INFO - 
================================================================================
DAG File Processing Stats

File Path                                     PID    Runtime      # DAGs    # Errors  Last Runtime    Last Run
--------------------------------------------  -----  ---------  --------  ----------  --------------  -------------------
/opt/airflow/dags/predictive_pipeline_dag.py                           1           0  6.82s           2025-11-19T16:43:43
================================================================================
[2025-11-19T19:38:21.771+0000] {manager.py:737} INFO - Searching for files in /opt/airflow/dags
[2025-11-19T19:38:22.021+0000] {manager.py:740} INFO - There are 1 files in /opt/airflow/dags
[2025-11-19T19:38:44.712+0000] {manager.py:878} INFO - 
================================================================================
DAG File Processing Stats

File Path                                     PID    Runtime      # DAGs    # Errors  Last Runtime    Last Run
--------------------------------------------  -----  ---------  --------  ----------  --------------  -------------------
/opt/airflow/dags/predictive_pipeline_dag.py                           1           0  20.96s          2025-11-19T19:38:44
================================================================================
[2025-11-19T19:39:19.786+0000] {manager.py:878} INFO - 
================================================================================
DAG File Processing Stats

File Path                                     PID    Runtime      # DAGs    # Errors  Last Runtime    Last Run
--------------------------------------------  -----  ---------  --------  ----------  --------------  -------------------
/opt/airflow/dags/predictive_pipeline_dag.py                           1           0  4.54s           2025-11-19T19:39:19
================================================================================
[2025-11-19T19:39:49.756+0000] {manager.py:878} INFO - 
================================================================================
DAG File Processing Stats

File Path                                     PID    Runtime      # DAGs    # Errors  Last Runtime    Last Run
--------------------------------------------  -----  ---------  --------  ----------  --------------  -------------------
/opt/airflow/dags/predictive_pipeline_dag.py                           1           0  4.54s           2025-11-19T19:39:19
================================================================================
[2025-11-19T19:40:20.101+0000] {manager.py:878} INFO - 
================================================================================
DAG File Processing Stats

File Path                                     PID    Runtime      # DAGs    # Errors  Last Runtime    Last Run
--------------------------------------------  -----  ---------  --------  ----------  --------------  -------------------
/opt/airflow/dags/predictive_pipeline_dag.py                           1           0  4.70s           2025-11-19T19:39:55
================================================================================
[2025-11-19T19:40:49.976+0000] {manager.py:878} INFO - 
================================================================================
DAG File Processing Stats

File Path                                     PID    Runtime      # DAGs    # Errors  Last Runtime    Last Run
--------------------------------------------  -----  ---------  --------  ----------  --------------  -------------------
/opt/airflow/dags/predictive_pipeline_dag.py                           1           0  4.54s           2025-11-19T19:40:30
================================================================================
[2025-11-19T19:41:20.358+0000] {manager.py:878} INFO - 
================================================================================
DAG File Processing Stats

File Path                                     PID    Runtime      # DAGs    # Errors  Last Runtime    Last Run
--------------------------------------------  -----  ---------  --------  ----------  --------------  -------------------
/opt/airflow/dags/predictive_pipeline_dag.py                           1           0  4.33s           2025-11-19T19:41:05
================================================================================
[2025-11-19T19:41:50.300+0000] {manager.py:878} INFO - 
================================================================================
DAG File Processing Stats

File Path                                     PID    Runtime      # DAGs    # Errors  Last Runtime    Last Run
--------------------------------------------  -----  ---------  --------  ----------  --------------  -------------------
/opt/airflow/dags/predictive_pipeline_dag.py                           1           0  5.60s           2025-11-19T19:41:41
================================================================================
[2025-11-19T19:42:20.267+0000] {manager.py:878} INFO - 
================================================================================
DAG File Processing Stats

File Path                                     PID    Runtime      # DAGs    # Errors  Last Runtime    Last Run
--------------------------------------------  -----  ---------  --------  ----------  --------------  -------------------
/opt/airflow/dags/predictive_pipeline_dag.py                           1           0  3.88s           2025-11-19T19:41:57
================================================================================
[2025-11-19T19:42:50.899+0000] {manager.py:878} INFO - 
================================================================================
DAG File Processing Stats

File Path                                     PID    Runtime      # DAGs    # Errors  Last Runtime    Last Run
--------------------------------------------  -----  ---------  --------  ----------  --------------  -------------------
/opt/airflow/dags/predictive_pipeline_dag.py                           1           0  3.74s           2025-11-19T19:42:31
================================================================================
[2025-11-19T19:43:20.953+0000] {manager.py:878} INFO - 
================================================================================
DAG File Processing Stats

File Path                                     PID    Runtime      # DAGs    # Errors  Last Runtime    Last Run
--------------------------------------------  -----  ---------  --------  ----------  --------------  -------------------
/opt/airflow/dags/predictive_pipeline_dag.py                           1           0  3.74s           2025-11-19T19:43:06
================================================================================
[2025-11-19T19:43:22.336+0000] {manager.py:737} INFO - Searching for files in /opt/airflow/dags
[2025-11-19T19:43:22.457+0000] {manager.py:740} INFO - There are 1 files in /opt/airflow/dags
[2025-11-19T19:43:52.125+0000] {manager.py:878} INFO - 
================================================================================
DAG File Processing Stats

File Path                                     PID    Runtime      # DAGs    # Errors  Last Runtime    Last Run
--------------------------------------------  -----  ---------  --------  ----------  --------------  -------------------
/opt/airflow/dags/predictive_pipeline_dag.py                           1           0  4.03s           2025-11-19T19:43:40
================================================================================
[2025-11-19T19:44:22.274+0000] {manager.py:878} INFO - 
================================================================================
DAG File Processing Stats

File Path                                     PID    Runtime      # DAGs    # Errors  Last Runtime    Last Run
--------------------------------------------  -----  ---------  --------  ----------  --------------  -------------------
/opt/airflow/dags/predictive_pipeline_dag.py                           1           0  4.04s           2025-11-19T19:44:14
================================================================================
[2025-11-19T19:44:53.168+0000] {manager.py:878} INFO - 
================================================================================
DAG File Processing Stats

File Path                                     PID    Runtime      # DAGs    # Errors  Last Runtime    Last Run
--------------------------------------------  -----  ---------  --------  ----------  --------------  -------------------
/opt/airflow/dags/predictive_pipeline_dag.py                           1           0  4.82s           2025-11-19T19:44:49
================================================================================
[2025-11-19T19:45:23.786+0000] {manager.py:878} INFO - 
================================================================================
DAG File Processing Stats

File Path                                     PID    Runtime      # DAGs    # Errors  Last Runtime    Last Run
--------------------------------------------  -----  ---------  --------  ----------  --------------  -------------------
/opt/airflow/dags/predictive_pipeline_dag.py                           1           0  4.04s           2025-11-19T19:45:23
================================================================================
[2025-11-19T19:45:59.499+0000] {manager.py:878} INFO - 
================================================================================
DAG File Processing Stats

File Path                                     PID    Runtime      # DAGs    # Errors  Last Runtime    Last Run
--------------------------------------------  -----  ---------  --------  ----------  --------------  -------------------
/opt/airflow/dags/predictive_pipeline_dag.py                           1           0  5.13s           2025-11-19T19:45:59
================================================================================
[2025-11-19T19:46:34.256+0000] {manager.py:878} INFO - 
================================================================================
DAG File Processing Stats

File Path                                     PID    Runtime      # DAGs    # Errors  Last Runtime    Last Run
--------------------------------------------  -----  ---------  --------  ----------  --------------  -------------------
/opt/airflow/dags/predictive_pipeline_dag.py                           1           0  4.45s           2025-11-19T19:46:34
================================================================================
[2025-11-19T19:47:08.981+0000] {manager.py:878} INFO - 
================================================================================
DAG File Processing Stats

File Path                                     PID    Runtime      # DAGs    # Errors  Last Runtime    Last Run
--------------------------------------------  -----  ---------  --------  ----------  --------------  -------------------
/opt/airflow/dags/predictive_pipeline_dag.py                           1           0  4.62s           2025-11-19T19:47:08
================================================================================
[2025-11-19T19:47:43.816+0000] {manager.py:878} INFO - 
================================================================================
DAG File Processing Stats

File Path                                     PID    Runtime      # DAGs    # Errors  Last Runtime    Last Run
--------------------------------------------  -----  ---------  --------  ----------  --------------  -------------------
/opt/airflow/dags/predictive_pipeline_dag.py                           1           0  4.41s           2025-11-19T19:47:43
================================================================================
[2025-11-19T19:48:19.200+0000] {manager.py:878} INFO - 
================================================================================
DAG File Processing Stats

File Path                                     PID    Runtime      # DAGs    # Errors  Last Runtime    Last Run
--------------------------------------------  -----  ---------  --------  ----------  --------------  -------------------
/opt/airflow/dags/predictive_pipeline_dag.py                           1           0  4.53s           2025-11-19T19:48:19
================================================================================
[2025-11-19T19:48:23.022+0000] {manager.py:737} INFO - Searching for files in /opt/airflow/dags
[2025-11-19T19:48:23.210+0000] {manager.py:740} INFO - There are 1 files in /opt/airflow/dags
[2025-11-19T19:48:51.499+0000] {manager.py:878} INFO - 
================================================================================
DAG File Processing Stats

File Path                                     PID    Runtime      # DAGs    # Errors  Last Runtime    Last Run
--------------------------------------------  -----  ---------  --------  ----------  --------------  -------------------
/opt/airflow/dags/predictive_pipeline_dag.py                           0           1  1.62s           2025-11-19T19:48:51
================================================================================
[2025-11-19T19:49:23.711+0000] {manager.py:878} INFO - 
================================================================================
DAG File Processing Stats

File Path                                     PID    Runtime      # DAGs    # Errors  Last Runtime    Last Run
--------------------------------------------  -----  ---------  --------  ----------  --------------  -------------------
/opt/airflow/dags/predictive_pipeline_dag.py                           0           1  1.81s           2025-11-19T19:49:23
================================================================================
[2025-11-19T19:49:55.973+0000] {manager.py:878} INFO - 
================================================================================
DAG File Processing Stats

File Path                                     PID    Runtime      # DAGs    # Errors  Last Runtime    Last Run
--------------------------------------------  -----  ---------  --------  ----------  --------------  -------------------
/opt/airflow/dags/predictive_pipeline_dag.py                           0           1  1.73s           2025-11-19T19:49:55
================================================================================
[2025-11-19T19:50:28.084+0000] {manager.py:878} INFO - 
================================================================================
DAG File Processing Stats

File Path                                     PID    Runtime      # DAGs    # Errors  Last Runtime    Last Run
--------------------------------------------  -----  ---------  --------  ----------  --------------  -------------------
/opt/airflow/dags/predictive_pipeline_dag.py                           0           1  1.72s           2025-11-19T19:50:28
================================================================================
[2025-11-19T19:51:00.946+0000] {manager.py:878} INFO - 
================================================================================
DAG File Processing Stats

File Path                                     PID    Runtime      # DAGs    # Errors  Last Runtime    Last Run
--------------------------------------------  -----  ---------  --------  ----------  --------------  -------------------
/opt/airflow/dags/predictive_pipeline_dag.py                           0           1  2.33s           2025-11-19T19:51:00
================================================================================
[2025-11-19T19:51:33.029+0000] {manager.py:878} INFO - 
================================================================================
DAG File Processing Stats

File Path                                     PID    Runtime      # DAGs    # Errors  Last Runtime    Last Run
--------------------------------------------  -----  ---------  --------  ----------  --------------  -------------------
/opt/airflow/dags/predictive_pipeline_dag.py                           0           1  1.91s           2025-11-19T19:51:33
================================================================================
[2025-11-19T19:52:05.286+0000] {manager.py:878} INFO - 
================================================================================
DAG File Processing Stats

File Path                                     PID    Runtime      # DAGs    # Errors  Last Runtime    Last Run
--------------------------------------------  -----  ---------  --------  ----------  --------------  -------------------
/opt/airflow/dags/predictive_pipeline_dag.py                           0           1  1.54s           2025-11-19T19:52:05
================================================================================
[2025-11-19T19:52:37.574+0000] {manager.py:878} INFO - 
================================================================================
DAG File Processing Stats

File Path                                     PID    Runtime      # DAGs    # Errors  Last Runtime    Last Run
--------------------------------------------  -----  ---------  --------  ----------  --------------  -------------------
/opt/airflow/dags/predictive_pipeline_dag.py                           0           1  2.16s           2025-11-19T19:52:37
================================================================================
[2025-11-19T19:53:09.860+0000] {manager.py:878} INFO - 
================================================================================
DAG File Processing Stats

File Path                                     PID    Runtime      # DAGs    # Errors  Last Runtime    Last Run
--------------------------------------------  -----  ---------  --------  ----------  --------------  -------------------
/opt/airflow/dags/predictive_pipeline_dag.py                           0           1  1.73s           2025-11-19T19:53:09
================================================================================
[2025-11-19T19:53:24.128+0000] {manager.py:737} INFO - Searching for files in /opt/airflow/dags
[2025-11-19T19:53:24.185+0000] {manager.py:740} INFO - There are 1 files in /opt/airflow/dags
[2025-11-19T19:53:42.253+0000] {manager.py:878} INFO - 
================================================================================
DAG File Processing Stats

File Path                                     PID    Runtime      # DAGs    # Errors  Last Runtime    Last Run
--------------------------------------------  -----  ---------  --------  ----------  --------------  -------------------
/opt/airflow/dags/predictive_pipeline_dag.py                           0           1  1.91s           2025-11-19T19:53:42
================================================================================
[2025-11-19T19:54:14.457+0000] {manager.py:878} INFO - 
================================================================================
DAG File Processing Stats

File Path                                     PID    Runtime      # DAGs    # Errors  Last Runtime    Last Run
--------------------------------------------  -----  ---------  --------  ----------  --------------  -------------------
/opt/airflow/dags/predictive_pipeline_dag.py                           0           1  1.71s           2025-11-19T19:54:14
================================================================================
[2025-11-19T19:54:46.636+0000] {manager.py:878} INFO - 
================================================================================
DAG File Processing Stats

File Path                                     PID    Runtime      # DAGs    # Errors  Last Runtime    Last Run
--------------------------------------------  -----  ---------  --------  ----------  --------------  -------------------
/opt/airflow/dags/predictive_pipeline_dag.py                           0           1  1.62s           2025-11-19T19:54:46
================================================================================
[2025-11-19T19:55:18.656+0000] {manager.py:878} INFO - 
================================================================================
DAG File Processing Stats

File Path                                     PID    Runtime      # DAGs    # Errors  Last Runtime    Last Run
--------------------------------------------  -----  ---------  --------  ----------  --------------  -------------------
/opt/airflow/dags/predictive_pipeline_dag.py                           0           1  1.52s           2025-11-19T19:55:18
================================================================================
[2025-11-19T19:55:50.817+0000] {manager.py:878} INFO - 
================================================================================
DAG File Processing Stats

File Path                                     PID    Runtime      # DAGs    # Errors  Last Runtime    Last Run
--------------------------------------------  -----  ---------  --------  ----------  --------------  -------------------
/opt/airflow/dags/predictive_pipeline_dag.py                           0           1  1.81s           2025-11-19T19:55:50
================================================================================
[2025-11-19T19:56:23.163+0000] {manager.py:878} INFO - 
================================================================================
DAG File Processing Stats

File Path                                     PID    Runtime      # DAGs    # Errors  Last Runtime    Last Run
--------------------------------------------  -----  ---------  --------  ----------  --------------  -------------------
/opt/airflow/dags/predictive_pipeline_dag.py                           0           1  1.73s           2025-11-19T19:56:23
================================================================================
[2025-11-19T19:56:55.335+0000] {manager.py:878} INFO - 
================================================================================
DAG File Processing Stats

File Path                                     PID    Runtime      # DAGs    # Errors  Last Runtime    Last Run
--------------------------------------------  -----  ---------  --------  ----------  --------------  -------------------
/opt/airflow/dags/predictive_pipeline_dag.py                           0           1  1.81s           2025-11-19T19:56:55
================================================================================
[2025-11-19T19:57:27.926+0000] {manager.py:878} INFO - 
================================================================================
DAG File Processing Stats

File Path                                     PID    Runtime      # DAGs    # Errors  Last Runtime    Last Run
--------------------------------------------  -----  ---------  --------  ----------  --------------  -------------------
/opt/airflow/dags/predictive_pipeline_dag.py                           0           1  1.72s           2025-11-19T19:57:27
================================================================================
[2025-11-19T19:58:00.115+0000] {manager.py:878} INFO - 
================================================================================
DAG File Processing Stats

File Path                                     PID    Runtime      # DAGs    # Errors  Last Runtime    Last Run
--------------------------------------------  -----  ---------  --------  ----------  --------------  -------------------
/opt/airflow/dags/predictive_pipeline_dag.py                           0           1  1.82s           2025-11-19T19:58:00
================================================================================
[2025-11-19T19:58:24.207+0000] {manager.py:737} INFO - Searching for files in /opt/airflow/dags
[2025-11-19T19:58:24.311+0000] {manager.py:740} INFO - There are 1 files in /opt/airflow/dags
[2025-11-19T19:58:32.412+0000] {manager.py:878} INFO - 
================================================================================
DAG File Processing Stats

File Path                                     PID    Runtime      # DAGs    # Errors  Last Runtime    Last Run
--------------------------------------------  -----  ---------  --------  ----------  --------------  -------------------
/opt/airflow/dags/predictive_pipeline_dag.py                           0           1  1.51s           2025-11-19T19:58:32
================================================================================
[2025-11-19T19:59:04.695+0000] {manager.py:878} INFO - 
================================================================================
DAG File Processing Stats

File Path                                     PID    Runtime      # DAGs    # Errors  Last Runtime    Last Run
--------------------------------------------  -----  ---------  --------  ----------  --------------  -------------------
/opt/airflow/dags/predictive_pipeline_dag.py                           0           1  2.02s           2025-11-19T19:59:04
================================================================================
[2025-11-19T19:59:37.071+0000] {manager.py:878} INFO - 
================================================================================
DAG File Processing Stats

File Path                                     PID    Runtime      # DAGs    # Errors  Last Runtime    Last Run
--------------------------------------------  -----  ---------  --------  ----------  --------------  -------------------
/opt/airflow/dags/predictive_pipeline_dag.py                           0           1  1.92s           2025-11-19T19:59:37
================================================================================
[2025-11-19T20:00:09.654+0000] {manager.py:878} INFO - 
================================================================================
DAG File Processing Stats

File Path                                     PID    Runtime      # DAGs    # Errors  Last Runtime    Last Run
--------------------------------------------  -----  ---------  --------  ----------  --------------  -------------------
/opt/airflow/dags/predictive_pipeline_dag.py                           0           1  2.22s           2025-11-19T20:00:09
================================================================================
[2025-11-19T20:00:41.680+0000] {manager.py:878} INFO - 
================================================================================
DAG File Processing Stats

File Path                                     PID    Runtime      # DAGs    # Errors  Last Runtime    Last Run
--------------------------------------------  -----  ---------  --------  ----------  --------------  -------------------
/opt/airflow/dags/predictive_pipeline_dag.py                           0           1  1.64s           2025-11-19T20:00:41
================================================================================
[2025-11-19T20:01:14.016+0000] {manager.py:878} INFO - 
================================================================================
DAG File Processing Stats

File Path                                     PID    Runtime      # DAGs    # Errors  Last Runtime    Last Run
--------------------------------------------  -----  ---------  --------  ----------  --------------  -------------------
/opt/airflow/dags/predictive_pipeline_dag.py                           0           1  1.83s           2025-11-19T20:01:14
================================================================================
[2025-11-19T20:01:46.323+0000] {manager.py:878} INFO - 
================================================================================
DAG File Processing Stats

File Path                                     PID    Runtime      # DAGs    # Errors  Last Runtime    Last Run
--------------------------------------------  -----  ---------  --------  ----------  --------------  -------------------
/opt/airflow/dags/predictive_pipeline_dag.py                           0           1  1.82s           2025-11-19T20:01:46
================================================================================
[2025-11-19T20:02:18.355+0000] {manager.py:878} INFO - 
================================================================================
DAG File Processing Stats

File Path                                     PID    Runtime      # DAGs    # Errors  Last Runtime    Last Run
--------------------------------------------  -----  ---------  --------  ----------  --------------  -------------------
/opt/airflow/dags/predictive_pipeline_dag.py                           0           1  1.82s           2025-11-19T20:02:18
================================================================================
[2025-11-19T20:02:50.712+0000] {manager.py:878} INFO - 
================================================================================
DAG File Processing Stats

File Path                                     PID    Runtime      # DAGs    # Errors  Last Runtime    Last Run
--------------------------------------------  -----  ---------  --------  ----------  --------------  -------------------
/opt/airflow/dags/predictive_pipeline_dag.py                           0           1  1.94s           2025-11-19T20:02:50
================================================================================
[2025-11-19T20:03:23.073+0000] {manager.py:878} INFO - 
================================================================================
DAG File Processing Stats

File Path                                     PID    Runtime      # DAGs    # Errors  Last Runtime    Last Run
--------------------------------------------  -----  ---------  --------  ----------  --------------  -------------------
/opt/airflow/dags/predictive_pipeline_dag.py                           0           1  1.82s           2025-11-19T20:03:23
================================================================================
[2025-11-19T20:03:24.325+0000] {manager.py:737} INFO - Searching for files in /opt/airflow/dags
[2025-11-19T20:03:24.458+0000] {manager.py:740} INFO - There are 1 files in /opt/airflow/dags
[2025-11-19T20:03:56.315+0000] {manager.py:878} INFO - 
================================================================================
DAG File Processing Stats

File Path                                     PID    Runtime      # DAGs    # Errors  Last Runtime    Last Run
--------------------------------------------  -----  ---------  --------  ----------  --------------  -------------------
/opt/airflow/dags/predictive_pipeline_dag.py                           0           1  2.84s           2025-11-19T20:03:56
================================================================================
[2025-11-19T20:04:29.046+0000] {manager.py:878} INFO - 
================================================================================
DAG File Processing Stats

File Path                                     PID    Runtime      # DAGs    # Errors  Last Runtime    Last Run
--------------------------------------------  -----  ---------  --------  ----------  --------------  -------------------
/opt/airflow/dags/predictive_pipeline_dag.py                           0           1  2.12s           2025-11-19T20:04:29
================================================================================
[2025-11-19T20:05:02.826+0000] {manager.py:878} INFO - 
================================================================================
DAG File Processing Stats

File Path                                     PID    Runtime      # DAGs    # Errors  Last Runtime    Last Run
--------------------------------------------  -----  ---------  --------  ----------  --------------  -------------------
/opt/airflow/dags/predictive_pipeline_dag.py                           1           0  3.73s           2025-11-19T20:05:02
================================================================================
[2025-11-19T20:05:36.980+0000] {manager.py:878} INFO - 
================================================================================
DAG File Processing Stats

File Path                                     PID    Runtime      # DAGs    # Errors  Last Runtime    Last Run
--------------------------------------------  -----  ---------  --------  ----------  --------------  -------------------
/opt/airflow/dags/predictive_pipeline_dag.py                           1           0  3.83s           2025-11-19T20:05:36
================================================================================
[2025-11-19T20:06:12.495+0000] {manager.py:878} INFO - 
================================================================================
DAG File Processing Stats

File Path                                     PID    Runtime      # DAGs    # Errors  Last Runtime    Last Run
--------------------------------------------  -----  ---------  --------  ----------  --------------  -------------------
/opt/airflow/dags/predictive_pipeline_dag.py                           1           0  4.85s           2025-11-19T20:06:12
================================================================================
[2025-11-19T20:06:47.212+0000] {manager.py:878} INFO - 
================================================================================
DAG File Processing Stats

File Path                                     PID    Runtime      # DAGs    # Errors  Last Runtime    Last Run
--------------------------------------------  -----  ---------  --------  ----------  --------------  -------------------
/opt/airflow/dags/predictive_pipeline_dag.py                           1           0  4.22s           2025-11-19T20:06:47
================================================================================
[2025-11-19T20:07:21.910+0000] {manager.py:878} INFO - 
================================================================================
DAG File Processing Stats

File Path                                     PID    Runtime      # DAGs    # Errors  Last Runtime    Last Run
--------------------------------------------  -----  ---------  --------  ----------  --------------  -------------------
/opt/airflow/dags/predictive_pipeline_dag.py                           1           0  4.14s           2025-11-19T20:07:21
================================================================================
[2025-11-19T20:07:56.223+0000] {manager.py:878} INFO - 
================================================================================
DAG File Processing Stats

File Path                                     PID    Runtime      # DAGs    # Errors  Last Runtime    Last Run
--------------------------------------------  -----  ---------  --------  ----------  --------------  -------------------
/opt/airflow/dags/predictive_pipeline_dag.py                           1           0  4.11s           2025-11-19T20:07:56
================================================================================
[2025-11-19T20:08:24.733+0000] {manager.py:737} INFO - Searching for files in /opt/airflow/dags
[2025-11-19T20:08:24.882+0000] {manager.py:740} INFO - There are 1 files in /opt/airflow/dags
[2025-11-19T20:08:29.897+0000] {manager.py:878} INFO - 
================================================================================
DAG File Processing Stats

File Path                                     PID    Runtime      # DAGs    # Errors  Last Runtime    Last Run
--------------------------------------------  -----  ---------  --------  ----------  --------------  -------------------
/opt/airflow/dags/predictive_pipeline_dag.py                           1           0  3.42s           2025-11-19T20:08:29
================================================================================
[2025-11-19T20:09:04.421+0000] {manager.py:878} INFO - 
================================================================================
DAG File Processing Stats

File Path                                     PID    Runtime      # DAGs    # Errors  Last Runtime    Last Run
--------------------------------------------  -----  ---------  --------  ----------  --------------  -------------------
/opt/airflow/dags/predictive_pipeline_dag.py                           1           0  3.95s           2025-11-19T20:09:04
================================================================================
[2025-11-19T20:09:38.891+0000] {manager.py:878} INFO - 
================================================================================
DAG File Processing Stats

File Path                                     PID    Runtime      # DAGs    # Errors  Last Runtime    Last Run
--------------------------------------------  -----  ---------  --------  ----------  --------------  -------------------
/opt/airflow/dags/predictive_pipeline_dag.py                           1           0  3.94s           2025-11-19T20:09:38
================================================================================
[2025-11-19T20:10:14.208+0000] {manager.py:878} INFO - 
================================================================================
DAG File Processing Stats

File Path                                     PID    Runtime      # DAGs    # Errors  Last Runtime    Last Run
--------------------------------------------  -----  ---------  --------  ----------  --------------  -------------------
/opt/airflow/dags/predictive_pipeline_dag.py                           1           0  4.77s           2025-11-19T20:10:14
================================================================================
[2025-11-19T20:10:49.012+0000] {manager.py:878} INFO - 
================================================================================
DAG File Processing Stats

File Path                                     PID    Runtime      # DAGs    # Errors  Last Runtime    Last Run
--------------------------------------------  -----  ---------  --------  ----------  --------------  -------------------
/opt/airflow/dags/predictive_pipeline_dag.py                           1           0  4.03s           2025-11-19T20:10:49
================================================================================
[2025-11-19T20:11:24.016+0000] {manager.py:878} INFO - 
================================================================================
DAG File Processing Stats

File Path                                     PID    Runtime      # DAGs    # Errors  Last Runtime    Last Run
--------------------------------------------  -----  ---------  --------  ----------  --------------  -------------------
/opt/airflow/dags/predictive_pipeline_dag.py                           1           0  4.74s           2025-11-19T20:11:24
================================================================================
[2025-11-19T20:11:59.545+0000] {manager.py:878} INFO - 
================================================================================
DAG File Processing Stats

File Path                                     PID    Runtime      # DAGs    # Errors  Last Runtime    Last Run
--------------------------------------------  -----  ---------  --------  ----------  --------------  -------------------
/opt/airflow/dags/predictive_pipeline_dag.py                           1           0  4.83s           2025-11-19T20:11:59
================================================================================
[2025-11-19T20:12:33.857+0000] {manager.py:878} INFO - 
================================================================================
DAG File Processing Stats

File Path                                     PID    Runtime      # DAGs    # Errors  Last Runtime    Last Run
--------------------------------------------  -----  ---------  --------  ----------  --------------  -------------------
/opt/airflow/dags/predictive_pipeline_dag.py                           1           0  3.63s           2025-11-19T20:12:33
================================================================================
[2025-11-19T20:13:08.443+0000] {manager.py:878} INFO - 
================================================================================
DAG File Processing Stats

File Path                                     PID    Runtime      # DAGs    # Errors  Last Runtime    Last Run
--------------------------------------------  -----  ---------  --------  ----------  --------------  -------------------
/opt/airflow/dags/predictive_pipeline_dag.py                           1           0  4.13s           2025-11-19T20:13:08
================================================================================
[2025-11-19T20:13:25.169+0000] {manager.py:737} INFO - Searching for files in /opt/airflow/dags
[2025-11-19T20:13:25.213+0000] {manager.py:740} INFO - There are 1 files in /opt/airflow/dags
[2025-11-19T20:13:43.302+0000] {manager.py:878} INFO - 
================================================================================
DAG File Processing Stats

File Path                                     PID    Runtime      # DAGs    # Errors  Last Runtime    Last Run
--------------------------------------------  -----  ---------  --------  ----------  --------------  -------------------
/opt/airflow/dags/predictive_pipeline_dag.py                           1           0  4.45s           2025-11-19T20:13:43
================================================================================
[2025-11-19T20:14:17.701+0000] {manager.py:878} INFO - 
================================================================================
DAG File Processing Stats

File Path                                     PID    Runtime      # DAGs    # Errors  Last Runtime    Last Run
--------------------------------------------  -----  ---------  --------  ----------  --------------  -------------------
/opt/airflow/dags/predictive_pipeline_dag.py                           1           0  4.04s           2025-11-19T20:14:17
================================================================================
[2025-11-19T20:22:05.295+0000] {manager.py:470} INFO - Processing files using up to 1 processes at a time 
[2025-11-19T20:22:05.297+0000] {manager.py:471} INFO - Process each file at most once every 30 seconds
[2025-11-19T20:22:05.299+0000] {manager.py:472} INFO - Checking for new files in /opt/airflow/dags every 300 seconds
[2025-11-19T20:22:05.301+0000] {manager.py:737} INFO - Searching for files in /opt/airflow/dags
[2025-11-19T20:22:05.361+0000] {manager.py:740} INFO - There are 1 files in /opt/airflow/dags
[2025-11-19T20:22:10.671+0000] {manager.py:749} ERROR - Error removing old import errors
Traceback (most recent call last):
  File "/home/airflow/.local/lib/python3.12/site-packages/sqlalchemy/engine/base.py", line 1910, in _execute_context
    self.dialect.do_execute(
  File "/home/airflow/.local/lib/python3.12/site-packages/sqlalchemy/engine/default.py", line 736, in do_execute
    cursor.execute(statement, parameters)
sqlite3.OperationalError: database is locked

The above exception was the direct cause of the following exception:

Traceback (most recent call last):
  File "/home/airflow/.local/lib/python3.12/site-packages/airflow/dag_processing/manager.py", line 745, in _refresh_dag_dir
    DagFileProcessorManager.clear_nonexistent_import_errors(
  File "/home/airflow/.local/lib/python3.12/site-packages/airflow/api_internal/internal_api_call.py", line 115, in wrapper
    return func(*args, **kwargs)
           ^^^^^^^^^^^^^^^^^^^^^
  File "/home/airflow/.local/lib/python3.12/site-packages/airflow/utils/session.py", line 79, in wrapper
    return func(*args, session=session, **kwargs)
           ^^^^^^^^^^^^^^^^^^^^^^^^^^^^^^^^^^^^^^
  File "/home/airflow/.local/lib/python3.12/site-packages/airflow/dag_processing/manager.py", line 814, in clear_nonexistent_import_errors
    session.execute(query.execution_options(synchronize_session="fetch"))
  File "/home/airflow/.local/lib/python3.12/site-packages/sqlalchemy/orm/session.py", line 1717, in execute
    result = conn._execute_20(statement, params or {}, execution_options)
             ^^^^^^^^^^^^^^^^^^^^^^^^^^^^^^^^^^^^^^^^^^^^^^^^^^^^^^^^^^^^
  File "/home/airflow/.local/lib/python3.12/site-packages/sqlalchemy/engine/base.py", line 1710, in _execute_20
    return meth(self, args_10style, kwargs_10style, execution_options)
           ^^^^^^^^^^^^^^^^^^^^^^^^^^^^^^^^^^^^^^^^^^^^^^^^^^^^^^^^^^^
  File "/home/airflow/.local/lib/python3.12/site-packages/sqlalchemy/sql/elements.py", line 334, in _execute_on_connection
    return connection._execute_clauseelement(
           ^^^^^^^^^^^^^^^^^^^^^^^^^^^^^^^^^^
  File "/home/airflow/.local/lib/python3.12/site-packages/sqlalchemy/engine/base.py", line 1577, in _execute_clauseelement
    ret = self._execute_context(
          ^^^^^^^^^^^^^^^^^^^^^^
  File "/home/airflow/.local/lib/python3.12/site-packages/sqlalchemy/engine/base.py", line 1953, in _execute_context
    self._handle_dbapi_exception(
  File "/home/airflow/.local/lib/python3.12/site-packages/sqlalchemy/engine/base.py", line 2134, in _handle_dbapi_exception
    util.raise_(
  File "/home/airflow/.local/lib/python3.12/site-packages/sqlalchemy/util/compat.py", line 211, in raise_
    raise exception
  File "/home/airflow/.local/lib/python3.12/site-packages/sqlalchemy/engine/base.py", line 1910, in _execute_context
    self.dialect.do_execute(
  File "/home/airflow/.local/lib/python3.12/site-packages/sqlalchemy/engine/default.py", line 736, in do_execute
    cursor.execute(statement, parameters)
sqlalchemy.exc.OperationalError: (sqlite3.OperationalError) database is locked
[SQL: DELETE FROM import_error WHERE (import_error.filename NOT IN (?)) AND import_error.processor_subdir = ?]
[parameters: ('/opt/airflow/dags/predictive_pipeline_dag.py', '/opt/airflow/dags')]
(Background on this error at: https://sqlalche.me/e/14/e3q8)
[2025-11-19T20:22:20.380+0000] {manager.py:878} INFO - 
================================================================================
DAG File Processing Stats

File Path                                     PID    Runtime      # DAGs    # Errors  Last Runtime    Last Run
--------------------------------------------  -----  ---------  --------  ----------  --------------  -------------------
/opt/airflow/dags/predictive_pipeline_dag.py                           1           0  5.08s           2025-11-19T20:22:20
================================================================================
[2025-11-19T20:22:58.458+0000] {manager.py:878} INFO - 
================================================================================
DAG File Processing Stats

File Path                                     PID    Runtime      # DAGs    # Errors  Last Runtime    Last Run
--------------------------------------------  -----  ---------  --------  ----------  --------------  -------------------
/opt/airflow/dags/predictive_pipeline_dag.py                           1           0  7.42s           2025-11-19T20:22:58
================================================================================
[2025-11-19T20:23:35.443+0000] {manager.py:878} INFO - 
================================================================================
DAG File Processing Stats

File Path                                     PID    Runtime      # DAGs    # Errors  Last Runtime    Last Run
--------------------------------------------  -----  ---------  --------  ----------  --------------  -------------------
/opt/airflow/dags/predictive_pipeline_dag.py                           1           0  6.33s           2025-11-19T20:23:35
================================================================================
[2025-11-19T20:25:46.620+0000] {manager.py:452} INFO - Exiting gracefully upon receiving signal 15
[2025-11-19T20:25:47.028+0000] {manager.py:470} INFO - Processing files using up to 1 processes at a time 
[2025-11-19T20:25:47.030+0000] {manager.py:471} INFO - Process each file at most once every 30 seconds
[2025-11-19T20:25:47.031+0000] {manager.py:472} INFO - Checking for new files in /opt/airflow/dags every 300 seconds
[2025-11-19T20:25:47.033+0000] {manager.py:737} INFO - Searching for files in /opt/airflow/dags
[2025-11-19T20:25:47.086+0000] {manager.py:740} INFO - There are 1 files in /opt/airflow/dags
[2025-11-19T20:25:52.315+0000] {manager.py:878} INFO - 
================================================================================
DAG File Processing Stats

File Path                                     PID    Runtime      # DAGs    # Errors  Last Runtime    Last Run
--------------------------------------------  -----  ---------  --------  ----------  --------------  -------------------
/opt/airflow/dags/predictive_pipeline_dag.py                           1           0  5.07s           2025-11-19T20:25:52
================================================================================
[2025-11-19T20:52:43.901+0000] {manager.py:452} INFO - Exiting gracefully upon receiving signal 15
[2025-11-19T20:52:44.345+0000] {manager.py:470} INFO - Processing files using up to 1 processes at a time 
[2025-11-19T20:52:44.347+0000] {manager.py:471} INFO - Process each file at most once every 30 seconds
[2025-11-19T20:52:44.349+0000] {manager.py:472} INFO - Checking for new files in /opt/airflow/dags every 300 seconds
[2025-11-19T20:52:44.351+0000] {manager.py:737} INFO - Searching for files in /opt/airflow/dags
[2025-11-19T20:52:44.407+0000] {manager.py:740} INFO - There are 1 files in /opt/airflow/dags
[2025-11-19T20:52:47.933+0000] {manager.py:878} INFO - 
================================================================================
DAG File Processing Stats

File Path                                     PID    Runtime      # DAGs    # Errors  Last Runtime    Last Run
--------------------------------------------  -----  ---------  --------  ----------  --------------  -------------------
/opt/airflow/dags/predictive_pipeline_dag.py                           1           0  3.42s           2025-11-19T20:52:47
================================================================================
[2025-11-19T20:53:22.072+0000] {manager.py:878} INFO - 
================================================================================
DAG File Processing Stats

File Path                                     PID    Runtime      # DAGs    # Errors  Last Runtime    Last Run
--------------------------------------------  -----  ---------  --------  ----------  --------------  -------------------
/opt/airflow/dags/predictive_pipeline_dag.py                           1           0  3.22s           2025-11-19T20:53:22
================================================================================
[2025-11-19T20:53:55.463+0000] {manager.py:878} INFO - 
================================================================================
DAG File Processing Stats

File Path                                     PID    Runtime      # DAGs    # Errors  Last Runtime    Last Run
--------------------------------------------  -----  ---------  --------  ----------  --------------  -------------------
/opt/airflow/dags/predictive_pipeline_dag.py                           1           0  3.22s           2025-11-19T20:53:55
================================================================================
[2025-11-19T20:54:28.733+0000] {manager.py:878} INFO - 
================================================================================
DAG File Processing Stats

File Path                                     PID    Runtime      # DAGs    # Errors  Last Runtime    Last Run
--------------------------------------------  -----  ---------  --------  ----------  --------------  -------------------
/opt/airflow/dags/predictive_pipeline_dag.py                           1           0  3.13s           2025-11-19T20:54:28
================================================================================
[2025-11-19T20:55:01.877+0000] {manager.py:878} INFO - 
================================================================================
DAG File Processing Stats

File Path                                     PID    Runtime      # DAGs    # Errors  Last Runtime    Last Run
--------------------------------------------  -----  ---------  --------  ----------  --------------  -------------------
/opt/airflow/dags/predictive_pipeline_dag.py                           1           0  2.92s           2025-11-19T20:55:01
================================================================================
[2025-11-19T20:55:34.989+0000] {manager.py:878} INFO - 
================================================================================
DAG File Processing Stats

File Path                                     PID    Runtime      # DAGs    # Errors  Last Runtime    Last Run
--------------------------------------------  -----  ---------  --------  ----------  --------------  -------------------
/opt/airflow/dags/predictive_pipeline_dag.py                           1           0  2.98s           2025-11-19T20:55:34
================================================================================
[2025-11-19T20:56:08.053+0000] {manager.py:878} INFO - 
================================================================================
DAG File Processing Stats

File Path                                     PID    Runtime      # DAGs    # Errors  Last Runtime    Last Run
--------------------------------------------  -----  ---------  --------  ----------  --------------  -------------------
/opt/airflow/dags/predictive_pipeline_dag.py                           1           0  3.01s           2025-11-19T20:56:08
================================================================================
[2025-11-19T20:56:41.233+0000] {manager.py:878} INFO - 
================================================================================
DAG File Processing Stats

File Path                                     PID    Runtime      # DAGs    # Errors  Last Runtime    Last Run
--------------------------------------------  -----  ---------  --------  ----------  --------------  -------------------
/opt/airflow/dags/predictive_pipeline_dag.py                           1           0  3.01s           2025-11-19T20:56:41
================================================================================
[2025-11-19T20:57:14.671+0000] {manager.py:878} INFO - 
================================================================================
DAG File Processing Stats

File Path                                     PID    Runtime      # DAGs    # Errors  Last Runtime    Last Run
--------------------------------------------  -----  ---------  --------  ----------  --------------  -------------------
/opt/airflow/dags/predictive_pipeline_dag.py                           1           0  3.21s           2025-11-19T20:57:14
================================================================================
[2025-11-19T20:57:44.378+0000] {manager.py:737} INFO - Searching for files in /opt/airflow/dags
[2025-11-19T20:57:44.406+0000] {manager.py:740} INFO - There are 1 files in /opt/airflow/dags
[2025-11-19T20:57:48.232+0000] {manager.py:878} INFO - 
================================================================================
DAG File Processing Stats

File Path                                     PID    Runtime      # DAGs    # Errors  Last Runtime    Last Run
--------------------------------------------  -----  ---------  --------  ----------  --------------  -------------------
/opt/airflow/dags/predictive_pipeline_dag.py                           1           0  3.34s           2025-11-19T20:57:48
================================================================================
[2025-11-19T20:58:41.729+0000] {manager.py:878} INFO - 
================================================================================
DAG File Processing Stats

File Path                                     PID    Runtime      # DAGs    # Errors  Last Runtime    Last Run
--------------------------------------------  -----  ---------  --------  ----------  --------------  -------------------
/opt/airflow/dags/predictive_pipeline_dag.py                           1           0  3.53s           2025-11-19T20:58:41
================================================================================
[2025-11-19T20:59:15.234+0000] {manager.py:878} INFO - 
================================================================================
DAG File Processing Stats

File Path                                     PID    Runtime      # DAGs    # Errors  Last Runtime    Last Run
--------------------------------------------  -----  ---------  --------  ----------  --------------  -------------------
/opt/airflow/dags/predictive_pipeline_dag.py                           1           0  2.92s           2025-11-19T20:59:15
================================================================================
[2025-11-19T20:59:48.953+0000] {manager.py:878} INFO - 
================================================================================
DAG File Processing Stats

File Path                                     PID    Runtime      # DAGs    # Errors  Last Runtime    Last Run
--------------------------------------------  -----  ---------  --------  ----------  --------------  -------------------
/opt/airflow/dags/predictive_pipeline_dag.py                           1           0  3.22s           2025-11-19T20:59:48
================================================================================
[2025-11-19T21:00:22.214+0000] {manager.py:878} INFO - 
================================================================================
DAG File Processing Stats

File Path                                     PID    Runtime      # DAGs    # Errors  Last Runtime    Last Run
--------------------------------------------  -----  ---------  --------  ----------  --------------  -------------------
/opt/airflow/dags/predictive_pipeline_dag.py                           1           0  3.12s           2025-11-19T21:00:22
================================================================================
[2025-11-19T21:00:55.393+0000] {manager.py:878} INFO - 
================================================================================
DAG File Processing Stats

File Path                                     PID    Runtime      # DAGs    # Errors  Last Runtime    Last Run
--------------------------------------------  -----  ---------  --------  ----------  --------------  -------------------
/opt/airflow/dags/predictive_pipeline_dag.py                           1           0  3.03s           2025-11-19T21:00:55
================================================================================
[2025-11-19T21:01:29.154+0000] {manager.py:878} INFO - 
================================================================================
DAG File Processing Stats

File Path                                     PID    Runtime      # DAGs    # Errors  Last Runtime    Last Run
--------------------------------------------  -----  ---------  --------  ----------  --------------  -------------------
/opt/airflow/dags/predictive_pipeline_dag.py                           1           0  3.52s           2025-11-19T21:01:29
================================================================================
[2025-11-19T21:02:02.599+0000] {manager.py:878} INFO - 
================================================================================
DAG File Processing Stats

File Path                                     PID    Runtime      # DAGs    # Errors  Last Runtime    Last Run
--------------------------------------------  -----  ---------  --------  ----------  --------------  -------------------
/opt/airflow/dags/predictive_pipeline_dag.py                           1           0  3.26s           2025-11-19T21:02:02
================================================================================
[2025-11-19T21:02:35.656+0000] {manager.py:878} INFO - 
================================================================================
DAG File Processing Stats

File Path                                     PID    Runtime      # DAGs    # Errors  Last Runtime    Last Run
--------------------------------------------  -----  ---------  --------  ----------  --------------  -------------------
/opt/airflow/dags/predictive_pipeline_dag.py                           1           0  2.91s           2025-11-19T21:02:35
================================================================================
[2025-11-19T21:02:44.613+0000] {manager.py:737} INFO - Searching for files in /opt/airflow/dags
[2025-11-19T21:02:44.643+0000] {manager.py:740} INFO - There are 1 files in /opt/airflow/dags
[2025-11-19T21:03:08.629+0000] {manager.py:878} INFO - 
================================================================================
DAG File Processing Stats

File Path                                     PID    Runtime      # DAGs    # Errors  Last Runtime    Last Run
--------------------------------------------  -----  ---------  --------  ----------  --------------  -------------------
/opt/airflow/dags/predictive_pipeline_dag.py                           1           0  2.92s           2025-11-19T21:03:08
================================================================================
[2025-11-19T21:04:05.600+0000] {manager.py:878} INFO - 
================================================================================
DAG File Processing Stats

File Path                                     PID    Runtime      # DAGs    # Errors  Last Runtime    Last Run
--------------------------------------------  -----  ---------  --------  ----------  --------------  -------------------
/opt/airflow/dags/predictive_pipeline_dag.py                           1           0  3.51s           2025-11-19T21:04:05
================================================================================
[2025-11-19T21:04:38.814+0000] {manager.py:878} INFO - 
================================================================================
DAG File Processing Stats

File Path                                     PID    Runtime      # DAGs    # Errors  Last Runtime    Last Run
--------------------------------------------  -----  ---------  --------  ----------  --------------  -------------------
/opt/airflow/dags/predictive_pipeline_dag.py                           1           0  2.91s           2025-11-19T21:04:38
================================================================================
[2025-11-19T21:05:13.260+0000] {manager.py:878} INFO - 
================================================================================
DAG File Processing Stats

File Path                                     PID    Runtime      # DAGs    # Errors  Last Runtime    Last Run
--------------------------------------------  -----  ---------  --------  ----------  --------------  -------------------
/opt/airflow/dags/predictive_pipeline_dag.py                           1           0  3.82s           2025-11-19T21:05:13
================================================================================
[2025-11-19T21:05:46.576+0000] {manager.py:878} INFO - 
================================================================================
DAG File Processing Stats

File Path                                     PID    Runtime      # DAGs    # Errors  Last Runtime    Last Run
--------------------------------------------  -----  ---------  --------  ----------  --------------  -------------------
/opt/airflow/dags/predictive_pipeline_dag.py                           1           0  3.02s           2025-11-19T21:05:46
================================================================================
[2025-11-19T21:06:20.284+0000] {manager.py:878} INFO - 
================================================================================
DAG File Processing Stats

File Path                                     PID    Runtime      # DAGs    # Errors  Last Runtime    Last Run
--------------------------------------------  -----  ---------  --------  ----------  --------------  -------------------
/opt/airflow/dags/predictive_pipeline_dag.py                           1           0  3.42s           2025-11-19T21:06:20
================================================================================
[2025-11-19T21:06:53.260+0000] {manager.py:878} INFO - 
================================================================================
DAG File Processing Stats

File Path                                     PID    Runtime      # DAGs    # Errors  Last Runtime    Last Run
--------------------------------------------  -----  ---------  --------  ----------  --------------  -------------------
/opt/airflow/dags/predictive_pipeline_dag.py                           1           0  2.83s           2025-11-19T21:06:53
================================================================================
[2025-11-19T21:07:26.405+0000] {manager.py:878} INFO - 
================================================================================
DAG File Processing Stats

File Path                                     PID    Runtime      # DAGs    # Errors  Last Runtime    Last Run
--------------------------------------------  -----  ---------  --------  ----------  --------------  -------------------
/opt/airflow/dags/predictive_pipeline_dag.py                           1           0  2.92s           2025-11-19T21:07:26
================================================================================
[2025-11-19T21:07:45.274+0000] {manager.py:737} INFO - Searching for files in /opt/airflow/dags
[2025-11-19T21:07:45.300+0000] {manager.py:740} INFO - There are 1 files in /opt/airflow/dags
[2025-11-19T21:07:59.581+0000] {manager.py:878} INFO - 
================================================================================
DAG File Processing Stats

File Path                                     PID    Runtime      # DAGs    # Errors  Last Runtime    Last Run
--------------------------------------------  -----  ---------  --------  ----------  --------------  -------------------
/opt/airflow/dags/predictive_pipeline_dag.py                           1           0  3.02s           2025-11-19T21:07:59
================================================================================
[2025-11-19T21:08:32.788+0000] {manager.py:878} INFO - 
================================================================================
DAG File Processing Stats

File Path                                     PID    Runtime      # DAGs    # Errors  Last Runtime    Last Run
--------------------------------------------  -----  ---------  --------  ----------  --------------  -------------------
/opt/airflow/dags/predictive_pipeline_dag.py                           1           0  3.06s           2025-11-19T21:08:32
================================================================================
[2025-11-19T21:09:05.878+0000] {manager.py:878} INFO - 
================================================================================
DAG File Processing Stats

File Path                                     PID    Runtime      # DAGs    # Errors  Last Runtime    Last Run
--------------------------------------------  -----  ---------  --------  ----------  --------------  -------------------
/opt/airflow/dags/predictive_pipeline_dag.py                           1           0  3.01s           2025-11-19T21:09:05
================================================================================
[2025-11-19T21:09:38.943+0000] {manager.py:878} INFO - 
================================================================================
DAG File Processing Stats

File Path                                     PID    Runtime      # DAGs    # Errors  Last Runtime    Last Run
--------------------------------------------  -----  ---------  --------  ----------  --------------  -------------------
/opt/airflow/dags/predictive_pipeline_dag.py                           1           0  2.91s           2025-11-19T21:09:38
================================================================================
[2025-11-19T21:10:12.413+0000] {manager.py:878} INFO - 
================================================================================
DAG File Processing Stats

File Path                                     PID    Runtime      # DAGs    # Errors  Last Runtime    Last Run
--------------------------------------------  -----  ---------  --------  ----------  --------------  -------------------
/opt/airflow/dags/predictive_pipeline_dag.py                           1           0  3.32s           2025-11-19T21:10:12
================================================================================
[2025-11-19T21:10:45.984+0000] {manager.py:878} INFO - 
================================================================================
DAG File Processing Stats

File Path                                     PID    Runtime      # DAGs    # Errors  Last Runtime    Last Run
--------------------------------------------  -----  ---------  --------  ----------  --------------  -------------------
/opt/airflow/dags/predictive_pipeline_dag.py                           1           0  3.42s           2025-11-19T21:10:45
================================================================================
[2025-11-19T21:11:19.378+0000] {manager.py:878} INFO - 
================================================================================
DAG File Processing Stats

File Path                                     PID    Runtime      # DAGs    # Errors  Last Runtime    Last Run
--------------------------------------------  -----  ---------  --------  ----------  --------------  -------------------
/opt/airflow/dags/predictive_pipeline_dag.py                           1           0  3.22s           2025-11-19T21:11:19
================================================================================
[2025-11-19T21:11:52.792+0000] {manager.py:878} INFO - 
================================================================================
DAG File Processing Stats

File Path                                     PID    Runtime      # DAGs    # Errors  Last Runtime    Last Run
--------------------------------------------  -----  ---------  --------  ----------  --------------  -------------------
/opt/airflow/dags/predictive_pipeline_dag.py                           1           0  3.24s           2025-11-19T21:11:52
================================================================================
[2025-11-19T21:12:26.296+0000] {manager.py:878} INFO - 
================================================================================
DAG File Processing Stats

File Path                                     PID    Runtime      # DAGs    # Errors  Last Runtime    Last Run
--------------------------------------------  -----  ---------  --------  ----------  --------------  -------------------
/opt/airflow/dags/predictive_pipeline_dag.py                           1           0  3.32s           2025-11-19T21:12:26
================================================================================
[2025-11-19T21:12:45.803+0000] {manager.py:737} INFO - Searching for files in /opt/airflow/dags
[2025-11-19T21:12:45.827+0000] {manager.py:740} INFO - There are 1 files in /opt/airflow/dags
[2025-11-19T21:12:59.356+0000] {manager.py:878} INFO - 
================================================================================
DAG File Processing Stats

File Path                                     PID    Runtime      # DAGs    # Errors  Last Runtime    Last Run
--------------------------------------------  -----  ---------  --------  ----------  --------------  -------------------
/opt/airflow/dags/predictive_pipeline_dag.py                           1           0  2.93s           2025-11-19T21:12:59
================================================================================
[2025-11-19T21:13:29.289+0000] {manager.py:878} INFO - 
================================================================================
DAG File Processing Stats

File Path                                     PID    Runtime      # DAGs    # Errors  Last Runtime    Last Run
--------------------------------------------  -----  ---------  --------  ----------  --------------  -------------------
/opt/airflow/dags/predictive_pipeline_dag.py                           1           0  2.93s           2025-11-19T21:12:59
================================================================================
[2025-11-19T21:14:00.074+0000] {manager.py:878} INFO - 
================================================================================
DAG File Processing Stats

File Path                                     PID    Runtime      # DAGs    # Errors  Last Runtime    Last Run
--------------------------------------------  -----  ---------  --------  ----------  --------------  -------------------
/opt/airflow/dags/predictive_pipeline_dag.py                           1           0  2.85s           2025-11-19T21:13:32
================================================================================
[2025-11-19T21:14:30.211+0000] {manager.py:878} INFO - 
================================================================================
DAG File Processing Stats

File Path                                     PID    Runtime      # DAGs    # Errors  Last Runtime    Last Run
--------------------------------------------  -----  ---------  --------  ----------  --------------  -------------------
/opt/airflow/dags/predictive_pipeline_dag.py                           1           0  3.01s           2025-11-19T21:14:05
================================================================================
[2025-11-19T21:15:01.173+0000] {manager.py:878} INFO - 
================================================================================
DAG File Processing Stats

File Path                                     PID    Runtime      # DAGs    # Errors  Last Runtime    Last Run
--------------------------------------------  -----  ---------  --------  ----------  --------------  -------------------
/opt/airflow/dags/predictive_pipeline_dag.py                           1           0  3.01s           2025-11-19T21:14:38
================================================================================
[2025-11-19T21:15:31.644+0000] {manager.py:878} INFO - 
================================================================================
DAG File Processing Stats

File Path                                     PID    Runtime      # DAGs    # Errors  Last Runtime    Last Run
--------------------------------------------  -----  ---------  --------  ----------  --------------  -------------------
/opt/airflow/dags/predictive_pipeline_dag.py                           1           0  3.31s           2025-11-19T21:15:12
================================================================================
[2025-11-19T21:16:02.591+0000] {manager.py:878} INFO - 
================================================================================
DAG File Processing Stats

File Path                                     PID    Runtime      # DAGs    # Errors  Last Runtime    Last Run
--------------------------------------------  -----  ---------  --------  ----------  --------------  -------------------
/opt/airflow/dags/predictive_pipeline_dag.py                           1           0  3.02s           2025-11-19T21:15:45
================================================================================
[2025-11-19T21:16:33.271+0000] {manager.py:878} INFO - 
================================================================================
DAG File Processing Stats

File Path                                     PID    Runtime      # DAGs    # Errors  Last Runtime    Last Run
--------------------------------------------  -----  ---------  --------  ----------  --------------  -------------------
/opt/airflow/dags/predictive_pipeline_dag.py                           1           0  3.25s           2025-11-19T21:16:18
================================================================================
[2025-11-19T21:17:03.428+0000] {manager.py:878} INFO - 
================================================================================
DAG File Processing Stats

File Path                                     PID    Runtime      # DAGs    # Errors  Last Runtime    Last Run
--------------------------------------------  -----  ---------  --------  ----------  --------------  -------------------
/opt/airflow/dags/predictive_pipeline_dag.py                           1           0  3.32s           2025-11-19T21:16:52
================================================================================
[2025-11-19T21:17:33.899+0000] {manager.py:878} INFO - 
================================================================================
DAG File Processing Stats

File Path                                     PID    Runtime      # DAGs    # Errors  Last Runtime    Last Run
--------------------------------------------  -----  ---------  --------  ----------  --------------  -------------------
/opt/airflow/dags/predictive_pipeline_dag.py                           1           0  3.33s           2025-11-19T21:17:25
================================================================================
[2025-11-19T21:17:45.949+0000] {manager.py:737} INFO - Searching for files in /opt/airflow/dags
[2025-11-19T21:17:45.973+0000] {manager.py:740} INFO - There are 1 files in /opt/airflow/dags
[2025-11-19T21:18:04.188+0000] {manager.py:878} INFO - 
================================================================================
DAG File Processing Stats

File Path                                     PID    Runtime      # DAGs    # Errors  Last Runtime    Last Run
--------------------------------------------  -----  ---------  --------  ----------  --------------  -------------------
/opt/airflow/dags/predictive_pipeline_dag.py                           1           0  3.43s           2025-11-19T21:17:59
================================================================================
[2025-11-19T21:18:34.778+0000] {manager.py:878} INFO - 
================================================================================
DAG File Processing Stats

File Path                                     PID    Runtime      # DAGs    # Errors  Last Runtime    Last Run
--------------------------------------------  -----  ---------  --------  ----------  --------------  -------------------
/opt/airflow/dags/predictive_pipeline_dag.py                           1           0  3.25s           2025-11-19T21:18:32
================================================================================
[2025-11-19T21:19:06.145+0000] {manager.py:878} INFO - 
================================================================================
DAG File Processing Stats

File Path                                     PID    Runtime      # DAGs    # Errors  Last Runtime    Last Run
--------------------------------------------  -----  ---------  --------  ----------  --------------  -------------------
/opt/airflow/dags/predictive_pipeline_dag.py                           1           0  3.44s           2025-11-19T21:19:06
================================================================================
[2025-11-19T21:19:39.703+0000] {manager.py:878} INFO - 
================================================================================
DAG File Processing Stats

File Path                                     PID    Runtime      # DAGs    # Errors  Last Runtime    Last Run
--------------------------------------------  -----  ---------  --------  ----------  --------------  -------------------
/opt/airflow/dags/predictive_pipeline_dag.py                           1           0  3.42s           2025-11-19T21:19:39
================================================================================
[2025-11-19T21:20:12.713+0000] {manager.py:878} INFO - 
================================================================================
DAG File Processing Stats

File Path                                     PID    Runtime      # DAGs    # Errors  Last Runtime    Last Run
--------------------------------------------  -----  ---------  --------  ----------  --------------  -------------------
/opt/airflow/dags/predictive_pipeline_dag.py                           1           0  2.83s           2025-11-19T21:20:12
================================================================================
[2025-11-19T21:20:45.764+0000] {manager.py:878} INFO - 
================================================================================
DAG File Processing Stats

File Path                                     PID    Runtime      # DAGs    # Errors  Last Runtime    Last Run
--------------------------------------------  -----  ---------  --------  ----------  --------------  -------------------
/opt/airflow/dags/predictive_pipeline_dag.py                           1           0  2.92s           2025-11-19T21:20:45
================================================================================
[2025-11-19T21:21:19.165+0000] {manager.py:878} INFO - 
================================================================================
DAG File Processing Stats

File Path                                     PID    Runtime      # DAGs    # Errors  Last Runtime    Last Run
--------------------------------------------  -----  ---------  --------  ----------  --------------  -------------------
/opt/airflow/dags/predictive_pipeline_dag.py                           1           0  3.24s           2025-11-19T21:21:19
================================================================================
[2025-11-19T21:21:49.109+0000] {manager.py:878} INFO - 
================================================================================
DAG File Processing Stats

File Path                                     PID    Runtime      # DAGs    # Errors  Last Runtime    Last Run
--------------------------------------------  -----  ---------  --------  ----------  --------------  -------------------
/opt/airflow/dags/predictive_pipeline_dag.py                           1           0  3.24s           2025-11-19T21:21:19
================================================================================
[2025-11-19T21:22:19.237+0000] {manager.py:878} INFO - 
================================================================================
DAG File Processing Stats

File Path                                     PID    Runtime      # DAGs    # Errors  Last Runtime    Last Run
--------------------------------------------  -----  ---------  --------  ----------  --------------  -------------------
/opt/airflow/dags/predictive_pipeline_dag.py                           1           0  4.13s           2025-11-19T21:21:53
================================================================================
[2025-11-19T21:22:46.726+0000] {manager.py:737} INFO - Searching for files in /opt/airflow/dags
[2025-11-19T21:22:46.750+0000] {manager.py:740} INFO - There are 1 files in /opt/airflow/dags
[2025-11-19T21:22:49.217+0000] {manager.py:878} INFO - 
================================================================================
DAG File Processing Stats

File Path                                     PID    Runtime      # DAGs    # Errors  Last Runtime    Last Run
--------------------------------------------  -----  ---------  --------  ----------  --------------  -------------------
/opt/airflow/dags/predictive_pipeline_dag.py                           1           0  3.03s           2025-11-19T21:22:26
================================================================================
[2025-11-19T21:23:19.266+0000] {manager.py:878} INFO - 
================================================================================
DAG File Processing Stats

File Path                                     PID    Runtime      # DAGs    # Errors  Last Runtime    Last Run
--------------------------------------------  -----  ---------  --------  ----------  --------------  -------------------
/opt/airflow/dags/predictive_pipeline_dag.py                           1           0  2.85s           2025-11-19T21:22:59
================================================================================
[2025-11-19T21:23:53.883+0000] {manager.py:470} INFO - Processing files using up to 1 processes at a time 
[2025-11-19T21:23:53.885+0000] {manager.py:471} INFO - Process each file at most once every 30 seconds
[2025-11-19T21:23:53.886+0000] {manager.py:472} INFO - Checking for new files in /opt/airflow/dags every 300 seconds
[2025-11-19T21:23:53.886+0000] {manager.py:737} INFO - Searching for files in /opt/airflow/dags
[2025-11-19T21:23:53.916+0000] {manager.py:740} INFO - There are 1 files in /opt/airflow/dags
[2025-11-19T21:24:00.976+0000] {manager.py:878} INFO - 
================================================================================
DAG File Processing Stats

File Path                                     PID    Runtime      # DAGs    # Errors  Last Runtime    Last Run
--------------------------------------------  -----  ---------  --------  ----------  --------------  -------------------
/opt/airflow/dags/predictive_pipeline_dag.py                           1           0  3.65s           2025-11-19T21:24:00
================================================================================
[2025-11-19T21:24:12.751+0000] {manager.py:470} INFO - Processing files using up to 1 processes at a time 
[2025-11-19T21:24:12.752+0000] {manager.py:471} INFO - Process each file at most once every 30 seconds
[2025-11-19T21:24:12.754+0000] {manager.py:472} INFO - Checking for new files in /opt/airflow/dags every 300 seconds
[2025-11-19T21:24:12.755+0000] {manager.py:737} INFO - Searching for files in /opt/airflow/dags
[2025-11-19T21:24:12.786+0000] {manager.py:740} INFO - There are 1 files in /opt/airflow/dags
[2025-11-19T21:24:19.284+0000] {manager.py:878} INFO - 
================================================================================
DAG File Processing Stats

File Path                                     PID    Runtime      # DAGs    # Errors  Last Runtime    Last Run
--------------------------------------------  -----  ---------  --------  ----------  --------------  -------------------
/opt/airflow/dags/predictive_pipeline_dag.py                           1           0  3.33s           2025-11-19T21:24:19
================================================================================
[2025-11-19T21:24:52.895+0000] {manager.py:878} INFO - 
================================================================================
DAG File Processing Stats

File Path                                     PID    Runtime      # DAGs    # Errors  Last Runtime    Last Run
--------------------------------------------  -----  ---------  --------  ----------  --------------  -------------------
/opt/airflow/dags/predictive_pipeline_dag.py                           1           0  2.93s           2025-11-19T21:24:52
================================================================================
[2025-11-19T21:25:26.042+0000] {manager.py:878} INFO - 
================================================================================
DAG File Processing Stats

File Path                                     PID    Runtime      # DAGs    # Errors  Last Runtime    Last Run
--------------------------------------------  -----  ---------  --------  ----------  --------------  -------------------
/opt/airflow/dags/predictive_pipeline_dag.py                           1           0  2.92s           2025-11-19T21:25:26
================================================================================
[2025-11-19T21:25:59.204+0000] {manager.py:878} INFO - 
================================================================================
DAG File Processing Stats

File Path                                     PID    Runtime      # DAGs    # Errors  Last Runtime    Last Run
--------------------------------------------  -----  ---------  --------  ----------  --------------  -------------------
/opt/airflow/dags/predictive_pipeline_dag.py                           1           0  2.95s           2025-11-19T21:25:59
================================================================================
[2025-11-19T21:26:31.965+0000] {manager.py:878} INFO - 
================================================================================
DAG File Processing Stats

File Path                                     PID    Runtime      # DAGs    # Errors  Last Runtime    Last Run
--------------------------------------------  -----  ---------  --------  ----------  --------------  -------------------
/opt/airflow/dags/predictive_pipeline_dag.py                           1           0  2.61s           2025-11-19T21:26:31
================================================================================
[2025-11-19T21:27:04.908+0000] {manager.py:878} INFO - 
================================================================================
DAG File Processing Stats

File Path                                     PID    Runtime      # DAGs    # Errors  Last Runtime    Last Run
--------------------------------------------  -----  ---------  --------  ----------  --------------  -------------------
/opt/airflow/dags/predictive_pipeline_dag.py                           1           0  2.81s           2025-11-19T21:27:04
================================================================================
[2025-11-19T21:27:38.033+0000] {manager.py:878} INFO - 
================================================================================
DAG File Processing Stats

File Path                                     PID    Runtime      # DAGs    # Errors  Last Runtime    Last Run
--------------------------------------------  -----  ---------  --------  ----------  --------------  -------------------
/opt/airflow/dags/predictive_pipeline_dag.py                           1           0  3.01s           2025-11-19T21:27:38
================================================================================
[2025-11-19T21:28:10.994+0000] {manager.py:878} INFO - 
================================================================================
DAG File Processing Stats

File Path                                     PID    Runtime      # DAGs    # Errors  Last Runtime    Last Run
--------------------------------------------  -----  ---------  --------  ----------  --------------  -------------------
/opt/airflow/dags/predictive_pipeline_dag.py                           1           0  2.84s           2025-11-19T21:28:10
================================================================================
[2025-11-19T21:28:32.876+0000] {manager.py:470} INFO - Processing files using up to 1 processes at a time 
[2025-11-19T21:28:32.878+0000] {manager.py:471} INFO - Process each file at most once every 30 seconds
[2025-11-19T21:28:32.879+0000] {manager.py:472} INFO - Checking for new files in /opt/airflow/dags every 300 seconds
[2025-11-19T21:28:32.880+0000] {manager.py:737} INFO - Searching for files in /opt/airflow/dags
[2025-11-19T21:28:32.898+0000] {manager.py:740} INFO - There are 1 files in /opt/airflow/dags
[2025-11-19T21:28:38.856+0000] {manager.py:878} INFO - 
================================================================================
DAG File Processing Stats

File Path                                     PID    Runtime      # DAGs    # Errors  Last Runtime    Last Run
--------------------------------------------  -----  ---------  --------  ----------  --------------  -------------------
/opt/airflow/dags/predictive_pipeline_dag.py                           1           0  3.01s           2025-11-19T21:28:38
================================================================================
[2025-11-19T21:29:12.114+0000] {manager.py:878} INFO - 
================================================================================
DAG File Processing Stats

File Path                                     PID    Runtime      # DAGs    # Errors  Last Runtime    Last Run
--------------------------------------------  -----  ---------  --------  ----------  --------------  -------------------
/opt/airflow/dags/predictive_pipeline_dag.py                           1           0  2.74s           2025-11-19T21:29:12
================================================================================
[2025-11-19T21:29:45.655+0000] {manager.py:878} INFO - 
================================================================================
DAG File Processing Stats

File Path                                     PID    Runtime      # DAGs    # Errors  Last Runtime    Last Run
--------------------------------------------  -----  ---------  --------  ----------  --------------  -------------------
/opt/airflow/dags/predictive_pipeline_dag.py                           1           0  2.92s           2025-11-19T21:29:45
================================================================================
[2025-11-19T21:30:18.667+0000] {manager.py:878} INFO - 
================================================================================
DAG File Processing Stats

File Path                                     PID    Runtime      # DAGs    # Errors  Last Runtime    Last Run
--------------------------------------------  -----  ---------  --------  ----------  --------------  -------------------
/opt/airflow/dags/predictive_pipeline_dag.py                           1           0  2.72s           2025-11-19T21:30:18
================================================================================
[2025-11-19T21:30:51.755+0000] {manager.py:878} INFO - 
================================================================================
DAG File Processing Stats

File Path                                     PID    Runtime      # DAGs    # Errors  Last Runtime    Last Run
--------------------------------------------  -----  ---------  --------  ----------  --------------  -------------------
/opt/airflow/dags/predictive_pipeline_dag.py                           1           0  2.93s           2025-11-19T21:30:51
================================================================================
[2025-11-19T21:31:25.121+0000] {manager.py:878} INFO - 
================================================================================
DAG File Processing Stats

File Path                                     PID    Runtime      # DAGs    # Errors  Last Runtime    Last Run
--------------------------------------------  -----  ---------  --------  ----------  --------------  -------------------
/opt/airflow/dags/predictive_pipeline_dag.py                           1           0  3.22s           2025-11-19T21:31:25
================================================================================
[2025-11-19T21:31:58.307+0000] {manager.py:878} INFO - 
================================================================================
DAG File Processing Stats

File Path                                     PID    Runtime      # DAGs    # Errors  Last Runtime    Last Run
--------------------------------------------  -----  ---------  --------  ----------  --------------  -------------------
/opt/airflow/dags/predictive_pipeline_dag.py                           1           0  3.06s           2025-11-19T21:31:58
================================================================================
[2025-11-19T21:32:30.973+0000] {manager.py:878} INFO - 
================================================================================
DAG File Processing Stats

File Path                                     PID    Runtime      # DAGs    # Errors  Last Runtime    Last Run
--------------------------------------------  -----  ---------  --------  ----------  --------------  -------------------
/opt/airflow/dags/predictive_pipeline_dag.py                           1           0  2.51s           2025-11-19T21:32:30
================================================================================
[2025-11-19T21:48:26.394+0000] {manager.py:470} INFO - Processing files using up to 1 processes at a time 
[2025-11-19T21:48:26.398+0000] {manager.py:471} INFO - Process each file at most once every 30 seconds
[2025-11-19T21:48:26.401+0000] {manager.py:472} INFO - Checking for new files in /opt/airflow/dags every 300 seconds
[2025-11-19T21:48:26.402+0000] {manager.py:737} INFO - Searching for files in /opt/airflow/dags
[2025-11-19T21:48:26.435+0000] {manager.py:740} INFO - There are 1 files in /opt/airflow/dags
[2025-11-19T21:48:33.222+0000] {manager.py:878} INFO - 
================================================================================
DAG File Processing Stats

File Path                                     PID    Runtime      # DAGs    # Errors  Last Runtime    Last Run
--------------------------------------------  -----  ---------  --------  ----------  --------------  -------------------
/opt/airflow/dags/predictive_pipeline_dag.py                           1           0  3.01s           2025-11-19T21:48:33
================================================================================
[2025-11-19T21:49:06.808+0000] {manager.py:878} INFO - 
================================================================================
DAG File Processing Stats

File Path                                     PID    Runtime      # DAGs    # Errors  Last Runtime    Last Run
--------------------------------------------  -----  ---------  --------  ----------  --------------  -------------------
/opt/airflow/dags/predictive_pipeline_dag.py                           1           0  2.91s           2025-11-19T21:49:06
================================================================================
[2025-11-19T21:49:39.722+0000] {manager.py:878} INFO - 
================================================================================
DAG File Processing Stats

File Path                                     PID    Runtime      # DAGs    # Errors  Last Runtime    Last Run
--------------------------------------------  -----  ---------  --------  ----------  --------------  -------------------
/opt/airflow/dags/predictive_pipeline_dag.py                           1           0  2.77s           2025-11-19T21:49:39
================================================================================
[2025-11-19T21:50:13.209+0000] {manager.py:878} INFO - 
================================================================================
DAG File Processing Stats

File Path                                     PID    Runtime      # DAGs    # Errors  Last Runtime    Last Run
--------------------------------------------  -----  ---------  --------  ----------  --------------  -------------------
/opt/airflow/dags/predictive_pipeline_dag.py                           1           0  3.15s           2025-11-19T21:50:13
================================================================================
[2025-11-19T21:50:46.767+0000] {manager.py:878} INFO - 
================================================================================
DAG File Processing Stats

File Path                                     PID    Runtime      # DAGs    # Errors  Last Runtime    Last Run
--------------------------------------------  -----  ---------  --------  ----------  --------------  -------------------
/opt/airflow/dags/predictive_pipeline_dag.py                           1           0  3.17s           2025-11-19T21:50:46
================================================================================
[2025-11-19T21:51:19.841+0000] {manager.py:878} INFO - 
================================================================================
DAG File Processing Stats

File Path                                     PID    Runtime      # DAGs    # Errors  Last Runtime    Last Run
--------------------------------------------  -----  ---------  --------  ----------  --------------  -------------------
/opt/airflow/dags/predictive_pipeline_dag.py                           1           0  2.81s           2025-11-19T21:51:19
================================================================================
[2025-11-19T21:51:53.408+0000] {manager.py:878} INFO - 
================================================================================
DAG File Processing Stats

File Path                                     PID    Runtime      # DAGs    # Errors  Last Runtime    Last Run
--------------------------------------------  -----  ---------  --------  ----------  --------------  -------------------
/opt/airflow/dags/predictive_pipeline_dag.py                           1           0  3.31s           2025-11-19T21:51:53
================================================================================
[2025-11-19T21:53:29.861+0000] {manager.py:452} INFO - Exiting gracefully upon receiving signal 15
[2025-11-19T21:53:30.179+0000] {manager.py:470} INFO - Processing files using up to 1 processes at a time 
[2025-11-19T21:53:30.180+0000] {manager.py:471} INFO - Process each file at most once every 30 seconds
[2025-11-19T21:53:30.181+0000] {manager.py:472} INFO - Checking for new files in /opt/airflow/dags every 300 seconds
[2025-11-19T21:53:30.182+0000] {manager.py:737} INFO - Searching for files in /opt/airflow/dags
[2025-11-19T21:53:30.213+0000] {manager.py:740} INFO - There are 1 files in /opt/airflow/dags
[2025-11-19T21:53:33.433+0000] {manager.py:878} INFO - 
================================================================================
DAG File Processing Stats

File Path                                     PID    Runtime      # DAGs    # Errors  Last Runtime    Last Run
--------------------------------------------  -----  ---------  --------  ----------  --------------  -------------------
/opt/airflow/dags/predictive_pipeline_dag.py                           1           0  3.13s           2025-11-19T21:53:33
================================================================================
[2025-11-19T21:54:06.696+0000] {manager.py:878} INFO - 
================================================================================
DAG File Processing Stats

File Path                                     PID    Runtime      # DAGs    # Errors  Last Runtime    Last Run
--------------------------------------------  -----  ---------  --------  ----------  --------------  -------------------
/opt/airflow/dags/predictive_pipeline_dag.py                           1           0  3.01s           2025-11-19T21:54:06
================================================================================
[2025-11-19T21:54:40.162+0000] {manager.py:878} INFO - 
================================================================================
DAG File Processing Stats

File Path                                     PID    Runtime      # DAGs    # Errors  Last Runtime    Last Run
--------------------------------------------  -----  ---------  --------  ----------  --------------  -------------------
/opt/airflow/dags/predictive_pipeline_dag.py                           1           0  3.19s           2025-11-19T21:54:40
================================================================================
[2025-11-19T21:55:14.355+0000] {manager.py:878} INFO - 
================================================================================
DAG File Processing Stats

File Path                                     PID    Runtime      # DAGs    # Errors  Last Runtime    Last Run
--------------------------------------------  -----  ---------  --------  ----------  --------------  -------------------
/opt/airflow/dags/predictive_pipeline_dag.py                           1           0  3.94s           2025-11-19T21:55:14
================================================================================
[2025-11-19T21:55:47.904+0000] {manager.py:878} INFO - 
================================================================================
DAG File Processing Stats

File Path                                     PID    Runtime      # DAGs    # Errors  Last Runtime    Last Run
--------------------------------------------  -----  ---------  --------  ----------  --------------  -------------------
/opt/airflow/dags/predictive_pipeline_dag.py                           1           0  3.22s           2025-11-19T21:55:47
================================================================================
[2025-11-19T21:56:21.225+0000] {manager.py:878} INFO - 
================================================================================
DAG File Processing Stats

File Path                                     PID    Runtime      # DAGs    # Errors  Last Runtime    Last Run
--------------------------------------------  -----  ---------  --------  ----------  --------------  -------------------
/opt/airflow/dags/predictive_pipeline_dag.py                           1           0  3.01s           2025-11-19T21:56:21
================================================================================
[2025-11-19T21:56:54.397+0000] {manager.py:878} INFO - 
================================================================================
DAG File Processing Stats

File Path                                     PID    Runtime      # DAGs    # Errors  Last Runtime    Last Run
--------------------------------------------  -----  ---------  --------  ----------  --------------  -------------------
/opt/airflow/dags/predictive_pipeline_dag.py                           1           0  2.91s           2025-11-19T21:56:54
================================================================================
[2025-11-19T21:57:27.905+0000] {manager.py:878} INFO - 
================================================================================
DAG File Processing Stats

File Path                                     PID    Runtime      # DAGs    # Errors  Last Runtime    Last Run
--------------------------------------------  -----  ---------  --------  ----------  --------------  -------------------
/opt/airflow/dags/predictive_pipeline_dag.py                           1           0  3.21s           2025-11-19T21:57:27
================================================================================
[2025-11-19T21:58:00.739+0000] {manager.py:878} INFO - 
================================================================================
DAG File Processing Stats

File Path                                     PID    Runtime      # DAGs    # Errors  Last Runtime    Last Run
--------------------------------------------  -----  ---------  --------  ----------  --------------  -------------------
/opt/airflow/dags/predictive_pipeline_dag.py                           1           0  2.71s           2025-11-19T21:58:00
================================================================================
[2025-11-19T21:58:30.830+0000] {manager.py:737} INFO - Searching for files in /opt/airflow/dags
[2025-11-19T21:58:30.854+0000] {manager.py:740} INFO - There are 1 files in /opt/airflow/dags
[2025-11-19T21:58:33.711+0000] {manager.py:878} INFO - 
================================================================================
DAG File Processing Stats

File Path                                     PID    Runtime      # DAGs    # Errors  Last Runtime    Last Run
--------------------------------------------  -----  ---------  --------  ----------  --------------  -------------------
/opt/airflow/dags/predictive_pipeline_dag.py                           1           0  2.81s           2025-11-19T21:58:33
================================================================================
[2025-11-19T21:59:15.029+0000] {manager.py:878} INFO - 
================================================================================
DAG File Processing Stats

File Path                                     PID    Runtime      # DAGs    # Errors  Last Runtime    Last Run
--------------------------------------------  -----  ---------  --------  ----------  --------------  -------------------
/opt/airflow/dags/predictive_pipeline_dag.py                           1           0  2.92s           2025-11-19T21:59:15
================================================================================
[2025-11-19T21:59:48.956+0000] {manager.py:878} INFO - 
================================================================================
DAG File Processing Stats

File Path                                     PID    Runtime      # DAGs    # Errors  Last Runtime    Last Run
--------------------------------------------  -----  ---------  --------  ----------  --------------  -------------------
/opt/airflow/dags/predictive_pipeline_dag.py                           1           0  2.82s           2025-11-19T21:59:48
================================================================================
[2025-11-19T22:00:21.748+0000] {manager.py:878} INFO - 
================================================================================
DAG File Processing Stats

File Path                                     PID    Runtime      # DAGs    # Errors  Last Runtime    Last Run
--------------------------------------------  -----  ---------  --------  ----------  --------------  -------------------
/opt/airflow/dags/predictive_pipeline_dag.py                           1           0  2.71s           2025-11-19T22:00:21
================================================================================
[2025-11-19T22:00:54.601+0000] {manager.py:878} INFO - 
================================================================================
DAG File Processing Stats

File Path                                     PID    Runtime      # DAGs    # Errors  Last Runtime    Last Run
--------------------------------------------  -----  ---------  --------  ----------  --------------  -------------------
/opt/airflow/dags/predictive_pipeline_dag.py                           1           0  2.71s           2025-11-19T22:00:54
================================================================================
[2025-11-19T22:01:27.866+0000] {manager.py:878} INFO - 
================================================================================
DAG File Processing Stats

File Path                                     PID    Runtime      # DAGs    # Errors  Last Runtime    Last Run
--------------------------------------------  -----  ---------  --------  ----------  --------------  -------------------
/opt/airflow/dags/predictive_pipeline_dag.py                           1           0  2.92s           2025-11-19T22:01:27
================================================================================
[2025-11-19T22:02:00.960+0000] {manager.py:878} INFO - 
================================================================================
DAG File Processing Stats

File Path                                     PID    Runtime      # DAGs    # Errors  Last Runtime    Last Run
--------------------------------------------  -----  ---------  --------  ----------  --------------  -------------------
/opt/airflow/dags/predictive_pipeline_dag.py                           1           0  3.01s           2025-11-19T22:02:00
================================================================================
[2025-11-19T22:02:34.114+0000] {manager.py:878} INFO - 
================================================================================
DAG File Processing Stats

File Path                                     PID    Runtime      # DAGs    # Errors  Last Runtime    Last Run
--------------------------------------------  -----  ---------  --------  ----------  --------------  -------------------
/opt/airflow/dags/predictive_pipeline_dag.py                           1           0  3.01s           2025-11-19T22:02:34
================================================================================
[2025-11-19T22:03:06.866+0000] {manager.py:878} INFO - 
================================================================================
DAG File Processing Stats

File Path                                     PID    Runtime      # DAGs    # Errors  Last Runtime    Last Run
--------------------------------------------  -----  ---------  --------  ----------  --------------  -------------------
/opt/airflow/dags/predictive_pipeline_dag.py                           1           0  2.71s           2025-11-19T22:03:06
================================================================================
[2025-11-19T22:03:31.878+0000] {manager.py:737} INFO - Searching for files in /opt/airflow/dags
[2025-11-19T22:03:31.901+0000] {manager.py:740} INFO - There are 1 files in /opt/airflow/dags
[2025-11-19T22:03:39.900+0000] {manager.py:878} INFO - 
================================================================================
DAG File Processing Stats

File Path                                     PID    Runtime      # DAGs    # Errors  Last Runtime    Last Run
--------------------------------------------  -----  ---------  --------  ----------  --------------  -------------------
/opt/airflow/dags/predictive_pipeline_dag.py                           1           0  2.71s           2025-11-19T22:03:39
================================================================================
[2025-11-19T22:04:12.795+0000] {manager.py:878} INFO - 
================================================================================
DAG File Processing Stats

File Path                                     PID    Runtime      # DAGs    # Errors  Last Runtime    Last Run
--------------------------------------------  -----  ---------  --------  ----------  --------------  -------------------
/opt/airflow/dags/predictive_pipeline_dag.py                           1           0  2.80s           2025-11-19T22:04:12
================================================================================
[2025-11-19T22:04:46.855+0000] {manager.py:878} INFO - 
================================================================================
DAG File Processing Stats

File Path                                     PID    Runtime      # DAGs    # Errors  Last Runtime    Last Run
--------------------------------------------  -----  ---------  --------  ----------  --------------  -------------------
/opt/airflow/dags/predictive_pipeline_dag.py                           1           0  3.23s           2025-11-19T22:04:46
================================================================================
[2025-11-19T22:05:19.871+0000] {manager.py:878} INFO - 
================================================================================
DAG File Processing Stats

File Path                                     PID    Runtime      # DAGs    # Errors  Last Runtime    Last Run
--------------------------------------------  -----  ---------  --------  ----------  --------------  -------------------
/opt/airflow/dags/predictive_pipeline_dag.py                           1           0  2.93s           2025-11-19T22:05:19
================================================================================
[2025-11-19T22:05:52.976+0000] {manager.py:878} INFO - 
================================================================================
DAG File Processing Stats

File Path                                     PID    Runtime      # DAGs    # Errors  Last Runtime    Last Run
--------------------------------------------  -----  ---------  --------  ----------  --------------  -------------------
/opt/airflow/dags/predictive_pipeline_dag.py                           1           0  3.01s           2025-11-19T22:05:52
================================================================================
[2025-11-19T22:06:25.982+0000] {manager.py:878} INFO - 
================================================================================
DAG File Processing Stats

File Path                                     PID    Runtime      # DAGs    # Errors  Last Runtime    Last Run
--------------------------------------------  -----  ---------  --------  ----------  --------------  -------------------
/opt/airflow/dags/predictive_pipeline_dag.py                           1           0  2.71s           2025-11-19T22:06:25
================================================================================
[2025-11-19T22:06:59.495+0000] {manager.py:878} INFO - 
================================================================================
DAG File Processing Stats

File Path                                     PID    Runtime      # DAGs    # Errors  Last Runtime    Last Run
--------------------------------------------  -----  ---------  --------  ----------  --------------  -------------------
/opt/airflow/dags/predictive_pipeline_dag.py                           1           0  3.22s           2025-11-19T22:06:59
================================================================================
[2025-11-19T22:08:52.541+0000] {manager.py:452} INFO - Exiting gracefully upon receiving signal 15
[2025-11-19T22:08:52.791+0000] {manager.py:470} INFO - Processing files using up to 1 processes at a time 
[2025-11-19T22:08:52.792+0000] {manager.py:471} INFO - Process each file at most once every 30 seconds
[2025-11-19T22:08:52.793+0000] {manager.py:472} INFO - Checking for new files in /opt/airflow/dags every 300 seconds
[2025-11-19T22:08:52.794+0000] {manager.py:737} INFO - Searching for files in /opt/airflow/dags
[2025-11-19T22:08:52.821+0000] {manager.py:740} INFO - There are 1 files in /opt/airflow/dags
[2025-11-19T22:08:56.114+0000] {manager.py:878} INFO - 
================================================================================
DAG File Processing Stats

File Path                                     PID    Runtime      # DAGs    # Errors  Last Runtime    Last Run
--------------------------------------------  -----  ---------  --------  ----------  --------------  -------------------
/opt/airflow/dags/predictive_pipeline_dag.py                           1           0  3.21s           2025-11-19T22:08:56
================================================================================
[2025-11-19T22:09:29.627+0000] {manager.py:878} INFO - 
================================================================================
DAG File Processing Stats

File Path                                     PID    Runtime      # DAGs    # Errors  Last Runtime    Last Run
--------------------------------------------  -----  ---------  --------  ----------  --------------  -------------------
/opt/airflow/dags/predictive_pipeline_dag.py                           1           0  2.91s           2025-11-19T22:09:29
================================================================================
[2025-11-19T22:10:02.879+0000] {manager.py:878} INFO - 
================================================================================
DAG File Processing Stats

File Path                                     PID    Runtime      # DAGs    # Errors  Last Runtime    Last Run
--------------------------------------------  -----  ---------  --------  ----------  --------------  -------------------
/opt/airflow/dags/predictive_pipeline_dag.py                           1           0  3.01s           2025-11-19T22:10:02
================================================================================
[2025-11-19T22:10:36.164+0000] {manager.py:878} INFO - 
================================================================================
DAG File Processing Stats

File Path                                     PID    Runtime      # DAGs    # Errors  Last Runtime    Last Run
--------------------------------------------  -----  ---------  --------  ----------  --------------  -------------------
/opt/airflow/dags/predictive_pipeline_dag.py                           1           0  3.06s           2025-11-19T22:10:36
================================================================================
[2025-11-19T22:11:09.531+0000] {manager.py:878} INFO - 
================================================================================
DAG File Processing Stats

File Path                                     PID    Runtime      # DAGs    # Errors  Last Runtime    Last Run
--------------------------------------------  -----  ---------  --------  ----------  --------------  -------------------
/opt/airflow/dags/predictive_pipeline_dag.py                           1           0  3.11s           2025-11-19T22:11:09
================================================================================
[2025-11-19T22:11:42.842+0000] {manager.py:878} INFO - 
================================================================================
DAG File Processing Stats

File Path                                     PID    Runtime      # DAGs    # Errors  Last Runtime    Last Run
--------------------------------------------  -----  ---------  --------  ----------  --------------  -------------------
/opt/airflow/dags/predictive_pipeline_dag.py                           1           0  3.20s           2025-11-19T22:11:42
================================================================================
[2025-11-19T22:13:26.280+0000] {manager.py:470} INFO - Processing files using up to 1 processes at a time 
[2025-11-19T22:13:26.281+0000] {manager.py:471} INFO - Process each file at most once every 30 seconds
[2025-11-19T22:13:26.282+0000] {manager.py:472} INFO - Checking for new files in /opt/airflow/dags every 300 seconds
[2025-11-19T22:13:26.283+0000] {manager.py:737} INFO - Searching for files in /opt/airflow/dags
[2025-11-19T22:13:26.307+0000] {manager.py:740} INFO - There are 1 files in /opt/airflow/dags
[2025-11-19T22:13:29.328+0000] {manager.py:878} INFO - 
================================================================================
DAG File Processing Stats

File Path                                     PID    Runtime      # DAGs    # Errors  Last Runtime    Last Run
--------------------------------------------  -----  ---------  --------  ----------  --------------  -------------------
/opt/airflow/dags/predictive_pipeline_dag.py                           1           0  2.91s           2025-11-19T22:13:29
================================================================================
[2025-11-19T22:15:25.151+0000] {manager.py:470} INFO - Processing files using up to 1 processes at a time 
[2025-11-19T22:15:25.153+0000] {manager.py:471} INFO - Process each file at most once every 30 seconds
[2025-11-19T22:15:25.154+0000] {manager.py:472} INFO - Checking for new files in /opt/airflow/dags every 300 seconds
[2025-11-19T22:15:25.156+0000] {manager.py:737} INFO - Searching for files in /opt/airflow/dags
[2025-11-19T22:15:25.190+0000] {manager.py:740} INFO - There are 1 files in /opt/airflow/dags
[2025-11-19T22:15:30.388+0000] {manager.py:749} ERROR - Error removing old import errors
Traceback (most recent call last):
  File "/home/airflow/.local/lib/python3.12/site-packages/sqlalchemy/engine/base.py", line 1910, in _execute_context
    self.dialect.do_execute(
  File "/home/airflow/.local/lib/python3.12/site-packages/sqlalchemy/engine/default.py", line 736, in do_execute
    cursor.execute(statement, parameters)
sqlite3.OperationalError: database is locked

The above exception was the direct cause of the following exception:

Traceback (most recent call last):
  File "/home/airflow/.local/lib/python3.12/site-packages/airflow/dag_processing/manager.py", line 745, in _refresh_dag_dir
    DagFileProcessorManager.clear_nonexistent_import_errors(
  File "/home/airflow/.local/lib/python3.12/site-packages/airflow/api_internal/internal_api_call.py", line 115, in wrapper
    return func(*args, **kwargs)
           ^^^^^^^^^^^^^^^^^^^^^
  File "/home/airflow/.local/lib/python3.12/site-packages/airflow/utils/session.py", line 79, in wrapper
    return func(*args, session=session, **kwargs)
           ^^^^^^^^^^^^^^^^^^^^^^^^^^^^^^^^^^^^^^
  File "/home/airflow/.local/lib/python3.12/site-packages/airflow/dag_processing/manager.py", line 814, in clear_nonexistent_import_errors
    session.execute(query.execution_options(synchronize_session="fetch"))
  File "/home/airflow/.local/lib/python3.12/site-packages/sqlalchemy/orm/session.py", line 1717, in execute
    result = conn._execute_20(statement, params or {}, execution_options)
             ^^^^^^^^^^^^^^^^^^^^^^^^^^^^^^^^^^^^^^^^^^^^^^^^^^^^^^^^^^^^
  File "/home/airflow/.local/lib/python3.12/site-packages/sqlalchemy/engine/base.py", line 1710, in _execute_20
    return meth(self, args_10style, kwargs_10style, execution_options)
           ^^^^^^^^^^^^^^^^^^^^^^^^^^^^^^^^^^^^^^^^^^^^^^^^^^^^^^^^^^^
  File "/home/airflow/.local/lib/python3.12/site-packages/sqlalchemy/sql/elements.py", line 334, in _execute_on_connection
    return connection._execute_clauseelement(
           ^^^^^^^^^^^^^^^^^^^^^^^^^^^^^^^^^^
  File "/home/airflow/.local/lib/python3.12/site-packages/sqlalchemy/engine/base.py", line 1577, in _execute_clauseelement
    ret = self._execute_context(
          ^^^^^^^^^^^^^^^^^^^^^^
  File "/home/airflow/.local/lib/python3.12/site-packages/sqlalchemy/engine/base.py", line 1953, in _execute_context
    self._handle_dbapi_exception(
  File "/home/airflow/.local/lib/python3.12/site-packages/sqlalchemy/engine/base.py", line 2134, in _handle_dbapi_exception
    util.raise_(
  File "/home/airflow/.local/lib/python3.12/site-packages/sqlalchemy/util/compat.py", line 211, in raise_
    raise exception
  File "/home/airflow/.local/lib/python3.12/site-packages/sqlalchemy/engine/base.py", line 1910, in _execute_context
    self.dialect.do_execute(
  File "/home/airflow/.local/lib/python3.12/site-packages/sqlalchemy/engine/default.py", line 736, in do_execute
    cursor.execute(statement, parameters)
sqlalchemy.exc.OperationalError: (sqlite3.OperationalError) database is locked
[SQL: DELETE FROM import_error WHERE (import_error.filename NOT IN (?)) AND import_error.processor_subdir = ?]
[parameters: ('/opt/airflow/dags/predictive_pipeline_dag.py', '/opt/airflow/dags')]
(Background on this error at: https://sqlalche.me/e/14/e3q8)
[2025-11-19T22:15:34.615+0000] {manager.py:878} INFO - 
================================================================================
DAG File Processing Stats

File Path                                     PID    Runtime      # DAGs    # Errors  Last Runtime    Last Run
--------------------------------------------  -----  ---------  --------  ----------  --------------  -------------------
/opt/airflow/dags/predictive_pipeline_dag.py                           1           0  3.74s           2025-11-19T22:15:34
================================================================================
[2025-11-19T22:18:59.241+0000] {manager.py:452} INFO - Exiting gracefully upon receiving signal 15
[2025-11-19T22:18:59.560+0000] {manager.py:470} INFO - Processing files using up to 1 processes at a time 
[2025-11-19T22:18:59.561+0000] {manager.py:471} INFO - Process each file at most once every 30 seconds
[2025-11-19T22:18:59.562+0000] {manager.py:472} INFO - Checking for new files in /opt/airflow/dags every 300 seconds
[2025-11-19T22:18:59.563+0000] {manager.py:737} INFO - Searching for files in /opt/airflow/dags
[2025-11-19T22:18:59.596+0000] {manager.py:740} INFO - There are 1 files in /opt/airflow/dags
[2025-11-19T22:19:02.921+0000] {manager.py:878} INFO - 
================================================================================
DAG File Processing Stats

File Path                                     PID    Runtime      # DAGs    # Errors  Last Runtime    Last Run
--------------------------------------------  -----  ---------  --------  ----------  --------------  -------------------
/opt/airflow/dags/predictive_pipeline_dag.py                           1           0  3.24s           2025-11-19T22:19:02
================================================================================
[2025-11-19T22:20:52.760+0000] {manager.py:452} INFO - Exiting gracefully upon receiving signal 15
[2025-11-19T22:20:53.081+0000] {manager.py:470} INFO - Processing files using up to 1 processes at a time 
[2025-11-19T22:20:53.083+0000] {manager.py:471} INFO - Process each file at most once every 30 seconds
[2025-11-19T22:20:53.084+0000] {manager.py:472} INFO - Checking for new files in /opt/airflow/dags every 300 seconds
[2025-11-19T22:20:53.085+0000] {manager.py:737} INFO - Searching for files in /opt/airflow/dags
[2025-11-19T22:20:53.126+0000] {manager.py:740} INFO - There are 1 files in /opt/airflow/dags
[2025-11-19T22:20:56.246+0000] {manager.py:878} INFO - 
================================================================================
DAG File Processing Stats

File Path                                     PID    Runtime      # DAGs    # Errors  Last Runtime    Last Run
--------------------------------------------  -----  ---------  --------  ----------  --------------  -------------------
/opt/airflow/dags/predictive_pipeline_dag.py                           1           0  3.01s           2025-11-19T22:20:56
================================================================================
[2025-11-19T22:24:01.597+0000] {manager.py:452} INFO - Exiting gracefully upon receiving signal 15
[2025-11-19T22:24:01.850+0000] {manager.py:470} INFO - Processing files using up to 1 processes at a time 
[2025-11-19T22:24:01.851+0000] {manager.py:471} INFO - Process each file at most once every 30 seconds
[2025-11-19T22:24:01.852+0000] {manager.py:472} INFO - Checking for new files in /opt/airflow/dags every 300 seconds
[2025-11-19T22:24:01.852+0000] {manager.py:737} INFO - Searching for files in /opt/airflow/dags
[2025-11-19T22:24:01.879+0000] {manager.py:740} INFO - There are 1 files in /opt/airflow/dags
[2025-11-19T22:24:05.044+0000] {manager.py:878} INFO - 
================================================================================
DAG File Processing Stats

File Path                                     PID    Runtime      # DAGs    # Errors  Last Runtime    Last Run
--------------------------------------------  -----  ---------  --------  ----------  --------------  -------------------
/opt/airflow/dags/predictive_pipeline_dag.py                           1           0  3.05s           2025-11-19T22:24:05
================================================================================
[2025-11-19T22:24:38.926+0000] {manager.py:878} INFO - 
================================================================================
DAG File Processing Stats

File Path                                     PID    Runtime      # DAGs    # Errors  Last Runtime    Last Run
--------------------------------------------  -----  ---------  --------  ----------  --------------  -------------------
/opt/airflow/dags/predictive_pipeline_dag.py                           1           0  2.91s           2025-11-19T22:24:38
================================================================================
[2025-11-19T22:25:12.668+0000] {manager.py:878} INFO - 
================================================================================
DAG File Processing Stats

File Path                                     PID    Runtime      # DAGs    # Errors  Last Runtime    Last Run
--------------------------------------------  -----  ---------  --------  ----------  --------------  -------------------
/opt/airflow/dags/predictive_pipeline_dag.py                           1           0  2.81s           2025-11-19T22:25:12
================================================================================
[2025-11-19T22:25:46.417+0000] {manager.py:878} INFO - 
================================================================================
DAG File Processing Stats

File Path                                     PID    Runtime      # DAGs    # Errors  Last Runtime    Last Run
--------------------------------------------  -----  ---------  --------  ----------  --------------  -------------------
/opt/airflow/dags/predictive_pipeline_dag.py                           1           0  3.42s           2025-11-19T22:25:46
================================================================================
[2025-11-19T22:26:19.596+0000] {manager.py:878} INFO - 
================================================================================
DAG File Processing Stats

File Path                                     PID    Runtime      # DAGs    # Errors  Last Runtime    Last Run
--------------------------------------------  -----  ---------  --------  ----------  --------------  -------------------
/opt/airflow/dags/predictive_pipeline_dag.py                           1           0  2.81s           2025-11-19T22:26:19
================================================================================
[2025-11-19T22:26:52.782+0000] {manager.py:878} INFO - 
================================================================================
DAG File Processing Stats

File Path                                     PID    Runtime      # DAGs    # Errors  Last Runtime    Last Run
--------------------------------------------  -----  ---------  --------  ----------  --------------  -------------------
/opt/airflow/dags/predictive_pipeline_dag.py                           1           0  2.81s           2025-11-19T22:26:52
================================================================================
[2025-11-19T22:27:26.174+0000] {manager.py:878} INFO - 
================================================================================
DAG File Processing Stats

File Path                                     PID    Runtime      # DAGs    # Errors  Last Runtime    Last Run
--------------------------------------------  -----  ---------  --------  ----------  --------------  -------------------
/opt/airflow/dags/predictive_pipeline_dag.py                           1           0  3.01s           2025-11-19T22:27:26
================================================================================
[2025-11-19T22:27:59.343+0000] {manager.py:878} INFO - 
================================================================================
DAG File Processing Stats

File Path                                     PID    Runtime      # DAGs    # Errors  Last Runtime    Last Run
--------------------------------------------  -----  ---------  --------  ----------  --------------  -------------------
/opt/airflow/dags/predictive_pipeline_dag.py                           1           0  2.82s           2025-11-19T22:27:59
================================================================================
[2025-11-19T22:28:32.553+0000] {manager.py:878} INFO - 
================================================================================
DAG File Processing Stats

File Path                                     PID    Runtime      # DAGs    # Errors  Last Runtime    Last Run
--------------------------------------------  -----  ---------  --------  ----------  --------------  -------------------
/opt/airflow/dags/predictive_pipeline_dag.py                           1           0  2.93s           2025-11-19T22:28:32
================================================================================
[2025-11-19T22:29:02.483+0000] {manager.py:737} INFO - Searching for files in /opt/airflow/dags
[2025-11-19T22:29:02.507+0000] {manager.py:740} INFO - There are 1 files in /opt/airflow/dags
[2025-11-19T22:29:05.775+0000] {manager.py:878} INFO - 
================================================================================
DAG File Processing Stats

File Path                                     PID    Runtime      # DAGs    # Errors  Last Runtime    Last Run
--------------------------------------------  -----  ---------  --------  ----------  --------------  -------------------
/opt/airflow/dags/predictive_pipeline_dag.py                           1           0  2.95s           2025-11-19T22:29:05
================================================================================
[2025-11-19T22:29:38.717+0000] {manager.py:878} INFO - 
================================================================================
DAG File Processing Stats

File Path                                     PID    Runtime      # DAGs    # Errors  Last Runtime    Last Run
--------------------------------------------  -----  ---------  --------  ----------  --------------  -------------------
/opt/airflow/dags/predictive_pipeline_dag.py                           1           0  2.92s           2025-11-19T22:29:38
================================================================================
[2025-11-19T22:30:11.930+0000] {manager.py:878} INFO - 
================================================================================
DAG File Processing Stats

File Path                                     PID    Runtime      # DAGs    # Errors  Last Runtime    Last Run
--------------------------------------------  -----  ---------  --------  ----------  --------------  -------------------
/opt/airflow/dags/predictive_pipeline_dag.py                           1           0  2.91s           2025-11-19T22:30:11
================================================================================
[2025-11-19T22:30:44.786+0000] {manager.py:878} INFO - 
================================================================================
DAG File Processing Stats

File Path                                     PID    Runtime      # DAGs    # Errors  Last Runtime    Last Run
--------------------------------------------  -----  ---------  --------  ----------  --------------  -------------------
/opt/airflow/dags/predictive_pipeline_dag.py                           1           0  2.81s           2025-11-19T22:30:44
================================================================================
[2025-11-19T22:31:18.565+0000] {manager.py:878} INFO - 
================================================================================
DAG File Processing Stats

File Path                                     PID    Runtime      # DAGs    # Errors  Last Runtime    Last Run
--------------------------------------------  -----  ---------  --------  ----------  --------------  -------------------
/opt/airflow/dags/predictive_pipeline_dag.py                           1           0  3.71s           2025-11-19T22:31:18
================================================================================
[2025-11-19T22:31:51.633+0000] {manager.py:878} INFO - 
================================================================================
DAG File Processing Stats

File Path                                     PID    Runtime      # DAGs    # Errors  Last Runtime    Last Run
--------------------------------------------  -----  ---------  --------  ----------  --------------  -------------------
/opt/airflow/dags/predictive_pipeline_dag.py                           1           0  3.01s           2025-11-19T22:31:51
================================================================================
[2025-11-19T22:32:25.501+0000] {manager.py:878} INFO - 
================================================================================
DAG File Processing Stats

File Path                                     PID    Runtime      # DAGs    # Errors  Last Runtime    Last Run
--------------------------------------------  -----  ---------  --------  ----------  --------------  -------------------
/opt/airflow/dags/predictive_pipeline_dag.py                           1           0  3.61s           2025-11-19T22:32:25
================================================================================
[2025-11-19T22:32:58.578+0000] {manager.py:878} INFO - 
================================================================================
DAG File Processing Stats

File Path                                     PID    Runtime      # DAGs    # Errors  Last Runtime    Last Run
--------------------------------------------  -----  ---------  --------  ----------  --------------  -------------------
/opt/airflow/dags/predictive_pipeline_dag.py                           1           0  3.01s           2025-11-19T22:32:58
================================================================================
[2025-11-19T22:33:31.871+0000] {manager.py:878} INFO - 
================================================================================
DAG File Processing Stats

File Path                                     PID    Runtime      # DAGs    # Errors  Last Runtime    Last Run
--------------------------------------------  -----  ---------  --------  ----------  --------------  -------------------
/opt/airflow/dags/predictive_pipeline_dag.py                           1           0  3.20s           2025-11-19T22:33:31
================================================================================
[2025-11-19T22:34:04.946+0000] {manager.py:878} INFO - 
================================================================================
DAG File Processing Stats

File Path                                     PID    Runtime      # DAGs    # Errors  Last Runtime    Last Run
--------------------------------------------  -----  ---------  --------  ----------  --------------  -------------------
/opt/airflow/dags/predictive_pipeline_dag.py                           1           0  3.06s           2025-11-19T22:34:04
================================================================================
[2025-11-19T22:34:06.100+0000] {manager.py:737} INFO - Searching for files in /opt/airflow/dags
[2025-11-19T22:34:06.126+0000] {manager.py:740} INFO - There are 1 files in /opt/airflow/dags
[2025-11-19T22:34:38.440+0000] {manager.py:878} INFO - 
================================================================================
DAG File Processing Stats

File Path                                     PID    Runtime      # DAGs    # Errors  Last Runtime    Last Run
--------------------------------------------  -----  ---------  --------  ----------  --------------  -------------------
/opt/airflow/dags/predictive_pipeline_dag.py                           1           0  3.44s           2025-11-19T22:34:38
================================================================================
[2025-11-19T22:35:11.501+0000] {manager.py:878} INFO - 
================================================================================
DAG File Processing Stats

File Path                                     PID    Runtime      # DAGs    # Errors  Last Runtime    Last Run
--------------------------------------------  -----  ---------  --------  ----------  --------------  -------------------
/opt/airflow/dags/predictive_pipeline_dag.py                           1           0  2.71s           2025-11-19T22:35:11
================================================================================
[2025-11-19T22:35:44.618+0000] {manager.py:878} INFO - 
================================================================================
DAG File Processing Stats

File Path                                     PID    Runtime      # DAGs    # Errors  Last Runtime    Last Run
--------------------------------------------  -----  ---------  --------  ----------  --------------  -------------------
/opt/airflow/dags/predictive_pipeline_dag.py                           1           0  2.81s           2025-11-19T22:35:44
================================================================================
[2025-11-19T22:36:17.646+0000] {manager.py:878} INFO - 
================================================================================
DAG File Processing Stats

File Path                                     PID    Runtime      # DAGs    # Errors  Last Runtime    Last Run
--------------------------------------------  -----  ---------  --------  ----------  --------------  -------------------
/opt/airflow/dags/predictive_pipeline_dag.py                           1           0  2.71s           2025-11-19T22:36:17
================================================================================
[2025-11-19T22:36:52.044+0000] {manager.py:878} INFO - 
================================================================================
DAG File Processing Stats

File Path                                     PID    Runtime      # DAGs    # Errors  Last Runtime    Last Run
--------------------------------------------  -----  ---------  --------  ----------  --------------  -------------------
/opt/airflow/dags/predictive_pipeline_dag.py                           1           0  4.03s           2025-11-19T22:36:52
================================================================================
[2025-11-19T22:37:25.990+0000] {manager.py:878} INFO - 
================================================================================
DAG File Processing Stats

File Path                                     PID    Runtime      # DAGs    # Errors  Last Runtime    Last Run
--------------------------------------------  -----  ---------  --------  ----------  --------------  -------------------
/opt/airflow/dags/predictive_pipeline_dag.py                           1           0  3.22s           2025-11-19T22:37:25
================================================================================
[2025-11-19T22:37:59.552+0000] {manager.py:878} INFO - 
================================================================================
DAG File Processing Stats

File Path                                     PID    Runtime      # DAGs    # Errors  Last Runtime    Last Run
--------------------------------------------  -----  ---------  --------  ----------  --------------  -------------------
/opt/airflow/dags/predictive_pipeline_dag.py                           1           0  3.12s           2025-11-19T22:37:59
================================================================================
[2025-11-19T22:38:34.330+0000] {manager.py:878} INFO - 
================================================================================
DAG File Processing Stats

File Path                                     PID    Runtime      # DAGs    # Errors  Last Runtime    Last Run
--------------------------------------------  -----  ---------  --------  ----------  --------------  -------------------
/opt/airflow/dags/predictive_pipeline_dag.py                           1           0  4.36s           2025-11-19T22:38:34
================================================================================
[2025-11-19T22:39:08.650+0000] {manager.py:878} INFO - 
================================================================================
DAG File Processing Stats

File Path                                     PID    Runtime      # DAGs    # Errors  Last Runtime    Last Run
--------------------------------------------  -----  ---------  --------  ----------  --------------  -------------------
/opt/airflow/dags/predictive_pipeline_dag.py                           1           0  3.87s           2025-11-19T22:39:08
================================================================================
[2025-11-19T22:39:09.640+0000] {manager.py:737} INFO - Searching for files in /opt/airflow/dags
[2025-11-19T22:39:09.804+0000] {manager.py:740} INFO - There are 1 files in /opt/airflow/dags
[2025-11-19T22:39:42.423+0000] {manager.py:878} INFO - 
================================================================================
DAG File Processing Stats

File Path                                     PID    Runtime      # DAGs    # Errors  Last Runtime    Last Run
--------------------------------------------  -----  ---------  --------  ----------  --------------  -------------------
/opt/airflow/dags/predictive_pipeline_dag.py                           1           0  3.25s           2025-11-19T22:39:42
================================================================================
[2025-11-19T22:40:16.509+0000] {manager.py:878} INFO - 
================================================================================
DAG File Processing Stats

File Path                                     PID    Runtime      # DAGs    # Errors  Last Runtime    Last Run
--------------------------------------------  -----  ---------  --------  ----------  --------------  -------------------
/opt/airflow/dags/predictive_pipeline_dag.py                           1           0  3.43s           2025-11-19T22:40:16
================================================================================
[2025-11-19T22:40:50.159+0000] {manager.py:878} INFO - 
================================================================================
DAG File Processing Stats

File Path                                     PID    Runtime      # DAGs    # Errors  Last Runtime    Last Run
--------------------------------------------  -----  ---------  --------  ----------  --------------  -------------------
/opt/airflow/dags/predictive_pipeline_dag.py                           1           0  3.44s           2025-11-19T22:40:50
================================================================================
[2025-11-19T22:41:23.603+0000] {manager.py:878} INFO - 
================================================================================
DAG File Processing Stats

File Path                                     PID    Runtime      # DAGs    # Errors  Last Runtime    Last Run
--------------------------------------------  -----  ---------  --------  ----------  --------------  -------------------
/opt/airflow/dags/predictive_pipeline_dag.py                           1           0  2.92s           2025-11-19T22:41:23
================================================================================
[2025-11-19T22:41:57.971+0000] {manager.py:878} INFO - 
================================================================================
DAG File Processing Stats

File Path                                     PID    Runtime      # DAGs    # Errors  Last Runtime    Last Run
--------------------------------------------  -----  ---------  --------  ----------  --------------  -------------------
/opt/airflow/dags/predictive_pipeline_dag.py                           1           0  3.62s           2025-11-19T22:41:57
================================================================================
[2025-11-19T22:42:32.121+0000] {manager.py:878} INFO - 
================================================================================
DAG File Processing Stats

File Path                                     PID    Runtime      # DAGs    # Errors  Last Runtime    Last Run
--------------------------------------------  -----  ---------  --------  ----------  --------------  -------------------
/opt/airflow/dags/predictive_pipeline_dag.py                           1           0  3.53s           2025-11-19T22:42:32
================================================================================
[2025-11-19T22:43:06.324+0000] {manager.py:878} INFO - 
================================================================================
DAG File Processing Stats

File Path                                     PID    Runtime      # DAGs    # Errors  Last Runtime    Last Run
--------------------------------------------  -----  ---------  --------  ----------  --------------  -------------------
/opt/airflow/dags/predictive_pipeline_dag.py                           1           0  3.62s           2025-11-19T22:43:06
================================================================================
[2025-11-19T22:43:40.882+0000] {manager.py:878} INFO - 
================================================================================
DAG File Processing Stats

File Path                                     PID    Runtime      # DAGs    # Errors  Last Runtime    Last Run
--------------------------------------------  -----  ---------  --------  ----------  --------------  -------------------
/opt/airflow/dags/predictive_pipeline_dag.py                           1           0  3.66s           2025-11-19T22:43:40
================================================================================
[2025-11-19T22:44:10.602+0000] {manager.py:737} INFO - Searching for files in /opt/airflow/dags
[2025-11-19T22:44:10.764+0000] {manager.py:740} INFO - There are 1 files in /opt/airflow/dags
[2025-11-19T22:44:14.578+0000] {manager.py:878} INFO - 
================================================================================
DAG File Processing Stats

File Path                                     PID    Runtime      # DAGs    # Errors  Last Runtime    Last Run
--------------------------------------------  -----  ---------  --------  ----------  --------------  -------------------
/opt/airflow/dags/predictive_pipeline_dag.py                           1           0  3.54s           2025-11-19T22:44:14
================================================================================
[2025-11-19T22:44:48.231+0000] {manager.py:878} INFO - 
================================================================================
DAG File Processing Stats

File Path                                     PID    Runtime      # DAGs    # Errors  Last Runtime    Last Run
--------------------------------------------  -----  ---------  --------  ----------  --------------  -------------------
/opt/airflow/dags/predictive_pipeline_dag.py                           1           0  3.13s           2025-11-19T22:44:48
================================================================================
[2025-11-19T22:45:22.706+0000] {manager.py:878} INFO - 
================================================================================
DAG File Processing Stats

File Path                                     PID    Runtime      # DAGs    # Errors  Last Runtime    Last Run
--------------------------------------------  -----  ---------  --------  ----------  --------------  -------------------
/opt/airflow/dags/predictive_pipeline_dag.py                           1           0  3.74s           2025-11-19T22:45:22
================================================================================
[2025-11-19T22:45:57.421+0000] {manager.py:878} INFO - 
================================================================================
DAG File Processing Stats

File Path                                     PID    Runtime      # DAGs    # Errors  Last Runtime    Last Run
--------------------------------------------  -----  ---------  --------  ----------  --------------  -------------------
/opt/airflow/dags/predictive_pipeline_dag.py                           1           0  4.12s           2025-11-19T22:45:57
================================================================================
[2025-11-19T22:46:30.977+0000] {manager.py:878} INFO - 
================================================================================
DAG File Processing Stats

File Path                                     PID    Runtime      # DAGs    # Errors  Last Runtime    Last Run
--------------------------------------------  -----  ---------  --------  ----------  --------------  -------------------
/opt/airflow/dags/predictive_pipeline_dag.py                           1           0  3.42s           2025-11-19T22:46:30
================================================================================
[2025-11-19T22:47:05.437+0000] {manager.py:878} INFO - 
================================================================================
DAG File Processing Stats

File Path                                     PID    Runtime      # DAGs    # Errors  Last Runtime    Last Run
--------------------------------------------  -----  ---------  --------  ----------  --------------  -------------------
/opt/airflow/dags/predictive_pipeline_dag.py                           1           0  4.30s           2025-11-19T22:47:05
================================================================================
[2025-11-19T22:47:40.066+0000] {manager.py:878} INFO - 
================================================================================
DAG File Processing Stats

File Path                                     PID    Runtime      # DAGs    # Errors  Last Runtime    Last Run
--------------------------------------------  -----  ---------  --------  ----------  --------------  -------------------
/opt/airflow/dags/predictive_pipeline_dag.py                           1           0  3.95s           2025-11-19T22:47:40
================================================================================
[2025-11-19T22:48:14.691+0000] {manager.py:878} INFO - 
================================================================================
DAG File Processing Stats

File Path                                     PID    Runtime      # DAGs    # Errors  Last Runtime    Last Run
--------------------------------------------  -----  ---------  --------  ----------  --------------  -------------------
/opt/airflow/dags/predictive_pipeline_dag.py                           1           0  3.83s           2025-11-19T22:48:14
================================================================================
[2025-11-19T22:48:49.784+0000] {manager.py:878} INFO - 
================================================================================
DAG File Processing Stats

File Path                                     PID    Runtime      # DAGs    # Errors  Last Runtime    Last Run
--------------------------------------------  -----  ---------  --------  ----------  --------------  -------------------
/opt/airflow/dags/predictive_pipeline_dag.py                           1           0  4.82s           2025-11-19T22:48:49
================================================================================
[2025-11-19T22:49:11.128+0000] {manager.py:737} INFO - Searching for files in /opt/airflow/dags
[2025-11-19T22:49:11.187+0000] {manager.py:740} INFO - There are 1 files in /opt/airflow/dags
[2025-11-19T22:49:24.687+0000] {manager.py:878} INFO - 
================================================================================
DAG File Processing Stats

File Path                                     PID    Runtime      # DAGs    # Errors  Last Runtime    Last Run
--------------------------------------------  -----  ---------  --------  ----------  --------------  -------------------
/opt/airflow/dags/predictive_pipeline_dag.py                           1           0  4.42s           2025-11-19T22:49:24
================================================================================
[2025-11-19T22:50:00.060+0000] {manager.py:878} INFO - 
================================================================================
DAG File Processing Stats

File Path                                     PID    Runtime      # DAGs    # Errors  Last Runtime    Last Run
--------------------------------------------  -----  ---------  --------  ----------  --------------  -------------------
/opt/airflow/dags/predictive_pipeline_dag.py                           1           0  5.24s           2025-11-19T22:50:00
================================================================================
[2025-11-19T22:50:34.924+0000] {manager.py:878} INFO - 
================================================================================
DAG File Processing Stats

File Path                                     PID    Runtime      # DAGs    # Errors  Last Runtime    Last Run
--------------------------------------------  -----  ---------  --------  ----------  --------------  -------------------
/opt/airflow/dags/predictive_pipeline_dag.py                           1           0  4.43s           2025-11-19T22:50:34
================================================================================
[2025-11-19T22:51:09.516+0000] {manager.py:878} INFO - 
================================================================================
DAG File Processing Stats

File Path                                     PID    Runtime      # DAGs    # Errors  Last Runtime    Last Run
--------------------------------------------  -----  ---------  --------  ----------  --------------  -------------------
/opt/airflow/dags/predictive_pipeline_dag.py                           1           0  3.86s           2025-11-19T22:51:09
================================================================================
[2025-11-19T22:51:43.731+0000] {manager.py:878} INFO - 
================================================================================
DAG File Processing Stats

File Path                                     PID    Runtime      # DAGs    # Errors  Last Runtime    Last Run
--------------------------------------------  -----  ---------  --------  ----------  --------------  -------------------
/opt/airflow/dags/predictive_pipeline_dag.py                           1           0  3.65s           2025-11-19T22:51:43
================================================================================
[2025-11-19T22:52:17.443+0000] {manager.py:878} INFO - 
================================================================================
DAG File Processing Stats

File Path                                     PID    Runtime      # DAGs    # Errors  Last Runtime    Last Run
--------------------------------------------  -----  ---------  --------  ----------  --------------  -------------------
/opt/airflow/dags/predictive_pipeline_dag.py                           1           0  3.64s           2025-11-19T22:52:17
================================================================================
[2025-11-19T22:52:52.912+0000] {manager.py:878} INFO - 
================================================================================
DAG File Processing Stats

File Path                                     PID    Runtime      # DAGs    # Errors  Last Runtime    Last Run
--------------------------------------------  -----  ---------  --------  ----------  --------------  -------------------
/opt/airflow/dags/predictive_pipeline_dag.py                           1           0  4.73s           2025-11-19T22:52:52
================================================================================
[2025-11-19T22:53:27.467+0000] {manager.py:878} INFO - 
================================================================================
DAG File Processing Stats

File Path                                     PID    Runtime      # DAGs    # Errors  Last Runtime    Last Run
--------------------------------------------  -----  ---------  --------  ----------  --------------  -------------------
/opt/airflow/dags/predictive_pipeline_dag.py                           1           0  3.92s           2025-11-19T22:53:27
================================================================================
[2025-11-19T22:54:01.639+0000] {manager.py:878} INFO - 
================================================================================
DAG File Processing Stats

File Path                                     PID    Runtime      # DAGs    # Errors  Last Runtime    Last Run
--------------------------------------------  -----  ---------  --------  ----------  --------------  -------------------
/opt/airflow/dags/predictive_pipeline_dag.py                           1           0  3.43s           2025-11-19T22:54:01
================================================================================
[2025-11-19T22:54:12.067+0000] {manager.py:737} INFO - Searching for files in /opt/airflow/dags
[2025-11-19T22:54:12.213+0000] {manager.py:740} INFO - There are 1 files in /opt/airflow/dags
[2025-11-19T22:54:35.821+0000] {manager.py:878} INFO - 
================================================================================
DAG File Processing Stats

File Path                                     PID    Runtime      # DAGs    # Errors  Last Runtime    Last Run
--------------------------------------------  -----  ---------  --------  ----------  --------------  -------------------
/opt/airflow/dags/predictive_pipeline_dag.py                           1           0  4.02s           2025-11-19T22:54:35
================================================================================
[2025-11-19T22:55:10.199+0000] {manager.py:878} INFO - 
================================================================================
DAG File Processing Stats

File Path                                     PID    Runtime      # DAGs    # Errors  Last Runtime    Last Run
--------------------------------------------  -----  ---------  --------  ----------  --------------  -------------------
/opt/airflow/dags/predictive_pipeline_dag.py                           1           0  3.89s           2025-11-19T22:55:10
================================================================================
[2025-11-19T22:55:44.438+0000] {manager.py:878} INFO - 
================================================================================
DAG File Processing Stats

File Path                                     PID    Runtime      # DAGs    # Errors  Last Runtime    Last Run
--------------------------------------------  -----  ---------  --------  ----------  --------------  -------------------
/opt/airflow/dags/predictive_pipeline_dag.py                           1           0  3.45s           2025-11-19T22:55:44
================================================================================
[2025-11-19T22:56:17.937+0000] {manager.py:878} INFO - 
================================================================================
DAG File Processing Stats

File Path                                     PID    Runtime      # DAGs    # Errors  Last Runtime    Last Run
--------------------------------------------  -----  ---------  --------  ----------  --------------  -------------------
/opt/airflow/dags/predictive_pipeline_dag.py                           1           0  3.43s           2025-11-19T22:56:17
================================================================================
[2025-11-19T22:56:51.771+0000] {manager.py:878} INFO - 
================================================================================
DAG File Processing Stats

File Path                                     PID    Runtime      # DAGs    # Errors  Last Runtime    Last Run
--------------------------------------------  -----  ---------  --------  ----------  --------------  -------------------
/opt/airflow/dags/predictive_pipeline_dag.py                           1           0  3.72s           2025-11-19T22:56:51
================================================================================
[2025-11-19T22:57:21.368+0000] {manager.py:878} INFO - 
================================================================================
DAG File Processing Stats

File Path                                     PID    Runtime      # DAGs    # Errors  Last Runtime    Last Run
--------------------------------------------  -----  ---------  --------  ----------  --------------  -------------------
/opt/airflow/dags/predictive_pipeline_dag.py                           1           0  3.72s           2025-11-19T22:56:51
================================================================================
[2025-11-19T22:57:52.959+0000] {manager.py:878} INFO - 
================================================================================
DAG File Processing Stats

File Path                                     PID    Runtime      # DAGs    # Errors  Last Runtime    Last Run
--------------------------------------------  -----  ---------  --------  ----------  --------------  -------------------
/opt/airflow/dags/predictive_pipeline_dag.py                           1           0  3.02s           2025-11-19T22:57:25
================================================================================
[2025-11-19T22:58:23.890+0000] {manager.py:878} INFO - 
================================================================================
DAG File Processing Stats

File Path                                     PID    Runtime      # DAGs    # Errors  Last Runtime    Last Run
--------------------------------------------  -----  ---------  --------  ----------  --------------  -------------------
/opt/airflow/dags/predictive_pipeline_dag.py                           1           0  3.84s           2025-11-19T22:57:59
================================================================================
[2025-11-19T22:58:54.363+0000] {manager.py:878} INFO - 
================================================================================
DAG File Processing Stats

File Path                                     PID    Runtime      # DAGs    # Errors  Last Runtime    Last Run
--------------------------------------------  -----  ---------  --------  ----------  --------------  -------------------
/opt/airflow/dags/predictive_pipeline_dag.py                           1           0  3.82s           2025-11-19T22:58:34
================================================================================
[2025-11-19T22:59:12.921+0000] {manager.py:737} INFO - Searching for files in /opt/airflow/dags
[2025-11-19T22:59:13.008+0000] {manager.py:740} INFO - There are 1 files in /opt/airflow/dags
[2025-11-19T22:59:25.623+0000] {manager.py:878} INFO - 
================================================================================
DAG File Processing Stats

File Path                                     PID    Runtime      # DAGs    # Errors  Last Runtime    Last Run
--------------------------------------------  -----  ---------  --------  ----------  --------------  -------------------
/opt/airflow/dags/predictive_pipeline_dag.py                           1           0  4.97s           2025-11-19T22:59:10
================================================================================
[2025-11-19T22:59:56.045+0000] {manager.py:878} INFO - 
================================================================================
DAG File Processing Stats

File Path                                     PID    Runtime      # DAGs    # Errors  Last Runtime    Last Run
--------------------------------------------  -----  ---------  --------  ----------  --------------  -------------------
/opt/airflow/dags/predictive_pipeline_dag.py                           1           0  4.55s           2025-11-19T22:59:45
================================================================================
[2025-11-19T23:00:27.168+0000] {manager.py:878} INFO - 
================================================================================
DAG File Processing Stats

File Path                                     PID    Runtime      # DAGs    # Errors  Last Runtime    Last Run
--------------------------------------------  -----  ---------  --------  ----------  --------------  -------------------
/opt/airflow/dags/predictive_pipeline_dag.py                           1           0  4.13s           2025-11-19T23:00:20
================================================================================
[2025-11-19T23:00:58.031+0000] {manager.py:878} INFO - 
================================================================================
DAG File Processing Stats

File Path                                     PID    Runtime      # DAGs    # Errors  Last Runtime    Last Run
--------------------------------------------  -----  ---------  --------  ----------  --------------  -------------------
/opt/airflow/dags/predictive_pipeline_dag.py                           1           0  3.11s           2025-11-19T23:00:54
================================================================================
[2025-11-19T23:01:29.318+0000] {manager.py:878} INFO - 
================================================================================
DAG File Processing Stats

File Path                                     PID    Runtime      # DAGs    # Errors  Last Runtime    Last Run
--------------------------------------------  -----  ---------  --------  ----------  --------------  -------------------
/opt/airflow/dags/predictive_pipeline_dag.py                           1           0  4.54s           2025-11-19T23:01:29
================================================================================
[2025-11-19T23:02:03.958+0000] {manager.py:878} INFO - 
================================================================================
DAG File Processing Stats

File Path                                     PID    Runtime      # DAGs    # Errors  Last Runtime    Last Run
--------------------------------------------  -----  ---------  --------  ----------  --------------  -------------------
/opt/airflow/dags/predictive_pipeline_dag.py                           1           0  3.72s           2025-11-19T23:02:03
================================================================================
[2025-11-19T23:02:41.102+0000] {manager.py:878} INFO - 
================================================================================
DAG File Processing Stats

File Path                                     PID    Runtime      # DAGs    # Errors  Last Runtime    Last Run
--------------------------------------------  -----  ---------  --------  ----------  --------------  -------------------
/opt/airflow/dags/predictive_pipeline_dag.py                           1           0  6.23s           2025-11-19T23:02:41
================================================================================
[2025-11-19T23:03:16.549+0000] {manager.py:878} INFO - 
================================================================================
DAG File Processing Stats

File Path                                     PID    Runtime      # DAGs    # Errors  Last Runtime    Last Run
--------------------------------------------  -----  ---------  --------  ----------  --------------  -------------------
/opt/airflow/dags/predictive_pipeline_dag.py                           1           0  4.46s           2025-11-19T23:03:16
================================================================================
[2025-11-19T23:03:50.499+0000] {manager.py:878} INFO - 
================================================================================
DAG File Processing Stats

File Path                                     PID    Runtime      # DAGs    # Errors  Last Runtime    Last Run
--------------------------------------------  -----  ---------  --------  ----------  --------------  -------------------
/opt/airflow/dags/predictive_pipeline_dag.py                           1           0  3.45s           2025-11-19T23:03:50
================================================================================
[2025-11-19T23:04:13.198+0000] {manager.py:737} INFO - Searching for files in /opt/airflow/dags
[2025-11-19T23:04:13.294+0000] {manager.py:740} INFO - There are 1 files in /opt/airflow/dags
[2025-11-19T23:04:24.647+0000] {manager.py:878} INFO - 
================================================================================
DAG File Processing Stats

File Path                                     PID    Runtime      # DAGs    # Errors  Last Runtime    Last Run
--------------------------------------------  -----  ---------  --------  ----------  --------------  -------------------
/opt/airflow/dags/predictive_pipeline_dag.py                           1           0  3.23s           2025-11-19T23:04:24
================================================================================
[2025-11-19T23:04:58.913+0000] {manager.py:878} INFO - 
================================================================================
DAG File Processing Stats

File Path                                     PID    Runtime      # DAGs    # Errors  Last Runtime    Last Run
--------------------------------------------  -----  ---------  --------  ----------  --------------  -------------------
/opt/airflow/dags/predictive_pipeline_dag.py                           1           0  4.23s           2025-11-19T23:04:58
================================================================================
[2025-11-19T23:05:32.108+0000] {manager.py:878} INFO - 
================================================================================
DAG File Processing Stats

File Path                                     PID    Runtime      # DAGs    # Errors  Last Runtime    Last Run
--------------------------------------------  -----  ---------  --------  ----------  --------------  -------------------
/opt/airflow/dags/predictive_pipeline_dag.py                           1           0  3.13s           2025-11-19T23:05:32
================================================================================
[2025-11-19T23:06:06.024+0000] {manager.py:878} INFO - 
================================================================================
DAG File Processing Stats

File Path                                     PID    Runtime      # DAGs    # Errors  Last Runtime    Last Run
--------------------------------------------  -----  ---------  --------  ----------  --------------  -------------------
/opt/airflow/dags/predictive_pipeline_dag.py                           1           0  3.53s           2025-11-19T23:06:06
================================================================================
[2025-11-19T23:06:40.093+0000] {manager.py:878} INFO - 
================================================================================
DAG File Processing Stats

File Path                                     PID    Runtime      # DAGs    # Errors  Last Runtime    Last Run
--------------------------------------------  -----  ---------  --------  ----------  --------------  -------------------
/opt/airflow/dags/predictive_pipeline_dag.py                           1           0  3.72s           2025-11-19T23:06:40
================================================================================
[2025-11-19T23:07:15.107+0000] {manager.py:878} INFO - 
================================================================================
DAG File Processing Stats

File Path                                     PID    Runtime      # DAGs    # Errors  Last Runtime    Last Run
--------------------------------------------  -----  ---------  --------  ----------  --------------  -------------------
/opt/airflow/dags/predictive_pipeline_dag.py                           1           0  4.84s           2025-11-19T23:07:15
================================================================================
[2025-11-19T23:07:49.310+0000] {manager.py:878} INFO - 
================================================================================
DAG File Processing Stats

File Path                                     PID    Runtime      # DAGs    # Errors  Last Runtime    Last Run
--------------------------------------------  -----  ---------  --------  ----------  --------------  -------------------
/opt/airflow/dags/predictive_pipeline_dag.py                           1           0  3.57s           2025-11-19T23:07:49
================================================================================
[2025-11-19T23:08:23.809+0000] {manager.py:878} INFO - 
================================================================================
DAG File Processing Stats

File Path                                     PID    Runtime      # DAGs    # Errors  Last Runtime    Last Run
--------------------------------------------  -----  ---------  --------  ----------  --------------  -------------------
/opt/airflow/dags/predictive_pipeline_dag.py                           1           0  3.92s           2025-11-19T23:08:23
================================================================================
[2025-11-19T23:08:57.554+0000] {manager.py:878} INFO - 
================================================================================
DAG File Processing Stats

File Path                                     PID    Runtime      # DAGs    # Errors  Last Runtime    Last Run
--------------------------------------------  -----  ---------  --------  ----------  --------------  -------------------
/opt/airflow/dags/predictive_pipeline_dag.py                           1           0  3.42s           2025-11-19T23:08:57
================================================================================
[2025-11-19T23:09:13.372+0000] {manager.py:737} INFO - Searching for files in /opt/airflow/dags
[2025-11-19T23:09:13.475+0000] {manager.py:740} INFO - There are 1 files in /opt/airflow/dags
[2025-11-19T23:09:31.245+0000] {manager.py:878} INFO - 
================================================================================
DAG File Processing Stats

File Path                                     PID    Runtime      # DAGs    # Errors  Last Runtime    Last Run
--------------------------------------------  -----  ---------  --------  ----------  --------------  -------------------
/opt/airflow/dags/predictive_pipeline_dag.py                           1           0  3.63s           2025-11-19T23:09:31
================================================================================
[2025-11-19T23:10:05.725+0000] {manager.py:878} INFO - 
================================================================================
DAG File Processing Stats

File Path                                     PID    Runtime      # DAGs    # Errors  Last Runtime    Last Run
--------------------------------------------  -----  ---------  --------  ----------  --------------  -------------------
/opt/airflow/dags/predictive_pipeline_dag.py                           1           0  3.82s           2025-11-19T23:10:05
================================================================================
[2025-11-19T23:10:40.123+0000] {manager.py:878} INFO - 
================================================================================
DAG File Processing Stats

File Path                                     PID    Runtime      # DAGs    # Errors  Last Runtime    Last Run
--------------------------------------------  -----  ---------  --------  ----------  --------------  -------------------
/opt/airflow/dags/predictive_pipeline_dag.py                           1           0  3.43s           2025-11-19T23:10:40
================================================================================
[2025-11-19T23:11:13.227+0000] {manager.py:878} INFO - 
================================================================================
DAG File Processing Stats

File Path                                     PID    Runtime      # DAGs    # Errors  Last Runtime    Last Run
--------------------------------------------  -----  ---------  --------  ----------  --------------  -------------------
/opt/airflow/dags/predictive_pipeline_dag.py                           1           0  3.02s           2025-11-19T23:11:13
================================================================================
[2025-11-19T23:11:47.466+0000] {manager.py:878} INFO - 
================================================================================
DAG File Processing Stats

File Path                                     PID    Runtime      # DAGs    # Errors  Last Runtime    Last Run
--------------------------------------------  -----  ---------  --------  ----------  --------------  -------------------
/opt/airflow/dags/predictive_pipeline_dag.py                           1           0  3.43s           2025-11-19T23:11:47
================================================================================
[2025-11-19T23:12:22.373+0000] {manager.py:878} INFO - 
================================================================================
DAG File Processing Stats

File Path                                     PID    Runtime      # DAGs    # Errors  Last Runtime    Last Run
--------------------------------------------  -----  ---------  --------  ----------  --------------  -------------------
/opt/airflow/dags/predictive_pipeline_dag.py                           1           0  4.23s           2025-11-19T23:12:22
================================================================================
[2025-11-19T23:12:56.807+0000] {manager.py:878} INFO - 
================================================================================
DAG File Processing Stats

File Path                                     PID    Runtime      # DAGs    # Errors  Last Runtime    Last Run
--------------------------------------------  -----  ---------  --------  ----------  --------------  -------------------
/opt/airflow/dags/predictive_pipeline_dag.py                           1           0  3.83s           2025-11-19T23:12:56
================================================================================
[2025-11-19T23:13:31.585+0000] {manager.py:878} INFO - 
================================================================================
DAG File Processing Stats

File Path                                     PID    Runtime      # DAGs    # Errors  Last Runtime    Last Run
--------------------------------------------  -----  ---------  --------  ----------  --------------  -------------------
/opt/airflow/dags/predictive_pipeline_dag.py                           1           0  4.54s           2025-11-19T23:13:31
================================================================================
[2025-11-19T23:14:06.466+0000] {manager.py:878} INFO - 
================================================================================
DAG File Processing Stats

File Path                                     PID    Runtime      # DAGs    # Errors  Last Runtime    Last Run
--------------------------------------------  -----  ---------  --------  ----------  --------------  -------------------
/opt/airflow/dags/predictive_pipeline_dag.py                           1           0  4.22s           2025-11-19T23:14:06
================================================================================
[2025-11-19T23:14:14.459+0000] {manager.py:737} INFO - Searching for files in /opt/airflow/dags
[2025-11-19T23:14:14.641+0000] {manager.py:740} INFO - There are 1 files in /opt/airflow/dags
[2025-11-19T23:14:42.154+0000] {manager.py:878} INFO - 
================================================================================
DAG File Processing Stats

File Path                                     PID    Runtime      # DAGs    # Errors  Last Runtime    Last Run
--------------------------------------------  -----  ---------  --------  ----------  --------------  -------------------
/opt/airflow/dags/predictive_pipeline_dag.py                           1           0  5.04s           2025-11-19T23:14:42
================================================================================
[2025-11-19T23:15:17.860+0000] {manager.py:878} INFO - 
================================================================================
DAG File Processing Stats

File Path                                     PID    Runtime      # DAGs    # Errors  Last Runtime    Last Run
--------------------------------------------  -----  ---------  --------  ----------  --------------  -------------------
/opt/airflow/dags/predictive_pipeline_dag.py                           1           0  4.95s           2025-11-19T23:15:17
================================================================================
[2025-11-19T23:15:52.950+0000] {manager.py:878} INFO - 
================================================================================
DAG File Processing Stats

File Path                                     PID    Runtime      # DAGs    # Errors  Last Runtime    Last Run
--------------------------------------------  -----  ---------  --------  ----------  --------------  -------------------
/opt/airflow/dags/predictive_pipeline_dag.py                           1           0  4.55s           2025-11-19T23:15:52
================================================================================
[2025-11-19T23:16:27.334+0000] {manager.py:878} INFO - 
================================================================================
DAG File Processing Stats

File Path                                     PID    Runtime      # DAGs    # Errors  Last Runtime    Last Run
--------------------------------------------  -----  ---------  --------  ----------  --------------  -------------------
/opt/airflow/dags/predictive_pipeline_dag.py                           1           0  4.32s           2025-11-19T23:16:27
================================================================================
[2025-11-19T23:17:03.024+0000] {manager.py:878} INFO - 
================================================================================
DAG File Processing Stats

File Path                                     PID    Runtime      # DAGs    # Errors  Last Runtime    Last Run
--------------------------------------------  -----  ---------  --------  ----------  --------------  -------------------
/opt/airflow/dags/predictive_pipeline_dag.py                           1           0  5.03s           2025-11-19T23:17:03
================================================================================
[2025-11-19T23:17:37.426+0000] {manager.py:878} INFO - 
================================================================================
DAG File Processing Stats

File Path                                     PID    Runtime      # DAGs    # Errors  Last Runtime    Last Run
--------------------------------------------  -----  ---------  --------  ----------  --------------  -------------------
/opt/airflow/dags/predictive_pipeline_dag.py                           1           0  3.72s           2025-11-19T23:17:37
================================================================================
[2025-11-19T23:18:10.957+0000] {manager.py:878} INFO - 
================================================================================
DAG File Processing Stats

File Path                                     PID    Runtime      # DAGs    # Errors  Last Runtime    Last Run
--------------------------------------------  -----  ---------  --------  ----------  --------------  -------------------
/opt/airflow/dags/predictive_pipeline_dag.py                           1           0  3.33s           2025-11-19T23:18:10
================================================================================
[2025-11-19T23:18:44.366+0000] {manager.py:878} INFO - 
================================================================================
DAG File Processing Stats

File Path                                     PID    Runtime      # DAGs    # Errors  Last Runtime    Last Run
--------------------------------------------  -----  ---------  --------  ----------  --------------  -------------------
/opt/airflow/dags/predictive_pipeline_dag.py                           1           0  2.82s           2025-11-19T23:18:44
================================================================================
[2025-11-19T23:38:21.145+0000] {manager.py:470} INFO - Processing files using up to 1 processes at a time 
[2025-11-19T23:38:21.147+0000] {manager.py:471} INFO - Process each file at most once every 30 seconds
[2025-11-19T23:38:21.154+0000] {manager.py:472} INFO - Checking for new files in /opt/airflow/dags every 300 seconds
[2025-11-19T23:38:21.158+0000] {manager.py:737} INFO - Searching for files in /opt/airflow/dags
[2025-11-19T23:38:21.269+0000] {manager.py:740} INFO - There are 1 files in /opt/airflow/dags
[2025-11-19T23:38:26.805+0000] {manager.py:749} ERROR - Error removing old import errors
Traceback (most recent call last):
  File "/home/airflow/.local/lib/python3.12/site-packages/sqlalchemy/engine/base.py", line 1910, in _execute_context
    self.dialect.do_execute(
  File "/home/airflow/.local/lib/python3.12/site-packages/sqlalchemy/engine/default.py", line 736, in do_execute
    cursor.execute(statement, parameters)
sqlite3.OperationalError: database is locked

The above exception was the direct cause of the following exception:

Traceback (most recent call last):
  File "/home/airflow/.local/lib/python3.12/site-packages/airflow/dag_processing/manager.py", line 745, in _refresh_dag_dir
    DagFileProcessorManager.clear_nonexistent_import_errors(
  File "/home/airflow/.local/lib/python3.12/site-packages/airflow/api_internal/internal_api_call.py", line 115, in wrapper
    return func(*args, **kwargs)
           ^^^^^^^^^^^^^^^^^^^^^
  File "/home/airflow/.local/lib/python3.12/site-packages/airflow/utils/session.py", line 79, in wrapper
    return func(*args, session=session, **kwargs)
           ^^^^^^^^^^^^^^^^^^^^^^^^^^^^^^^^^^^^^^
  File "/home/airflow/.local/lib/python3.12/site-packages/airflow/dag_processing/manager.py", line 814, in clear_nonexistent_import_errors
    session.execute(query.execution_options(synchronize_session="fetch"))
  File "/home/airflow/.local/lib/python3.12/site-packages/sqlalchemy/orm/session.py", line 1717, in execute
    result = conn._execute_20(statement, params or {}, execution_options)
             ^^^^^^^^^^^^^^^^^^^^^^^^^^^^^^^^^^^^^^^^^^^^^^^^^^^^^^^^^^^^
  File "/home/airflow/.local/lib/python3.12/site-packages/sqlalchemy/engine/base.py", line 1710, in _execute_20
    return meth(self, args_10style, kwargs_10style, execution_options)
           ^^^^^^^^^^^^^^^^^^^^^^^^^^^^^^^^^^^^^^^^^^^^^^^^^^^^^^^^^^^
  File "/home/airflow/.local/lib/python3.12/site-packages/sqlalchemy/sql/elements.py", line 334, in _execute_on_connection
    return connection._execute_clauseelement(
           ^^^^^^^^^^^^^^^^^^^^^^^^^^^^^^^^^^
  File "/home/airflow/.local/lib/python3.12/site-packages/sqlalchemy/engine/base.py", line 1577, in _execute_clauseelement
    ret = self._execute_context(
          ^^^^^^^^^^^^^^^^^^^^^^
  File "/home/airflow/.local/lib/python3.12/site-packages/sqlalchemy/engine/base.py", line 1953, in _execute_context
    self._handle_dbapi_exception(
  File "/home/airflow/.local/lib/python3.12/site-packages/sqlalchemy/engine/base.py", line 2134, in _handle_dbapi_exception
    util.raise_(
  File "/home/airflow/.local/lib/python3.12/site-packages/sqlalchemy/util/compat.py", line 211, in raise_
    raise exception
  File "/home/airflow/.local/lib/python3.12/site-packages/sqlalchemy/engine/base.py", line 1910, in _execute_context
    self.dialect.do_execute(
  File "/home/airflow/.local/lib/python3.12/site-packages/sqlalchemy/engine/default.py", line 736, in do_execute
    cursor.execute(statement, parameters)
sqlalchemy.exc.OperationalError: (sqlite3.OperationalError) database is locked
[SQL: DELETE FROM import_error WHERE (import_error.filename NOT IN (?)) AND import_error.processor_subdir = ?]
[parameters: ('/opt/airflow/dags/predictive_pipeline_dag.py', '/opt/airflow/dags')]
(Background on this error at: https://sqlalche.me/e/14/e3q8)
[2025-11-19T23:38:38.300+0000] {manager.py:878} INFO - 
================================================================================
DAG File Processing Stats

File Path                                     PID    Runtime      # DAGs    # Errors  Last Runtime    Last Run
--------------------------------------------  -----  ---------  --------  ----------  --------------  -------------------
/opt/airflow/dags/predictive_pipeline_dag.py                           1           0  6.59s           2025-11-19T23:38:38
================================================================================
[2025-11-19T23:39:13.464+0000] {manager.py:878} INFO - 
================================================================================
DAG File Processing Stats

File Path                                     PID    Runtime      # DAGs    # Errors  Last Runtime    Last Run
--------------------------------------------  -----  ---------  --------  ----------  --------------  -------------------
/opt/airflow/dags/predictive_pipeline_dag.py                           1           0  4.95s           2025-11-19T23:39:13
================================================================================
[2025-11-19T23:39:48.894+0000] {manager.py:878} INFO - 
================================================================================
DAG File Processing Stats

File Path                                     PID    Runtime      # DAGs    # Errors  Last Runtime    Last Run
--------------------------------------------  -----  ---------  --------  ----------  --------------  -------------------
/opt/airflow/dags/predictive_pipeline_dag.py                           1           0  4.84s           2025-11-19T23:39:48
================================================================================
[2025-11-19T23:40:23.693+0000] {manager.py:878} INFO - 
================================================================================
DAG File Processing Stats

File Path                                     PID    Runtime      # DAGs    # Errors  Last Runtime    Last Run
--------------------------------------------  -----  ---------  --------  ----------  --------------  -------------------
/opt/airflow/dags/predictive_pipeline_dag.py                           1           0  4.63s           2025-11-19T23:40:23
================================================================================
[2025-11-19T23:40:58.552+0000] {manager.py:878} INFO - 
================================================================================
DAG File Processing Stats

File Path                                     PID    Runtime      # DAGs    # Errors  Last Runtime    Last Run
--------------------------------------------  -----  ---------  --------  ----------  --------------  -------------------
/opt/airflow/dags/predictive_pipeline_dag.py                           1           0  4.42s           2025-11-19T23:40:58
================================================================================
[2025-11-19T23:41:31.930+0000] {manager.py:878} INFO - 
================================================================================
DAG File Processing Stats

File Path                                     PID    Runtime      # DAGs    # Errors  Last Runtime    Last Run
--------------------------------------------  -----  ---------  --------  ----------  --------------  -------------------
/opt/airflow/dags/predictive_pipeline_dag.py                           1           0  3.02s           2025-11-19T23:41:31
================================================================================
[2025-11-19T23:42:05.722+0000] {manager.py:878} INFO - 
================================================================================
DAG File Processing Stats

File Path                                     PID    Runtime      # DAGs    # Errors  Last Runtime    Last Run
--------------------------------------------  -----  ---------  --------  ----------  --------------  -------------------
/opt/airflow/dags/predictive_pipeline_dag.py                           1           0  3.72s           2025-11-19T23:42:05
================================================================================
[2025-11-19T23:42:39.631+0000] {manager.py:878} INFO - 
================================================================================
DAG File Processing Stats

File Path                                     PID    Runtime      # DAGs    # Errors  Last Runtime    Last Run
--------------------------------------------  -----  ---------  --------  ----------  --------------  -------------------
/opt/airflow/dags/predictive_pipeline_dag.py                           1           0  3.62s           2025-11-19T23:42:39
================================================================================
[2025-11-19T23:43:14.642+0000] {manager.py:878} INFO - 
================================================================================
DAG File Processing Stats

File Path                                     PID    Runtime      # DAGs    # Errors  Last Runtime    Last Run
--------------------------------------------  -----  ---------  --------  ----------  --------------  -------------------
/opt/airflow/dags/predictive_pipeline_dag.py                           1           0  4.32s           2025-11-19T23:43:14
================================================================================
[2025-11-19T23:43:21.343+0000] {manager.py:737} INFO - Searching for files in /opt/airflow/dags
[2025-11-19T23:43:21.528+0000] {manager.py:740} INFO - There are 1 files in /opt/airflow/dags
[2025-11-19T23:43:49.339+0000] {manager.py:878} INFO - 
================================================================================
DAG File Processing Stats

File Path                                     PID    Runtime      # DAGs    # Errors  Last Runtime    Last Run
--------------------------------------------  -----  ---------  --------  ----------  --------------  -------------------
/opt/airflow/dags/predictive_pipeline_dag.py                           1           0  4.05s           2025-11-19T23:43:49
================================================================================
[2025-11-19T23:44:23.594+0000] {manager.py:878} INFO - 
================================================================================
DAG File Processing Stats

File Path                                     PID    Runtime      # DAGs    # Errors  Last Runtime    Last Run
--------------------------------------------  -----  ---------  --------  ----------  --------------  -------------------
/opt/airflow/dags/predictive_pipeline_dag.py                           1           0  3.61s           2025-11-19T23:44:23
================================================================================
[2025-11-19T23:45:00.178+0000] {manager.py:878} INFO - 
================================================================================
DAG File Processing Stats

File Path                                     PID    Runtime      # DAGs    # Errors  Last Runtime    Last Run
--------------------------------------------  -----  ---------  --------  ----------  --------------  -------------------
/opt/airflow/dags/predictive_pipeline_dag.py                           1           0  6.24s           2025-11-19T23:45:00
================================================================================
[2025-11-19T23:45:36.554+0000] {manager.py:878} INFO - 
================================================================================
DAG File Processing Stats

File Path                                     PID    Runtime      # DAGs    # Errors  Last Runtime    Last Run
--------------------------------------------  -----  ---------  --------  ----------  --------------  -------------------
/opt/airflow/dags/predictive_pipeline_dag.py                           1           0  6.05s           2025-11-19T23:45:36
================================================================================
[2025-11-19T23:46:10.838+0000] {manager.py:878} INFO - 
================================================================================
DAG File Processing Stats

File Path                                     PID    Runtime      # DAGs    # Errors  Last Runtime    Last Run
--------------------------------------------  -----  ---------  --------  ----------  --------------  -------------------
/opt/airflow/dags/predictive_pipeline_dag.py                           1           0  3.72s           2025-11-19T23:46:10
================================================================================
[2025-11-19T23:46:45.316+0000] {manager.py:878} INFO - 
================================================================================
DAG File Processing Stats

File Path                                     PID    Runtime      # DAGs    # Errors  Last Runtime    Last Run
--------------------------------------------  -----  ---------  --------  ----------  --------------  -------------------
/opt/airflow/dags/predictive_pipeline_dag.py                           1           0  3.83s           2025-11-19T23:46:45
================================================================================
[2025-11-19T23:47:18.720+0000] {manager.py:878} INFO - 
================================================================================
DAG File Processing Stats

File Path                                     PID    Runtime      # DAGs    # Errors  Last Runtime    Last Run
--------------------------------------------  -----  ---------  --------  ----------  --------------  -------------------
/opt/airflow/dags/predictive_pipeline_dag.py                           1           0  3.04s           2025-11-19T23:47:18
================================================================================
[2025-11-19T23:47:51.391+0000] {manager.py:878} INFO - 
================================================================================
DAG File Processing Stats

File Path                                     PID    Runtime      # DAGs    # Errors  Last Runtime    Last Run
--------------------------------------------  -----  ---------  --------  ----------  --------------  -------------------
/opt/airflow/dags/predictive_pipeline_dag.py                           1           0  2.61s           2025-11-19T23:47:51
================================================================================
[2025-11-19T23:48:21.355+0000] {manager.py:737} INFO - Searching for files in /opt/airflow/dags
[2025-11-19T23:48:21.427+0000] {manager.py:740} INFO - There are 1 files in /opt/airflow/dags
[2025-11-19T23:48:24.525+0000] {manager.py:878} INFO - 
================================================================================
DAG File Processing Stats

File Path                                     PID    Runtime      # DAGs    # Errors  Last Runtime    Last Run
--------------------------------------------  -----  ---------  --------  ----------  --------------  -------------------
/opt/airflow/dags/predictive_pipeline_dag.py                           1           0  3.01s           2025-11-19T23:48:24
================================================================================
[2025-11-19T23:48:57.628+0000] {manager.py:878} INFO - 
================================================================================
DAG File Processing Stats

File Path                                     PID    Runtime      # DAGs    # Errors  Last Runtime    Last Run
--------------------------------------------  -----  ---------  --------  ----------  --------------  -------------------
/opt/airflow/dags/predictive_pipeline_dag.py                           1           0  2.93s           2025-11-19T23:48:57
================================================================================
[2025-11-19T23:49:30.884+0000] {manager.py:878} INFO - 
================================================================================
DAG File Processing Stats

File Path                                     PID    Runtime      # DAGs    # Errors  Last Runtime    Last Run
--------------------------------------------  -----  ---------  --------  ----------  --------------  -------------------
/opt/airflow/dags/predictive_pipeline_dag.py                           1           0  2.91s           2025-11-19T23:49:30
================================================================================
[2025-11-19T23:50:03.832+0000] {manager.py:878} INFO - 
================================================================================
DAG File Processing Stats

File Path                                     PID    Runtime      # DAGs    # Errors  Last Runtime    Last Run
--------------------------------------------  -----  ---------  --------  ----------  --------------  -------------------
/opt/airflow/dags/predictive_pipeline_dag.py                           1           0  2.72s           2025-11-19T23:50:03
================================================================================
[2025-11-19T23:50:36.892+0000] {manager.py:878} INFO - 
================================================================================
DAG File Processing Stats

File Path                                     PID    Runtime      # DAGs    # Errors  Last Runtime    Last Run
--------------------------------------------  -----  ---------  --------  ----------  --------------  -------------------
/opt/airflow/dags/predictive_pipeline_dag.py                           1           0  2.81s           2025-11-19T23:50:36
================================================================================
[2025-11-19T23:51:10.438+0000] {manager.py:878} INFO - 
================================================================================
DAG File Processing Stats

File Path                                     PID    Runtime      # DAGs    # Errors  Last Runtime    Last Run
--------------------------------------------  -----  ---------  --------  ----------  --------------  -------------------
/opt/airflow/dags/predictive_pipeline_dag.py                           1           0  3.32s           2025-11-19T23:51:10
================================================================================
[2025-11-19T23:51:43.692+0000] {manager.py:878} INFO - 
================================================================================
DAG File Processing Stats

File Path                                     PID    Runtime      # DAGs    # Errors  Last Runtime    Last Run
--------------------------------------------  -----  ---------  --------  ----------  --------------  -------------------
/opt/airflow/dags/predictive_pipeline_dag.py                           1           0  3.01s           2025-11-19T23:51:43
================================================================================
[2025-11-19T23:52:16.649+0000] {manager.py:878} INFO - 
================================================================================
DAG File Processing Stats

File Path                                     PID    Runtime      # DAGs    # Errors  Last Runtime    Last Run
--------------------------------------------  -----  ---------  --------  ----------  --------------  -------------------
/opt/airflow/dags/predictive_pipeline_dag.py                           1           0  2.74s           2025-11-19T23:52:16
================================================================================
[2025-11-19T23:52:49.815+0000] {manager.py:878} INFO - 
================================================================================
DAG File Processing Stats

File Path                                     PID    Runtime      # DAGs    # Errors  Last Runtime    Last Run
--------------------------------------------  -----  ---------  --------  ----------  --------------  -------------------
/opt/airflow/dags/predictive_pipeline_dag.py                           1           0  2.92s           2025-11-19T23:52:49
================================================================================
[2025-11-19T23:53:22.861+0000] {manager.py:878} INFO - 
================================================================================
DAG File Processing Stats

File Path                                     PID    Runtime      # DAGs    # Errors  Last Runtime    Last Run
--------------------------------------------  -----  ---------  --------  ----------  --------------  -------------------
/opt/airflow/dags/predictive_pipeline_dag.py                           1           0  2.81s           2025-11-19T23:53:22
================================================================================
[2025-11-19T23:53:23.992+0000] {manager.py:737} INFO - Searching for files in /opt/airflow/dags
[2025-11-19T23:53:24.019+0000] {manager.py:740} INFO - There are 1 files in /opt/airflow/dags
[2025-11-19T23:53:55.595+0000] {manager.py:878} INFO - 
================================================================================
DAG File Processing Stats

File Path                                     PID    Runtime      # DAGs    # Errors  Last Runtime    Last Run
--------------------------------------------  -----  ---------  --------  ----------  --------------  -------------------
/opt/airflow/dags/predictive_pipeline_dag.py                           1           0  2.71s           2025-11-19T23:53:55
================================================================================
[2025-11-19T23:54:28.653+0000] {manager.py:878} INFO - 
================================================================================
DAG File Processing Stats

File Path                                     PID    Runtime      # DAGs    # Errors  Last Runtime    Last Run
--------------------------------------------  -----  ---------  --------  ----------  --------------  -------------------
/opt/airflow/dags/predictive_pipeline_dag.py                           1           0  2.82s           2025-11-19T23:54:28
================================================================================
[2025-11-19T23:55:01.808+0000] {manager.py:878} INFO - 
================================================================================
DAG File Processing Stats

File Path                                     PID    Runtime      # DAGs    # Errors  Last Runtime    Last Run
--------------------------------------------  -----  ---------  --------  ----------  --------------  -------------------
/opt/airflow/dags/predictive_pipeline_dag.py                           1           0  2.91s           2025-11-19T23:55:01
================================================================================
[2025-11-19T23:55:34.846+0000] {manager.py:878} INFO - 
================================================================================
DAG File Processing Stats

File Path                                     PID    Runtime      # DAGs    # Errors  Last Runtime    Last Run
--------------------------------------------  -----  ---------  --------  ----------  --------------  -------------------
/opt/airflow/dags/predictive_pipeline_dag.py                           1           0  2.81s           2025-11-19T23:55:34
================================================================================
[2025-11-19T23:56:07.771+0000] {manager.py:878} INFO - 
================================================================================
DAG File Processing Stats

File Path                                     PID    Runtime      # DAGs    # Errors  Last Runtime    Last Run
--------------------------------------------  -----  ---------  --------  ----------  --------------  -------------------
/opt/airflow/dags/predictive_pipeline_dag.py                           1           0  2.71s           2025-11-19T23:56:07
================================================================================
[2025-11-19T23:56:40.626+0000] {manager.py:878} INFO - 
================================================================================
DAG File Processing Stats

File Path                                     PID    Runtime      # DAGs    # Errors  Last Runtime    Last Run
--------------------------------------------  -----  ---------  --------  ----------  --------------  -------------------
/opt/airflow/dags/predictive_pipeline_dag.py                           1           0  2.72s           2025-11-19T23:56:40
================================================================================
[2025-11-19T23:57:13.703+0000] {manager.py:878} INFO - 
================================================================================
DAG File Processing Stats

File Path                                     PID    Runtime      # DAGs    # Errors  Last Runtime    Last Run
--------------------------------------------  -----  ---------  --------  ----------  --------------  -------------------
/opt/airflow/dags/predictive_pipeline_dag.py                           1           0  2.81s           2025-11-19T23:57:13
================================================================================
[2025-11-19T23:57:46.964+0000] {manager.py:878} INFO - 
================================================================================
DAG File Processing Stats

File Path                                     PID    Runtime      # DAGs    # Errors  Last Runtime    Last Run
--------------------------------------------  -----  ---------  --------  ----------  --------------  -------------------
/opt/airflow/dags/predictive_pipeline_dag.py                           1           0  3.04s           2025-11-19T23:57:46
================================================================================
[2025-11-19T23:58:20.079+0000] {manager.py:878} INFO - 
================================================================================
DAG File Processing Stats

File Path                                     PID    Runtime      # DAGs    # Errors  Last Runtime    Last Run
--------------------------------------------  -----  ---------  --------  ----------  --------------  -------------------
/opt/airflow/dags/predictive_pipeline_dag.py                           1           0  2.91s           2025-11-19T23:58:20
================================================================================
[2025-11-19T23:58:24.393+0000] {manager.py:737} INFO - Searching for files in /opt/airflow/dags
[2025-11-19T23:58:24.428+0000] {manager.py:740} INFO - There are 1 files in /opt/airflow/dags
[2025-11-19T23:58:53.358+0000] {manager.py:878} INFO - 
================================================================================
DAG File Processing Stats

File Path                                     PID    Runtime      # DAGs    # Errors  Last Runtime    Last Run
--------------------------------------------  -----  ---------  --------  ----------  --------------  -------------------
/opt/airflow/dags/predictive_pipeline_dag.py                           1           0  3.01s           2025-11-19T23:58:53
================================================================================
[2025-11-19T23:59:26.398+0000] {manager.py:878} INFO - 
================================================================================
DAG File Processing Stats

File Path                                     PID    Runtime      # DAGs    # Errors  Last Runtime    Last Run
--------------------------------------------  -----  ---------  --------  ----------  --------------  -------------------
/opt/airflow/dags/predictive_pipeline_dag.py                           1           0  2.81s           2025-11-19T23:59:26
================================================================================
[2025-11-19T23:59:59.629+0000] {manager.py:878} INFO - 
================================================================================
DAG File Processing Stats

File Path                                     PID    Runtime      # DAGs    # Errors  Last Runtime    Last Run
--------------------------------------------  -----  ---------  --------  ----------  --------------  -------------------
/opt/airflow/dags/predictive_pipeline_dag.py                           1           0  3.02s           2025-11-19T23:59:59
================================================================================
[2025-11-20T00:00:32.784+0000] {manager.py:878} INFO - 
================================================================================
DAG File Processing Stats

File Path                                     PID    Runtime      # DAGs    # Errors  Last Runtime    Last Run
--------------------------------------------  -----  ---------  --------  ----------  --------------  -------------------
/opt/airflow/dags/predictive_pipeline_dag.py                           1           0  2.91s           2025-11-20T00:00:32
================================================================================
[2025-11-20T00:01:06.333+0000] {manager.py:878} INFO - 
================================================================================
DAG File Processing Stats

File Path                                     PID    Runtime      # DAGs    # Errors  Last Runtime    Last Run
--------------------------------------------  -----  ---------  --------  ----------  --------------  -------------------
/opt/airflow/dags/predictive_pipeline_dag.py                           1           0  3.32s           2025-11-20T00:01:06
================================================================================
[2025-11-20T00:01:39.878+0000] {manager.py:878} INFO - 
================================================================================
DAG File Processing Stats

File Path                                     PID    Runtime      # DAGs    # Errors  Last Runtime    Last Run
--------------------------------------------  -----  ---------  --------  ----------  --------------  -------------------
/opt/airflow/dags/predictive_pipeline_dag.py                           1           0  3.31s           2025-11-20T00:01:39
================================================================================
[2025-11-20T00:02:13.144+0000] {manager.py:878} INFO - 
================================================================================
DAG File Processing Stats

File Path                                     PID    Runtime      # DAGs    # Errors  Last Runtime    Last Run
--------------------------------------------  -----  ---------  --------  ----------  --------------  -------------------
/opt/airflow/dags/predictive_pipeline_dag.py                           1           0  3.01s           2025-11-20T00:02:13
================================================================================
[2025-11-20T00:02:46.547+0000] {manager.py:878} INFO - 
================================================================================
DAG File Processing Stats

File Path                                     PID    Runtime      # DAGs    # Errors  Last Runtime    Last Run
--------------------------------------------  -----  ---------  --------  ----------  --------------  -------------------
/opt/airflow/dags/predictive_pipeline_dag.py                           1           0  3.11s           2025-11-20T00:02:46
================================================================================
[2025-11-20T00:03:19.726+0000] {manager.py:878} INFO - 
================================================================================
DAG File Processing Stats

File Path                                     PID    Runtime      # DAGs    # Errors  Last Runtime    Last Run
--------------------------------------------  -----  ---------  --------  ----------  --------------  -------------------
/opt/airflow/dags/predictive_pipeline_dag.py                           1           0  2.94s           2025-11-20T00:03:19
================================================================================
[2025-11-20T00:03:24.850+0000] {manager.py:737} INFO - Searching for files in /opt/airflow/dags
[2025-11-20T00:03:24.881+0000] {manager.py:740} INFO - There are 1 files in /opt/airflow/dags
[2025-11-20T00:03:53.291+0000] {manager.py:878} INFO - 
================================================================================
DAG File Processing Stats

File Path                                     PID    Runtime      # DAGs    # Errors  Last Runtime    Last Run
--------------------------------------------  -----  ---------  --------  ----------  --------------  -------------------
/opt/airflow/dags/predictive_pipeline_dag.py                           1           0  3.33s           2025-11-20T00:03:53
================================================================================
[2025-11-20T00:04:26.517+0000] {manager.py:878} INFO - 
================================================================================
DAG File Processing Stats

File Path                                     PID    Runtime      # DAGs    # Errors  Last Runtime    Last Run
--------------------------------------------  -----  ---------  --------  ----------  --------------  -------------------
/opt/airflow/dags/predictive_pipeline_dag.py                           1           0  3.01s           2025-11-20T00:04:26
================================================================================
[2025-11-20T00:04:59.692+0000] {manager.py:878} INFO - 
================================================================================
DAG File Processing Stats

File Path                                     PID    Runtime      # DAGs    # Errors  Last Runtime    Last Run
--------------------------------------------  -----  ---------  --------  ----------  --------------  -------------------
/opt/airflow/dags/predictive_pipeline_dag.py                           1           0  2.91s           2025-11-20T00:04:59
================================================================================
[2025-11-20T00:05:32.807+0000] {manager.py:878} INFO - 
================================================================================
DAG File Processing Stats

File Path                                     PID    Runtime      # DAGs    # Errors  Last Runtime    Last Run
--------------------------------------------  -----  ---------  --------  ----------  --------------  -------------------
/opt/airflow/dags/predictive_pipeline_dag.py                           1           0  2.91s           2025-11-20T00:05:32
================================================================================
[2025-11-20T00:06:05.819+0000] {manager.py:878} INFO - 
================================================================================
DAG File Processing Stats

File Path                                     PID    Runtime      # DAGs    # Errors  Last Runtime    Last Run
--------------------------------------------  -----  ---------  --------  ----------  --------------  -------------------
/opt/airflow/dags/predictive_pipeline_dag.py                           1           0  2.81s           2025-11-20T00:06:05
================================================================================
[2025-11-20T00:06:39.142+0000] {manager.py:878} INFO - 
================================================================================
DAG File Processing Stats

File Path                                     PID    Runtime      # DAGs    # Errors  Last Runtime    Last Run
--------------------------------------------  -----  ---------  --------  ----------  --------------  -------------------
/opt/airflow/dags/predictive_pipeline_dag.py                           1           0  3.11s           2025-11-20T00:06:39
================================================================================
[2025-11-20T00:07:12.667+0000] {manager.py:878} INFO - 
================================================================================
DAG File Processing Stats

File Path                                     PID    Runtime      # DAGs    # Errors  Last Runtime    Last Run
--------------------------------------------  -----  ---------  --------  ----------  --------------  -------------------
/opt/airflow/dags/predictive_pipeline_dag.py                           1           0  3.32s           2025-11-20T00:07:12
================================================================================
[2025-11-20T00:07:45.902+0000] {manager.py:878} INFO - 
================================================================================
DAG File Processing Stats

File Path                                     PID    Runtime      # DAGs    # Errors  Last Runtime    Last Run
--------------------------------------------  -----  ---------  --------  ----------  --------------  -------------------
/opt/airflow/dags/predictive_pipeline_dag.py                           1           0  3.03s           2025-11-20T00:07:45
================================================================================
[2025-11-20T00:08:18.971+0000] {manager.py:878} INFO - 
================================================================================
DAG File Processing Stats

File Path                                     PID    Runtime      # DAGs    # Errors  Last Runtime    Last Run
--------------------------------------------  -----  ---------  --------  ----------  --------------  -------------------
/opt/airflow/dags/predictive_pipeline_dag.py                           1           0  2.84s           2025-11-20T00:08:18
================================================================================
[2025-11-20T00:08:25.195+0000] {manager.py:737} INFO - Searching for files in /opt/airflow/dags
[2025-11-20T00:08:25.220+0000] {manager.py:740} INFO - There are 1 files in /opt/airflow/dags
[2025-11-20T00:08:51.913+0000] {manager.py:878} INFO - 
================================================================================
DAG File Processing Stats

File Path                                     PID    Runtime      # DAGs    # Errors  Last Runtime    Last Run
--------------------------------------------  -----  ---------  --------  ----------  --------------  -------------------
/opt/airflow/dags/predictive_pipeline_dag.py                           1           0  2.72s           2025-11-20T00:08:51
================================================================================
[2025-11-20T00:09:25.037+0000] {manager.py:878} INFO - 
================================================================================
DAG File Processing Stats

File Path                                     PID    Runtime      # DAGs    # Errors  Last Runtime    Last Run
--------------------------------------------  -----  ---------  --------  ----------  --------------  -------------------
/opt/airflow/dags/predictive_pipeline_dag.py                           1           0  2.92s           2025-11-20T00:09:25
================================================================================
[2025-11-20T00:35:05.836+0000] {manager.py:737} INFO - Searching for files in /opt/airflow/dags
[2025-11-20T00:35:05.913+0000] {manager.py:740} INFO - There are 1 files in /opt/airflow/dags
[2025-11-20T00:35:12.563+0000] {manager.py:878} INFO - 
================================================================================
DAG File Processing Stats

File Path                                     PID    Runtime      # DAGs    # Errors  Last Runtime    Last Run
--------------------------------------------  -----  ---------  --------  ----------  --------------  -------------------
/opt/airflow/dags/predictive_pipeline_dag.py                           1           0  6.54s           2025-11-20T00:35:12
================================================================================
[2025-11-20T00:35:45.498+0000] {manager.py:878} INFO - 
================================================================================
DAG File Processing Stats

File Path                                     PID    Runtime      # DAGs    # Errors  Last Runtime    Last Run
--------------------------------------------  -----  ---------  --------  ----------  --------------  -------------------
/opt/airflow/dags/predictive_pipeline_dag.py                           1           0  2.81s           2025-11-20T00:35:45
================================================================================
[2025-11-20T00:36:18.977+0000] {manager.py:878} INFO - 
================================================================================
DAG File Processing Stats

File Path                                     PID    Runtime      # DAGs    # Errors  Last Runtime    Last Run
--------------------------------------------  -----  ---------  --------  ----------  --------------  -------------------
/opt/airflow/dags/predictive_pipeline_dag.py                           1           0  3.11s           2025-11-20T00:36:18
================================================================================
[2025-11-20T00:36:52.843+0000] {manager.py:878} INFO - 
================================================================================
DAG File Processing Stats

File Path                                     PID    Runtime      # DAGs    # Errors  Last Runtime    Last Run
--------------------------------------------  -----  ---------  --------  ----------  --------------  -------------------
/opt/airflow/dags/predictive_pipeline_dag.py                           1           0  3.52s           2025-11-20T00:36:52
================================================================================
[2025-11-20T00:37:27.082+0000] {manager.py:878} INFO - 
================================================================================
DAG File Processing Stats

File Path                                     PID    Runtime      # DAGs    # Errors  Last Runtime    Last Run
--------------------------------------------  -----  ---------  --------  ----------  --------------  -------------------
/opt/airflow/dags/predictive_pipeline_dag.py                           1           0  3.83s           2025-11-20T00:37:27
================================================================================
[2025-11-20T00:38:01.935+0000] {manager.py:878} INFO - 
================================================================================
DAG File Processing Stats

File Path                                     PID    Runtime      # DAGs    # Errors  Last Runtime    Last Run
--------------------------------------------  -----  ---------  --------  ----------  --------------  -------------------
/opt/airflow/dags/predictive_pipeline_dag.py                           1           0  4.35s           2025-11-20T00:38:01
================================================================================
[2025-11-20T00:38:35.402+0000] {manager.py:878} INFO - 
================================================================================
DAG File Processing Stats

File Path                                     PID    Runtime      # DAGs    # Errors  Last Runtime    Last Run
--------------------------------------------  -----  ---------  --------  ----------  --------------  -------------------
/opt/airflow/dags/predictive_pipeline_dag.py                           1           0  3.08s           2025-11-20T00:38:35
================================================================================
[2025-11-20T00:39:09.263+0000] {manager.py:878} INFO - 
================================================================================
DAG File Processing Stats

File Path                                     PID    Runtime      # DAGs    # Errors  Last Runtime    Last Run
--------------------------------------------  -----  ---------  --------  ----------  --------------  -------------------
/opt/airflow/dags/predictive_pipeline_dag.py                           1           0  3.44s           2025-11-20T00:39:09
================================================================================
[2025-11-20T00:39:43.290+0000] {manager.py:878} INFO - 
================================================================================
DAG File Processing Stats

File Path                                     PID    Runtime      # DAGs    # Errors  Last Runtime    Last Run
--------------------------------------------  -----  ---------  --------  ----------  --------------  -------------------
/opt/airflow/dags/predictive_pipeline_dag.py                           1           0  3.33s           2025-11-20T00:39:43
================================================================================
[2025-11-20T00:40:06.450+0000] {manager.py:737} INFO - Searching for files in /opt/airflow/dags
[2025-11-20T00:40:06.535+0000] {manager.py:740} INFO - There are 1 files in /opt/airflow/dags
[2025-11-20T00:40:17.729+0000] {manager.py:878} INFO - 
================================================================================
DAG File Processing Stats

File Path                                     PID    Runtime      # DAGs    # Errors  Last Runtime    Last Run
--------------------------------------------  -----  ---------  --------  ----------  --------------  -------------------
/opt/airflow/dags/predictive_pipeline_dag.py                           1           0  3.74s           2025-11-20T00:40:17
================================================================================
[2025-11-20T00:40:34.048+0000] {manager.py:1128} WARNING - Skipping processing of missing file: /opt/airflow/dags/predictive_pipeline_dag.py
[2025-11-20T00:45:07.336+0000] {manager.py:737} INFO - Searching for files in /opt/airflow/dags
[2025-11-20T00:45:07.369+0000] {manager.py:740} INFO - There are 0 files in /opt/airflow/dags
[2025-11-20T00:50:08.190+0000] {manager.py:737} INFO - Searching for files in /opt/airflow/dags
[2025-11-20T00:50:08.246+0000] {manager.py:740} INFO - There are 1 files in /opt/airflow/dags
[2025-11-20T00:50:27.486+0000] {manager.py:878} INFO - 
================================================================================
DAG File Processing Stats

File Path                                     PID    Runtime      # DAGs    # Errors  Last Runtime    Last Run
--------------------------------------------  -----  ---------  --------  ----------  --------------  -------------------
/opt/airflow/dags/predictive_pipeline_dag.py                           1           0  3.94s           2025-11-20T00:50:12
================================================================================
[2025-11-20T00:50:58.076+0000] {manager.py:878} INFO - 
================================================================================
DAG File Processing Stats

File Path                                     PID    Runtime      # DAGs    # Errors  Last Runtime    Last Run
--------------------------------------------  -----  ---------  --------  ----------  --------------  -------------------
/opt/airflow/dags/predictive_pipeline_dag.py                           1           0  4.12s           2025-11-20T00:50:46
================================================================================
[2025-11-20T00:51:29.213+0000] {manager.py:878} INFO - 
================================================================================
DAG File Processing Stats

File Path                                     PID    Runtime      # DAGs    # Errors  Last Runtime    Last Run
--------------------------------------------  -----  ---------  --------  ----------  --------------  -------------------
/opt/airflow/dags/predictive_pipeline_dag.py                           1           0  3.52s           2025-11-20T00:51:20
================================================================================
[2025-11-20T00:51:59.353+0000] {manager.py:878} INFO - 
================================================================================
DAG File Processing Stats

File Path                                     PID    Runtime      # DAGs    # Errors  Last Runtime    Last Run
--------------------------------------------  -----  ---------  --------  ----------  --------------  -------------------
/opt/airflow/dags/predictive_pipeline_dag.py                           1           0  3.52s           2025-11-20T00:51:53
================================================================================
[2025-11-20T00:52:29.820+0000] {manager.py:878} INFO - 
================================================================================
DAG File Processing Stats

File Path                                     PID    Runtime      # DAGs    # Errors  Last Runtime    Last Run
--------------------------------------------  -----  ---------  --------  ----------  --------------  -------------------
/opt/airflow/dags/predictive_pipeline_dag.py                           1           0  3.22s           2025-11-20T00:52:27
================================================================================
[2025-11-20T00:53:02.050+0000] {manager.py:878} INFO - 
================================================================================
DAG File Processing Stats

File Path                                     PID    Runtime      # DAGs    # Errors  Last Runtime    Last Run
--------------------------------------------  -----  ---------  --------  ----------  --------------  -------------------
/opt/airflow/dags/predictive_pipeline_dag.py                           1           0  4.13s           2025-11-20T00:53:02
================================================================================
[2025-11-20T00:53:36.329+0000] {manager.py:878} INFO - 
================================================================================
DAG File Processing Stats

File Path                                     PID    Runtime      # DAGs    # Errors  Last Runtime    Last Run
--------------------------------------------  -----  ---------  --------  ----------  --------------  -------------------
/opt/airflow/dags/predictive_pipeline_dag.py                           1           0  3.75s           2025-11-20T00:53:36
================================================================================
[2025-11-20T00:54:12.418+0000] {manager.py:878} INFO - 
================================================================================
DAG File Processing Stats

File Path                                     PID    Runtime      # DAGs    # Errors  Last Runtime    Last Run
--------------------------------------------  -----  ---------  --------  ----------  --------------  -------------------
/opt/airflow/dags/predictive_pipeline_dag.py                           1           0  5.76s           2025-11-20T00:54:12
================================================================================
[2025-11-20T00:54:46.396+0000] {manager.py:878} INFO - 
================================================================================
DAG File Processing Stats

File Path                                     PID    Runtime      # DAGs    # Errors  Last Runtime    Last Run
--------------------------------------------  -----  ---------  --------  ----------  --------------  -------------------
/opt/airflow/dags/predictive_pipeline_dag.py                           1           0  3.33s           2025-11-20T00:54:46
================================================================================
[2025-11-20T00:55:08.853+0000] {manager.py:737} INFO - Searching for files in /opt/airflow/dags
[2025-11-20T00:55:08.953+0000] {manager.py:740} INFO - There are 1 files in /opt/airflow/dags
[2025-11-20T00:55:20.567+0000] {manager.py:878} INFO - 
================================================================================
DAG File Processing Stats

File Path                                     PID    Runtime      # DAGs    # Errors  Last Runtime    Last Run
--------------------------------------------  -----  ---------  --------  ----------  --------------  -------------------
/opt/airflow/dags/predictive_pipeline_dag.py                           1           0  3.92s           2025-11-20T00:55:20
================================================================================
[2025-11-20T00:55:54.767+0000] {manager.py:878} INFO - 
================================================================================
DAG File Processing Stats

File Path                                     PID    Runtime      # DAGs    # Errors  Last Runtime    Last Run
--------------------------------------------  -----  ---------  --------  ----------  --------------  -------------------
/opt/airflow/dags/predictive_pipeline_dag.py                           1           0  3.82s           2025-11-20T00:55:54
================================================================================
[2025-11-20T00:56:28.792+0000] {manager.py:878} INFO - 
================================================================================
DAG File Processing Stats

File Path                                     PID    Runtime      # DAGs    # Errors  Last Runtime    Last Run
--------------------------------------------  -----  ---------  --------  ----------  --------------  -------------------
/opt/airflow/dags/predictive_pipeline_dag.py                           1           0  3.91s           2025-11-20T00:56:28
================================================================================
[2025-11-20T00:57:04.085+0000] {manager.py:878} INFO - 
================================================================================
DAG File Processing Stats

File Path                                     PID    Runtime      # DAGs    # Errors  Last Runtime    Last Run
--------------------------------------------  -----  ---------  --------  ----------  --------------  -------------------
/opt/airflow/dags/predictive_pipeline_dag.py                           1           0  4.83s           2025-11-20T00:57:04
================================================================================
[2025-11-20T00:57:38.552+0000] {manager.py:878} INFO - 
================================================================================
DAG File Processing Stats

File Path                                     PID    Runtime      # DAGs    # Errors  Last Runtime    Last Run
--------------------------------------------  -----  ---------  --------  ----------  --------------  -------------------
/opt/airflow/dags/predictive_pipeline_dag.py                           1           0  4.08s           2025-11-20T00:57:38
================================================================================
[2025-11-20T00:58:12.631+0000] {manager.py:878} INFO - 
================================================================================
DAG File Processing Stats

File Path                                     PID    Runtime      # DAGs    # Errors  Last Runtime    Last Run
--------------------------------------------  -----  ---------  --------  ----------  --------------  -------------------
/opt/airflow/dags/predictive_pipeline_dag.py                           1           0  3.62s           2025-11-20T00:58:12
================================================================================
[2025-11-20T00:58:47.279+0000] {manager.py:878} INFO - 
================================================================================
DAG File Processing Stats

File Path                                     PID    Runtime      # DAGs    # Errors  Last Runtime    Last Run
--------------------------------------------  -----  ---------  --------  ----------  --------------  -------------------
/opt/airflow/dags/predictive_pipeline_dag.py                           1           0  4.43s           2025-11-20T00:58:47
================================================================================
[2025-11-20T00:59:22.550+0000] {manager.py:878} INFO - 
================================================================================
DAG File Processing Stats

File Path                                     PID    Runtime      # DAGs    # Errors  Last Runtime    Last Run
--------------------------------------------  -----  ---------  --------  ----------  --------------  -------------------
/opt/airflow/dags/predictive_pipeline_dag.py                           1           0  4.56s           2025-11-20T00:59:22
================================================================================
[2025-11-20T00:59:57.527+0000] {manager.py:878} INFO - 
================================================================================
DAG File Processing Stats

File Path                                     PID    Runtime      # DAGs    # Errors  Last Runtime    Last Run
--------------------------------------------  -----  ---------  --------  ----------  --------------  -------------------
/opt/airflow/dags/predictive_pipeline_dag.py                           1           0  4.84s           2025-11-20T00:59:57
================================================================================
[2025-11-20T01:00:09.219+0000] {manager.py:737} INFO - Searching for files in /opt/airflow/dags
[2025-11-20T01:00:09.315+0000] {manager.py:740} INFO - There are 1 files in /opt/airflow/dags
[2025-11-20T01:00:32.148+0000] {manager.py:878} INFO - 
================================================================================
DAG File Processing Stats

File Path                                     PID    Runtime      # DAGs    # Errors  Last Runtime    Last Run
--------------------------------------------  -----  ---------  --------  ----------  --------------  -------------------
/opt/airflow/dags/predictive_pipeline_dag.py                           1           0  3.73s           2025-11-20T01:00:32
================================================================================
[2025-11-20T01:01:06.222+0000] {manager.py:878} INFO - 
================================================================================
DAG File Processing Stats

File Path                                     PID    Runtime      # DAGs    # Errors  Last Runtime    Last Run
--------------------------------------------  -----  ---------  --------  ----------  --------------  -------------------
/opt/airflow/dags/predictive_pipeline_dag.py                           1           0  3.52s           2025-11-20T01:01:06
================================================================================
[2025-11-20T01:01:40.162+0000] {manager.py:878} INFO - 
================================================================================
DAG File Processing Stats

File Path                                     PID    Runtime      # DAGs    # Errors  Last Runtime    Last Run
--------------------------------------------  -----  ---------  --------  ----------  --------------  -------------------
/opt/airflow/dags/predictive_pipeline_dag.py                           1           0  3.80s           2025-11-20T01:01:40
================================================================================
[2025-11-20T01:02:14.527+0000] {manager.py:878} INFO - 
================================================================================
DAG File Processing Stats

File Path                                     PID    Runtime      # DAGs    # Errors  Last Runtime    Last Run
--------------------------------------------  -----  ---------  --------  ----------  --------------  -------------------
/opt/airflow/dags/predictive_pipeline_dag.py                           1           0  4.02s           2025-11-20T01:02:14
================================================================================
[2025-11-20T01:02:47.866+0000] {manager.py:878} INFO - 
================================================================================
DAG File Processing Stats

File Path                                     PID    Runtime      # DAGs    # Errors  Last Runtime    Last Run
--------------------------------------------  -----  ---------  --------  ----------  --------------  -------------------
/opt/airflow/dags/predictive_pipeline_dag.py                           1           0  3.23s           2025-11-20T01:02:47
================================================================================
[2025-11-20T01:03:21.891+0000] {manager.py:878} INFO - 
================================================================================
DAG File Processing Stats

File Path                                     PID    Runtime      # DAGs    # Errors  Last Runtime    Last Run
--------------------------------------------  -----  ---------  --------  ----------  --------------  -------------------
/opt/airflow/dags/predictive_pipeline_dag.py                           1           0  3.52s           2025-11-20T01:03:21
================================================================================
[2025-11-20T01:03:56.180+0000] {manager.py:878} INFO - 
================================================================================
DAG File Processing Stats

File Path                                     PID    Runtime      # DAGs    # Errors  Last Runtime    Last Run
--------------------------------------------  -----  ---------  --------  ----------  --------------  -------------------
/opt/airflow/dags/predictive_pipeline_dag.py                           1           0  3.62s           2025-11-20T01:03:56
================================================================================
[2025-11-20T01:04:30.228+0000] {manager.py:878} INFO - 
================================================================================
DAG File Processing Stats

File Path                                     PID    Runtime      # DAGs    # Errors  Last Runtime    Last Run
--------------------------------------------  -----  ---------  --------  ----------  --------------  -------------------
/opt/airflow/dags/predictive_pipeline_dag.py                           1           0  3.56s           2025-11-20T01:04:30
================================================================================
[2025-11-20T01:05:04.414+0000] {manager.py:878} INFO - 
================================================================================
DAG File Processing Stats

File Path                                     PID    Runtime      # DAGs    # Errors  Last Runtime    Last Run
--------------------------------------------  -----  ---------  --------  ----------  --------------  -------------------
/opt/airflow/dags/predictive_pipeline_dag.py                           1           0  3.62s           2025-11-20T01:05:04
================================================================================
[2025-11-20T01:05:09.509+0000] {manager.py:737} INFO - Searching for files in /opt/airflow/dags
[2025-11-20T01:05:09.618+0000] {manager.py:740} INFO - There are 1 files in /opt/airflow/dags
[2025-11-20T01:05:38.319+0000] {manager.py:878} INFO - 
================================================================================
DAG File Processing Stats

File Path                                     PID    Runtime      # DAGs    # Errors  Last Runtime    Last Run
--------------------------------------------  -----  ---------  --------  ----------  --------------  -------------------
/opt/airflow/dags/predictive_pipeline_dag.py                           1           0  3.36s           2025-11-20T01:05:38
================================================================================
[2025-11-20T01:06:12.544+0000] {manager.py:878} INFO - 
================================================================================
DAG File Processing Stats

File Path                                     PID    Runtime      # DAGs    # Errors  Last Runtime    Last Run
--------------------------------------------  -----  ---------  --------  ----------  --------------  -------------------
/opt/airflow/dags/predictive_pipeline_dag.py                           1           0  4.08s           2025-11-20T01:06:12
================================================================================
[2025-11-20T01:06:46.656+0000] {manager.py:878} INFO - 
================================================================================
DAG File Processing Stats

File Path                                     PID    Runtime      # DAGs    # Errors  Last Runtime    Last Run
--------------------------------------------  -----  ---------  --------  ----------  --------------  -------------------
/opt/airflow/dags/predictive_pipeline_dag.py                           1           0  3.83s           2025-11-20T01:06:46
================================================================================
[2025-11-20T01:07:21.342+0000] {manager.py:878} INFO - 
================================================================================
DAG File Processing Stats

File Path                                     PID    Runtime      # DAGs    # Errors  Last Runtime    Last Run
--------------------------------------------  -----  ---------  --------  ----------  --------------  -------------------
/opt/airflow/dags/predictive_pipeline_dag.py                           1           0  4.02s           2025-11-20T01:07:21
================================================================================
[2025-11-20T01:07:56.445+0000] {manager.py:878} INFO - 
================================================================================
DAG File Processing Stats

File Path                                     PID    Runtime      # DAGs    # Errors  Last Runtime    Last Run
--------------------------------------------  -----  ---------  --------  ----------  --------------  -------------------
/opt/airflow/dags/predictive_pipeline_dag.py                           1           0  4.42s           2025-11-20T01:07:56
================================================================================
[2025-11-20T01:08:30.050+0000] {manager.py:878} INFO - 
================================================================================
DAG File Processing Stats

File Path                                     PID    Runtime      # DAGs    # Errors  Last Runtime    Last Run
--------------------------------------------  -----  ---------  --------  ----------  --------------  -------------------
/opt/airflow/dags/predictive_pipeline_dag.py                           1           0  3.12s           2025-11-20T01:08:30
================================================================================
[2025-11-20T01:09:04.020+0000] {manager.py:878} INFO - 
================================================================================
DAG File Processing Stats

File Path                                     PID    Runtime      # DAGs    # Errors  Last Runtime    Last Run
--------------------------------------------  -----  ---------  --------  ----------  --------------  -------------------
/opt/airflow/dags/predictive_pipeline_dag.py                           1           0  3.42s           2025-11-20T01:09:04
================================================================================
[2025-11-20T01:09:37.665+0000] {manager.py:878} INFO - 
================================================================================
DAG File Processing Stats

File Path                                     PID    Runtime      # DAGs    # Errors  Last Runtime    Last Run
--------------------------------------------  -----  ---------  --------  ----------  --------------  -------------------
/opt/airflow/dags/predictive_pipeline_dag.py                           1           0  3.32s           2025-11-20T01:09:37
================================================================================
[2025-11-20T01:10:11.948+0000] {manager.py:878} INFO - 
================================================================================
DAG File Processing Stats

File Path                                     PID    Runtime      # DAGs    # Errors  Last Runtime    Last Run
--------------------------------------------  -----  ---------  --------  ----------  --------------  -------------------
/opt/airflow/dags/predictive_pipeline_dag.py                           1           0  3.64s           2025-11-20T01:10:11
================================================================================
[2025-11-20T01:10:13.175+0000] {manager.py:737} INFO - Searching for files in /opt/airflow/dags
[2025-11-20T01:10:13.325+0000] {manager.py:740} INFO - There are 1 files in /opt/airflow/dags
[2025-11-20T01:10:47.170+0000] {manager.py:878} INFO - 
================================================================================
DAG File Processing Stats

File Path                                     PID    Runtime      # DAGs    # Errors  Last Runtime    Last Run
--------------------------------------------  -----  ---------  --------  ----------  --------------  -------------------
/opt/airflow/dags/predictive_pipeline_dag.py                           1           0  4.63s           2025-11-20T01:10:47
================================================================================
[2025-11-20T01:11:20.806+0000] {manager.py:878} INFO - 
================================================================================
DAG File Processing Stats

File Path                                     PID    Runtime      # DAGs    # Errors  Last Runtime    Last Run
--------------------------------------------  -----  ---------  --------  ----------  --------------  -------------------
/opt/airflow/dags/predictive_pipeline_dag.py                           1           0  3.43s           2025-11-20T01:11:20
================================================================================
[2025-11-20T01:11:55.265+0000] {manager.py:878} INFO - 
================================================================================
DAG File Processing Stats

File Path                                     PID    Runtime      # DAGs    # Errors  Last Runtime    Last Run
--------------------------------------------  -----  ---------  --------  ----------  --------------  -------------------
/opt/airflow/dags/predictive_pipeline_dag.py                           1           0  4.01s           2025-11-20T01:11:55
================================================================================
[2025-11-20T01:12:29.809+0000] {manager.py:878} INFO - 
================================================================================
DAG File Processing Stats

File Path                                     PID    Runtime      # DAGs    # Errors  Last Runtime    Last Run
--------------------------------------------  -----  ---------  --------  ----------  --------------  -------------------
/opt/airflow/dags/predictive_pipeline_dag.py                           1           0  4.34s           2025-11-20T01:12:29
================================================================================
[2025-11-20T01:13:04.406+0000] {manager.py:878} INFO - 
================================================================================
DAG File Processing Stats

File Path                                     PID    Runtime      # DAGs    # Errors  Last Runtime    Last Run
--------------------------------------------  -----  ---------  --------  ----------  --------------  -------------------
/opt/airflow/dags/predictive_pipeline_dag.py                           1           0  4.03s           2025-11-20T01:13:04
================================================================================
[2025-11-20T01:13:37.955+0000] {manager.py:878} INFO - 
================================================================================
DAG File Processing Stats

File Path                                     PID    Runtime      # DAGs    # Errors  Last Runtime    Last Run
--------------------------------------------  -----  ---------  --------  ----------  --------------  -------------------
/opt/airflow/dags/predictive_pipeline_dag.py                           1           0  3.41s           2025-11-20T01:13:37
================================================================================
[2025-11-20T01:14:14.527+0000] {manager.py:878} INFO - 
================================================================================
DAG File Processing Stats

File Path                                     PID    Runtime      # DAGs    # Errors  Last Runtime    Last Run
--------------------------------------------  -----  ---------  --------  ----------  --------------  -------------------
/opt/airflow/dags/predictive_pipeline_dag.py                           1           0  5.86s           2025-11-20T01:14:14
================================================================================
[2025-11-20T01:14:48.004+0000] {manager.py:878} INFO - 
================================================================================
DAG File Processing Stats

File Path                                     PID    Runtime      # DAGs    # Errors  Last Runtime    Last Run
--------------------------------------------  -----  ---------  --------  ----------  --------------  -------------------
/opt/airflow/dags/predictive_pipeline_dag.py                           1           0  3.02s           2025-11-20T01:14:48
================================================================================
[2025-11-20T01:15:13.624+0000] {manager.py:737} INFO - Searching for files in /opt/airflow/dags
[2025-11-20T01:15:13.651+0000] {manager.py:740} INFO - There are 1 files in /opt/airflow/dags
[2025-11-20T01:15:21.240+0000] {manager.py:878} INFO - 
================================================================================
DAG File Processing Stats

File Path                                     PID    Runtime      # DAGs    # Errors  Last Runtime    Last Run
--------------------------------------------  -----  ---------  --------  ----------  --------------  -------------------
/opt/airflow/dags/predictive_pipeline_dag.py                           1           0  3.11s           2025-11-20T01:15:21
================================================================================
[2025-11-20T01:15:54.493+0000] {manager.py:878} INFO - 
================================================================================
DAG File Processing Stats

File Path                                     PID    Runtime      # DAGs    # Errors  Last Runtime    Last Run
--------------------------------------------  -----  ---------  --------  ----------  --------------  -------------------
/opt/airflow/dags/predictive_pipeline_dag.py                           1           0  3.01s           2025-11-20T01:15:54
================================================================================
[2025-11-20T01:16:27.365+0000] {manager.py:878} INFO - 
================================================================================
DAG File Processing Stats

File Path                                     PID    Runtime      # DAGs    # Errors  Last Runtime    Last Run
--------------------------------------------  -----  ---------  --------  ----------  --------------  -------------------
/opt/airflow/dags/predictive_pipeline_dag.py                           1           0  2.61s           2025-11-20T01:16:27
================================================================================
[2025-11-20T01:17:00.308+0000] {manager.py:878} INFO - 
================================================================================
DAG File Processing Stats

File Path                                     PID    Runtime      # DAGs    # Errors  Last Runtime    Last Run
--------------------------------------------  -----  ---------  --------  ----------  --------------  -------------------
/opt/airflow/dags/predictive_pipeline_dag.py                           1           0  2.71s           2025-11-20T01:17:00
================================================================================
[2025-11-20T01:17:33.527+0000] {manager.py:878} INFO - 
================================================================================
DAG File Processing Stats

File Path                                     PID    Runtime      # DAGs    # Errors  Last Runtime    Last Run
--------------------------------------------  -----  ---------  --------  ----------  --------------  -------------------
/opt/airflow/dags/predictive_pipeline_dag.py                           1           0  2.92s           2025-11-20T01:17:33
================================================================================
[2025-11-20T01:18:06.378+0000] {manager.py:878} INFO - 
================================================================================
DAG File Processing Stats

File Path                                     PID    Runtime      # DAGs    # Errors  Last Runtime    Last Run
--------------------------------------------  -----  ---------  --------  ----------  --------------  -------------------
/opt/airflow/dags/predictive_pipeline_dag.py                           1           0  2.61s           2025-11-20T01:18:06
================================================================================
[2025-11-20T01:18:39.246+0000] {manager.py:878} INFO - 
================================================================================
DAG File Processing Stats

File Path                                     PID    Runtime      # DAGs    # Errors  Last Runtime    Last Run
--------------------------------------------  -----  ---------  --------  ----------  --------------  -------------------
/opt/airflow/dags/predictive_pipeline_dag.py                           1           0  2.86s           2025-11-20T01:18:39
================================================================================
[2025-11-20T01:19:12.300+0000] {manager.py:878} INFO - 
================================================================================
DAG File Processing Stats

File Path                                     PID    Runtime      # DAGs    # Errors  Last Runtime    Last Run
--------------------------------------------  -----  ---------  --------  ----------  --------------  -------------------
/opt/airflow/dags/predictive_pipeline_dag.py                           1           0  2.82s           2025-11-20T01:19:12
================================================================================
[2025-11-20T01:19:45.085+0000] {manager.py:878} INFO - 
================================================================================
DAG File Processing Stats

File Path                                     PID    Runtime      # DAGs    # Errors  Last Runtime    Last Run
--------------------------------------------  -----  ---------  --------  ----------  --------------  -------------------
/opt/airflow/dags/predictive_pipeline_dag.py                           1           0  2.74s           2025-11-20T01:19:45
================================================================================
[2025-11-20T01:20:13.939+0000] {manager.py:737} INFO - Searching for files in /opt/airflow/dags
[2025-11-20T01:20:13.964+0000] {manager.py:740} INFO - There are 1 files in /opt/airflow/dags
[2025-11-20T01:20:17.958+0000] {manager.py:878} INFO - 
================================================================================
DAG File Processing Stats

File Path                                     PID    Runtime      # DAGs    # Errors  Last Runtime    Last Run
--------------------------------------------  -----  ---------  --------  ----------  --------------  -------------------
/opt/airflow/dags/predictive_pipeline_dag.py                           1           0  2.61s           2025-11-20T01:20:17
================================================================================
[2025-11-20T01:20:50.920+0000] {manager.py:878} INFO - 
================================================================================
DAG File Processing Stats

File Path                                     PID    Runtime      # DAGs    # Errors  Last Runtime    Last Run
--------------------------------------------  -----  ---------  --------  ----------  --------------  -------------------
/opt/airflow/dags/predictive_pipeline_dag.py                           1           0  2.71s           2025-11-20T01:20:50
================================================================================
[2025-11-20T01:21:24.074+0000] {manager.py:878} INFO - 
================================================================================
DAG File Processing Stats

File Path                                     PID    Runtime      # DAGs    # Errors  Last Runtime    Last Run
--------------------------------------------  -----  ---------  --------  ----------  --------------  -------------------
/opt/airflow/dags/predictive_pipeline_dag.py                           1           0  2.91s           2025-11-20T01:21:24
================================================================================
[2025-11-20T01:21:57.022+0000] {manager.py:878} INFO - 
================================================================================
DAG File Processing Stats

File Path                                     PID    Runtime      # DAGs    # Errors  Last Runtime    Last Run
--------------------------------------------  -----  ---------  --------  ----------  --------------  -------------------
/opt/airflow/dags/predictive_pipeline_dag.py                           1           0  2.71s           2025-11-20T01:21:57
================================================================================
[2025-11-20T01:22:29.967+0000] {manager.py:878} INFO - 
================================================================================
DAG File Processing Stats

File Path                                     PID    Runtime      # DAGs    # Errors  Last Runtime    Last Run
--------------------------------------------  -----  ---------  --------  ----------  --------------  -------------------
/opt/airflow/dags/predictive_pipeline_dag.py                           1           0  2.71s           2025-11-20T01:22:29
================================================================================
[2025-11-20T01:23:03.125+0000] {manager.py:878} INFO - 
================================================================================
DAG File Processing Stats

File Path                                     PID    Runtime      # DAGs    # Errors  Last Runtime    Last Run
--------------------------------------------  -----  ---------  --------  ----------  --------------  -------------------
/opt/airflow/dags/predictive_pipeline_dag.py                           1           0  2.91s           2025-11-20T01:23:03
================================================================================
[2025-11-20T01:23:36.507+0000] {manager.py:878} INFO - 
================================================================================
DAG File Processing Stats

File Path                                     PID    Runtime      # DAGs    # Errors  Last Runtime    Last Run
--------------------------------------------  -----  ---------  --------  ----------  --------------  -------------------
/opt/airflow/dags/predictive_pipeline_dag.py                           1           0  3.12s           2025-11-20T01:23:36
================================================================================
[2025-11-20T01:24:09.803+0000] {manager.py:878} INFO - 
================================================================================
DAG File Processing Stats

File Path                                     PID    Runtime      # DAGs    # Errors  Last Runtime    Last Run
--------------------------------------------  -----  ---------  --------  ----------  --------------  -------------------
/opt/airflow/dags/predictive_pipeline_dag.py                           1           0  2.96s           2025-11-20T01:24:09
================================================================================
[2025-11-20T01:24:42.774+0000] {manager.py:878} INFO - 
================================================================================
DAG File Processing Stats

File Path                                     PID    Runtime      # DAGs    # Errors  Last Runtime    Last Run
--------------------------------------------  -----  ---------  --------  ----------  --------------  -------------------
/opt/airflow/dags/predictive_pipeline_dag.py                           1           0  2.72s           2025-11-20T01:24:42
================================================================================
[2025-11-20T01:25:15.936+0000] {manager.py:878} INFO - 
================================================================================
DAG File Processing Stats

File Path                                     PID    Runtime      # DAGs    # Errors  Last Runtime    Last Run
--------------------------------------------  -----  ---------  --------  ----------  --------------  -------------------
/opt/airflow/dags/predictive_pipeline_dag.py                           1           0  2.92s           2025-11-20T01:25:15
================================================================================
[2025-11-20T01:25:17.073+0000] {manager.py:737} INFO - Searching for files in /opt/airflow/dags
[2025-11-20T01:25:17.102+0000] {manager.py:740} INFO - There are 1 files in /opt/airflow/dags
[2025-11-20T01:25:49.018+0000] {manager.py:878} INFO - 
================================================================================
DAG File Processing Stats

File Path                                     PID    Runtime      # DAGs    # Errors  Last Runtime    Last Run
--------------------------------------------  -----  ---------  --------  ----------  --------------  -------------------
/opt/airflow/dags/predictive_pipeline_dag.py                           1           0  2.82s           2025-11-20T01:25:49
================================================================================
[2025-11-20T01:26:21.861+0000] {manager.py:878} INFO - 
================================================================================
DAG File Processing Stats

File Path                                     PID    Runtime      # DAGs    # Errors  Last Runtime    Last Run
--------------------------------------------  -----  ---------  --------  ----------  --------------  -------------------
/opt/airflow/dags/predictive_pipeline_dag.py                           1           0  2.81s           2025-11-20T01:26:21
================================================================================
[2025-11-20T01:26:56.312+0000] {manager.py:878} INFO - 
================================================================================
DAG File Processing Stats

File Path                                     PID    Runtime      # DAGs    # Errors  Last Runtime    Last Run
--------------------------------------------  -----  ---------  --------  ----------  --------------  -------------------
/opt/airflow/dags/predictive_pipeline_dag.py                           1           0  4.42s           2025-11-20T01:26:56
================================================================================
[2025-11-20T01:27:29.517+0000] {manager.py:878} INFO - 
================================================================================
DAG File Processing Stats

File Path                                     PID    Runtime      # DAGs    # Errors  Last Runtime    Last Run
--------------------------------------------  -----  ---------  --------  ----------  --------------  -------------------
/opt/airflow/dags/predictive_pipeline_dag.py                           1           0  2.91s           2025-11-20T01:27:29
================================================================================
[2025-11-20T01:28:02.380+0000] {manager.py:878} INFO - 
================================================================================
DAG File Processing Stats

File Path                                     PID    Runtime      # DAGs    # Errors  Last Runtime    Last Run
--------------------------------------------  -----  ---------  --------  ----------  --------------  -------------------
/opt/airflow/dags/predictive_pipeline_dag.py                           1           0  2.62s           2025-11-20T01:28:02
================================================================================
[2025-11-20T01:28:35.232+0000] {manager.py:878} INFO - 
================================================================================
DAG File Processing Stats

File Path                                     PID    Runtime      # DAGs    # Errors  Last Runtime    Last Run
--------------------------------------------  -----  ---------  --------  ----------  --------------  -------------------
/opt/airflow/dags/predictive_pipeline_dag.py                           1           0  2.61s           2025-11-20T01:28:35
================================================================================
[2025-11-20T01:29:08.185+0000] {manager.py:878} INFO - 
================================================================================
DAG File Processing Stats

File Path                                     PID    Runtime      # DAGs    # Errors  Last Runtime    Last Run
--------------------------------------------  -----  ---------  --------  ----------  --------------  -------------------
/opt/airflow/dags/predictive_pipeline_dag.py                           1           0  2.72s           2025-11-20T01:29:08
================================================================================
[2025-11-20T01:29:41.203+0000] {manager.py:878} INFO - 
================================================================================
DAG File Processing Stats

File Path                                     PID    Runtime      # DAGs    # Errors  Last Runtime    Last Run
--------------------------------------------  -----  ---------  --------  ----------  --------------  -------------------
/opt/airflow/dags/predictive_pipeline_dag.py                           1           0  2.76s           2025-11-20T01:29:41
================================================================================
[2025-11-20T01:30:15.042+0000] {manager.py:878} INFO - 
================================================================================
DAG File Processing Stats

File Path                                     PID    Runtime      # DAGs    # Errors  Last Runtime    Last Run
--------------------------------------------  -----  ---------  --------  ----------  --------------  -------------------
/opt/airflow/dags/predictive_pipeline_dag.py                           1           0  3.62s           2025-11-20T01:30:15
================================================================================
[2025-11-20T01:31:44.113+0000] {manager.py:452} INFO - Exiting gracefully upon receiving signal 15
[2025-11-20T01:31:44.445+0000] {manager.py:470} INFO - Processing files using up to 1 processes at a time 
[2025-11-20T01:31:44.446+0000] {manager.py:471} INFO - Process each file at most once every 30 seconds
[2025-11-20T01:31:44.447+0000] {manager.py:472} INFO - Checking for new files in /opt/airflow/dags every 300 seconds
[2025-11-20T01:31:44.448+0000] {manager.py:737} INFO - Searching for files in /opt/airflow/dags
[2025-11-20T01:31:44.473+0000] {manager.py:740} INFO - There are 1 files in /opt/airflow/dags
[2025-11-20T01:31:47.478+0000] {manager.py:878} INFO - 
================================================================================
DAG File Processing Stats

File Path                                     PID    Runtime      # DAGs    # Errors  Last Runtime    Last Run
--------------------------------------------  -----  ---------  --------  ----------  --------------  -------------------
/opt/airflow/dags/predictive_pipeline_dag.py                           1           0  2.92s           2025-11-20T01:31:47
================================================================================
[2025-11-20T01:34:49.742+0000] {manager.py:452} INFO - Exiting gracefully upon receiving signal 15
[2025-11-20T01:34:49.991+0000] {manager.py:470} INFO - Processing files using up to 1 processes at a time 
[2025-11-20T01:34:49.992+0000] {manager.py:471} INFO - Process each file at most once every 30 seconds
[2025-11-20T01:34:49.993+0000] {manager.py:472} INFO - Checking for new files in /opt/airflow/dags every 300 seconds
[2025-11-20T01:34:49.994+0000] {manager.py:737} INFO - Searching for files in /opt/airflow/dags
[2025-11-20T01:34:50.023+0000] {manager.py:740} INFO - There are 1 files in /opt/airflow/dags
[2025-11-20T01:34:53.140+0000] {manager.py:878} INFO - 
================================================================================
DAG File Processing Stats

File Path                                     PID    Runtime      # DAGs    # Errors  Last Runtime    Last Run
--------------------------------------------  -----  ---------  --------  ----------  --------------  -------------------
/opt/airflow/dags/predictive_pipeline_dag.py                           1           0  3.03s           2025-11-20T01:34:53
================================================================================
[2025-11-20T01:35:27.538+0000] {manager.py:878} INFO - 
================================================================================
DAG File Processing Stats

File Path                                     PID    Runtime      # DAGs    # Errors  Last Runtime    Last Run
--------------------------------------------  -----  ---------  --------  ----------  --------------  -------------------
/opt/airflow/dags/predictive_pipeline_dag.py                           1           0  3.31s           2025-11-20T01:35:27
================================================================================
[2025-11-20T01:36:01.254+0000] {manager.py:878} INFO - 
================================================================================
DAG File Processing Stats

File Path                                     PID    Runtime      # DAGs    # Errors  Last Runtime    Last Run
--------------------------------------------  -----  ---------  --------  ----------  --------------  -------------------
/opt/airflow/dags/predictive_pipeline_dag.py                           1           0  3.01s           2025-11-20T01:36:01
================================================================================
[2025-11-20T01:36:34.408+0000] {manager.py:878} INFO - 
================================================================================
DAG File Processing Stats

File Path                                     PID    Runtime      # DAGs    # Errors  Last Runtime    Last Run
--------------------------------------------  -----  ---------  --------  ----------  --------------  -------------------
/opt/airflow/dags/predictive_pipeline_dag.py                           1           0  2.81s           2025-11-20T01:36:34
================================================================================
[2025-11-20T01:37:07.470+0000] {manager.py:878} INFO - 
================================================================================
DAG File Processing Stats

File Path                                     PID    Runtime      # DAGs    # Errors  Last Runtime    Last Run
--------------------------------------------  -----  ---------  --------  ----------  --------------  -------------------
/opt/airflow/dags/predictive_pipeline_dag.py                           1           0  2.71s           2025-11-20T01:37:07
================================================================================
[2025-11-20T01:37:41.105+0000] {manager.py:878} INFO - 
================================================================================
DAG File Processing Stats

File Path                                     PID    Runtime      # DAGs    # Errors  Last Runtime    Last Run
--------------------------------------------  -----  ---------  --------  ----------  --------------  -------------------
/opt/airflow/dags/predictive_pipeline_dag.py                           1           0  3.31s           2025-11-20T01:37:41
================================================================================
[2025-11-20T01:38:14.629+0000] {manager.py:878} INFO - 
================================================================================
DAG File Processing Stats

File Path                                     PID    Runtime      # DAGs    # Errors  Last Runtime    Last Run
--------------------------------------------  -----  ---------  --------  ----------  --------------  -------------------
/opt/airflow/dags/predictive_pipeline_dag.py                           1           0  3.12s           2025-11-20T01:38:14
================================================================================
[2025-11-20T01:38:48.190+0000] {manager.py:878} INFO - 
================================================================================
DAG File Processing Stats

File Path                                     PID    Runtime      # DAGs    # Errors  Last Runtime    Last Run
--------------------------------------------  -----  ---------  --------  ----------  --------------  -------------------
/opt/airflow/dags/predictive_pipeline_dag.py                           1           0  3.32s           2025-11-20T01:38:48
================================================================================
[2025-11-20T01:39:21.845+0000] {manager.py:878} INFO - 
================================================================================
DAG File Processing Stats

File Path                                     PID    Runtime      # DAGs    # Errors  Last Runtime    Last Run
--------------------------------------------  -----  ---------  --------  ----------  --------------  -------------------
/opt/airflow/dags/predictive_pipeline_dag.py                           1           0  3.22s           2025-11-20T01:39:21
================================================================================
[2025-11-20T01:39:50.435+0000] {manager.py:737} INFO - Searching for files in /opt/airflow/dags
[2025-11-20T01:39:50.461+0000] {manager.py:740} INFO - There are 1 files in /opt/airflow/dags
[2025-11-20T01:39:54.789+0000] {manager.py:878} INFO - 
================================================================================
DAG File Processing Stats

File Path                                     PID    Runtime      # DAGs    # Errors  Last Runtime    Last Run
--------------------------------------------  -----  ---------  --------  ----------  --------------  -------------------
/opt/airflow/dags/predictive_pipeline_dag.py                           1           0  2.81s           2025-11-20T01:39:54
================================================================================
[2025-11-20T01:40:27.911+0000] {manager.py:878} INFO - 
================================================================================
DAG File Processing Stats

File Path                                     PID    Runtime      # DAGs    # Errors  Last Runtime    Last Run
--------------------------------------------  -----  ---------  --------  ----------  --------------  -------------------
/opt/airflow/dags/predictive_pipeline_dag.py                           1           0  2.81s           2025-11-20T01:40:27
================================================================================
[2025-11-20T01:41:00.867+0000] {manager.py:878} INFO - 
================================================================================
DAG File Processing Stats

File Path                                     PID    Runtime      # DAGs    # Errors  Last Runtime    Last Run
--------------------------------------------  -----  ---------  --------  ----------  --------------  -------------------
/opt/airflow/dags/predictive_pipeline_dag.py                           1           0  2.71s           2025-11-20T01:41:00
================================================================================
[2025-11-20T01:41:34.025+0000] {manager.py:878} INFO - 
================================================================================
DAG File Processing Stats

File Path                                     PID    Runtime      # DAGs    # Errors  Last Runtime    Last Run
--------------------------------------------  -----  ---------  --------  ----------  --------------  -------------------
/opt/airflow/dags/predictive_pipeline_dag.py                           1           0  2.91s           2025-11-20T01:41:34
================================================================================
[2025-11-20T01:42:07.077+0000] {manager.py:878} INFO - 
================================================================================
DAG File Processing Stats

File Path                                     PID    Runtime      # DAGs    # Errors  Last Runtime    Last Run
--------------------------------------------  -----  ---------  --------  ----------  --------------  -------------------
/opt/airflow/dags/predictive_pipeline_dag.py                           1           0  2.81s           2025-11-20T01:42:07
================================================================================
[2025-11-20T01:42:40.043+0000] {manager.py:878} INFO - 
================================================================================
DAG File Processing Stats

File Path                                     PID    Runtime      # DAGs    # Errors  Last Runtime    Last Run
--------------------------------------------  -----  ---------  --------  ----------  --------------  -------------------
/opt/airflow/dags/predictive_pipeline_dag.py                           1           0  2.72s           2025-11-20T01:42:40
================================================================================
[2025-11-20T01:43:13.162+0000] {manager.py:878} INFO - 
================================================================================
DAG File Processing Stats

File Path                                     PID    Runtime      # DAGs    # Errors  Last Runtime    Last Run
--------------------------------------------  -----  ---------  --------  ----------  --------------  -------------------
/opt/airflow/dags/predictive_pipeline_dag.py                           1           0  2.87s           2025-11-20T01:43:13
================================================================================
[2025-11-20T01:43:46.138+0000] {manager.py:878} INFO - 
================================================================================
DAG File Processing Stats

File Path                                     PID    Runtime      # DAGs    # Errors  Last Runtime    Last Run
--------------------------------------------  -----  ---------  --------  ----------  --------------  -------------------
/opt/airflow/dags/predictive_pipeline_dag.py                           1           0  2.73s           2025-11-20T01:43:46
================================================================================
[2025-11-20T01:44:19.098+0000] {manager.py:878} INFO - 
================================================================================
DAG File Processing Stats

File Path                                     PID    Runtime      # DAGs    # Errors  Last Runtime    Last Run
--------------------------------------------  -----  ---------  --------  ----------  --------------  -------------------
/opt/airflow/dags/predictive_pipeline_dag.py                           1           0  2.71s           2025-11-20T01:44:19
================================================================================
[2025-11-20T01:44:52.370+0000] {manager.py:878} INFO - 
================================================================================
DAG File Processing Stats

File Path                                     PID    Runtime      # DAGs    # Errors  Last Runtime    Last Run
--------------------------------------------  -----  ---------  --------  ----------  --------------  -------------------
/opt/airflow/dags/predictive_pipeline_dag.py                           1           0  3.01s           2025-11-20T01:44:52
================================================================================
[2025-11-20T01:44:53.552+0000] {manager.py:737} INFO - Searching for files in /opt/airflow/dags
[2025-11-20T01:44:53.576+0000] {manager.py:740} INFO - There are 1 files in /opt/airflow/dags
[2025-11-20T01:45:25.861+0000] {manager.py:878} INFO - 
================================================================================
DAG File Processing Stats

File Path                                     PID    Runtime      # DAGs    # Errors  Last Runtime    Last Run
--------------------------------------------  -----  ---------  --------  ----------  --------------  -------------------
/opt/airflow/dags/predictive_pipeline_dag.py                           1           0  3.23s           2025-11-20T01:45:25
================================================================================
[2025-11-20T01:45:58.864+0000] {manager.py:878} INFO - 
================================================================================
DAG File Processing Stats

File Path                                     PID    Runtime      # DAGs    # Errors  Last Runtime    Last Run
--------------------------------------------  -----  ---------  --------  ----------  --------------  -------------------
/opt/airflow/dags/predictive_pipeline_dag.py                           1           0  2.71s           2025-11-20T01:45:58
================================================================================
[2025-11-20T01:46:31.836+0000] {manager.py:878} INFO - 
================================================================================
DAG File Processing Stats

File Path                                     PID    Runtime      # DAGs    # Errors  Last Runtime    Last Run
--------------------------------------------  -----  ---------  --------  ----------  --------------  -------------------
/opt/airflow/dags/predictive_pipeline_dag.py                           1           0  2.72s           2025-11-20T01:46:31
================================================================================
[2025-11-20T01:47:04.799+0000] {manager.py:878} INFO - 
================================================================================
DAG File Processing Stats

File Path                                     PID    Runtime      # DAGs    # Errors  Last Runtime    Last Run
--------------------------------------------  -----  ---------  --------  ----------  --------------  -------------------
/opt/airflow/dags/predictive_pipeline_dag.py                           1           0  2.71s           2025-11-20T01:47:04
================================================================================
[2025-11-20T01:47:37.715+0000] {manager.py:878} INFO - 
================================================================================
DAG File Processing Stats

File Path                                     PID    Runtime      # DAGs    # Errors  Last Runtime    Last Run
--------------------------------------------  -----  ---------  --------  ----------  --------------  -------------------
/opt/airflow/dags/predictive_pipeline_dag.py                           1           0  2.63s           2025-11-20T01:47:37
================================================================================
[2025-11-20T01:48:10.577+0000] {manager.py:878} INFO - 
================================================================================
DAG File Processing Stats

File Path                                     PID    Runtime      # DAGs    # Errors  Last Runtime    Last Run
--------------------------------------------  -----  ---------  --------  ----------  --------------  -------------------
/opt/airflow/dags/predictive_pipeline_dag.py                           1           0  2.63s           2025-11-20T01:48:10
================================================================================
[2025-11-20T01:48:43.695+0000] {manager.py:878} INFO - 
================================================================================
DAG File Processing Stats

File Path                                     PID    Runtime      # DAGs    # Errors  Last Runtime    Last Run
--------------------------------------------  -----  ---------  --------  ----------  --------------  -------------------
/opt/airflow/dags/predictive_pipeline_dag.py                           1           0  2.87s           2025-11-20T01:48:43
================================================================================
[2025-11-20T01:49:16.882+0000] {manager.py:878} INFO - 
================================================================================
DAG File Processing Stats

File Path                                     PID    Runtime      # DAGs    # Errors  Last Runtime    Last Run
--------------------------------------------  -----  ---------  --------  ----------  --------------  -------------------
/opt/airflow/dags/predictive_pipeline_dag.py                           1           0  2.94s           2025-11-20T01:49:16
================================================================================
[2025-11-20T01:49:50.246+0000] {manager.py:878} INFO - 
================================================================================
DAG File Processing Stats

File Path                                     PID    Runtime      # DAGs    # Errors  Last Runtime    Last Run
--------------------------------------------  -----  ---------  --------  ----------  --------------  -------------------
/opt/airflow/dags/predictive_pipeline_dag.py                           1           0  3.12s           2025-11-20T01:49:50
================================================================================
[2025-11-20T01:49:54.392+0000] {manager.py:737} INFO - Searching for files in /opt/airflow/dags
[2025-11-20T01:49:54.416+0000] {manager.py:740} INFO - There are 1 files in /opt/airflow/dags
[2025-11-20T01:50:23.361+0000] {manager.py:878} INFO - 
================================================================================
DAG File Processing Stats

File Path                                     PID    Runtime      # DAGs    # Errors  Last Runtime    Last Run
--------------------------------------------  -----  ---------  --------  ----------  --------------  -------------------
/opt/airflow/dags/predictive_pipeline_dag.py                           1           0  2.81s           2025-11-20T01:50:23
================================================================================
[2025-11-20T01:50:56.139+0000] {manager.py:878} INFO - 
================================================================================
DAG File Processing Stats

File Path                                     PID    Runtime      # DAGs    # Errors  Last Runtime    Last Run
--------------------------------------------  -----  ---------  --------  ----------  --------------  -------------------
/opt/airflow/dags/predictive_pipeline_dag.py                           1           0  2.71s           2025-11-20T01:50:56
================================================================================
[2025-11-20T01:51:29.445+0000] {manager.py:878} INFO - 
================================================================================
DAG File Processing Stats

File Path                                     PID    Runtime      # DAGs    # Errors  Last Runtime    Last Run
--------------------------------------------  -----  ---------  --------  ----------  --------------  -------------------
/opt/airflow/dags/predictive_pipeline_dag.py                           1           0  3.21s           2025-11-20T01:51:29
================================================================================
[2025-11-20T01:52:02.561+0000] {manager.py:878} INFO - 
================================================================================
DAG File Processing Stats

File Path                                     PID    Runtime      # DAGs    # Errors  Last Runtime    Last Run
--------------------------------------------  -----  ---------  --------  ----------  --------------  -------------------
/opt/airflow/dags/predictive_pipeline_dag.py                           1           0  2.91s           2025-11-20T01:52:02
================================================================================
[2025-11-20T01:52:35.542+0000] {manager.py:878} INFO - 
================================================================================
DAG File Processing Stats

File Path                                     PID    Runtime      # DAGs    # Errors  Last Runtime    Last Run
--------------------------------------------  -----  ---------  --------  ----------  --------------  -------------------
/opt/airflow/dags/predictive_pipeline_dag.py                           1           0  2.71s           2025-11-20T01:52:35
================================================================================
[2025-11-20T01:53:08.721+0000] {manager.py:878} INFO - 
================================================================================
DAG File Processing Stats

File Path                                     PID    Runtime      # DAGs    # Errors  Last Runtime    Last Run
--------------------------------------------  -----  ---------  --------  ----------  --------------  -------------------
/opt/airflow/dags/predictive_pipeline_dag.py                           1           0  2.92s           2025-11-20T01:53:08
================================================================================
[2025-11-20T01:53:41.997+0000] {manager.py:878} INFO - 
================================================================================
DAG File Processing Stats

File Path                                     PID    Runtime      # DAGs    # Errors  Last Runtime    Last Run
--------------------------------------------  -----  ---------  --------  ----------  --------------  -------------------
/opt/airflow/dags/predictive_pipeline_dag.py                           1           0  3.01s           2025-11-20T01:53:41
================================================================================
[2025-11-20T01:54:15.245+0000] {manager.py:878} INFO - 
================================================================================
DAG File Processing Stats

File Path                                     PID    Runtime      # DAGs    # Errors  Last Runtime    Last Run
--------------------------------------------  -----  ---------  --------  ----------  --------------  -------------------
/opt/airflow/dags/predictive_pipeline_dag.py                           1           0  2.98s           2025-11-20T01:54:15
================================================================================
[2025-11-20T01:54:48.412+0000] {manager.py:878} INFO - 
================================================================================
DAG File Processing Stats

File Path                                     PID    Runtime      # DAGs    # Errors  Last Runtime    Last Run
--------------------------------------------  -----  ---------  --------  ----------  --------------  -------------------
/opt/airflow/dags/predictive_pipeline_dag.py                           1           0  2.91s           2025-11-20T01:54:48
================================================================================
[2025-11-20T01:54:54.925+0000] {manager.py:737} INFO - Searching for files in /opt/airflow/dags
[2025-11-20T01:54:54.951+0000] {manager.py:740} INFO - There are 1 files in /opt/airflow/dags
[2025-11-20T18:49:00.129+0000] {manager.py:470} INFO - Processing files using up to 1 processes at a time 
[2025-11-20T18:49:00.131+0000] {manager.py:471} INFO - Process each file at most once every 30 seconds
[2025-11-20T18:49:00.133+0000] {manager.py:472} INFO - Checking for new files in /opt/airflow/dags every 300 seconds
[2025-11-20T18:49:00.134+0000] {manager.py:737} INFO - Searching for files in /opt/airflow/dags
[2025-11-20T18:49:00.167+0000] {manager.py:740} INFO - There are 1 files in /opt/airflow/dags
[2025-11-20T18:49:04.276+0000] {manager.py:878} INFO - 
================================================================================
DAG File Processing Stats

File Path                                     PID    Runtime      # DAGs    # Errors  Last Runtime    Last Run
--------------------------------------------  -----  ---------  --------  ----------  --------------  -------------------
/opt/airflow/dags/predictive_pipeline_dag.py                           1           0  3.92s           2025-11-20T18:49:04
================================================================================
[2025-11-20T18:49:38.141+0000] {manager.py:878} INFO - 
================================================================================
DAG File Processing Stats

File Path                                     PID    Runtime      # DAGs    # Errors  Last Runtime    Last Run
--------------------------------------------  -----  ---------  --------  ----------  --------------  -------------------
/opt/airflow/dags/predictive_pipeline_dag.py                           1           0  2.81s           2025-11-20T18:49:38
================================================================================
[2025-11-20T18:50:11.849+0000] {manager.py:878} INFO - 
================================================================================
DAG File Processing Stats

File Path                                     PID    Runtime      # DAGs    # Errors  Last Runtime    Last Run
--------------------------------------------  -----  ---------  --------  ----------  --------------  -------------------
/opt/airflow/dags/predictive_pipeline_dag.py                           1           0  3.21s           2025-11-20T18:50:11
================================================================================
[2025-11-20T18:52:07.988+0000] {manager.py:452} INFO - Exiting gracefully upon receiving signal 15
[2025-11-20T18:52:08.275+0000] {manager.py:470} INFO - Processing files using up to 1 processes at a time 
[2025-11-20T18:52:08.276+0000] {manager.py:471} INFO - Process each file at most once every 30 seconds
[2025-11-20T18:52:08.277+0000] {manager.py:472} INFO - Checking for new files in /opt/airflow/dags every 300 seconds
[2025-11-20T18:52:08.278+0000] {manager.py:737} INFO - Searching for files in /opt/airflow/dags
[2025-11-20T18:52:08.308+0000] {manager.py:740} INFO - There are 1 files in /opt/airflow/dags
[2025-11-20T18:52:11.404+0000] {manager.py:878} INFO - 
================================================================================
DAG File Processing Stats

File Path                                     PID    Runtime      # DAGs    # Errors  Last Runtime    Last Run
--------------------------------------------  -----  ---------  --------  ----------  --------------  -------------------
/opt/airflow/dags/predictive_pipeline_dag.py                           1           0  3.02s           2025-11-20T18:52:11
================================================================================
[2025-11-20T18:55:23.207+0000] {manager.py:452} INFO - Exiting gracefully upon receiving signal 15
[2025-11-20T18:55:23.501+0000] {manager.py:470} INFO - Processing files using up to 1 processes at a time 
[2025-11-20T18:55:23.502+0000] {manager.py:471} INFO - Process each file at most once every 30 seconds
[2025-11-20T18:55:23.504+0000] {manager.py:472} INFO - Checking for new files in /opt/airflow/dags every 300 seconds
[2025-11-20T18:55:23.505+0000] {manager.py:737} INFO - Searching for files in /opt/airflow/dags
[2025-11-20T18:55:23.733+0000] {manager.py:740} INFO - There are 1 files in /opt/airflow/dags
[2025-11-20T18:55:27.373+0000] {manager.py:878} INFO - 
================================================================================
DAG File Processing Stats

File Path                                     PID    Runtime      # DAGs    # Errors  Last Runtime    Last Run
--------------------------------------------  -----  ---------  --------  ----------  --------------  -------------------
/opt/airflow/dags/predictive_pipeline_dag.py                           1           0  3.54s           2025-11-20T18:55:27
================================================================================
[2025-11-20T18:56:00.434+0000] {manager.py:878} INFO - 
================================================================================
DAG File Processing Stats

File Path                                     PID    Runtime      # DAGs    # Errors  Last Runtime    Last Run
--------------------------------------------  -----  ---------  --------  ----------  --------------  -------------------
/opt/airflow/dags/predictive_pipeline_dag.py                           1           0  2.81s           2025-11-20T18:56:00
================================================================================
[2025-11-20T18:56:33.975+0000] {manager.py:878} INFO - 
================================================================================
DAG File Processing Stats

File Path                                     PID    Runtime      # DAGs    # Errors  Last Runtime    Last Run
--------------------------------------------  -----  ---------  --------  ----------  --------------  -------------------
/opt/airflow/dags/predictive_pipeline_dag.py                           1           0  3.11s           2025-11-20T18:56:33
================================================================================
[2025-11-20T18:57:08.593+0000] {manager.py:878} INFO - 
================================================================================
DAG File Processing Stats

File Path                                     PID    Runtime      # DAGs    # Errors  Last Runtime    Last Run
--------------------------------------------  -----  ---------  --------  ----------  --------------  -------------------
/opt/airflow/dags/predictive_pipeline_dag.py                           1           0  4.06s           2025-11-20T18:57:08
================================================================================
[2025-11-20T18:57:42.133+0000] {manager.py:878} INFO - 
================================================================================
DAG File Processing Stats

File Path                                     PID    Runtime      # DAGs    # Errors  Last Runtime    Last Run
--------------------------------------------  -----  ---------  --------  ----------  --------------  -------------------
/opt/airflow/dags/predictive_pipeline_dag.py                           1           0  3.01s           2025-11-20T18:57:42
================================================================================
[2025-11-20T18:58:15.674+0000] {manager.py:878} INFO - 
================================================================================
DAG File Processing Stats

File Path                                     PID    Runtime      # DAGs    # Errors  Last Runtime    Last Run
--------------------------------------------  -----  ---------  --------  ----------  --------------  -------------------
/opt/airflow/dags/predictive_pipeline_dag.py                           1           0  3.01s           2025-11-20T18:58:15
================================================================================
[2025-11-20T18:58:49.022+0000] {manager.py:878} INFO - 
================================================================================
DAG File Processing Stats

File Path                                     PID    Runtime      # DAGs    # Errors  Last Runtime    Last Run
--------------------------------------------  -----  ---------  --------  ----------  --------------  -------------------
/opt/airflow/dags/predictive_pipeline_dag.py                           1           0  2.91s           2025-11-20T18:58:49
================================================================================
[2025-11-20T18:59:22.391+0000] {manager.py:878} INFO - 
================================================================================
DAG File Processing Stats

File Path                                     PID    Runtime      # DAGs    # Errors  Last Runtime    Last Run
--------------------------------------------  -----  ---------  --------  ----------  --------------  -------------------
/opt/airflow/dags/predictive_pipeline_dag.py                           1           0  2.91s           2025-11-20T18:59:22
================================================================================
[2025-11-20T18:59:55.739+0000] {manager.py:878} INFO - 
================================================================================
DAG File Processing Stats

File Path                                     PID    Runtime      # DAGs    # Errors  Last Runtime    Last Run
--------------------------------------------  -----  ---------  --------  ----------  --------------  -------------------
/opt/airflow/dags/predictive_pipeline_dag.py                           1           0  2.81s           2025-11-20T18:59:55
================================================================================
[2025-11-20T19:00:24.074+0000] {manager.py:737} INFO - Searching for files in /opt/airflow/dags
[2025-11-20T19:00:24.097+0000] {manager.py:740} INFO - There are 1 files in /opt/airflow/dags
[2025-11-20T19:00:29.016+0000] {manager.py:878} INFO - 
================================================================================
DAG File Processing Stats

File Path                                     PID    Runtime      # DAGs    # Errors  Last Runtime    Last Run
--------------------------------------------  -----  ---------  --------  ----------  --------------  -------------------
/opt/airflow/dags/predictive_pipeline_dag.py                           1           0  2.71s           2025-11-20T19:00:29
================================================================================
[2025-11-20T19:01:02.281+0000] {manager.py:878} INFO - 
================================================================================
DAG File Processing Stats

File Path                                     PID    Runtime      # DAGs    # Errors  Last Runtime    Last Run
--------------------------------------------  -----  ---------  --------  ----------  --------------  -------------------
/opt/airflow/dags/predictive_pipeline_dag.py                           1           0  2.81s           2025-11-20T19:01:02
================================================================================
[2025-11-20T19:01:36.322+0000] {manager.py:878} INFO - 
================================================================================
DAG File Processing Stats

File Path                                     PID    Runtime      # DAGs    # Errors  Last Runtime    Last Run
--------------------------------------------  -----  ---------  --------  ----------  --------------  -------------------
/opt/airflow/dags/predictive_pipeline_dag.py                           1           0  3.21s           2025-11-20T19:01:36
================================================================================
[2025-11-20T19:02:09.621+0000] {manager.py:878} INFO - 
================================================================================
DAG File Processing Stats

File Path                                     PID    Runtime      # DAGs    # Errors  Last Runtime    Last Run
--------------------------------------------  -----  ---------  --------  ----------  --------------  -------------------
/opt/airflow/dags/predictive_pipeline_dag.py                           1           0  2.81s           2025-11-20T19:02:09
================================================================================
[2025-11-20T19:02:43.073+0000] {manager.py:878} INFO - 
================================================================================
DAG File Processing Stats

File Path                                     PID    Runtime      # DAGs    # Errors  Last Runtime    Last Run
--------------------------------------------  -----  ---------  --------  ----------  --------------  -------------------
/opt/airflow/dags/predictive_pipeline_dag.py                           1           0  3.01s           2025-11-20T19:02:43
================================================================================
[2025-11-20T19:03:17.128+0000] {manager.py:878} INFO - 
================================================================================
DAG File Processing Stats

File Path                                     PID    Runtime      # DAGs    # Errors  Last Runtime    Last Run
--------------------------------------------  -----  ---------  --------  ----------  --------------  -------------------
/opt/airflow/dags/predictive_pipeline_dag.py                           1           0  3.53s           2025-11-20T19:03:17
================================================================================
[2025-11-20T19:03:50.725+0000] {manager.py:878} INFO - 
================================================================================
DAG File Processing Stats

File Path                                     PID    Runtime      # DAGs    # Errors  Last Runtime    Last Run
--------------------------------------------  -----  ---------  --------  ----------  --------------  -------------------
/opt/airflow/dags/predictive_pipeline_dag.py                           1           0  2.71s           2025-11-20T19:03:50
================================================================================
[2025-11-20T19:04:24.507+0000] {manager.py:878} INFO - 
================================================================================
DAG File Processing Stats

File Path                                     PID    Runtime      # DAGs    # Errors  Last Runtime    Last Run
--------------------------------------------  -----  ---------  --------  ----------  --------------  -------------------
/opt/airflow/dags/predictive_pipeline_dag.py                           1           0  3.21s           2025-11-20T19:04:24
================================================================================
[2025-11-20T19:04:57.870+0000] {manager.py:878} INFO - 
================================================================================
DAG File Processing Stats

File Path                                     PID    Runtime      # DAGs    # Errors  Last Runtime    Last Run
--------------------------------------------  -----  ---------  --------  ----------  --------------  -------------------
/opt/airflow/dags/predictive_pipeline_dag.py                           1           0  2.82s           2025-11-20T19:04:57
================================================================================
[2025-11-20T19:05:24.156+0000] {manager.py:737} INFO - Searching for files in /opt/airflow/dags
[2025-11-20T19:05:24.179+0000] {manager.py:740} INFO - There are 1 files in /opt/airflow/dags
[2025-11-20T19:05:31.207+0000] {manager.py:878} INFO - 
================================================================================
DAG File Processing Stats

File Path                                     PID    Runtime      # DAGs    # Errors  Last Runtime    Last Run
--------------------------------------------  -----  ---------  --------  ----------  --------------  -------------------
/opt/airflow/dags/predictive_pipeline_dag.py                           1           0  2.71s           2025-11-20T19:05:31
================================================================================
[2025-11-20T19:06:04.388+0000] {manager.py:878} INFO - 
================================================================================
DAG File Processing Stats

File Path                                     PID    Runtime      # DAGs    # Errors  Last Runtime    Last Run
--------------------------------------------  -----  ---------  --------  ----------  --------------  -------------------
/opt/airflow/dags/predictive_pipeline_dag.py                           1           0  2.61s           2025-11-20T19:06:04
================================================================================
[2025-11-20T19:06:37.545+0000] {manager.py:878} INFO - 
================================================================================
DAG File Processing Stats

File Path                                     PID    Runtime      # DAGs    # Errors  Last Runtime    Last Run
--------------------------------------------  -----  ---------  --------  ----------  --------------  -------------------
/opt/airflow/dags/predictive_pipeline_dag.py                           1           0  2.71s           2025-11-20T19:06:37
================================================================================
[2025-11-20T19:07:10.704+0000] {manager.py:878} INFO - 
================================================================================
DAG File Processing Stats

File Path                                     PID    Runtime      # DAGs    # Errors  Last Runtime    Last Run
--------------------------------------------  -----  ---------  --------  ----------  --------------  -------------------
/opt/airflow/dags/predictive_pipeline_dag.py                           1           0  2.71s           2025-11-20T19:07:10
================================================================================
[2025-11-20T19:07:43.614+0000] {manager.py:878} INFO - 
================================================================================
DAG File Processing Stats

File Path                                     PID    Runtime      # DAGs    # Errors  Last Runtime    Last Run
--------------------------------------------  -----  ---------  --------  ----------  --------------  -------------------
/opt/airflow/dags/predictive_pipeline_dag.py                           1           0  2.72s           2025-11-20T19:07:43
================================================================================
[2025-11-20T19:08:17.310+0000] {manager.py:878} INFO - 
================================================================================
DAG File Processing Stats

File Path                                     PID    Runtime      # DAGs    # Errors  Last Runtime    Last Run
--------------------------------------------  -----  ---------  --------  ----------  --------------  -------------------
/opt/airflow/dags/predictive_pipeline_dag.py                           1           0  3.11s           2025-11-20T19:08:17
================================================================================
[2025-11-20T19:08:50.379+0000] {manager.py:878} INFO - 
================================================================================
DAG File Processing Stats

File Path                                     PID    Runtime      # DAGs    # Errors  Last Runtime    Last Run
--------------------------------------------  -----  ---------  --------  ----------  --------------  -------------------
/opt/airflow/dags/predictive_pipeline_dag.py                           1           0  3.01s           2025-11-20T19:08:50
================================================================================
[2025-11-20T19:09:24.763+0000] {manager.py:878} INFO - 
================================================================================
DAG File Processing Stats

File Path                                     PID    Runtime      # DAGs    # Errors  Last Runtime    Last Run
--------------------------------------------  -----  ---------  --------  ----------  --------------  -------------------
/opt/airflow/dags/predictive_pipeline_dag.py                           1           0  3.70s           2025-11-20T19:09:24
================================================================================
[2025-11-20T19:09:58.402+0000] {manager.py:878} INFO - 
================================================================================
DAG File Processing Stats

File Path                                     PID    Runtime      # DAGs    # Errors  Last Runtime    Last Run
--------------------------------------------  -----  ---------  --------  ----------  --------------  -------------------
/opt/airflow/dags/predictive_pipeline_dag.py                           1           0  2.91s           2025-11-20T19:09:58
================================================================================
[2025-11-20T19:10:25.866+0000] {manager.py:737} INFO - Searching for files in /opt/airflow/dags
[2025-11-20T19:10:25.904+0000] {manager.py:740} INFO - There are 1 files in /opt/airflow/dags
[2025-11-20T19:10:32.169+0000] {manager.py:878} INFO - 
================================================================================
DAG File Processing Stats

File Path                                     PID    Runtime      # DAGs    # Errors  Last Runtime    Last Run
--------------------------------------------  -----  ---------  --------  ----------  --------------  -------------------
/opt/airflow/dags/predictive_pipeline_dag.py                           1           0  3.01s           2025-11-20T19:10:32
================================================================================
[2025-11-20T19:11:05.606+0000] {manager.py:878} INFO - 
================================================================================
DAG File Processing Stats

File Path                                     PID    Runtime      # DAGs    # Errors  Last Runtime    Last Run
--------------------------------------------  -----  ---------  --------  ----------  --------------  -------------------
/opt/airflow/dags/predictive_pipeline_dag.py                           1           0  2.71s           2025-11-20T19:11:05
================================================================================
[2025-11-20T19:11:39.160+0000] {manager.py:878} INFO - 
================================================================================
DAG File Processing Stats

File Path                                     PID    Runtime      # DAGs    # Errors  Last Runtime    Last Run
--------------------------------------------  -----  ---------  --------  ----------  --------------  -------------------
/opt/airflow/dags/predictive_pipeline_dag.py                           1           0  2.81s           2025-11-20T19:11:39
================================================================================
[2025-11-20T19:12:12.954+0000] {manager.py:878} INFO - 
================================================================================
DAG File Processing Stats

File Path                                     PID    Runtime      # DAGs    # Errors  Last Runtime    Last Run
--------------------------------------------  -----  ---------  --------  ----------  --------------  -------------------
/opt/airflow/dags/predictive_pipeline_dag.py                           1           0  3.11s           2025-11-20T19:12:12
================================================================================
[2025-11-20T19:12:46.381+0000] {manager.py:878} INFO - 
================================================================================
DAG File Processing Stats

File Path                                     PID    Runtime      # DAGs    # Errors  Last Runtime    Last Run
--------------------------------------------  -----  ---------  --------  ----------  --------------  -------------------
/opt/airflow/dags/predictive_pipeline_dag.py                           1           0  2.81s           2025-11-20T19:12:46
================================================================================
[2025-11-20T19:13:20.882+0000] {manager.py:878} INFO - 
================================================================================
DAG File Processing Stats

File Path                                     PID    Runtime      # DAGs    # Errors  Last Runtime    Last Run
--------------------------------------------  -----  ---------  --------  ----------  --------------  -------------------
/opt/airflow/dags/predictive_pipeline_dag.py                           1           0  3.51s           2025-11-20T19:13:20
================================================================================
[2025-11-20T19:13:54.806+0000] {manager.py:878} INFO - 
================================================================================
DAG File Processing Stats

File Path                                     PID    Runtime      # DAGs    # Errors  Last Runtime    Last Run
--------------------------------------------  -----  ---------  --------  ----------  --------------  -------------------
/opt/airflow/dags/predictive_pipeline_dag.py                           1           0  3.11s           2025-11-20T19:13:54
================================================================================
[2025-11-20T19:14:28.533+0000] {manager.py:878} INFO - 
================================================================================
DAG File Processing Stats

File Path                                     PID    Runtime      # DAGs    # Errors  Last Runtime    Last Run
--------------------------------------------  -----  ---------  --------  ----------  --------------  -------------------
/opt/airflow/dags/predictive_pipeline_dag.py                           1           0  3.01s           2025-11-20T19:14:28
================================================================================
[2025-11-20T19:15:02.113+0000] {manager.py:878} INFO - 
================================================================================
DAG File Processing Stats

File Path                                     PID    Runtime      # DAGs    # Errors  Last Runtime    Last Run
--------------------------------------------  -----  ---------  --------  ----------  --------------  -------------------
/opt/airflow/dags/predictive_pipeline_dag.py                           1           0  3.28s           2025-11-20T19:15:02
================================================================================
[2025-11-20T19:15:26.440+0000] {manager.py:737} INFO - Searching for files in /opt/airflow/dags
[2025-11-20T19:15:26.464+0000] {manager.py:740} INFO - There are 1 files in /opt/airflow/dags
[2025-11-20T19:15:36.611+0000] {manager.py:878} INFO - 
================================================================================
DAG File Processing Stats

File Path                                     PID    Runtime      # DAGs    # Errors  Last Runtime    Last Run
--------------------------------------------  -----  ---------  --------  ----------  --------------  -------------------
/opt/airflow/dags/predictive_pipeline_dag.py                           1           0  3.59s           2025-11-20T19:15:36
================================================================================
[2025-11-20T19:16:10.613+0000] {manager.py:878} INFO - 
================================================================================
DAG File Processing Stats

File Path                                     PID    Runtime      # DAGs    # Errors  Last Runtime    Last Run
--------------------------------------------  -----  ---------  --------  ----------  --------------  -------------------
/opt/airflow/dags/predictive_pipeline_dag.py                           1           0  3.21s           2025-11-20T19:16:10
================================================================================
[2025-11-20T19:16:44.550+0000] {manager.py:878} INFO - 
================================================================================
DAG File Processing Stats

File Path                                     PID    Runtime      # DAGs    # Errors  Last Runtime    Last Run
--------------------------------------------  -----  ---------  --------  ----------  --------------  -------------------
/opt/airflow/dags/predictive_pipeline_dag.py                           1           0  3.13s           2025-11-20T19:16:44
================================================================================
[2025-11-20T19:17:18.552+0000] {manager.py:878} INFO - 
================================================================================
DAG File Processing Stats

File Path                                     PID    Runtime      # DAGs    # Errors  Last Runtime    Last Run
--------------------------------------------  -----  ---------  --------  ----------  --------------  -------------------
/opt/airflow/dags/predictive_pipeline_dag.py                           1           0  3.22s           2025-11-20T19:17:18
================================================================================
[2025-11-20T19:17:51.973+0000] {manager.py:878} INFO - 
================================================================================
DAG File Processing Stats

File Path                                     PID    Runtime      # DAGs    # Errors  Last Runtime    Last Run
--------------------------------------------  -----  ---------  --------  ----------  --------------  -------------------
/opt/airflow/dags/predictive_pipeline_dag.py                           1           0  2.81s           2025-11-20T19:17:51
================================================================================
[2025-11-20T19:18:25.415+0000] {manager.py:878} INFO - 
================================================================================
DAG File Processing Stats

File Path                                     PID    Runtime      # DAGs    # Errors  Last Runtime    Last Run
--------------------------------------------  -----  ---------  --------  ----------  --------------  -------------------
/opt/airflow/dags/predictive_pipeline_dag.py                           1           0  2.91s           2025-11-20T19:18:25
================================================================================
[2025-11-20T19:18:58.787+0000] {manager.py:878} INFO - 
================================================================================
DAG File Processing Stats

File Path                                     PID    Runtime      # DAGs    # Errors  Last Runtime    Last Run
--------------------------------------------  -----  ---------  --------  ----------  --------------  -------------------
/opt/airflow/dags/predictive_pipeline_dag.py                           1           0  2.71s           2025-11-20T19:18:58
================================================================================
[2025-11-20T19:19:32.217+0000] {manager.py:878} INFO - 
================================================================================
DAG File Processing Stats

File Path                                     PID    Runtime      # DAGs    # Errors  Last Runtime    Last Run
--------------------------------------------  -----  ---------  --------  ----------  --------------  -------------------
/opt/airflow/dags/predictive_pipeline_dag.py                           1           0  2.83s           2025-11-20T19:19:32
================================================================================
[2025-11-20T19:20:05.768+0000] {manager.py:878} INFO - 
================================================================================
DAG File Processing Stats

File Path                                     PID    Runtime      # DAGs    # Errors  Last Runtime    Last Run
--------------------------------------------  -----  ---------  --------  ----------  --------------  -------------------
/opt/airflow/dags/predictive_pipeline_dag.py                           1           0  2.91s           2025-11-20T19:20:05
================================================================================
[2025-11-20T19:20:26.756+0000] {manager.py:737} INFO - Searching for files in /opt/airflow/dags
[2025-11-20T19:20:26.780+0000] {manager.py:740} INFO - There are 1 files in /opt/airflow/dags
[2025-11-20T19:20:39.085+0000] {manager.py:878} INFO - 
================================================================================
DAG File Processing Stats

File Path                                     PID    Runtime      # DAGs    # Errors  Last Runtime    Last Run
--------------------------------------------  -----  ---------  --------  ----------  --------------  -------------------
/opt/airflow/dags/predictive_pipeline_dag.py                           1           0  2.81s           2025-11-20T19:20:39
================================================================================
[2025-11-20T19:21:13.591+0000] {manager.py:878} INFO - 
================================================================================
DAG File Processing Stats

File Path                                     PID    Runtime      # DAGs    # Errors  Last Runtime    Last Run
--------------------------------------------  -----  ---------  --------  ----------  --------------  -------------------
/opt/airflow/dags/predictive_pipeline_dag.py                           1           0  3.91s           2025-11-20T19:21:13
================================================================================
[2025-11-20T19:21:47.483+0000] {manager.py:878} INFO - 
================================================================================
DAG File Processing Stats

File Path                                     PID    Runtime      # DAGs    # Errors  Last Runtime    Last Run
--------------------------------------------  -----  ---------  --------  ----------  --------------  -------------------
/opt/airflow/dags/predictive_pipeline_dag.py                           1           0  3.11s           2025-11-20T19:21:47
================================================================================
[2025-11-20T19:22:21.742+0000] {manager.py:878} INFO - 
================================================================================
DAG File Processing Stats

File Path                                     PID    Runtime      # DAGs    # Errors  Last Runtime    Last Run
--------------------------------------------  -----  ---------  --------  ----------  --------------  -------------------
/opt/airflow/dags/predictive_pipeline_dag.py                           1           0  3.51s           2025-11-20T19:22:21
================================================================================
[2025-11-20T19:22:55.556+0000] {manager.py:878} INFO - 
================================================================================
DAG File Processing Stats

File Path                                     PID    Runtime      # DAGs    # Errors  Last Runtime    Last Run
--------------------------------------------  -----  ---------  --------  ----------  --------------  -------------------
/opt/airflow/dags/predictive_pipeline_dag.py                           1           0  3.01s           2025-11-20T19:22:55
================================================================================
[2025-11-20T19:23:28.923+0000] {manager.py:878} INFO - 
================================================================================
DAG File Processing Stats

File Path                                     PID    Runtime      # DAGs    # Errors  Last Runtime    Last Run
--------------------------------------------  -----  ---------  --------  ----------  --------------  -------------------
/opt/airflow/dags/predictive_pipeline_dag.py                           1           0  2.71s           2025-11-20T19:23:28
================================================================================
[2025-11-20T19:24:02.237+0000] {manager.py:878} INFO - 
================================================================================
DAG File Processing Stats

File Path                                     PID    Runtime      # DAGs    # Errors  Last Runtime    Last Run
--------------------------------------------  -----  ---------  --------  ----------  --------------  -------------------
/opt/airflow/dags/predictive_pipeline_dag.py                           1           0  2.71s           2025-11-20T19:24:02
================================================================================
[2025-11-20T19:24:35.527+0000] {manager.py:878} INFO - 
================================================================================
DAG File Processing Stats

File Path                                     PID    Runtime      # DAGs    # Errors  Last Runtime    Last Run
--------------------------------------------  -----  ---------  --------  ----------  --------------  -------------------
/opt/airflow/dags/predictive_pipeline_dag.py                           1           0  2.71s           2025-11-20T19:24:35
================================================================================
[2025-11-20T19:25:08.812+0000] {manager.py:878} INFO - 
================================================================================
DAG File Processing Stats

File Path                                     PID    Runtime      # DAGs    # Errors  Last Runtime    Last Run
--------------------------------------------  -----  ---------  --------  ----------  --------------  -------------------
/opt/airflow/dags/predictive_pipeline_dag.py                           1           0  2.71s           2025-11-20T19:25:08
================================================================================
[2025-11-20T19:25:27.083+0000] {manager.py:737} INFO - Searching for files in /opt/airflow/dags
[2025-11-20T19:25:27.106+0000] {manager.py:740} INFO - There are 1 files in /opt/airflow/dags
[2025-11-20T19:25:42.097+0000] {manager.py:878} INFO - 
================================================================================
DAG File Processing Stats

File Path                                     PID    Runtime      # DAGs    # Errors  Last Runtime    Last Run
--------------------------------------------  -----  ---------  --------  ----------  --------------  -------------------
/opt/airflow/dags/predictive_pipeline_dag.py                           1           0  2.71s           2025-11-20T19:25:42
================================================================================
[2025-11-20T19:26:15.492+0000] {manager.py:878} INFO - 
================================================================================
DAG File Processing Stats

File Path                                     PID    Runtime      # DAGs    # Errors  Last Runtime    Last Run
--------------------------------------------  -----  ---------  --------  ----------  --------------  -------------------
/opt/airflow/dags/predictive_pipeline_dag.py                           1           0  2.71s           2025-11-20T19:26:15
================================================================================
[2025-11-20T19:26:48.743+0000] {manager.py:878} INFO - 
================================================================================
DAG File Processing Stats

File Path                                     PID    Runtime      # DAGs    # Errors  Last Runtime    Last Run
--------------------------------------------  -----  ---------  --------  ----------  --------------  -------------------
/opt/airflow/dags/predictive_pipeline_dag.py                           1           0  2.71s           2025-11-20T19:26:48
================================================================================
[2025-11-20T19:27:22.621+0000] {manager.py:878} INFO - 
================================================================================
DAG File Processing Stats

File Path                                     PID    Runtime      # DAGs    # Errors  Last Runtime    Last Run
--------------------------------------------  -----  ---------  --------  ----------  --------------  -------------------
/opt/airflow/dags/predictive_pipeline_dag.py                           1           0  3.64s           2025-11-20T19:27:22
================================================================================
[2025-11-20T19:27:55.982+0000] {manager.py:878} INFO - 
================================================================================
DAG File Processing Stats

File Path                                     PID    Runtime      # DAGs    # Errors  Last Runtime    Last Run
--------------------------------------------  -----  ---------  --------  ----------  --------------  -------------------
/opt/airflow/dags/predictive_pipeline_dag.py                           1           0  3.19s           2025-11-20T19:27:55
================================================================================
[2025-11-20T19:28:29.402+0000] {manager.py:878} INFO - 
================================================================================
DAG File Processing Stats

File Path                                     PID    Runtime      # DAGs    # Errors  Last Runtime    Last Run
--------------------------------------------  -----  ---------  --------  ----------  --------------  -------------------
/opt/airflow/dags/predictive_pipeline_dag.py                           1           0  2.71s           2025-11-20T19:28:29
================================================================================
[2025-11-20T19:29:02.834+0000] {manager.py:878} INFO - 
================================================================================
DAG File Processing Stats

File Path                                     PID    Runtime      # DAGs    # Errors  Last Runtime    Last Run
--------------------------------------------  -----  ---------  --------  ----------  --------------  -------------------
/opt/airflow/dags/predictive_pipeline_dag.py                           1           0  2.81s           2025-11-20T19:29:02
================================================================================
[2025-11-20T19:29:36.182+0000] {manager.py:878} INFO - 
================================================================================
DAG File Processing Stats

File Path                                     PID    Runtime      # DAGs    # Errors  Last Runtime    Last Run
--------------------------------------------  -----  ---------  --------  ----------  --------------  -------------------
/opt/airflow/dags/predictive_pipeline_dag.py                           1           0  2.71s           2025-11-20T19:29:36
================================================================================
[2025-11-20T19:30:09.422+0000] {manager.py:878} INFO - 
================================================================================
DAG File Processing Stats

File Path                                     PID    Runtime      # DAGs    # Errors  Last Runtime    Last Run
--------------------------------------------  -----  ---------  --------  ----------  --------------  -------------------
/opt/airflow/dags/predictive_pipeline_dag.py                           1           0  2.63s           2025-11-20T19:30:09
================================================================================
[2025-11-20T19:30:27.735+0000] {manager.py:737} INFO - Searching for files in /opt/airflow/dags
[2025-11-20T19:30:27.757+0000] {manager.py:740} INFO - There are 1 files in /opt/airflow/dags
[2025-11-20T19:30:42.730+0000] {manager.py:878} INFO - 
================================================================================
DAG File Processing Stats

File Path                                     PID    Runtime      # DAGs    # Errors  Last Runtime    Last Run
--------------------------------------------  -----  ---------  --------  ----------  --------------  -------------------
/opt/airflow/dags/predictive_pipeline_dag.py                           1           0  2.71s           2025-11-20T19:30:42
================================================================================
[2025-11-20T19:31:16.772+0000] {manager.py:878} INFO - 
================================================================================
DAG File Processing Stats

File Path                                     PID    Runtime      # DAGs    # Errors  Last Runtime    Last Run
--------------------------------------------  -----  ---------  --------  ----------  --------------  -------------------
/opt/airflow/dags/predictive_pipeline_dag.py                           1           0  3.33s           2025-11-20T19:31:16
================================================================================
[2025-11-20T19:31:50.424+0000] {manager.py:878} INFO - 
================================================================================
DAG File Processing Stats

File Path                                     PID    Runtime      # DAGs    # Errors  Last Runtime    Last Run
--------------------------------------------  -----  ---------  --------  ----------  --------------  -------------------
/opt/airflow/dags/predictive_pipeline_dag.py                           1           0  2.91s           2025-11-20T19:31:50
================================================================================
[2025-11-20T19:32:24.244+0000] {manager.py:878} INFO - 
================================================================================
DAG File Processing Stats

File Path                                     PID    Runtime      # DAGs    # Errors  Last Runtime    Last Run
--------------------------------------------  -----  ---------  --------  ----------  --------------  -------------------
/opt/airflow/dags/predictive_pipeline_dag.py                           1           0  3.12s           2025-11-20T19:32:24
================================================================================
[2025-11-20T19:32:57.792+0000] {manager.py:878} INFO - 
================================================================================
DAG File Processing Stats

File Path                                     PID    Runtime      # DAGs    # Errors  Last Runtime    Last Run
--------------------------------------------  -----  ---------  --------  ----------  --------------  -------------------
/opt/airflow/dags/predictive_pipeline_dag.py                           1           0  2.91s           2025-11-20T19:32:57
================================================================================
[2025-11-20T19:33:31.320+0000] {manager.py:878} INFO - 
================================================================================
DAG File Processing Stats

File Path                                     PID    Runtime      # DAGs    # Errors  Last Runtime    Last Run
--------------------------------------------  -----  ---------  --------  ----------  --------------  -------------------
/opt/airflow/dags/predictive_pipeline_dag.py                           1           0  3.01s           2025-11-20T19:33:31
================================================================================
[2025-11-20T19:34:05.624+0000] {manager.py:878} INFO - 
================================================================================
DAG File Processing Stats

File Path                                     PID    Runtime      # DAGs    # Errors  Last Runtime    Last Run
--------------------------------------------  -----  ---------  --------  ----------  --------------  -------------------
/opt/airflow/dags/predictive_pipeline_dag.py                           1           0  3.64s           2025-11-20T19:34:05
================================================================================
[2025-11-20T19:34:39.149+0000] {manager.py:878} INFO - 
================================================================================
DAG File Processing Stats

File Path                                     PID    Runtime      # DAGs    # Errors  Last Runtime    Last Run
--------------------------------------------  -----  ---------  --------  ----------  --------------  -------------------
/opt/airflow/dags/predictive_pipeline_dag.py                           1           0  3.01s           2025-11-20T19:34:39
================================================================================
[2025-11-20T19:35:12.667+0000] {manager.py:878} INFO - 
================================================================================
DAG File Processing Stats

File Path                                     PID    Runtime      # DAGs    # Errors  Last Runtime    Last Run
--------------------------------------------  -----  ---------  --------  ----------  --------------  -------------------
/opt/airflow/dags/predictive_pipeline_dag.py                           1           0  2.81s           2025-11-20T19:35:12
================================================================================
[2025-11-20T19:35:27.766+0000] {manager.py:737} INFO - Searching for files in /opt/airflow/dags
[2025-11-20T19:35:27.793+0000] {manager.py:740} INFO - There are 1 files in /opt/airflow/dags
[2025-11-20T19:35:46.017+0000] {manager.py:878} INFO - 
================================================================================
DAG File Processing Stats

File Path                                     PID    Runtime      # DAGs    # Errors  Last Runtime    Last Run
--------------------------------------------  -----  ---------  --------  ----------  --------------  -------------------
/opt/airflow/dags/predictive_pipeline_dag.py                           1           0  2.71s           2025-11-20T19:35:46
================================================================================
[2025-11-20T19:36:19.577+0000] {manager.py:878} INFO - 
================================================================================
DAG File Processing Stats

File Path                                     PID    Runtime      # DAGs    # Errors  Last Runtime    Last Run
--------------------------------------------  -----  ---------  --------  ----------  --------------  -------------------
/opt/airflow/dags/predictive_pipeline_dag.py                           1           0  2.81s           2025-11-20T19:36:19
================================================================================
[2025-11-20T19:36:54.745+0000] {manager.py:878} INFO - 
================================================================================
DAG File Processing Stats

File Path                                     PID    Runtime      # DAGs    # Errors  Last Runtime    Last Run
--------------------------------------------  -----  ---------  --------  ----------  --------------  -------------------
/opt/airflow/dags/predictive_pipeline_dag.py                           1           0  4.22s           2025-11-20T19:36:54
================================================================================
[2025-11-20T19:37:28.623+0000] {manager.py:878} INFO - 
================================================================================
DAG File Processing Stats

File Path                                     PID    Runtime      # DAGs    # Errors  Last Runtime    Last Run
--------------------------------------------  -----  ---------  --------  ----------  --------------  -------------------
/opt/airflow/dags/predictive_pipeline_dag.py                           1           0  2.91s           2025-11-20T19:37:28
================================================================================
[2025-11-20T19:38:02.174+0000] {manager.py:878} INFO - 
================================================================================
DAG File Processing Stats

File Path                                     PID    Runtime      # DAGs    # Errors  Last Runtime    Last Run
--------------------------------------------  -----  ---------  --------  ----------  --------------  -------------------
/opt/airflow/dags/predictive_pipeline_dag.py                           1           0  2.91s           2025-11-20T19:38:02
================================================================================
[2025-11-20T19:38:36.160+0000] {manager.py:878} INFO - 
================================================================================
DAG File Processing Stats

File Path                                     PID    Runtime      # DAGs    # Errors  Last Runtime    Last Run
--------------------------------------------  -----  ---------  --------  ----------  --------------  -------------------
/opt/airflow/dags/predictive_pipeline_dag.py                           1           0  3.22s           2025-11-20T19:38:36
================================================================================
[2025-11-20T19:39:09.742+0000] {manager.py:878} INFO - 
================================================================================
DAG File Processing Stats

File Path                                     PID    Runtime      # DAGs    # Errors  Last Runtime    Last Run
--------------------------------------------  -----  ---------  --------  ----------  --------------  -------------------
/opt/airflow/dags/predictive_pipeline_dag.py                           1           0  3.01s           2025-11-20T19:39:09
================================================================================
[2025-11-20T19:39:44.600+0000] {manager.py:878} INFO - 
================================================================================
DAG File Processing Stats

File Path                                     PID    Runtime      # DAGs    # Errors  Last Runtime    Last Run
--------------------------------------------  -----  ---------  --------  ----------  --------------  -------------------
/opt/airflow/dags/predictive_pipeline_dag.py                           1           0  4.20s           2025-11-20T19:39:44
================================================================================
[2025-11-20T19:40:18.802+0000] {manager.py:878} INFO - 
================================================================================
DAG File Processing Stats

File Path                                     PID    Runtime      # DAGs    # Errors  Last Runtime    Last Run
--------------------------------------------  -----  ---------  --------  ----------  --------------  -------------------
/opt/airflow/dags/predictive_pipeline_dag.py                           1           0  3.41s           2025-11-20T19:40:18
================================================================================
[2025-11-20T19:40:28.545+0000] {manager.py:737} INFO - Searching for files in /opt/airflow/dags
[2025-11-20T19:40:28.598+0000] {manager.py:740} INFO - There are 1 files in /opt/airflow/dags
[2025-11-20T19:40:53.472+0000] {manager.py:878} INFO - 
================================================================================
DAG File Processing Stats

File Path                                     PID    Runtime      # DAGs    # Errors  Last Runtime    Last Run
--------------------------------------------  -----  ---------  --------  ----------  --------------  -------------------
/opt/airflow/dags/predictive_pipeline_dag.py                           1           0  3.71s           2025-11-20T19:40:53
================================================================================
[2025-11-20T19:41:28.682+0000] {manager.py:878} INFO - 
================================================================================
DAG File Processing Stats

File Path                                     PID    Runtime      # DAGs    # Errors  Last Runtime    Last Run
--------------------------------------------  -----  ---------  --------  ----------  --------------  -------------------
/opt/airflow/dags/predictive_pipeline_dag.py                           1           0  4.32s           2025-11-20T19:41:28
================================================================================
[2025-11-20T19:42:02.901+0000] {manager.py:878} INFO - 
================================================================================
DAG File Processing Stats

File Path                                     PID    Runtime      # DAGs    # Errors  Last Runtime    Last Run
--------------------------------------------  -----  ---------  --------  ----------  --------------  -------------------
/opt/airflow/dags/predictive_pipeline_dag.py                           1           0  3.24s           2025-11-20T19:42:02
================================================================================
[2025-11-20T19:42:36.747+0000] {manager.py:878} INFO - 
================================================================================
DAG File Processing Stats

File Path                                     PID    Runtime      # DAGs    # Errors  Last Runtime    Last Run
--------------------------------------------  -----  ---------  --------  ----------  --------------  -------------------
/opt/airflow/dags/predictive_pipeline_dag.py                           1           0  3.02s           2025-11-20T19:42:36
================================================================================
[2025-11-20T19:43:10.428+0000] {manager.py:878} INFO - 
================================================================================
DAG File Processing Stats

File Path                                     PID    Runtime      # DAGs    # Errors  Last Runtime    Last Run
--------------------------------------------  -----  ---------  --------  ----------  --------------  -------------------
/opt/airflow/dags/predictive_pipeline_dag.py                           1           0  2.91s           2025-11-20T19:43:10
================================================================================
[2025-11-20T19:43:43.958+0000] {manager.py:878} INFO - 
================================================================================
DAG File Processing Stats

File Path                                     PID    Runtime      # DAGs    # Errors  Last Runtime    Last Run
--------------------------------------------  -----  ---------  --------  ----------  --------------  -------------------
/opt/airflow/dags/predictive_pipeline_dag.py                           1           0  2.71s           2025-11-20T19:43:43
================================================================================
[2025-11-20T19:44:17.888+0000] {manager.py:878} INFO - 
================================================================================
DAG File Processing Stats

File Path                                     PID    Runtime      # DAGs    # Errors  Last Runtime    Last Run
--------------------------------------------  -----  ---------  --------  ----------  --------------  -------------------
/opt/airflow/dags/predictive_pipeline_dag.py                           1           0  3.12s           2025-11-20T19:44:17
================================================================================
[2025-11-20T19:44:52.223+0000] {manager.py:878} INFO - 
================================================================================
DAG File Processing Stats

File Path                                     PID    Runtime      # DAGs    # Errors  Last Runtime    Last Run
--------------------------------------------  -----  ---------  --------  ----------  --------------  -------------------
/opt/airflow/dags/predictive_pipeline_dag.py                           1           0  3.92s           2025-11-20T19:44:52
================================================================================
[2025-11-20T19:45:25.846+0000] {manager.py:878} INFO - 
================================================================================
DAG File Processing Stats

File Path                                     PID    Runtime      # DAGs    # Errors  Last Runtime    Last Run
--------------------------------------------  -----  ---------  --------  ----------  --------------  -------------------
/opt/airflow/dags/predictive_pipeline_dag.py                           1           0  2.81s           2025-11-20T19:45:25
================================================================================
[2025-11-20T19:45:29.122+0000] {manager.py:737} INFO - Searching for files in /opt/airflow/dags
[2025-11-20T19:45:29.144+0000] {manager.py:740} INFO - There are 1 files in /opt/airflow/dags
[2025-11-20T19:45:59.735+0000] {manager.py:878} INFO - 
================================================================================
DAG File Processing Stats

File Path                                     PID    Runtime      # DAGs    # Errors  Last Runtime    Last Run
--------------------------------------------  -----  ---------  --------  ----------  --------------  -------------------
/opt/airflow/dags/predictive_pipeline_dag.py                           1           0  3.01s           2025-11-20T19:45:59
================================================================================
[2025-11-20T19:46:33.632+0000] {manager.py:878} INFO - 
================================================================================
DAG File Processing Stats

File Path                                     PID    Runtime      # DAGs    # Errors  Last Runtime    Last Run
--------------------------------------------  -----  ---------  --------  ----------  --------------  -------------------
/opt/airflow/dags/predictive_pipeline_dag.py                           1           0  3.12s           2025-11-20T19:46:33
================================================================================
[2025-11-20T19:47:08.083+0000] {manager.py:878} INFO - 
================================================================================
DAG File Processing Stats

File Path                                     PID    Runtime      # DAGs    # Errors  Last Runtime    Last Run
--------------------------------------------  -----  ---------  --------  ----------  --------------  -------------------
/opt/airflow/dags/predictive_pipeline_dag.py                           1           0  3.72s           2025-11-20T19:47:08
================================================================================
[2025-11-20T19:47:42.073+0000] {manager.py:878} INFO - 
================================================================================
DAG File Processing Stats

File Path                                     PID    Runtime      # DAGs    # Errors  Last Runtime    Last Run
--------------------------------------------  -----  ---------  --------  ----------  --------------  -------------------
/opt/airflow/dags/predictive_pipeline_dag.py                           1           0  3.01s           2025-11-20T19:47:42
================================================================================
[2025-11-20T19:48:16.133+0000] {manager.py:878} INFO - 
================================================================================
DAG File Processing Stats

File Path                                     PID    Runtime      # DAGs    # Errors  Last Runtime    Last Run
--------------------------------------------  -----  ---------  --------  ----------  --------------  -------------------
/opt/airflow/dags/predictive_pipeline_dag.py                           1           0  3.22s           2025-11-20T19:48:16
================================================================================
[2025-11-20T19:48:49.746+0000] {manager.py:878} INFO - 
================================================================================
DAG File Processing Stats

File Path                                     PID    Runtime      # DAGs    # Errors  Last Runtime    Last Run
--------------------------------------------  -----  ---------  --------  ----------  --------------  -------------------
/opt/airflow/dags/predictive_pipeline_dag.py                           1           0  2.81s           2025-11-20T19:48:49
================================================================================
[2025-11-20T19:49:23.710+0000] {manager.py:878} INFO - 
================================================================================
DAG File Processing Stats

File Path                                     PID    Runtime      # DAGs    # Errors  Last Runtime    Last Run
--------------------------------------------  -----  ---------  --------  ----------  --------------  -------------------
/opt/airflow/dags/predictive_pipeline_dag.py                           1           0  3.11s           2025-11-20T19:49:23
================================================================================
[2025-11-20T19:49:56.507+0000] {manager.py:878} INFO - 
================================================================================
DAG File Processing Stats

File Path                                     PID    Runtime      # DAGs    # Errors  Last Runtime    Last Run
--------------------------------------------  -----  ---------  --------  ----------  --------------  -------------------
/opt/airflow/dags/predictive_pipeline_dag.py                           1           0  2.71s           2025-11-20T19:49:56
================================================================================
[2025-11-20T19:50:29.825+0000] {manager.py:878} INFO - 
================================================================================
DAG File Processing Stats

File Path                                     PID    Runtime      # DAGs    # Errors  Last Runtime    Last Run
--------------------------------------------  -----  ---------  --------  ----------  --------------  -------------------
/opt/airflow/dags/predictive_pipeline_dag.py                           1           0  2.71s           2025-11-20T19:50:29
================================================================================
[2025-11-20T19:50:31.814+0000] {manager.py:737} INFO - Searching for files in /opt/airflow/dags
[2025-11-20T19:50:31.838+0000] {manager.py:740} INFO - There are 1 files in /opt/airflow/dags
[2025-11-20T19:51:03.727+0000] {manager.py:878} INFO - 
================================================================================
DAG File Processing Stats

File Path                                     PID    Runtime      # DAGs    # Errors  Last Runtime    Last Run
--------------------------------------------  -----  ---------  --------  ----------  --------------  -------------------
/opt/airflow/dags/predictive_pipeline_dag.py                           1           0  3.68s           2025-11-20T19:51:03
================================================================================
[2025-11-20T19:51:37.128+0000] {manager.py:878} INFO - 
================================================================================
DAG File Processing Stats

File Path                                     PID    Runtime      # DAGs    # Errors  Last Runtime    Last Run
--------------------------------------------  -----  ---------  --------  ----------  --------------  -------------------
/opt/airflow/dags/predictive_pipeline_dag.py                           1           0  2.71s           2025-11-20T19:51:37
================================================================================
[2025-11-20T19:52:10.336+0000] {manager.py:878} INFO - 
================================================================================
DAG File Processing Stats

File Path                                     PID    Runtime      # DAGs    # Errors  Last Runtime    Last Run
--------------------------------------------  -----  ---------  --------  ----------  --------------  -------------------
/opt/airflow/dags/predictive_pipeline_dag.py                           1           0  2.71s           2025-11-20T19:52:10
================================================================================
[2025-11-20T19:52:43.740+0000] {manager.py:878} INFO - 
================================================================================
DAG File Processing Stats

File Path                                     PID    Runtime      # DAGs    # Errors  Last Runtime    Last Run
--------------------------------------------  -----  ---------  --------  ----------  --------------  -------------------
/opt/airflow/dags/predictive_pipeline_dag.py                           1           0  2.72s           2025-11-20T19:52:43
================================================================================
[2025-11-20T19:53:17.171+0000] {manager.py:878} INFO - 
================================================================================
DAG File Processing Stats

File Path                                     PID    Runtime      # DAGs    # Errors  Last Runtime    Last Run
--------------------------------------------  -----  ---------  --------  ----------  --------------  -------------------
/opt/airflow/dags/predictive_pipeline_dag.py                           1           0  2.72s           2025-11-20T19:53:17
================================================================================
[2025-11-20T19:53:50.814+0000] {manager.py:878} INFO - 
================================================================================
DAG File Processing Stats

File Path                                     PID    Runtime      # DAGs    # Errors  Last Runtime    Last Run
--------------------------------------------  -----  ---------  --------  ----------  --------------  -------------------
/opt/airflow/dags/predictive_pipeline_dag.py                           1           0  2.91s           2025-11-20T19:53:50
================================================================================
[2025-11-20T19:54:24.739+0000] {manager.py:878} INFO - 
================================================================================
DAG File Processing Stats

File Path                                     PID    Runtime      # DAGs    # Errors  Last Runtime    Last Run
--------------------------------------------  -----  ---------  --------  ----------  --------------  -------------------
/opt/airflow/dags/predictive_pipeline_dag.py                           1           0  3.11s           2025-11-20T19:54:24
================================================================================
[2025-11-20T19:54:58.821+0000] {manager.py:878} INFO - 
================================================================================
DAG File Processing Stats

File Path                                     PID    Runtime      # DAGs    # Errors  Last Runtime    Last Run
--------------------------------------------  -----  ---------  --------  ----------  --------------  -------------------
/opt/airflow/dags/predictive_pipeline_dag.py                           1           0  3.41s           2025-11-20T19:54:58
================================================================================
[2025-11-20T19:55:32.742+0000] {manager.py:878} INFO - 
================================================================================
DAG File Processing Stats

File Path                                     PID    Runtime      # DAGs    # Errors  Last Runtime    Last Run
--------------------------------------------  -----  ---------  --------  ----------  --------------  -------------------
/opt/airflow/dags/predictive_pipeline_dag.py                           1           0  3.21s           2025-11-20T19:55:32
================================================================================
[2025-11-20T19:55:33.860+0000] {manager.py:737} INFO - Searching for files in /opt/airflow/dags
[2025-11-20T19:55:33.884+0000] {manager.py:740} INFO - There are 1 files in /opt/airflow/dags
[2025-11-20T19:56:06.273+0000] {manager.py:878} INFO - 
================================================================================
DAG File Processing Stats

File Path                                     PID    Runtime      # DAGs    # Errors  Last Runtime    Last Run
--------------------------------------------  -----  ---------  --------  ----------  --------------  -------------------
/opt/airflow/dags/predictive_pipeline_dag.py                           1           0  2.81s           2025-11-20T19:56:06
================================================================================
[2025-11-20T19:56:39.778+0000] {manager.py:878} INFO - 
================================================================================
DAG File Processing Stats

File Path                                     PID    Runtime      # DAGs    # Errors  Last Runtime    Last Run
--------------------------------------------  -----  ---------  --------  ----------  --------------  -------------------
/opt/airflow/dags/predictive_pipeline_dag.py                           1           0  2.91s           2025-11-20T19:56:39
================================================================================
[2025-11-20T19:57:14.437+0000] {manager.py:878} INFO - 
================================================================================
DAG File Processing Stats

File Path                                     PID    Runtime      # DAGs    # Errors  Last Runtime    Last Run
--------------------------------------------  -----  ---------  --------  ----------  --------------  -------------------
/opt/airflow/dags/predictive_pipeline_dag.py                           1           0  3.66s           2025-11-20T19:57:14
================================================================================
[2025-11-20T19:57:48.392+0000] {manager.py:878} INFO - 
================================================================================
DAG File Processing Stats

File Path                                     PID    Runtime      # DAGs    # Errors  Last Runtime    Last Run
--------------------------------------------  -----  ---------  --------  ----------  --------------  -------------------
/opt/airflow/dags/predictive_pipeline_dag.py                           1           0  3.22s           2025-11-20T19:57:48
================================================================================
[2025-11-20T19:58:21.352+0000] {manager.py:878} INFO - 
================================================================================
DAG File Processing Stats

File Path                                     PID    Runtime      # DAGs    # Errors  Last Runtime    Last Run
--------------------------------------------  -----  ---------  --------  ----------  --------------  -------------------
/opt/airflow/dags/predictive_pipeline_dag.py                           1           0  2.81s           2025-11-20T19:58:21
================================================================================
[2025-11-20T19:58:54.889+0000] {manager.py:878} INFO - 
================================================================================
DAG File Processing Stats

File Path                                     PID    Runtime      # DAGs    # Errors  Last Runtime    Last Run
--------------------------------------------  -----  ---------  --------  ----------  --------------  -------------------
/opt/airflow/dags/predictive_pipeline_dag.py                           1           0  2.81s           2025-11-20T19:58:54
================================================================================
[2025-11-20T19:59:28.384+0000] {manager.py:878} INFO - 
================================================================================
DAG File Processing Stats

File Path                                     PID    Runtime      # DAGs    # Errors  Last Runtime    Last Run
--------------------------------------------  -----  ---------  --------  ----------  --------------  -------------------
/opt/airflow/dags/predictive_pipeline_dag.py                           1           0  2.82s           2025-11-20T19:59:28
================================================================================
[2025-11-20T20:00:02.267+0000] {manager.py:878} INFO - 
================================================================================
DAG File Processing Stats

File Path                                     PID    Runtime      # DAGs    # Errors  Last Runtime    Last Run
--------------------------------------------  -----  ---------  --------  ----------  --------------  -------------------
/opt/airflow/dags/predictive_pipeline_dag.py                           1           0  3.21s           2025-11-20T20:00:02
================================================================================
[2025-11-20T20:00:35.904+0000] {manager.py:878} INFO - 
================================================================================
DAG File Processing Stats

File Path                                     PID    Runtime      # DAGs    # Errors  Last Runtime    Last Run
--------------------------------------------  -----  ---------  --------  ----------  --------------  -------------------
/opt/airflow/dags/predictive_pipeline_dag.py                           1           0  3.02s           2025-11-20T20:00:35
================================================================================
[2025-11-20T20:00:37.019+0000] {manager.py:737} INFO - Searching for files in /opt/airflow/dags
[2025-11-20T20:00:37.042+0000] {manager.py:740} INFO - There are 1 files in /opt/airflow/dags
[2025-11-20T20:01:09.627+0000] {manager.py:878} INFO - 
================================================================================
DAG File Processing Stats

File Path                                     PID    Runtime      # DAGs    # Errors  Last Runtime    Last Run
--------------------------------------------  -----  ---------  --------  ----------  --------------  -------------------
/opt/airflow/dags/predictive_pipeline_dag.py                           1           0  3.01s           2025-11-20T20:01:09
================================================================================
[2025-11-20T20:01:42.955+0000] {manager.py:878} INFO - 
================================================================================
DAG File Processing Stats

File Path                                     PID    Runtime      # DAGs    # Errors  Last Runtime    Last Run
--------------------------------------------  -----  ---------  --------  ----------  --------------  -------------------
/opt/airflow/dags/predictive_pipeline_dag.py                           1           0  2.71s           2025-11-20T20:01:42
================================================================================
[2025-11-20T20:02:16.306+0000] {manager.py:878} INFO - 
================================================================================
DAG File Processing Stats

File Path                                     PID    Runtime      # DAGs    # Errors  Last Runtime    Last Run
--------------------------------------------  -----  ---------  --------  ----------  --------------  -------------------
/opt/airflow/dags/predictive_pipeline_dag.py                           1           0  2.81s           2025-11-20T20:02:16
================================================================================
[2025-11-20T20:02:49.742+0000] {manager.py:878} INFO - 
================================================================================
DAG File Processing Stats

File Path                                     PID    Runtime      # DAGs    # Errors  Last Runtime    Last Run
--------------------------------------------  -----  ---------  --------  ----------  --------------  -------------------
/opt/airflow/dags/predictive_pipeline_dag.py                           1           0  2.81s           2025-11-20T20:02:49
================================================================================
[2025-11-20T20:03:24.200+0000] {manager.py:878} INFO - 
================================================================================
DAG File Processing Stats

File Path                                     PID    Runtime      # DAGs    # Errors  Last Runtime    Last Run
--------------------------------------------  -----  ---------  --------  ----------  --------------  -------------------
/opt/airflow/dags/predictive_pipeline_dag.py                           1           0  3.78s           2025-11-20T20:03:24
================================================================================
[2025-11-20T20:03:57.670+0000] {manager.py:878} INFO - 
================================================================================
DAG File Processing Stats

File Path                                     PID    Runtime      # DAGs    # Errors  Last Runtime    Last Run
--------------------------------------------  -----  ---------  --------  ----------  --------------  -------------------
/opt/airflow/dags/predictive_pipeline_dag.py                           1           0  2.71s           2025-11-20T20:03:57
================================================================================
[2025-11-20T20:04:34.989+0000] {manager.py:878} INFO - 
================================================================================
DAG File Processing Stats

File Path                                     PID    Runtime      # DAGs    # Errors  Last Runtime    Last Run
--------------------------------------------  -----  ---------  --------  ----------  --------------  -------------------
/opt/airflow/dags/predictive_pipeline_dag.py                           1           0  6.98s           2025-11-20T20:04:34
================================================================================
[2025-11-20T20:05:08.607+0000] {manager.py:878} INFO - 
================================================================================
DAG File Processing Stats

File Path                                     PID    Runtime      # DAGs    # Errors  Last Runtime    Last Run
--------------------------------------------  -----  ---------  --------  ----------  --------------  -------------------
/opt/airflow/dags/predictive_pipeline_dag.py                           1           0  3.21s           2025-11-20T20:05:08
================================================================================
[2025-11-20T20:05:38.084+0000] {manager.py:737} INFO - Searching for files in /opt/airflow/dags
[2025-11-20T20:05:38.225+0000] {manager.py:740} INFO - There are 1 files in /opt/airflow/dags
[2025-11-20T20:05:43.103+0000] {manager.py:878} INFO - 
================================================================================
DAG File Processing Stats

File Path                                     PID    Runtime      # DAGs    # Errors  Last Runtime    Last Run
--------------------------------------------  -----  ---------  --------  ----------  --------------  -------------------
/opt/airflow/dags/predictive_pipeline_dag.py                           1           0  3.32s           2025-11-20T20:05:43
================================================================================
[2025-11-20T20:06:18.030+0000] {manager.py:878} INFO - 
================================================================================
DAG File Processing Stats

File Path                                     PID    Runtime      # DAGs    # Errors  Last Runtime    Last Run
--------------------------------------------  -----  ---------  --------  ----------  --------------  -------------------
/opt/airflow/dags/predictive_pipeline_dag.py                           1           0  4.13s           2025-11-20T20:06:18
================================================================================
[2025-11-20T20:06:52.546+0000] {manager.py:878} INFO - 
================================================================================
DAG File Processing Stats

File Path                                     PID    Runtime      # DAGs    # Errors  Last Runtime    Last Run
--------------------------------------------  -----  ---------  --------  ----------  --------------  -------------------
/opt/airflow/dags/predictive_pipeline_dag.py                           1           0  3.92s           2025-11-20T20:06:52
================================================================================
[2025-11-20T20:07:27.085+0000] {manager.py:878} INFO - 
================================================================================
DAG File Processing Stats

File Path                                     PID    Runtime      # DAGs    # Errors  Last Runtime    Last Run
--------------------------------------------  -----  ---------  --------  ----------  --------------  -------------------
/opt/airflow/dags/predictive_pipeline_dag.py                           1           0  3.64s           2025-11-20T20:07:27
================================================================================
[2025-11-20T20:08:02.917+0000] {manager.py:878} INFO - 
================================================================================
DAG File Processing Stats

File Path                                     PID    Runtime      # DAGs    # Errors  Last Runtime    Last Run
--------------------------------------------  -----  ---------  --------  ----------  --------------  -------------------
/opt/airflow/dags/predictive_pipeline_dag.py                           1           0  5.22s           2025-11-20T20:08:02
================================================================================
[2025-11-20T20:08:37.498+0000] {manager.py:878} INFO - 
================================================================================
DAG File Processing Stats

File Path                                     PID    Runtime      # DAGs    # Errors  Last Runtime    Last Run
--------------------------------------------  -----  ---------  --------  ----------  --------------  -------------------
/opt/airflow/dags/predictive_pipeline_dag.py                           1           0  4.04s           2025-11-20T20:08:37
================================================================================
[2025-11-20T20:09:12.163+0000] {manager.py:878} INFO - 
================================================================================
DAG File Processing Stats

File Path                                     PID    Runtime      # DAGs    # Errors  Last Runtime    Last Run
--------------------------------------------  -----  ---------  --------  ----------  --------------  -------------------
/opt/airflow/dags/predictive_pipeline_dag.py                           1           0  4.33s           2025-11-20T20:09:12
================================================================================
[2025-11-20T20:09:46.863+0000] {manager.py:878} INFO - 
================================================================================
DAG File Processing Stats

File Path                                     PID    Runtime      # DAGs    # Errors  Last Runtime    Last Run
--------------------------------------------  -----  ---------  --------  ----------  --------------  -------------------
/opt/airflow/dags/predictive_pipeline_dag.py                           1           0  4.52s           2025-11-20T20:09:46
================================================================================
[2025-11-20T20:10:21.678+0000] {manager.py:878} INFO - 
================================================================================
DAG File Processing Stats

File Path                                     PID    Runtime      # DAGs    # Errors  Last Runtime    Last Run
--------------------------------------------  -----  ---------  --------  ----------  --------------  -------------------
/opt/airflow/dags/predictive_pipeline_dag.py                           1           0  3.63s           2025-11-20T20:10:21
================================================================================
[2025-11-20T20:10:38.174+0000] {manager.py:737} INFO - Searching for files in /opt/airflow/dags
[2025-11-20T20:10:38.275+0000] {manager.py:740} INFO - There are 1 files in /opt/airflow/dags
[2025-11-20T20:10:56.708+0000] {manager.py:878} INFO - 
================================================================================
DAG File Processing Stats

File Path                                     PID    Runtime      # DAGs    # Errors  Last Runtime    Last Run
--------------------------------------------  -----  ---------  --------  ----------  --------------  -------------------
/opt/airflow/dags/predictive_pipeline_dag.py                           1           0  4.03s           2025-11-20T20:10:56
================================================================================
[2025-11-20T20:11:31.077+0000] {manager.py:878} INFO - 
================================================================================
DAG File Processing Stats

File Path                                     PID    Runtime      # DAGs    # Errors  Last Runtime    Last Run
--------------------------------------------  -----  ---------  --------  ----------  --------------  -------------------
/opt/airflow/dags/predictive_pipeline_dag.py                           1           0  3.43s           2025-11-20T20:11:31
================================================================================
[2025-11-20T20:12:05.558+0000] {manager.py:878} INFO - 
================================================================================
DAG File Processing Stats

File Path                                     PID    Runtime      # DAGs    # Errors  Last Runtime    Last Run
--------------------------------------------  -----  ---------  --------  ----------  --------------  -------------------
/opt/airflow/dags/predictive_pipeline_dag.py                           1           0  3.32s           2025-11-20T20:12:05
================================================================================
[2025-11-20T20:12:41.519+0000] {manager.py:878} INFO - 
================================================================================
DAG File Processing Stats

File Path                                     PID    Runtime      # DAGs    # Errors  Last Runtime    Last Run
--------------------------------------------  -----  ---------  --------  ----------  --------------  -------------------
/opt/airflow/dags/predictive_pipeline_dag.py                           1           0  5.75s           2025-11-20T20:12:41
================================================================================
[2025-11-20T20:13:15.905+0000] {manager.py:878} INFO - 
================================================================================
DAG File Processing Stats

File Path                                     PID    Runtime      # DAGs    # Errors  Last Runtime    Last Run
--------------------------------------------  -----  ---------  --------  ----------  --------------  -------------------
/opt/airflow/dags/predictive_pipeline_dag.py                           1           0  3.93s           2025-11-20T20:13:15
================================================================================
[2025-11-20T20:13:50.280+0000] {manager.py:878} INFO - 
================================================================================
DAG File Processing Stats

File Path                                     PID    Runtime      # DAGs    # Errors  Last Runtime    Last Run
--------------------------------------------  -----  ---------  --------  ----------  --------------  -------------------
/opt/airflow/dags/predictive_pipeline_dag.py                           1           0  4.22s           2025-11-20T20:13:50
================================================================================
[2025-11-20T20:14:25.209+0000] {manager.py:878} INFO - 
================================================================================
DAG File Processing Stats

File Path                                     PID    Runtime      # DAGs    # Errors  Last Runtime    Last Run
--------------------------------------------  -----  ---------  --------  ----------  --------------  -------------------
/opt/airflow/dags/predictive_pipeline_dag.py                           1           0  4.23s           2025-11-20T20:14:25
================================================================================
[2025-11-20T20:15:00.810+0000] {manager.py:878} INFO - 
================================================================================
DAG File Processing Stats

File Path                                     PID    Runtime      # DAGs    # Errors  Last Runtime    Last Run
--------------------------------------------  -----  ---------  --------  ----------  --------------  -------------------
/opt/airflow/dags/predictive_pipeline_dag.py                           1           0  4.63s           2025-11-20T20:15:00
================================================================================
[2025-11-20T20:15:35.723+0000] {manager.py:878} INFO - 
================================================================================
DAG File Processing Stats

File Path                                     PID    Runtime      # DAGs    # Errors  Last Runtime    Last Run
--------------------------------------------  -----  ---------  --------  ----------  --------------  -------------------
/opt/airflow/dags/predictive_pipeline_dag.py                           1           0  4.73s           2025-11-20T20:15:35
================================================================================
[2025-11-20T20:15:38.354+0000] {manager.py:737} INFO - Searching for files in /opt/airflow/dags
[2025-11-20T20:15:38.407+0000] {manager.py:740} INFO - There are 1 files in /opt/airflow/dags
[2025-11-20T20:16:10.043+0000] {manager.py:878} INFO - 
================================================================================
DAG File Processing Stats

File Path                                     PID    Runtime      # DAGs    # Errors  Last Runtime    Last Run
--------------------------------------------  -----  ---------  --------  ----------  --------------  -------------------
/opt/airflow/dags/predictive_pipeline_dag.py                           1           0  3.22s           2025-11-20T20:16:10
================================================================================
[2025-11-20T20:16:44.495+0000] {manager.py:878} INFO - 
================================================================================
DAG File Processing Stats

File Path                                     PID    Runtime      # DAGs    # Errors  Last Runtime    Last Run
--------------------------------------------  -----  ---------  --------  ----------  --------------  -------------------
/opt/airflow/dags/predictive_pipeline_dag.py                           1           0  4.11s           2025-11-20T20:16:44
================================================================================
[2025-11-20T20:17:21.391+0000] {manager.py:878} INFO - 
================================================================================
DAG File Processing Stats

File Path                                     PID    Runtime      # DAGs    # Errors  Last Runtime    Last Run
--------------------------------------------  -----  ---------  --------  ----------  --------------  -------------------
/opt/airflow/dags/predictive_pipeline_dag.py                           1           0  5.61s           2025-11-20T20:17:21
================================================================================
[2025-11-20T20:17:56.620+0000] {manager.py:878} INFO - 
================================================================================
DAG File Processing Stats

File Path                                     PID    Runtime      # DAGs    # Errors  Last Runtime    Last Run
--------------------------------------------  -----  ---------  --------  ----------  --------------  -------------------
/opt/airflow/dags/predictive_pipeline_dag.py                           1           0  4.42s           2025-11-20T20:17:56
================================================================================
[2025-11-20T20:18:31.591+0000] {manager.py:878} INFO - 
================================================================================
DAG File Processing Stats

File Path                                     PID    Runtime      # DAGs    # Errors  Last Runtime    Last Run
--------------------------------------------  -----  ---------  --------  ----------  --------------  -------------------
/opt/airflow/dags/predictive_pipeline_dag.py                           1           0  4.42s           2025-11-20T20:18:31
================================================================================
[2025-11-20T20:19:06.321+0000] {manager.py:878} INFO - 
================================================================================
DAG File Processing Stats

File Path                                     PID    Runtime      # DAGs    # Errors  Last Runtime    Last Run
--------------------------------------------  -----  ---------  --------  ----------  --------------  -------------------
/opt/airflow/dags/predictive_pipeline_dag.py                           1           0  3.65s           2025-11-20T20:19:06
================================================================================
[2025-11-20T20:19:41.589+0000] {manager.py:878} INFO - 
================================================================================
DAG File Processing Stats

File Path                                     PID    Runtime      # DAGs    # Errors  Last Runtime    Last Run
--------------------------------------------  -----  ---------  --------  ----------  --------------  -------------------
/opt/airflow/dags/predictive_pipeline_dag.py                           1           0  4.43s           2025-11-20T20:19:41
================================================================================
[2025-11-20T20:20:16.107+0000] {manager.py:878} INFO - 
================================================================================
DAG File Processing Stats

File Path                                     PID    Runtime      # DAGs    # Errors  Last Runtime    Last Run
--------------------------------------------  -----  ---------  --------  ----------  --------------  -------------------
/opt/airflow/dags/predictive_pipeline_dag.py                           1           0  3.94s           2025-11-20T20:20:16
================================================================================
[2025-11-20T20:20:39.180+0000] {manager.py:737} INFO - Searching for files in /opt/airflow/dags
[2025-11-20T20:20:39.296+0000] {manager.py:740} INFO - There are 1 files in /opt/airflow/dags
[2025-11-20T20:20:50.244+0000] {manager.py:878} INFO - 
================================================================================
DAG File Processing Stats

File Path                                     PID    Runtime      # DAGs    # Errors  Last Runtime    Last Run
--------------------------------------------  -----  ---------  --------  ----------  --------------  -------------------
/opt/airflow/dags/predictive_pipeline_dag.py                           1           0  3.52s           2025-11-20T20:20:50
================================================================================
[2025-11-20T20:21:26.999+0000] {manager.py:878} INFO - 
================================================================================
DAG File Processing Stats

File Path                                     PID    Runtime      # DAGs    # Errors  Last Runtime    Last Run
--------------------------------------------  -----  ---------  --------  ----------  --------------  -------------------
/opt/airflow/dags/predictive_pipeline_dag.py                           1           0  5.39s           2025-11-20T20:21:26
================================================================================
[2025-11-20T20:22:00.758+0000] {manager.py:878} INFO - 
================================================================================
DAG File Processing Stats

File Path                                     PID    Runtime      # DAGs    # Errors  Last Runtime    Last Run
--------------------------------------------  -----  ---------  --------  ----------  --------------  -------------------
/opt/airflow/dags/predictive_pipeline_dag.py                           1           0  3.45s           2025-11-20T20:22:00
================================================================================
[2025-11-20T20:22:35.045+0000] {manager.py:878} INFO - 
================================================================================
DAG File Processing Stats

File Path                                     PID    Runtime      # DAGs    # Errors  Last Runtime    Last Run
--------------------------------------------  -----  ---------  --------  ----------  --------------  -------------------
/opt/airflow/dags/predictive_pipeline_dag.py                           1           0  3.52s           2025-11-20T20:22:35
================================================================================
[2025-11-20T20:23:10.618+0000] {manager.py:878} INFO - 
================================================================================
DAG File Processing Stats

File Path                                     PID    Runtime      # DAGs    # Errors  Last Runtime    Last Run
--------------------------------------------  -----  ---------  --------  ----------  --------------  -------------------
/opt/airflow/dags/predictive_pipeline_dag.py                           1           0  4.65s           2025-11-20T20:23:10
================================================================================
[2025-11-20T20:23:44.301+0000] {manager.py:878} INFO - 
================================================================================
DAG File Processing Stats

File Path                                     PID    Runtime      # DAGs    # Errors  Last Runtime    Last Run
--------------------------------------------  -----  ---------  --------  ----------  --------------  -------------------
/opt/airflow/dags/predictive_pipeline_dag.py                           1           0  3.52s           2025-11-20T20:23:44
================================================================================
[2025-11-20T20:24:18.086+0000] {manager.py:878} INFO - 
================================================================================
DAG File Processing Stats

File Path                                     PID    Runtime      # DAGs    # Errors  Last Runtime    Last Run
--------------------------------------------  -----  ---------  --------  ----------  --------------  -------------------
/opt/airflow/dags/predictive_pipeline_dag.py                           1           0  3.22s           2025-11-20T20:24:18
================================================================================
[2025-11-20T20:24:52.473+0000] {manager.py:878} INFO - 
================================================================================
DAG File Processing Stats

File Path                                     PID    Runtime      # DAGs    # Errors  Last Runtime    Last Run
--------------------------------------------  -----  ---------  --------  ----------  --------------  -------------------
/opt/airflow/dags/predictive_pipeline_dag.py                           1           0  3.43s           2025-11-20T20:24:52
================================================================================
[2025-11-20T20:25:26.756+0000] {manager.py:878} INFO - 
================================================================================
DAG File Processing Stats

File Path                                     PID    Runtime      # DAGs    # Errors  Last Runtime    Last Run
--------------------------------------------  -----  ---------  --------  ----------  --------------  -------------------
/opt/airflow/dags/predictive_pipeline_dag.py                           1           0  3.41s           2025-11-20T20:25:26
================================================================================
[2025-11-20T20:25:40.415+0000] {manager.py:737} INFO - Searching for files in /opt/airflow/dags
[2025-11-20T20:25:40.509+0000] {manager.py:740} INFO - There are 1 files in /opt/airflow/dags
[2025-11-20T20:26:00.821+0000] {manager.py:878} INFO - 
================================================================================
DAG File Processing Stats

File Path                                     PID    Runtime      # DAGs    # Errors  Last Runtime    Last Run
--------------------------------------------  -----  ---------  --------  ----------  --------------  -------------------
/opt/airflow/dags/predictive_pipeline_dag.py                           1           0  3.53s           2025-11-20T20:26:00
================================================================================
[2025-11-20T20:26:36.605+0000] {manager.py:878} INFO - 
================================================================================
DAG File Processing Stats

File Path                                     PID    Runtime      # DAGs    # Errors  Last Runtime    Last Run
--------------------------------------------  -----  ---------  --------  ----------  --------------  -------------------
/opt/airflow/dags/predictive_pipeline_dag.py                           1           0  5.12s           2025-11-20T20:26:36
================================================================================
[2025-11-20T20:27:11.330+0000] {manager.py:878} INFO - 
================================================================================
DAG File Processing Stats

File Path                                     PID    Runtime      # DAGs    # Errors  Last Runtime    Last Run
--------------------------------------------  -----  ---------  --------  ----------  --------------  -------------------
/opt/airflow/dags/predictive_pipeline_dag.py                           1           0  4.62s           2025-11-20T20:27:11
================================================================================
[2025-11-20T20:27:46.259+0000] {manager.py:878} INFO - 
================================================================================
DAG File Processing Stats

File Path                                     PID    Runtime      # DAGs    # Errors  Last Runtime    Last Run
--------------------------------------------  -----  ---------  --------  ----------  --------------  -------------------
/opt/airflow/dags/predictive_pipeline_dag.py                           1           0  4.03s           2025-11-20T20:27:46
================================================================================
[2025-11-20T20:28:21.264+0000] {manager.py:878} INFO - 
================================================================================
DAG File Processing Stats

File Path                                     PID    Runtime      # DAGs    # Errors  Last Runtime    Last Run
--------------------------------------------  -----  ---------  --------  ----------  --------------  -------------------
/opt/airflow/dags/predictive_pipeline_dag.py                           1           0  3.93s           2025-11-20T20:28:21
================================================================================
[2025-11-20T20:28:55.699+0000] {manager.py:878} INFO - 
================================================================================
DAG File Processing Stats

File Path                                     PID    Runtime      # DAGs    # Errors  Last Runtime    Last Run
--------------------------------------------  -----  ---------  --------  ----------  --------------  -------------------
/opt/airflow/dags/predictive_pipeline_dag.py                           1           0  4.02s           2025-11-20T20:28:55
================================================================================
[2025-11-20T20:29:30.786+0000] {manager.py:878} INFO - 
================================================================================
DAG File Processing Stats

File Path                                     PID    Runtime      # DAGs    # Errors  Last Runtime    Last Run
--------------------------------------------  -----  ---------  --------  ----------  --------------  -------------------
/opt/airflow/dags/predictive_pipeline_dag.py                           1           0  4.44s           2025-11-20T20:29:30
================================================================================
[2025-11-20T20:30:04.734+0000] {manager.py:878} INFO - 
================================================================================
DAG File Processing Stats

File Path                                     PID    Runtime      # DAGs    # Errors  Last Runtime    Last Run
--------------------------------------------  -----  ---------  --------  ----------  --------------  -------------------
/opt/airflow/dags/predictive_pipeline_dag.py                           1           0  3.72s           2025-11-20T20:30:04
================================================================================
[2025-11-20T20:30:40.851+0000] {manager.py:878} INFO - 
================================================================================
DAG File Processing Stats

File Path                                     PID    Runtime      # DAGs    # Errors  Last Runtime    Last Run
--------------------------------------------  -----  ---------  --------  ----------  --------------  -------------------
/opt/airflow/dags/predictive_pipeline_dag.py                           1           0  5.31s           2025-11-20T20:30:40
================================================================================
[2025-11-20T20:30:42.118+0000] {manager.py:737} INFO - Searching for files in /opt/airflow/dags
[2025-11-20T20:30:42.304+0000] {manager.py:740} INFO - There are 1 files in /opt/airflow/dags
[2025-11-20T20:31:16.720+0000] {manager.py:878} INFO - 
================================================================================
DAG File Processing Stats

File Path                                     PID    Runtime      # DAGs    # Errors  Last Runtime    Last Run
--------------------------------------------  -----  ---------  --------  ----------  --------------  -------------------
/opt/airflow/dags/predictive_pipeline_dag.py                           1           0  4.73s           2025-11-20T20:31:16
================================================================================
[2025-11-20T20:31:51.748+0000] {manager.py:878} INFO - 
================================================================================
DAG File Processing Stats

File Path                                     PID    Runtime      # DAGs    # Errors  Last Runtime    Last Run
--------------------------------------------  -----  ---------  --------  ----------  --------------  -------------------
/opt/airflow/dags/predictive_pipeline_dag.py                           1           0  4.13s           2025-11-20T20:31:51
================================================================================
[2025-11-20T20:32:26.313+0000] {manager.py:878} INFO - 
================================================================================
DAG File Processing Stats

File Path                                     PID    Runtime      # DAGs    # Errors  Last Runtime    Last Run
--------------------------------------------  -----  ---------  --------  ----------  --------------  -------------------
/opt/airflow/dags/predictive_pipeline_dag.py                           1           0  4.34s           2025-11-20T20:32:26
================================================================================
[2025-11-20T20:33:01.165+0000] {manager.py:878} INFO - 
================================================================================
DAG File Processing Stats

File Path                                     PID    Runtime      # DAGs    # Errors  Last Runtime    Last Run
--------------------------------------------  -----  ---------  --------  ----------  --------------  -------------------
/opt/airflow/dags/predictive_pipeline_dag.py                           1           0  4.52s           2025-11-20T20:33:01
================================================================================
[2025-11-20T20:33:35.510+0000] {manager.py:878} INFO - 
================================================================================
DAG File Processing Stats

File Path                                     PID    Runtime      # DAGs    # Errors  Last Runtime    Last Run
--------------------------------------------  -----  ---------  --------  ----------  --------------  -------------------
/opt/airflow/dags/predictive_pipeline_dag.py                           1           0  3.62s           2025-11-20T20:33:35
================================================================================
[2025-11-20T20:34:11.266+0000] {manager.py:878} INFO - 
================================================================================
DAG File Processing Stats

File Path                                     PID    Runtime      # DAGs    # Errors  Last Runtime    Last Run
--------------------------------------------  -----  ---------  --------  ----------  --------------  -------------------
/opt/airflow/dags/predictive_pipeline_dag.py                           1           0  4.62s           2025-11-20T20:34:11
================================================================================
[2025-11-20T20:34:45.355+0000] {manager.py:878} INFO - 
================================================================================
DAG File Processing Stats

File Path                                     PID    Runtime      # DAGs    # Errors  Last Runtime    Last Run
--------------------------------------------  -----  ---------  --------  ----------  --------------  -------------------
/opt/airflow/dags/predictive_pipeline_dag.py                           1           0  3.94s           2025-11-20T20:34:45
================================================================================
[2025-11-20T20:35:20.900+0000] {manager.py:878} INFO - 
================================================================================
DAG File Processing Stats

File Path                                     PID    Runtime      # DAGs    # Errors  Last Runtime    Last Run
--------------------------------------------  -----  ---------  --------  ----------  --------------  -------------------
/opt/airflow/dags/predictive_pipeline_dag.py                           1           0  4.42s           2025-11-20T20:35:20
================================================================================
[2025-11-20T20:35:42.602+0000] {manager.py:737} INFO - Searching for files in /opt/airflow/dags
[2025-11-20T20:35:42.702+0000] {manager.py:740} INFO - There are 1 files in /opt/airflow/dags
[2025-11-20T20:35:55.099+0000] {manager.py:878} INFO - 
================================================================================
DAG File Processing Stats

File Path                                     PID    Runtime      # DAGs    # Errors  Last Runtime    Last Run
--------------------------------------------  -----  ---------  --------  ----------  --------------  -------------------
/opt/airflow/dags/predictive_pipeline_dag.py                           1           0  3.62s           2025-11-20T20:35:55
================================================================================
[2025-11-20T20:36:30.226+0000] {manager.py:878} INFO - 
================================================================================
DAG File Processing Stats

File Path                                     PID    Runtime      # DAGs    # Errors  Last Runtime    Last Run
--------------------------------------------  -----  ---------  --------  ----------  --------------  -------------------
/opt/airflow/dags/predictive_pipeline_dag.py                           1           0  4.83s           2025-11-20T20:36:30
================================================================================
[2025-11-20T20:37:04.073+0000] {manager.py:878} INFO - 
================================================================================
DAG File Processing Stats

File Path                                     PID    Runtime      # DAGs    # Errors  Last Runtime    Last Run
--------------------------------------------  -----  ---------  --------  ----------  --------------  -------------------
/opt/airflow/dags/predictive_pipeline_dag.py                           1           0  3.43s           2025-11-20T20:37:04
================================================================================
[2025-11-20T20:37:39.067+0000] {manager.py:878} INFO - 
================================================================================
DAG File Processing Stats

File Path                                     PID    Runtime      # DAGs    # Errors  Last Runtime    Last Run
--------------------------------------------  -----  ---------  --------  ----------  --------------  -------------------
/opt/airflow/dags/predictive_pipeline_dag.py                           1           0  4.23s           2025-11-20T20:37:39
================================================================================
[2025-11-20T20:38:13.639+0000] {manager.py:878} INFO - 
================================================================================
DAG File Processing Stats

File Path                                     PID    Runtime      # DAGs    # Errors  Last Runtime    Last Run
--------------------------------------------  -----  ---------  --------  ----------  --------------  -------------------
/opt/airflow/dags/predictive_pipeline_dag.py                           1           0  3.73s           2025-11-20T20:38:13
================================================================================
[2025-11-20T20:38:48.193+0000] {manager.py:878} INFO - 
================================================================================
DAG File Processing Stats

File Path                                     PID    Runtime      # DAGs    # Errors  Last Runtime    Last Run
--------------------------------------------  -----  ---------  --------  ----------  --------------  -------------------
/opt/airflow/dags/predictive_pipeline_dag.py                           1           0  4.12s           2025-11-20T20:38:48
================================================================================
[2025-11-20T20:39:22.587+0000] {manager.py:878} INFO - 
================================================================================
DAG File Processing Stats

File Path                                     PID    Runtime      # DAGs    # Errors  Last Runtime    Last Run
--------------------------------------------  -----  ---------  --------  ----------  --------------  -------------------
/opt/airflow/dags/predictive_pipeline_dag.py                           1           0  4.13s           2025-11-20T20:39:22
================================================================================
[2025-11-20T20:39:59.057+0000] {manager.py:878} INFO - 
================================================================================
DAG File Processing Stats

File Path                                     PID    Runtime      # DAGs    # Errors  Last Runtime    Last Run
--------------------------------------------  -----  ---------  --------  ----------  --------------  -------------------
/opt/airflow/dags/predictive_pipeline_dag.py                           1           0  5.16s           2025-11-20T20:39:59
================================================================================
[2025-11-20T20:40:32.670+0000] {manager.py:878} INFO - 
================================================================================
DAG File Processing Stats

File Path                                     PID    Runtime      # DAGs    # Errors  Last Runtime    Last Run
--------------------------------------------  -----  ---------  --------  ----------  --------------  -------------------
/opt/airflow/dags/predictive_pipeline_dag.py                           1           0  3.34s           2025-11-20T20:40:32
================================================================================
[2025-11-20T20:40:43.046+0000] {manager.py:737} INFO - Searching for files in /opt/airflow/dags
[2025-11-20T20:40:43.190+0000] {manager.py:740} INFO - There are 1 files in /opt/airflow/dags
[2025-11-20T20:41:06.902+0000] {manager.py:878} INFO - 
================================================================================
DAG File Processing Stats

File Path                                     PID    Runtime      # DAGs    # Errors  Last Runtime    Last Run
--------------------------------------------  -----  ---------  --------  ----------  --------------  -------------------
/opt/airflow/dags/predictive_pipeline_dag.py                           1           0  3.32s           2025-11-20T20:41:06
================================================================================
[2025-11-20T20:41:41.432+0000] {manager.py:878} INFO - 
================================================================================
DAG File Processing Stats

File Path                                     PID    Runtime      # DAGs    # Errors  Last Runtime    Last Run
--------------------------------------------  -----  ---------  --------  ----------  --------------  -------------------
/opt/airflow/dags/predictive_pipeline_dag.py                           1           0  3.54s           2025-11-20T20:41:41
================================================================================
[2025-11-20T20:42:17.467+0000] {manager.py:878} INFO - 
================================================================================
DAG File Processing Stats

File Path                                     PID    Runtime      # DAGs    # Errors  Last Runtime    Last Run
--------------------------------------------  -----  ---------  --------  ----------  --------------  -------------------
/opt/airflow/dags/predictive_pipeline_dag.py                           1           0  4.93s           2025-11-20T20:42:17
================================================================================
[2025-11-20T20:42:52.341+0000] {manager.py:878} INFO - 
================================================================================
DAG File Processing Stats

File Path                                     PID    Runtime      # DAGs    # Errors  Last Runtime    Last Run
--------------------------------------------  -----  ---------  --------  ----------  --------------  -------------------
/opt/airflow/dags/predictive_pipeline_dag.py                           1           0  4.42s           2025-11-20T20:42:52
================================================================================
[2025-11-20T20:43:26.028+0000] {manager.py:878} INFO - 
================================================================================
DAG File Processing Stats

File Path                                     PID    Runtime      # DAGs    # Errors  Last Runtime    Last Run
--------------------------------------------  -----  ---------  --------  ----------  --------------  -------------------
/opt/airflow/dags/predictive_pipeline_dag.py                           1           0  3.52s           2025-11-20T20:43:26
================================================================================
[2025-11-20T20:44:00.386+0000] {manager.py:878} INFO - 
================================================================================
DAG File Processing Stats

File Path                                     PID    Runtime      # DAGs    # Errors  Last Runtime    Last Run
--------------------------------------------  -----  ---------  --------  ----------  --------------  -------------------
/opt/airflow/dags/predictive_pipeline_dag.py                           1           0  3.81s           2025-11-20T20:44:00
================================================================================
[2025-11-20T20:44:35.446+0000] {manager.py:878} INFO - 
================================================================================
DAG File Processing Stats

File Path                                     PID    Runtime      # DAGs    # Errors  Last Runtime    Last Run
--------------------------------------------  -----  ---------  --------  ----------  --------------  -------------------
/opt/airflow/dags/predictive_pipeline_dag.py                           1           0  4.52s           2025-11-20T20:44:35
================================================================================
[2025-11-20T20:45:11.339+0000] {manager.py:878} INFO - 
================================================================================
DAG File Processing Stats

File Path                                     PID    Runtime      # DAGs    # Errors  Last Runtime    Last Run
--------------------------------------------  -----  ---------  --------  ----------  --------------  -------------------
/opt/airflow/dags/predictive_pipeline_dag.py                           1           0  4.53s           2025-11-20T20:45:11
================================================================================
[2025-11-20T20:45:45.796+0000] {manager.py:878} INFO - 
================================================================================
DAG File Processing Stats

File Path                                     PID    Runtime      # DAGs    # Errors  Last Runtime    Last Run
--------------------------------------------  -----  ---------  --------  ----------  --------------  -------------------
/opt/airflow/dags/predictive_pipeline_dag.py                           1           0  4.19s           2025-11-20T20:45:45
================================================================================
[2025-11-20T20:45:47.230+0000] {manager.py:737} INFO - Searching for files in /opt/airflow/dags
[2025-11-20T20:45:47.289+0000] {manager.py:740} INFO - There are 1 files in /opt/airflow/dags
[2025-11-20T20:46:20.517+0000] {manager.py:878} INFO - 
================================================================================
DAG File Processing Stats

File Path                                     PID    Runtime      # DAGs    # Errors  Last Runtime    Last Run
--------------------------------------------  -----  ---------  --------  ----------  --------------  -------------------
/opt/airflow/dags/predictive_pipeline_dag.py                           1           0  3.52s           2025-11-20T20:46:20
================================================================================
[2025-11-20T20:46:55.207+0000] {manager.py:878} INFO - 
================================================================================
DAG File Processing Stats

File Path                                     PID    Runtime      # DAGs    # Errors  Last Runtime    Last Run
--------------------------------------------  -----  ---------  --------  ----------  --------------  -------------------
/opt/airflow/dags/predictive_pipeline_dag.py                           1           0  4.52s           2025-11-20T20:46:55
================================================================================
[2025-11-20T20:47:29.852+0000] {manager.py:878} INFO - 
================================================================================
DAG File Processing Stats

File Path                                     PID    Runtime      # DAGs    # Errors  Last Runtime    Last Run
--------------------------------------------  -----  ---------  --------  ----------  --------------  -------------------
/opt/airflow/dags/predictive_pipeline_dag.py                           1           0  3.74s           2025-11-20T20:47:29
================================================================================
[2025-11-20T20:48:04.120+0000] {manager.py:878} INFO - 
================================================================================
DAG File Processing Stats

File Path                                     PID    Runtime      # DAGs    # Errors  Last Runtime    Last Run
--------------------------------------------  -----  ---------  --------  ----------  --------------  -------------------
/opt/airflow/dags/predictive_pipeline_dag.py                           1           0  3.72s           2025-11-20T20:48:04
================================================================================
[2025-11-20T20:48:38.141+0000] {manager.py:878} INFO - 
================================================================================
DAG File Processing Stats

File Path                                     PID    Runtime      # DAGs    # Errors  Last Runtime    Last Run
--------------------------------------------  -----  ---------  --------  ----------  --------------  -------------------
/opt/airflow/dags/predictive_pipeline_dag.py                           1           0  3.83s           2025-11-20T20:48:38
================================================================================
[2025-11-20T20:49:13.673+0000] {manager.py:878} INFO - 
================================================================================
DAG File Processing Stats

File Path                                     PID    Runtime      # DAGs    # Errors  Last Runtime    Last Run
--------------------------------------------  -----  ---------  --------  ----------  --------------  -------------------
/opt/airflow/dags/predictive_pipeline_dag.py                           1           0  4.72s           2025-11-20T20:49:13
================================================================================
[2025-11-20T20:49:48.268+0000] {manager.py:878} INFO - 
================================================================================
DAG File Processing Stats

File Path                                     PID    Runtime      # DAGs    # Errors  Last Runtime    Last Run
--------------------------------------------  -----  ---------  --------  ----------  --------------  -------------------
/opt/airflow/dags/predictive_pipeline_dag.py                           1           0  4.12s           2025-11-20T20:49:48
================================================================================
[2025-11-20T20:50:22.621+0000] {manager.py:878} INFO - 
================================================================================
DAG File Processing Stats

File Path                                     PID    Runtime      # DAGs    # Errors  Last Runtime    Last Run
--------------------------------------------  -----  ---------  --------  ----------  --------------  -------------------
/opt/airflow/dags/predictive_pipeline_dag.py                           1           0  3.75s           2025-11-20T20:50:22
================================================================================
[2025-11-20T20:50:47.443+0000] {manager.py:737} INFO - Searching for files in /opt/airflow/dags
[2025-11-20T20:50:47.534+0000] {manager.py:740} INFO - There are 1 files in /opt/airflow/dags
[2025-11-20T20:50:56.794+0000] {manager.py:878} INFO - 
================================================================================
DAG File Processing Stats

File Path                                     PID    Runtime      # DAGs    # Errors  Last Runtime    Last Run
--------------------------------------------  -----  ---------  --------  ----------  --------------  -------------------
/opt/airflow/dags/predictive_pipeline_dag.py                           1           0  3.73s           2025-11-20T20:50:56
================================================================================
[2025-11-20T20:51:30.811+0000] {manager.py:878} INFO - 
================================================================================
DAG File Processing Stats

File Path                                     PID    Runtime      # DAGs    # Errors  Last Runtime    Last Run
--------------------------------------------  -----  ---------  --------  ----------  --------------  -------------------
/opt/airflow/dags/predictive_pipeline_dag.py                           1           0  3.62s           2025-11-20T20:51:30
================================================================================
[2025-11-20T20:52:05.749+0000] {manager.py:878} INFO - 
================================================================================
DAG File Processing Stats

File Path                                     PID    Runtime      # DAGs    # Errors  Last Runtime    Last Run
--------------------------------------------  -----  ---------  --------  ----------  --------------  -------------------
/opt/airflow/dags/predictive_pipeline_dag.py                           1           0  4.02s           2025-11-20T20:52:05
================================================================================
[2025-11-20T20:52:41.013+0000] {manager.py:878} INFO - 
================================================================================
DAG File Processing Stats

File Path                                     PID    Runtime      # DAGs    # Errors  Last Runtime    Last Run
--------------------------------------------  -----  ---------  --------  ----------  --------------  -------------------
/opt/airflow/dags/predictive_pipeline_dag.py                           1           0  4.33s           2025-11-20T20:52:41
================================================================================
[2025-11-20T20:53:16.224+0000] {manager.py:878} INFO - 
================================================================================
DAG File Processing Stats

File Path                                     PID    Runtime      # DAGs    # Errors  Last Runtime    Last Run
--------------------------------------------  -----  ---------  --------  ----------  --------------  -------------------
/opt/airflow/dags/predictive_pipeline_dag.py                           1           0  4.43s           2025-11-20T20:53:16
================================================================================
[2025-11-20T20:53:51.441+0000] {manager.py:878} INFO - 
================================================================================
DAG File Processing Stats

File Path                                     PID    Runtime      # DAGs    # Errors  Last Runtime    Last Run
--------------------------------------------  -----  ---------  --------  ----------  --------------  -------------------
/opt/airflow/dags/predictive_pipeline_dag.py                           1           0  4.13s           2025-11-20T20:53:51
================================================================================
[2025-11-20T20:54:26.578+0000] {manager.py:878} INFO - 
================================================================================
DAG File Processing Stats

File Path                                     PID    Runtime      # DAGs    # Errors  Last Runtime    Last Run
--------------------------------------------  -----  ---------  --------  ----------  --------------  -------------------
/opt/airflow/dags/predictive_pipeline_dag.py                           1           0  4.37s           2025-11-20T20:54:26
================================================================================
[2025-11-20T20:55:00.467+0000] {manager.py:878} INFO - 
================================================================================
DAG File Processing Stats

File Path                                     PID    Runtime      # DAGs    # Errors  Last Runtime    Last Run
--------------------------------------------  -----  ---------  --------  ----------  --------------  -------------------
/opt/airflow/dags/predictive_pipeline_dag.py                           1           0  3.82s           2025-11-20T20:55:00
================================================================================
[2025-11-20T20:55:34.270+0000] {manager.py:878} INFO - 
================================================================================
DAG File Processing Stats

File Path                                     PID    Runtime      # DAGs    # Errors  Last Runtime    Last Run
--------------------------------------------  -----  ---------  --------  ----------  --------------  -------------------
/opt/airflow/dags/predictive_pipeline_dag.py                           1           0  3.72s           2025-11-20T20:55:34
================================================================================
[2025-11-20T20:55:48.413+0000] {manager.py:737} INFO - Searching for files in /opt/airflow/dags
[2025-11-20T20:55:48.516+0000] {manager.py:740} INFO - There are 1 files in /opt/airflow/dags
[2025-11-20T20:56:08.433+0000] {manager.py:878} INFO - 
================================================================================
DAG File Processing Stats

File Path                                     PID    Runtime      # DAGs    # Errors  Last Runtime    Last Run
--------------------------------------------  -----  ---------  --------  ----------  --------------  -------------------
/opt/airflow/dags/predictive_pipeline_dag.py                           1           0  3.74s           2025-11-20T20:56:08
================================================================================
[2025-11-20T20:56:42.630+0000] {manager.py:878} INFO - 
================================================================================
DAG File Processing Stats

File Path                                     PID    Runtime      # DAGs    # Errors  Last Runtime    Last Run
--------------------------------------------  -----  ---------  --------  ----------  --------------  -------------------
/opt/airflow/dags/predictive_pipeline_dag.py                           1           0  4.01s           2025-11-20T20:56:42
================================================================================
[2025-11-20T20:57:17.390+0000] {manager.py:878} INFO - 
================================================================================
DAG File Processing Stats

File Path                                     PID    Runtime      # DAGs    # Errors  Last Runtime    Last Run
--------------------------------------------  -----  ---------  --------  ----------  --------------  -------------------
/opt/airflow/dags/predictive_pipeline_dag.py                           1           0  3.62s           2025-11-20T20:57:17
================================================================================
[2025-11-20T20:57:51.587+0000] {manager.py:878} INFO - 
================================================================================
DAG File Processing Stats

File Path                                     PID    Runtime      # DAGs    # Errors  Last Runtime    Last Run
--------------------------------------------  -----  ---------  --------  ----------  --------------  -------------------
/opt/airflow/dags/predictive_pipeline_dag.py                           1           0  3.92s           2025-11-20T20:57:51
================================================================================
[2025-11-20T20:58:28.099+0000] {manager.py:878} INFO - 
================================================================================
DAG File Processing Stats

File Path                                     PID    Runtime      # DAGs    # Errors  Last Runtime    Last Run
--------------------------------------------  -----  ---------  --------  ----------  --------------  -------------------
/opt/airflow/dags/predictive_pipeline_dag.py                           1           0  5.13s           2025-11-20T20:58:28
================================================================================
[2025-11-20T20:59:04.990+0000] {manager.py:878} INFO - 
================================================================================
DAG File Processing Stats

File Path                                     PID    Runtime      # DAGs    # Errors  Last Runtime    Last Run
--------------------------------------------  -----  ---------  --------  ----------  --------------  -------------------
/opt/airflow/dags/predictive_pipeline_dag.py                           1           0  4.63s           2025-11-20T20:59:04
================================================================================
[2025-11-20T20:59:39.412+0000] {manager.py:878} INFO - 
================================================================================
DAG File Processing Stats

File Path                                     PID    Runtime      # DAGs    # Errors  Last Runtime    Last Run
--------------------------------------------  -----  ---------  --------  ----------  --------------  -------------------
/opt/airflow/dags/predictive_pipeline_dag.py                           1           0  4.32s           2025-11-20T20:59:39
================================================================================
[2025-11-20T21:00:15.468+0000] {manager.py:878} INFO - 
================================================================================
DAG File Processing Stats

File Path                                     PID    Runtime      # DAGs    # Errors  Last Runtime    Last Run
--------------------------------------------  -----  ---------  --------  ----------  --------------  -------------------
/opt/airflow/dags/predictive_pipeline_dag.py                           1           0  5.54s           2025-11-20T21:00:15
================================================================================
[2025-11-20T21:00:49.326+0000] {manager.py:878} INFO - 
================================================================================
DAG File Processing Stats

File Path                                     PID    Runtime      # DAGs    # Errors  Last Runtime    Last Run
--------------------------------------------  -----  ---------  --------  ----------  --------------  -------------------
/opt/airflow/dags/predictive_pipeline_dag.py                           1           0  3.82s           2025-11-20T21:00:49
================================================================================
[2025-11-20T21:00:50.602+0000] {manager.py:737} INFO - Searching for files in /opt/airflow/dags
[2025-11-20T21:00:50.764+0000] {manager.py:740} INFO - There are 1 files in /opt/airflow/dags
[2025-11-20T21:01:23.839+0000] {manager.py:878} INFO - 
================================================================================
DAG File Processing Stats

File Path                                     PID    Runtime      # DAGs    # Errors  Last Runtime    Last Run
--------------------------------------------  -----  ---------  --------  ----------  --------------  -------------------
/opt/airflow/dags/predictive_pipeline_dag.py                           1           0  3.43s           2025-11-20T21:01:23
================================================================================
[2025-11-20T21:02:00.733+0000] {manager.py:878} INFO - 
================================================================================
DAG File Processing Stats

File Path                                     PID    Runtime      # DAGs    # Errors  Last Runtime    Last Run
--------------------------------------------  -----  ---------  --------  ----------  --------------  -------------------
/opt/airflow/dags/predictive_pipeline_dag.py                           1           0  5.72s           2025-11-20T21:02:00
================================================================================
[2025-11-20T21:02:35.038+0000] {manager.py:878} INFO - 
================================================================================
DAG File Processing Stats

File Path                                     PID    Runtime      # DAGs    # Errors  Last Runtime    Last Run
--------------------------------------------  -----  ---------  --------  ----------  --------------  -------------------
/opt/airflow/dags/predictive_pipeline_dag.py                           1           0  3.32s           2025-11-20T21:02:35
================================================================================
[2025-11-20T21:03:11.181+0000] {manager.py:878} INFO - 
================================================================================
DAG File Processing Stats

File Path                                     PID    Runtime      # DAGs    # Errors  Last Runtime    Last Run
--------------------------------------------  -----  ---------  --------  ----------  --------------  -------------------
/opt/airflow/dags/predictive_pipeline_dag.py                           1           0  5.21s           2025-11-20T21:03:11
================================================================================
[2025-11-20T21:03:46.005+0000] {manager.py:878} INFO - 
================================================================================
DAG File Processing Stats

File Path                                     PID    Runtime      # DAGs    # Errors  Last Runtime    Last Run
--------------------------------------------  -----  ---------  --------  ----------  --------------  -------------------
/opt/airflow/dags/predictive_pipeline_dag.py                           1           0  3.98s           2025-11-20T21:03:46
================================================================================
[2025-11-20T21:04:20.726+0000] {manager.py:878} INFO - 
================================================================================
DAG File Processing Stats

File Path                                     PID    Runtime      # DAGs    # Errors  Last Runtime    Last Run
--------------------------------------------  -----  ---------  --------  ----------  --------------  -------------------
/opt/airflow/dags/predictive_pipeline_dag.py                           1           0  4.12s           2025-11-20T21:04:20
================================================================================
[2025-11-20T21:04:56.045+0000] {manager.py:878} INFO - 
================================================================================
DAG File Processing Stats

File Path                                     PID    Runtime      # DAGs    # Errors  Last Runtime    Last Run
--------------------------------------------  -----  ---------  --------  ----------  --------------  -------------------
/opt/airflow/dags/predictive_pipeline_dag.py                           1           0  4.24s           2025-11-20T21:04:56
================================================================================
[2025-11-20T21:05:30.457+0000] {manager.py:878} INFO - 
================================================================================
DAG File Processing Stats

File Path                                     PID    Runtime      # DAGs    # Errors  Last Runtime    Last Run
--------------------------------------------  -----  ---------  --------  ----------  --------------  -------------------
/opt/airflow/dags/predictive_pipeline_dag.py                           1           0  3.21s           2025-11-20T21:05:30
================================================================================
[2025-11-20T21:05:51.685+0000] {manager.py:737} INFO - Searching for files in /opt/airflow/dags
[2025-11-20T21:05:51.790+0000] {manager.py:740} INFO - There are 1 files in /opt/airflow/dags
[2025-11-20T21:06:06.304+0000] {manager.py:878} INFO - 
================================================================================
DAG File Processing Stats

File Path                                     PID    Runtime      # DAGs    # Errors  Last Runtime    Last Run
--------------------------------------------  -----  ---------  --------  ----------  --------------  -------------------
/opt/airflow/dags/predictive_pipeline_dag.py                           1           0  4.55s           2025-11-20T21:06:06
================================================================================
[2025-11-20T21:06:42.071+0000] {manager.py:878} INFO - 
================================================================================
DAG File Processing Stats

File Path                                     PID    Runtime      # DAGs    # Errors  Last Runtime    Last Run
--------------------------------------------  -----  ---------  --------  ----------  --------------  -------------------
/opt/airflow/dags/predictive_pipeline_dag.py                           1           0  5.44s           2025-11-20T21:06:42
================================================================================
[2025-11-20T21:07:17.928+0000] {manager.py:878} INFO - 
================================================================================
DAG File Processing Stats

File Path                                     PID    Runtime      # DAGs    # Errors  Last Runtime    Last Run
--------------------------------------------  -----  ---------  --------  ----------  --------------  -------------------
/opt/airflow/dags/predictive_pipeline_dag.py                           1           0  4.81s           2025-11-20T21:07:17
================================================================================
[2025-11-20T21:07:53.335+0000] {manager.py:878} INFO - 
================================================================================
DAG File Processing Stats

File Path                                     PID    Runtime      # DAGs    # Errors  Last Runtime    Last Run
--------------------------------------------  -----  ---------  --------  ----------  --------------  -------------------
/opt/airflow/dags/predictive_pipeline_dag.py                           1           0  4.32s           2025-11-20T21:07:53
================================================================================
[2025-11-20T21:08:28.123+0000] {manager.py:878} INFO - 
================================================================================
DAG File Processing Stats

File Path                                     PID    Runtime      # DAGs    # Errors  Last Runtime    Last Run
--------------------------------------------  -----  ---------  --------  ----------  --------------  -------------------
/opt/airflow/dags/predictive_pipeline_dag.py                           1           0  3.84s           2025-11-20T21:08:28
================================================================================
[2025-11-20T21:09:01.494+0000] {manager.py:878} INFO - 
================================================================================
DAG File Processing Stats

File Path                                     PID    Runtime      # DAGs    # Errors  Last Runtime    Last Run
--------------------------------------------  -----  ---------  --------  ----------  --------------  -------------------
/opt/airflow/dags/predictive_pipeline_dag.py                           1           0  3.31s           2025-11-20T21:09:01
================================================================================
[2025-11-20T21:09:35.370+0000] {manager.py:878} INFO - 
================================================================================
DAG File Processing Stats

File Path                                     PID    Runtime      # DAGs    # Errors  Last Runtime    Last Run
--------------------------------------------  -----  ---------  --------  ----------  --------------  -------------------
/opt/airflow/dags/predictive_pipeline_dag.py                           1           0  3.75s           2025-11-20T21:09:35
================================================================================
[2025-11-20T21:10:10.280+0000] {manager.py:878} INFO - 
================================================================================
DAG File Processing Stats

File Path                                     PID    Runtime      # DAGs    # Errors  Last Runtime    Last Run
--------------------------------------------  -----  ---------  --------  ----------  --------------  -------------------
/opt/airflow/dags/predictive_pipeline_dag.py                           1           0  4.53s           2025-11-20T21:10:10
================================================================================
[2025-11-20T21:10:45.327+0000] {manager.py:878} INFO - 
================================================================================
DAG File Processing Stats

File Path                                     PID    Runtime      # DAGs    # Errors  Last Runtime    Last Run
--------------------------------------------  -----  ---------  --------  ----------  --------------  -------------------
/opt/airflow/dags/predictive_pipeline_dag.py                           1           0  4.23s           2025-11-20T21:10:45
================================================================================
[2025-11-20T21:10:52.613+0000] {manager.py:737} INFO - Searching for files in /opt/airflow/dags
[2025-11-20T21:10:52.792+0000] {manager.py:740} INFO - There are 1 files in /opt/airflow/dags
[2025-11-20T21:11:20.163+0000] {manager.py:878} INFO - 
================================================================================
DAG File Processing Stats

File Path                                     PID    Runtime      # DAGs    # Errors  Last Runtime    Last Run
--------------------------------------------  -----  ---------  --------  ----------  --------------  -------------------
/opt/airflow/dags/predictive_pipeline_dag.py                           1           0  4.52s           2025-11-20T21:11:20
================================================================================
[2025-11-20T21:11:55.765+0000] {manager.py:878} INFO - 
================================================================================
DAG File Processing Stats

File Path                                     PID    Runtime      # DAGs    # Errors  Last Runtime    Last Run
--------------------------------------------  -----  ---------  --------  ----------  --------------  -------------------
/opt/airflow/dags/predictive_pipeline_dag.py                           1           0  5.52s           2025-11-20T21:11:55
================================================================================
[2025-11-20T21:12:30.205+0000] {manager.py:878} INFO - 
================================================================================
DAG File Processing Stats

File Path                                     PID    Runtime      # DAGs    # Errors  Last Runtime    Last Run
--------------------------------------------  -----  ---------  --------  ----------  --------------  -------------------
/opt/airflow/dags/predictive_pipeline_dag.py                           1           0  4.12s           2025-11-20T21:12:30
================================================================================
[2025-11-20T21:13:04.714+0000] {manager.py:878} INFO - 
================================================================================
DAG File Processing Stats

File Path                                     PID    Runtime      # DAGs    # Errors  Last Runtime    Last Run
--------------------------------------------  -----  ---------  --------  ----------  --------------  -------------------
/opt/airflow/dags/predictive_pipeline_dag.py                           1           0  3.82s           2025-11-20T21:13:04
================================================================================
[2025-11-20T21:13:38.998+0000] {manager.py:878} INFO - 
================================================================================
DAG File Processing Stats

File Path                                     PID    Runtime      # DAGs    # Errors  Last Runtime    Last Run
--------------------------------------------  -----  ---------  --------  ----------  --------------  -------------------
/opt/airflow/dags/predictive_pipeline_dag.py                           1           0  3.92s           2025-11-20T21:13:38
================================================================================
[2025-11-20T21:14:13.595+0000] {manager.py:878} INFO - 
================================================================================
DAG File Processing Stats

File Path                                     PID    Runtime      # DAGs    # Errors  Last Runtime    Last Run
--------------------------------------------  -----  ---------  --------  ----------  --------------  -------------------
/opt/airflow/dags/predictive_pipeline_dag.py                           1           0  4.33s           2025-11-20T21:14:13
================================================================================
[2025-11-20T21:14:47.664+0000] {manager.py:878} INFO - 
================================================================================
DAG File Processing Stats

File Path                                     PID    Runtime      # DAGs    # Errors  Last Runtime    Last Run
--------------------------------------------  -----  ---------  --------  ----------  --------------  -------------------
/opt/airflow/dags/predictive_pipeline_dag.py                           1           0  4.02s           2025-11-20T21:14:47
================================================================================
[2025-11-20T21:15:22.324+0000] {manager.py:878} INFO - 
================================================================================
DAG File Processing Stats

File Path                                     PID    Runtime      # DAGs    # Errors  Last Runtime    Last Run
--------------------------------------------  -----  ---------  --------  ----------  --------------  -------------------
/opt/airflow/dags/predictive_pipeline_dag.py                           1           0  4.44s           2025-11-20T21:15:22
================================================================================
[2025-11-20T21:15:58.299+0000] {manager.py:878} INFO - 
================================================================================
DAG File Processing Stats

File Path                                     PID    Runtime      # DAGs    # Errors  Last Runtime    Last Run
--------------------------------------------  -----  ---------  --------  ----------  --------------  -------------------
/opt/airflow/dags/predictive_pipeline_dag.py                           1           0  5.67s           2025-11-20T21:15:58
================================================================================
[2025-11-20T21:16:00.400+0000] {manager.py:737} INFO - Searching for files in /opt/airflow/dags
[2025-11-20T21:16:00.446+0000] {manager.py:740} INFO - There are 1 files in /opt/airflow/dags
[2025-11-20T21:16:34.141+0000] {manager.py:878} INFO - 
================================================================================
DAG File Processing Stats

File Path                                     PID    Runtime      # DAGs    # Errors  Last Runtime    Last Run
--------------------------------------------  -----  ---------  --------  ----------  --------------  -------------------
/opt/airflow/dags/predictive_pipeline_dag.py                           1           0  5.02s           2025-11-20T21:16:34
================================================================================
[2025-11-20T21:17:09.810+0000] {manager.py:878} INFO - 
================================================================================
DAG File Processing Stats

File Path                                     PID    Runtime      # DAGs    # Errors  Last Runtime    Last Run
--------------------------------------------  -----  ---------  --------  ----------  --------------  -------------------
/opt/airflow/dags/predictive_pipeline_dag.py                           1           0  4.33s           2025-11-20T21:17:09
================================================================================
[2025-11-20T21:17:43.664+0000] {manager.py:878} INFO - 
================================================================================
DAG File Processing Stats

File Path                                     PID    Runtime      # DAGs    # Errors  Last Runtime    Last Run
--------------------------------------------  -----  ---------  --------  ----------  --------------  -------------------
/opt/airflow/dags/predictive_pipeline_dag.py                           1           0  3.73s           2025-11-20T21:17:43
================================================================================
[2025-11-20T21:18:17.928+0000] {manager.py:878} INFO - 
================================================================================
DAG File Processing Stats

File Path                                     PID    Runtime      # DAGs    # Errors  Last Runtime    Last Run
--------------------------------------------  -----  ---------  --------  ----------  --------------  -------------------
/opt/airflow/dags/predictive_pipeline_dag.py                           1           0  4.12s           2025-11-20T21:18:17
================================================================================
[2025-11-20T21:18:53.871+0000] {manager.py:878} INFO - 
================================================================================
DAG File Processing Stats

File Path                                     PID    Runtime      # DAGs    # Errors  Last Runtime    Last Run
--------------------------------------------  -----  ---------  --------  ----------  --------------  -------------------
/opt/airflow/dags/predictive_pipeline_dag.py                           1           0  5.03s           2025-11-20T21:18:53
================================================================================
[2025-11-20T21:19:31.401+0000] {manager.py:878} INFO - 
================================================================================
DAG File Processing Stats

File Path                                     PID    Runtime      # DAGs    # Errors  Last Runtime    Last Run
--------------------------------------------  -----  ---------  --------  ----------  --------------  -------------------
/opt/airflow/dags/predictive_pipeline_dag.py                           1           0  6.36s           2025-11-20T21:19:31
================================================================================
[2025-11-20T21:20:05.243+0000] {manager.py:878} INFO - 
================================================================================
DAG File Processing Stats

File Path                                     PID    Runtime      # DAGs    # Errors  Last Runtime    Last Run
--------------------------------------------  -----  ---------  --------  ----------  --------------  -------------------
/opt/airflow/dags/predictive_pipeline_dag.py                           1           0  3.73s           2025-11-20T21:20:05
================================================================================
[2025-11-20T21:20:40.671+0000] {manager.py:878} INFO - 
================================================================================
DAG File Processing Stats

File Path                                     PID    Runtime      # DAGs    # Errors  Last Runtime    Last Run
--------------------------------------------  -----  ---------  --------  ----------  --------------  -------------------
/opt/airflow/dags/predictive_pipeline_dag.py                           1           0  4.71s           2025-11-20T21:20:40
================================================================================
[2025-11-20T21:21:01.293+0000] {manager.py:737} INFO - Searching for files in /opt/airflow/dags
[2025-11-20T21:21:01.416+0000] {manager.py:740} INFO - There are 1 files in /opt/airflow/dags
[2025-11-20T21:21:15.693+0000] {manager.py:878} INFO - 
================================================================================
DAG File Processing Stats

File Path                                     PID    Runtime      # DAGs    # Errors  Last Runtime    Last Run
--------------------------------------------  -----  ---------  --------  ----------  --------------  -------------------
/opt/airflow/dags/predictive_pipeline_dag.py                           1           0  4.24s           2025-11-20T21:21:15
================================================================================
[2025-11-20T21:21:50.218+0000] {manager.py:878} INFO - 
================================================================================
DAG File Processing Stats

File Path                                     PID    Runtime      # DAGs    # Errors  Last Runtime    Last Run
--------------------------------------------  -----  ---------  --------  ----------  --------------  -------------------
/opt/airflow/dags/predictive_pipeline_dag.py                           1           0  3.72s           2025-11-20T21:21:50
================================================================================
[2025-11-20T21:22:25.048+0000] {manager.py:878} INFO - 
================================================================================
DAG File Processing Stats

File Path                                     PID    Runtime      # DAGs    # Errors  Last Runtime    Last Run
--------------------------------------------  -----  ---------  --------  ----------  --------------  -------------------
/opt/airflow/dags/predictive_pipeline_dag.py                           1           0  3.92s           2025-11-20T21:22:25
================================================================================
[2025-11-20T21:22:59.584+0000] {manager.py:878} INFO - 
================================================================================
DAG File Processing Stats

File Path                                     PID    Runtime      # DAGs    # Errors  Last Runtime    Last Run
--------------------------------------------  -----  ---------  --------  ----------  --------------  -------------------
/opt/airflow/dags/predictive_pipeline_dag.py                           1           0  3.94s           2025-11-20T21:22:59
================================================================================
[2025-11-20T21:23:34.802+0000] {manager.py:878} INFO - 
================================================================================
DAG File Processing Stats

File Path                                     PID    Runtime      # DAGs    # Errors  Last Runtime    Last Run
--------------------------------------------  -----  ---------  --------  ----------  --------------  -------------------
/opt/airflow/dags/predictive_pipeline_dag.py                           1           0  4.33s           2025-11-20T21:23:34
================================================================================
[2025-11-20T21:24:08.779+0000] {manager.py:878} INFO - 
================================================================================
DAG File Processing Stats

File Path                                     PID    Runtime      # DAGs    # Errors  Last Runtime    Last Run
--------------------------------------------  -----  ---------  --------  ----------  --------------  -------------------
/opt/airflow/dags/predictive_pipeline_dag.py                           1           0  3.63s           2025-11-20T21:24:08
================================================================================
[2025-11-20T21:24:43.533+0000] {manager.py:878} INFO - 
================================================================================
DAG File Processing Stats

File Path                                     PID    Runtime      # DAGs    # Errors  Last Runtime    Last Run
--------------------------------------------  -----  ---------  --------  ----------  --------------  -------------------
/opt/airflow/dags/predictive_pipeline_dag.py                           1           0  4.52s           2025-11-20T21:24:43
================================================================================
[2025-11-20T21:25:20.481+0000] {manager.py:878} INFO - 
================================================================================
DAG File Processing Stats

File Path                                     PID    Runtime      # DAGs    # Errors  Last Runtime    Last Run
--------------------------------------------  -----  ---------  --------  ----------  --------------  -------------------
/opt/airflow/dags/predictive_pipeline_dag.py                           1           0  5.74s           2025-11-20T21:25:20
================================================================================
[2025-11-20T21:25:55.487+0000] {manager.py:878} INFO - 
================================================================================
DAG File Processing Stats

File Path                                     PID    Runtime      # DAGs    # Errors  Last Runtime    Last Run
--------------------------------------------  -----  ---------  --------  ----------  --------------  -------------------
/opt/airflow/dags/predictive_pipeline_dag.py                           1           0  3.93s           2025-11-20T21:25:55
================================================================================
[2025-11-20T21:26:01.967+0000] {manager.py:737} INFO - Searching for files in /opt/airflow/dags
[2025-11-20T21:26:02.047+0000] {manager.py:740} INFO - There are 1 files in /opt/airflow/dags
[2025-11-20T21:26:30.408+0000] {manager.py:878} INFO - 
================================================================================
DAG File Processing Stats

File Path                                     PID    Runtime      # DAGs    # Errors  Last Runtime    Last Run
--------------------------------------------  -----  ---------  --------  ----------  --------------  -------------------
/opt/airflow/dags/predictive_pipeline_dag.py                           1           0  4.83s           2025-11-20T21:26:30
================================================================================
[2025-11-20T21:27:04.259+0000] {manager.py:878} INFO - 
================================================================================
DAG File Processing Stats

File Path                                     PID    Runtime      # DAGs    # Errors  Last Runtime    Last Run
--------------------------------------------  -----  ---------  --------  ----------  --------------  -------------------
/opt/airflow/dags/predictive_pipeline_dag.py                           1           0  3.52s           2025-11-20T21:27:04
================================================================================
[2025-11-20T21:27:39.405+0000] {manager.py:878} INFO - 
================================================================================
DAG File Processing Stats

File Path                                     PID    Runtime      # DAGs    # Errors  Last Runtime    Last Run
--------------------------------------------  -----  ---------  --------  ----------  --------------  -------------------
/opt/airflow/dags/predictive_pipeline_dag.py                           1           0  4.13s           2025-11-20T21:27:39
================================================================================
[2025-11-20T21:28:14.111+0000] {manager.py:878} INFO - 
================================================================================
DAG File Processing Stats

File Path                                     PID    Runtime      # DAGs    # Errors  Last Runtime    Last Run
--------------------------------------------  -----  ---------  --------  ----------  --------------  -------------------
/opt/airflow/dags/predictive_pipeline_dag.py                           1           0  3.63s           2025-11-20T21:28:14
================================================================================
[2025-11-20T21:28:49.351+0000] {manager.py:878} INFO - 
================================================================================
DAG File Processing Stats

File Path                                     PID    Runtime      # DAGs    # Errors  Last Runtime    Last Run
--------------------------------------------  -----  ---------  --------  ----------  --------------  -------------------
/opt/airflow/dags/predictive_pipeline_dag.py                           1           0  4.33s           2025-11-20T21:28:49
================================================================================
[2025-11-20T21:29:25.294+0000] {manager.py:878} INFO - 
================================================================================
DAG File Processing Stats

File Path                                     PID    Runtime      # DAGs    # Errors  Last Runtime    Last Run
--------------------------------------------  -----  ---------  --------  ----------  --------------  -------------------
/opt/airflow/dags/predictive_pipeline_dag.py                           1           0  5.32s           2025-11-20T21:29:25
================================================================================
[2025-11-20T21:30:00.462+0000] {manager.py:878} INFO - 
================================================================================
DAG File Processing Stats

File Path                                     PID    Runtime      # DAGs    # Errors  Last Runtime    Last Run
--------------------------------------------  -----  ---------  --------  ----------  --------------  -------------------
/opt/airflow/dags/predictive_pipeline_dag.py                           1           0  4.12s           2025-11-20T21:30:00
================================================================================
[2025-11-20T21:30:35.253+0000] {manager.py:878} INFO - 
================================================================================
DAG File Processing Stats

File Path                                     PID    Runtime      # DAGs    # Errors  Last Runtime    Last Run
--------------------------------------------  -----  ---------  --------  ----------  --------------  -------------------
/opt/airflow/dags/predictive_pipeline_dag.py                           1           0  3.52s           2025-11-20T21:30:35
================================================================================
[2025-11-20T21:31:01.976+0000] {manager.py:737} INFO - Searching for files in /opt/airflow/dags
[2025-11-20T21:31:02.076+0000] {manager.py:740} INFO - There are 1 files in /opt/airflow/dags
[2025-11-20T21:31:09.509+0000] {manager.py:878} INFO - 
================================================================================
DAG File Processing Stats

File Path                                     PID    Runtime      # DAGs    # Errors  Last Runtime    Last Run
--------------------------------------------  -----  ---------  --------  ----------  --------------  -------------------
/opt/airflow/dags/predictive_pipeline_dag.py                           1           0  3.53s           2025-11-20T21:31:09
================================================================================
[2025-11-20T21:31:44.016+0000] {manager.py:878} INFO - 
================================================================================
DAG File Processing Stats

File Path                                     PID    Runtime      # DAGs    # Errors  Last Runtime    Last Run
--------------------------------------------  -----  ---------  --------  ----------  --------------  -------------------
/opt/airflow/dags/predictive_pipeline_dag.py                           1           0  3.61s           2025-11-20T21:31:44
================================================================================
[2025-11-20T21:32:18.511+0000] {manager.py:878} INFO - 
================================================================================
DAG File Processing Stats

File Path                                     PID    Runtime      # DAGs    # Errors  Last Runtime    Last Run
--------------------------------------------  -----  ---------  --------  ----------  --------------  -------------------
/opt/airflow/dags/predictive_pipeline_dag.py                           1           0  3.82s           2025-11-20T21:32:18
================================================================================
[2025-11-20T21:32:53.588+0000] {manager.py:878} INFO - 
================================================================================
DAG File Processing Stats

File Path                                     PID    Runtime      # DAGs    # Errors  Last Runtime    Last Run
--------------------------------------------  -----  ---------  --------  ----------  --------------  -------------------
/opt/airflow/dags/predictive_pipeline_dag.py                           1           0  4.13s           2025-11-20T21:32:53
================================================================================
[2025-11-20T21:33:27.855+0000] {manager.py:878} INFO - 
================================================================================
DAG File Processing Stats

File Path                                     PID    Runtime      # DAGs    # Errors  Last Runtime    Last Run
--------------------------------------------  -----  ---------  --------  ----------  --------------  -------------------
/opt/airflow/dags/predictive_pipeline_dag.py                           1           0  3.72s           2025-11-20T21:33:27
================================================================================
[2025-11-20T21:34:03.469+0000] {manager.py:878} INFO - 
================================================================================
DAG File Processing Stats

File Path                                     PID    Runtime      # DAGs    # Errors  Last Runtime    Last Run
--------------------------------------------  -----  ---------  --------  ----------  --------------  -------------------
/opt/airflow/dags/predictive_pipeline_dag.py                           1           0  4.72s           2025-11-20T21:34:03
================================================================================
[2025-11-20T21:34:38.333+0000] {manager.py:878} INFO - 
================================================================================
DAG File Processing Stats

File Path                                     PID    Runtime      # DAGs    # Errors  Last Runtime    Last Run
--------------------------------------------  -----  ---------  --------  ----------  --------------  -------------------
/opt/airflow/dags/predictive_pipeline_dag.py                           1           0  4.23s           2025-11-20T21:34:38
================================================================================
[2025-11-20T21:35:13.001+0000] {manager.py:878} INFO - 
================================================================================
DAG File Processing Stats

File Path                                     PID    Runtime      # DAGs    # Errors  Last Runtime    Last Run
--------------------------------------------  -----  ---------  --------  ----------  --------------  -------------------
/opt/airflow/dags/predictive_pipeline_dag.py                           1           0  4.03s           2025-11-20T21:35:13
================================================================================
[2025-11-20T21:35:47.249+0000] {manager.py:878} INFO - 
================================================================================
DAG File Processing Stats

File Path                                     PID    Runtime      # DAGs    # Errors  Last Runtime    Last Run
--------------------------------------------  -----  ---------  --------  ----------  --------------  -------------------
/opt/airflow/dags/predictive_pipeline_dag.py                           1           0  3.92s           2025-11-20T21:35:47
================================================================================
[2025-11-20T21:36:02.381+0000] {manager.py:737} INFO - Searching for files in /opt/airflow/dags
[2025-11-20T21:36:02.449+0000] {manager.py:740} INFO - There are 1 files in /opt/airflow/dags
[2025-11-20T21:36:21.606+0000] {manager.py:878} INFO - 
================================================================================
DAG File Processing Stats

File Path                                     PID    Runtime      # DAGs    # Errors  Last Runtime    Last Run
--------------------------------------------  -----  ---------  --------  ----------  --------------  -------------------
/opt/airflow/dags/predictive_pipeline_dag.py                           1           0  4.02s           2025-11-20T21:36:21
================================================================================
[2025-11-20T21:36:56.063+0000] {manager.py:878} INFO - 
================================================================================
DAG File Processing Stats

File Path                                     PID    Runtime      # DAGs    # Errors  Last Runtime    Last Run
--------------------------------------------  -----  ---------  --------  ----------  --------------  -------------------
/opt/airflow/dags/predictive_pipeline_dag.py                           1           0  3.62s           2025-11-20T21:36:56
================================================================================
[2025-11-20T21:37:31.119+0000] {manager.py:878} INFO - 
================================================================================
DAG File Processing Stats

File Path                                     PID    Runtime      # DAGs    # Errors  Last Runtime    Last Run
--------------------------------------------  -----  ---------  --------  ----------  --------------  -------------------
/opt/airflow/dags/predictive_pipeline_dag.py                           1           0  4.12s           2025-11-20T21:37:31
================================================================================
[2025-11-20T21:38:05.196+0000] {manager.py:878} INFO - 
================================================================================
DAG File Processing Stats

File Path                                     PID    Runtime      # DAGs    # Errors  Last Runtime    Last Run
--------------------------------------------  -----  ---------  --------  ----------  --------------  -------------------
/opt/airflow/dags/predictive_pipeline_dag.py                           1           0  3.52s           2025-11-20T21:38:05
================================================================================
[2025-11-20T21:38:40.624+0000] {manager.py:878} INFO - 
================================================================================
DAG File Processing Stats

File Path                                     PID    Runtime      # DAGs    # Errors  Last Runtime    Last Run
--------------------------------------------  -----  ---------  --------  ----------  --------------  -------------------
/opt/airflow/dags/predictive_pipeline_dag.py                           1           0  4.62s           2025-11-20T21:38:40
================================================================================
[2025-11-20T21:39:16.599+0000] {manager.py:878} INFO - 
================================================================================
DAG File Processing Stats

File Path                                     PID    Runtime      # DAGs    # Errors  Last Runtime    Last Run
--------------------------------------------  -----  ---------  --------  ----------  --------------  -------------------
/opt/airflow/dags/predictive_pipeline_dag.py                           1           0  4.44s           2025-11-20T21:39:16
================================================================================
[2025-11-20T21:39:50.606+0000] {manager.py:878} INFO - 
================================================================================
DAG File Processing Stats

File Path                                     PID    Runtime      # DAGs    # Errors  Last Runtime    Last Run
--------------------------------------------  -----  ---------  --------  ----------  --------------  -------------------
/opt/airflow/dags/predictive_pipeline_dag.py                           1           0  3.11s           2025-11-20T21:39:50
================================================================================
[2025-11-20T21:40:25.191+0000] {manager.py:878} INFO - 
================================================================================
DAG File Processing Stats

File Path                                     PID    Runtime      # DAGs    # Errors  Last Runtime    Last Run
--------------------------------------------  -----  ---------  --------  ----------  --------------  -------------------
/opt/airflow/dags/predictive_pipeline_dag.py                           1           0  4.42s           2025-11-20T21:40:25
================================================================================
[2025-11-20T21:40:59.629+0000] {manager.py:878} INFO - 
================================================================================
DAG File Processing Stats

File Path                                     PID    Runtime      # DAGs    # Errors  Last Runtime    Last Run
--------------------------------------------  -----  ---------  --------  ----------  --------------  -------------------
/opt/airflow/dags/predictive_pipeline_dag.py                           1           0  3.51s           2025-11-20T21:40:59
================================================================================
[2025-11-20T21:41:02.904+0000] {manager.py:737} INFO - Searching for files in /opt/airflow/dags
[2025-11-20T21:41:02.928+0000] {manager.py:740} INFO - There are 1 files in /opt/airflow/dags
[2025-11-20T21:41:33.071+0000] {manager.py:878} INFO - 
================================================================================
DAG File Processing Stats

File Path                                     PID    Runtime      # DAGs    # Errors  Last Runtime    Last Run
--------------------------------------------  -----  ---------  --------  ----------  --------------  -------------------
/opt/airflow/dags/predictive_pipeline_dag.py                           1           0  2.82s           2025-11-20T21:41:33
================================================================================
[2025-11-20T21:42:06.647+0000] {manager.py:878} INFO - 
================================================================================
DAG File Processing Stats

File Path                                     PID    Runtime      # DAGs    # Errors  Last Runtime    Last Run
--------------------------------------------  -----  ---------  --------  ----------  --------------  -------------------
/opt/airflow/dags/predictive_pipeline_dag.py                           1           0  2.81s           2025-11-20T21:42:06
================================================================================
[2025-11-20T21:42:40.612+0000] {manager.py:878} INFO - 
================================================================================
DAG File Processing Stats

File Path                                     PID    Runtime      # DAGs    # Errors  Last Runtime    Last Run
--------------------------------------------  -----  ---------  --------  ----------  --------------  -------------------
/opt/airflow/dags/predictive_pipeline_dag.py                           1           0  3.11s           2025-11-20T21:42:40
================================================================================
[2025-11-20T21:43:14.408+0000] {manager.py:878} INFO - 
================================================================================
DAG File Processing Stats

File Path                                     PID    Runtime      # DAGs    # Errors  Last Runtime    Last Run
--------------------------------------------  -----  ---------  --------  ----------  --------------  -------------------
/opt/airflow/dags/predictive_pipeline_dag.py                           1           0  3.02s           2025-11-20T21:43:14
================================================================================
[2025-11-20T21:43:48.557+0000] {manager.py:878} INFO - 
================================================================================
DAG File Processing Stats

File Path                                     PID    Runtime      # DAGs    # Errors  Last Runtime    Last Run
--------------------------------------------  -----  ---------  --------  ----------  --------------  -------------------
/opt/airflow/dags/predictive_pipeline_dag.py                           1           0  3.45s           2025-11-20T21:43:48
================================================================================
[2025-11-20T21:44:23.286+0000] {manager.py:878} INFO - 
================================================================================
DAG File Processing Stats

File Path                                     PID    Runtime      # DAGs    # Errors  Last Runtime    Last Run
--------------------------------------------  -----  ---------  --------  ----------  --------------  -------------------
/opt/airflow/dags/predictive_pipeline_dag.py                           1           0  3.89s           2025-11-20T21:44:23
================================================================================
[2025-11-20T21:44:56.717+0000] {manager.py:878} INFO - 
================================================================================
DAG File Processing Stats

File Path                                     PID    Runtime      # DAGs    # Errors  Last Runtime    Last Run
--------------------------------------------  -----  ---------  --------  ----------  --------------  -------------------
/opt/airflow/dags/predictive_pipeline_dag.py                           1           0  2.62s           2025-11-20T21:44:56
================================================================================
[2025-11-20T21:45:30.047+0000] {manager.py:878} INFO - 
================================================================================
DAG File Processing Stats

File Path                                     PID    Runtime      # DAGs    # Errors  Last Runtime    Last Run
--------------------------------------------  -----  ---------  --------  ----------  --------------  -------------------
/opt/airflow/dags/predictive_pipeline_dag.py                           1           0  2.61s           2025-11-20T21:45:30
================================================================================
[2025-11-20T21:46:03.723+0000] {manager.py:878} INFO - 
================================================================================
DAG File Processing Stats

File Path                                     PID    Runtime      # DAGs    # Errors  Last Runtime    Last Run
--------------------------------------------  -----  ---------  --------  ----------  --------------  -------------------
/opt/airflow/dags/predictive_pipeline_dag.py                           1           0  2.92s           2025-11-20T21:46:03
================================================================================
[2025-11-20T21:46:04.871+0000] {manager.py:737} INFO - Searching for files in /opt/airflow/dags
[2025-11-20T21:46:04.898+0000] {manager.py:740} INFO - There are 1 files in /opt/airflow/dags
[2025-11-20T21:46:37.236+0000] {manager.py:878} INFO - 
================================================================================
DAG File Processing Stats

File Path                                     PID    Runtime      # DAGs    # Errors  Last Runtime    Last Run
--------------------------------------------  -----  ---------  --------  ----------  --------------  -------------------
/opt/airflow/dags/predictive_pipeline_dag.py                           1           0  3.11s           2025-11-20T21:46:37
================================================================================
[2025-11-20T21:47:10.710+0000] {manager.py:878} INFO - 
================================================================================
DAG File Processing Stats

File Path                                     PID    Runtime      # DAGs    # Errors  Last Runtime    Last Run
--------------------------------------------  -----  ---------  --------  ----------  --------------  -------------------
/opt/airflow/dags/predictive_pipeline_dag.py                           1           0  2.71s           2025-11-20T21:47:10
================================================================================
[2025-11-20T21:47:44.638+0000] {manager.py:878} INFO - 
================================================================================
DAG File Processing Stats

File Path                                     PID    Runtime      # DAGs    # Errors  Last Runtime    Last Run
--------------------------------------------  -----  ---------  --------  ----------  --------------  -------------------
/opt/airflow/dags/predictive_pipeline_dag.py                           1           0  3.22s           2025-11-20T21:47:44
================================================================================
[2025-11-20T21:48:18.726+0000] {manager.py:878} INFO - 
================================================================================
DAG File Processing Stats

File Path                                     PID    Runtime      # DAGs    # Errors  Last Runtime    Last Run
--------------------------------------------  -----  ---------  --------  ----------  --------------  -------------------
/opt/airflow/dags/predictive_pipeline_dag.py                           1           0  3.33s           2025-11-20T21:48:18
================================================================================
[2025-11-20T21:48:52.370+0000] {manager.py:878} INFO - 
================================================================================
DAG File Processing Stats

File Path                                     PID    Runtime      # DAGs    # Errors  Last Runtime    Last Run
--------------------------------------------  -----  ---------  --------  ----------  --------------  -------------------
/opt/airflow/dags/predictive_pipeline_dag.py                           1           0  2.83s           2025-11-20T21:48:52
================================================================================
[2025-11-20T21:49:25.984+0000] {manager.py:878} INFO - 
================================================================================
DAG File Processing Stats

File Path                                     PID    Runtime      # DAGs    # Errors  Last Runtime    Last Run
--------------------------------------------  -----  ---------  --------  ----------  --------------  -------------------
/opt/airflow/dags/predictive_pipeline_dag.py                           1           0  2.81s           2025-11-20T21:49:25
================================================================================
[2025-11-20T21:50:00.293+0000] {manager.py:878} INFO - 
================================================================================
DAG File Processing Stats

File Path                                     PID    Runtime      # DAGs    # Errors  Last Runtime    Last Run
--------------------------------------------  -----  ---------  --------  ----------  --------------  -------------------
/opt/airflow/dags/predictive_pipeline_dag.py                           1           0  3.69s           2025-11-20T21:50:00
================================================================================
[2025-11-20T21:50:34.203+0000] {manager.py:878} INFO - 
================================================================================
DAG File Processing Stats

File Path                                     PID    Runtime      # DAGs    # Errors  Last Runtime    Last Run
--------------------------------------------  -----  ---------  --------  ----------  --------------  -------------------
/opt/airflow/dags/predictive_pipeline_dag.py                           1           0  3.11s           2025-11-20T21:50:34
================================================================================
[2025-11-20T21:51:05.100+0000] {manager.py:737} INFO - Searching for files in /opt/airflow/dags
[2025-11-20T21:51:05.124+0000] {manager.py:740} INFO - There are 1 files in /opt/airflow/dags
[2025-11-20T21:51:08.613+0000] {manager.py:878} INFO - 
================================================================================
DAG File Processing Stats

File Path                                     PID    Runtime      # DAGs    # Errors  Last Runtime    Last Run
--------------------------------------------  -----  ---------  --------  ----------  --------------  -------------------
/opt/airflow/dags/predictive_pipeline_dag.py                           1           0  3.43s           2025-11-20T21:51:08
================================================================================
[2025-11-20T21:51:42.586+0000] {manager.py:878} INFO - 
================================================================================
DAG File Processing Stats

File Path                                     PID    Runtime      # DAGs    # Errors  Last Runtime    Last Run
--------------------------------------------  -----  ---------  --------  ----------  --------------  -------------------
/opt/airflow/dags/predictive_pipeline_dag.py                           1           0  3.22s           2025-11-20T21:51:42
================================================================================
[2025-11-20T21:52:16.356+0000] {manager.py:878} INFO - 
================================================================================
DAG File Processing Stats

File Path                                     PID    Runtime      # DAGs    # Errors  Last Runtime    Last Run
--------------------------------------------  -----  ---------  --------  ----------  --------------  -------------------
/opt/airflow/dags/predictive_pipeline_dag.py                           1           0  2.91s           2025-11-20T21:52:16
================================================================================
[2025-11-20T21:52:49.523+0000] {manager.py:878} INFO - 
================================================================================
DAG File Processing Stats

File Path                                     PID    Runtime      # DAGs    # Errors  Last Runtime    Last Run
--------------------------------------------  -----  ---------  --------  ----------  --------------  -------------------
/opt/airflow/dags/predictive_pipeline_dag.py                           1           0  2.82s           2025-11-20T21:52:49
================================================================================
[2025-11-20T21:53:23.164+0000] {manager.py:878} INFO - 
================================================================================
DAG File Processing Stats

File Path                                     PID    Runtime      # DAGs    # Errors  Last Runtime    Last Run
--------------------------------------------  -----  ---------  --------  ----------  --------------  -------------------
/opt/airflow/dags/predictive_pipeline_dag.py                           1           0  2.91s           2025-11-20T21:53:23
================================================================================
[2025-11-20T21:53:56.678+0000] {manager.py:878} INFO - 
================================================================================
DAG File Processing Stats

File Path                                     PID    Runtime      # DAGs    # Errors  Last Runtime    Last Run
--------------------------------------------  -----  ---------  --------  ----------  --------------  -------------------
/opt/airflow/dags/predictive_pipeline_dag.py                           1           0  2.92s           2025-11-20T21:53:56
================================================================================
[2025-11-20T21:54:30.169+0000] {manager.py:878} INFO - 
================================================================================
DAG File Processing Stats

File Path                                     PID    Runtime      # DAGs    # Errors  Last Runtime    Last Run
--------------------------------------------  -----  ---------  --------  ----------  --------------  -------------------
/opt/airflow/dags/predictive_pipeline_dag.py                           1           0  2.81s           2025-11-20T21:54:30
================================================================================
[2025-11-20T21:55:03.844+0000] {manager.py:878} INFO - 
================================================================================
DAG File Processing Stats

File Path                                     PID    Runtime      # DAGs    # Errors  Last Runtime    Last Run
--------------------------------------------  -----  ---------  --------  ----------  --------------  -------------------
/opt/airflow/dags/predictive_pipeline_dag.py                           1           0  2.92s           2025-11-20T21:55:03
================================================================================
[2025-11-20T21:55:37.245+0000] {manager.py:878} INFO - 
================================================================================
DAG File Processing Stats

File Path                                     PID    Runtime      # DAGs    # Errors  Last Runtime    Last Run
--------------------------------------------  -----  ---------  --------  ----------  --------------  -------------------
/opt/airflow/dags/predictive_pipeline_dag.py                           1           0  2.73s           2025-11-20T21:55:37
================================================================================
[2025-11-20T21:56:05.742+0000] {manager.py:737} INFO - Searching for files in /opt/airflow/dags
[2025-11-20T21:56:05.765+0000] {manager.py:740} INFO - There are 1 files in /opt/airflow/dags
[2025-11-20T21:56:12.031+0000] {manager.py:878} INFO - 
================================================================================
DAG File Processing Stats

File Path                                     PID    Runtime      # DAGs    # Errors  Last Runtime    Last Run
--------------------------------------------  -----  ---------  --------  ----------  --------------  -------------------
/opt/airflow/dags/predictive_pipeline_dag.py                           1           0  4.03s           2025-11-20T21:56:12
================================================================================
[2025-11-20T22:01:16.292+0000] {manager.py:470} INFO - Processing files using up to 1 processes at a time 
[2025-11-20T22:01:16.293+0000] {manager.py:471} INFO - Process each file at most once every 30 seconds
[2025-11-20T22:01:16.294+0000] {manager.py:472} INFO - Checking for new files in /opt/airflow/dags every 300 seconds
[2025-11-20T22:01:16.296+0000] {manager.py:737} INFO - Searching for files in /opt/airflow/dags
[2025-11-20T22:01:16.324+0000] {manager.py:740} INFO - There are 1 files in /opt/airflow/dags
[2025-11-20T22:01:19.274+0000] {manager.py:878} INFO - 
================================================================================
DAG File Processing Stats

File Path                                     PID    Runtime      # DAGs    # Errors  Last Runtime    Last Run
--------------------------------------------  -----  ---------  --------  ----------  --------------  -------------------
/opt/airflow/dags/predictive_pipeline_dag.py                           1           0  2.83s           2025-11-20T22:01:19
================================================================================
[2025-11-20T22:01:52.668+0000] {manager.py:878} INFO - 
================================================================================
DAG File Processing Stats

File Path                                     PID    Runtime      # DAGs    # Errors  Last Runtime    Last Run
--------------------------------------------  -----  ---------  --------  ----------  --------------  -------------------
/opt/airflow/dags/predictive_pipeline_dag.py                           1           0  2.71s           2025-11-20T22:01:52
================================================================================
[2025-11-20T22:02:26.095+0000] {manager.py:878} INFO - 
================================================================================
DAG File Processing Stats

File Path                                     PID    Runtime      # DAGs    # Errors  Last Runtime    Last Run
--------------------------------------------  -----  ---------  --------  ----------  --------------  -------------------
/opt/airflow/dags/predictive_pipeline_dag.py                           1           0  2.71s           2025-11-20T22:02:26
================================================================================
[2025-11-20T22:02:59.313+0000] {manager.py:878} INFO - 
================================================================================
DAG File Processing Stats

File Path                                     PID    Runtime      # DAGs    # Errors  Last Runtime    Last Run
--------------------------------------------  -----  ---------  --------  ----------  --------------  -------------------
/opt/airflow/dags/predictive_pipeline_dag.py                           1           0  2.61s           2025-11-20T22:02:59
================================================================================
[2025-11-20T22:03:32.689+0000] {manager.py:878} INFO - 
================================================================================
DAG File Processing Stats

File Path                                     PID    Runtime      # DAGs    # Errors  Last Runtime    Last Run
--------------------------------------------  -----  ---------  --------  ----------  --------------  -------------------
/opt/airflow/dags/predictive_pipeline_dag.py                           1           0  2.93s           2025-11-20T22:03:32
================================================================================
[2025-11-20T22:04:06.446+0000] {manager.py:878} INFO - 
================================================================================
DAG File Processing Stats

File Path                                     PID    Runtime      # DAGs    # Errors  Last Runtime    Last Run
--------------------------------------------  -----  ---------  --------  ----------  --------------  -------------------
/opt/airflow/dags/predictive_pipeline_dag.py                           1           0  3.42s           2025-11-20T22:04:06
================================================================================
[2025-11-20T22:04:40.289+0000] {manager.py:878} INFO - 
================================================================================
DAG File Processing Stats

File Path                                     PID    Runtime      # DAGs    # Errors  Last Runtime    Last Run
--------------------------------------------  -----  ---------  --------  ----------  --------------  -------------------
/opt/airflow/dags/predictive_pipeline_dag.py                           1           0  3.51s           2025-11-20T22:04:40
================================================================================
[2025-11-20T22:05:13.447+0000] {manager.py:878} INFO - 
================================================================================
DAG File Processing Stats

File Path                                     PID    Runtime      # DAGs    # Errors  Last Runtime    Last Run
--------------------------------------------  -----  ---------  --------  ----------  --------------  -------------------
/opt/airflow/dags/predictive_pipeline_dag.py                           1           0  3.04s           2025-11-20T22:05:13
================================================================================
[2025-11-20T22:05:46.776+0000] {manager.py:878} INFO - 
================================================================================
DAG File Processing Stats

File Path                                     PID    Runtime      # DAGs    # Errors  Last Runtime    Last Run
--------------------------------------------  -----  ---------  --------  ----------  --------------  -------------------
/opt/airflow/dags/predictive_pipeline_dag.py                           1           0  3.02s           2025-11-20T22:05:46
================================================================================
[2025-11-20T22:06:17.052+0000] {manager.py:737} INFO - Searching for files in /opt/airflow/dags
[2025-11-20T22:06:17.096+0000] {manager.py:740} INFO - There are 1 files in /opt/airflow/dags
[2025-11-20T22:06:20.194+0000] {manager.py:878} INFO - 
================================================================================
DAG File Processing Stats

File Path                                     PID    Runtime      # DAGs    # Errors  Last Runtime    Last Run
--------------------------------------------  -----  ---------  --------  ----------  --------------  -------------------
/opt/airflow/dags/predictive_pipeline_dag.py                           1           0  3.02s           2025-11-20T22:06:20
================================================================================
[2025-11-20T22:06:53.558+0000] {manager.py:878} INFO - 
================================================================================
DAG File Processing Stats

File Path                                     PID    Runtime      # DAGs    # Errors  Last Runtime    Last Run
--------------------------------------------  -----  ---------  --------  ----------  --------------  -------------------
/opt/airflow/dags/predictive_pipeline_dag.py                           1           0  2.92s           2025-11-20T22:06:53
================================================================================
